{
  "timestamp": "2026-01-15T18:37:09.652021Z",
  "order_id": "706749568246612909",
  "stage": "Decision Making",
  "model_version": "ollama:qwen2.5:1.5b+ensemble_v1.0",
  "input_features": {
    "tech_returns_1": 0.050851767098913925,
    "tech_returns_5": 0.0,
    "tech_returns_15": 0.15271061338761882,
    "tech_returns_60": -1.6741629185407225,
    "tech_returns_240": -2.7915019762845827,
    "tech_returns_1440": -2.6740544447121173,
    "tech_rsi_14": 44.58779193806417,
    "tech_rsi_7": 50.02358371760735,
    "tech_rsi_21": 42.195346656881526,
    "tech_rsi_slope": 1.5671436699635777,
    "tech_rsi_divergence": 0.0,
    "tech_rsi_zone": 2.0,
    "tech_macd": -0.0003480303127448847,
    "tech_macd_signal": -0.0004700401599200684,
    "tech_macd_hist": 0.0001220098471751837,
    "tech_stoch_k": 45.454545454545915,
    "tech_stoch_d": 40.792540792540514,
    "tech_ema_cross_9_21": -1.0,
    "tech_ema_cross_50_200": -1.0,
    "tech_ema_9": 0.3934707874732566,
    "tech_ema_21": 0.3936672000323245,
    "tech_ema_50": 0.3947658983608281,
    "tech_price_ema_9_pct": 0.007424319078684552,
    "tech_price_ema_21_pct": -0.04247243161502442,
    "tech_adx": 26.36491118015196,
    "tech_adx_7": 37.110387299147625,
    "tech_adx_10": 29.31328127924334,
    "tech_adx_roc_5": 1.8671306341783058,
    "tech_adx_slope_3": 0.360730779016075,
    "tech_adx_deceleration": -0.41941161516658454,
    "tech_plus_di": 16.034626806904107,
    "tech_minus_di": 26.263705523212394,
    "tech_di_crossover": 0.0,
    "tech_atr_14": 0.00044846451159813097,
    "tech_atr_pct": 0.11396810968186302,
    "tech_atr_14_avg": 0.0006431092706151692,
    "tech_bb_upper": 0.3940289939270312,
    "tech_bb_lower": 0.3927810060729688,
    "tech_bb_width": 0.3172272477631036,
    "tech_bb_position": 0.5761225357208154,
    "tech_volatility_20": 0.01218066657953181,
    "tech_volume_ratio": 0.19233585550402735,
    "tech_obv": -2241990.0,
    "tech_momentum_10": -0.00029999999999996696,
    "tech_roc_10": -0.07618080243777525,
    "tech_high_low_range": 0.050825921219830615,
    "tech_body_ratio": 0.99999950000025,
    "tech_swing_high_10": 0.3941,
    "tech_swing_low_10": 0.3931,
    "tech_price_vs_swing_high": -0.15224562293833782,
    "tech_price_vs_swing_low": 0.10175527855507795,
    "tech_swing_break_up": 0.0,
    "tech_swing_break_down": 0.0,
    "tech_volume_spike": 0.0,
    "tech_volume_spike_ratio": 0.19233585550402735,
    "micro_ob_best_bid_price": 0.3933,
    "micro_ob_best_ask_price": 0.3934,
    "micro_ob_best_bid_size": 967530.0,
    "micro_ob_best_ask_size": 898640.0,
    "micro_ob_spread_absolute": 0.0001000000000000445,
    "micro_ob_spread_percentage": 0.025422651582571378,
    "micro_ob_bid_ask_size_ratio": 1.0766602866553903,
    "micro_ob_orderbook_imbalance_5": -0.05474427164694498,
    "micro_ob_orderbook_imbalance_10": -0.04621039474974781,
    "micro_ob_orderbook_imbalance_20": -0.06149347492531541,
    "micro_ob_orderbook_vwap": 0.3933561244266373,
    "micro_ob_buy_impact_0.1": 0.0,
    "micro_ob_sell_impact_0.1": 0.0,
    "micro_ob_buy_impact_1.0": 0.0,
    "micro_ob_sell_impact_1.0": 0.0,
    "micro_ob_buy_impact_10.0": 0.0,
    "micro_ob_sell_impact_10.0": 0.0,
    "micro_ob_bid_depth_concentration": 0.4317178283885454,
    "micro_ob_ask_depth_concentration": 0.42590997236755407,
    "micro_ob_bid_levels": 15,
    "micro_ob_ask_levels": 15,
    "micro_ob_total_bid_volume": 10386020.0,
    "micro_ob_total_ask_volume": 11747060.0,
    "micro_ob_total_orderbook_volume": 22133080.0,
    "micro_ob_order_flow_imbalance": -0.06149347492531541,
    "micro_ob_depth_imbalance_1": 0.03691517921732747,
    "micro_ob_depth_imbalance_5": -0.05474427164694498,
    "micro_ob_depth_imbalance_10": -0.04621039474974781,
    "micro_ob_depth_imbalance_20": -0.06149347492531541,
    "micro_fr_funding_rate_current": 4.367e-05,
    "micro_fr_funding_rate_abs": 4.367e-05,
    "micro_fr_funding_rate_mean": -2.3438750000000003e-05,
    "micro_fr_funding_rate_std": 4.8904687847255504e-05,
    "micro_fr_funding_rate_min": -8.94e-05,
    "micro_fr_funding_rate_max": 5.553e-05,
    "micro_fr_funding_rate_skew": 0.2705938461721348,
    "micro_fr_funding_rate_kurtosis": -1.3062469958358864,
    "micro_fr_funding_rate_trend": -1.6840000000000067e-06,
    "micro_fr_funding_rate_change": 2.0999999999999968e-07,
    "micro_fr_funding_rate_change_abs": 2.0999999999999968e-07,
    "micro_fr_funding_rate_positive": 1.0,
    "micro_fr_funding_rate_negative": 0.0,
    "micro_fr_funding_rate_high": 0.0,
    "micro_fr_funding_rate_extreme": 0.0,
    "micro_fr_hours_to_next_funding": 0.0,
    "micro_fr_funding_imminent": 1.0,
    "micro_vp_volume_current": 78.66,
    "micro_vp_volume_mean": 56.39189,
    "micro_vp_volume_std": 48.00892570885023,
    "micro_vp_volume_max": 369.608,
    "micro_vp_volume_sum": 5639.188999999999,
    "micro_vp_volume_ratio": 1.3948814270988257,
    "micro_vp_large_volume_trade": 0.0,
    "micro_vp_recent_vwap": 0.39324889960240733,
    "micro_vp_price_vwap_deviation_pct": 0.01299441591427629,
    "micro_vp_price_clustering": 0.37871664185881426,
    "micro_vp_volume_trend": -0.14414545454545258,
    "micro_of_order_flow_imbalance": -0.06149347492531541,
    "micro_of_trade_flow_buy_pressure": 0.4692532625373423,
    "micro_of_trade_flow_sell_pressure": 0.5307467374626577,
    "micro_of_kyles_lambda_buy": 0.0,
    "micro_of_kyles_lambda_sell": 0.0,
    "micro_of_kyles_lambda_avg": 0.0,
    "micro_of_amihud_illiquidity": 0.8868452483343962,
    "micro_of_spread_dynamics_current": 0.025422651582571378,
    "micro_micro_funding_arbitrage": 0.0,
    "micro_micro_orderbook_pressure": 0.0,
    "micro_micro_liquidity_score": 1.0,
    "micro_micro_volume_spike": 0.0,
    "micro_micro_oi_divergence": 0.0,
    "micro_micro_composite_score": 0.2,
    "fee_maker_rate": 0.0002,
    "fee_taker_rate": 0.0008,
    "fee_round_trip_cost": 0.0016,
    "fee_breakeven_move_pct": 0.16,
    "fee_net_profit_threshold": 0.16,
    "time_hour_sin": -1.0,
    "time_hour_cos": -1.8369701987210297e-16,
    "time_day_sin": 0.43388373911755823,
    "time_day_cos": -0.900968867902419,
    "time_day_of_week": 3.0,
    "time_is_asian": 0.0,
    "time_is_london": 0.0,
    "time_is_ny": 1.0,
    "time_is_london_ny_overlap": 0.0,
    "time_is_weekend": 0.0,
    "time_is_us_market_hours": 1.0,
    "cross_btc_return_1m": 0.013438927886081834,
    "cross_btc_return_5m": -0.02822040658212953,
    "cross_btc_return_15m": -0.01051943074257372,
    "cross_btc_correlation": 0.7420356555710613,
    "cross_btc_lead_indicator": -0.02822040658212953,
    "cross_eth_btc_ratio_change": 0.26391812177405116,
    "vol_realized_5m": 18.04713580328774,
    "vol_realized_15m": 12.624228115136681,
    "vol_realized_1h": 11.022832971531484,
    "vol_realized_4h": 7.219017690227764,
    "vol_ratio_5m_1h": 1.6372502286751351,
    "vol_ratio_15m_4h": 1.7487459730464214,
    "vol_regime": 0.0,
    "vol_expansion": 1.0,
    "vol_contraction": 0.0,
    "vol_percentile": 16.842105263157894,
    "sent_fear_greed": 61.0,
    "sent_fear_greed_change": 13.0,
    "sent_extreme_fear": 0.0,
    "sent_extreme_greed": 0.0,
    "sent_fear": 0.0,
    "sent_greed": 1.0,
    "mask_microstructure_available": 1.0,
    "mask_cross_asset_available": 1.0,
    "mask_sentiment_available": 1.0
  },
  "output_prediction": {
    "signal": "SHORT",
    "confidence": 0.7,
    "raw_model_outputs": {
      "xgboost": 0.8950558304786682,
      "lightgbm": 0.8339230029512934,
      "lstm": 0.5685953497886658,
      "random_forest": 0.3384621873998181,
      "weighted_average": 0.6868387748085538,
      "model_agreement": 0.11177052104738261,
      "technical_fallback": true,
      "fallback_reason": "Models predict LONG (0.69) but technicals strongly bearish (+DI=16.0, -DI=26.3, EMA=bearish)",
      "technical_signal": "SHORT",
      "technical_reason": "Technical SHORT: DI+EMA+MTF aligned (score: 6)"
    }
  },
  "regime_info": {
    "regime": "trending",