{
  "timestamp": "2026-01-15T15:18:30.252098Z",
  "order_id": "706699564224086957",
  "stage": "Decision Making",
  "model_version": "ollama:qwen2.5:1.5b+ensemble_v1.0",
  "input_features": {
    "tech_returns_1": -0.13636336510172153,
    "tech_returns_5": 0.03915754485181999,
    "tech_returns_15": 0.14272890484738898,
    "tech_returns_60": -0.8096998005388212,
    "tech_returns_240": -0.7075849546967605,
    "tech_returns_1440": 1.682133514606014,
    "tech_rsi_14": 49.57255387976053,
    "tech_rsi_7": 47.85908688124627,
    "tech_rsi_21": 48.91962345581099,
    "tech_rsi_slope": -0.3591865755930215,
    "tech_rsi_divergence": 0.0,
    "tech_rsi_zone": 2.0,
    "tech_macd": 0.710673505235718,
    "tech_macd_signal": 0.28925385487545924,
    "tech_macd_hist": 0.4214196503602588,
    "tech_stoch_k": 55.54569653948537,
    "tech_stoch_d": 62.95474711623817,
    "tech_ema_cross_9_21": 1.0,
    "tech_ema_cross_50_200": -1.0,
    "tech_ema_9": 3348.224071443203,
    "tech_ema_21": 3347.1633819262215,
    "tech_ema_50": 3349.4879884235997,
    "tech_price_ema_9_pct": -0.04342814017748927,
    "tech_price_ema_21_pct": -0.011752695680936663,
    "tech_adx": 11.989108846730524,
    "tech_adx_7": 14.94164420390364,
    "tech_adx_10": 12.904391609587188,
    "tech_adx_roc_5": -5.808849034833081,
    "tech_adx_slope_3": -1.1722978651177876,
    "tech_adx_deceleration": -0.38972798221776817,
    "tech_plus_di": 18.852285309895265,
    "tech_minus_di": 17.086452027518494,
    "tech_di_crossover": 0.0,
    "tech_atr_14": 6.494985764819354,
    "tech_atr_pct": 0.19406728770783038,
    "tech_atr_14_avg": 7.421415549006427,
    "tech_bb_upper": 3355.8622418573664,
    "tech_bb_lower": 3337.080758142633,
    "tech_bb_width": 0.5612324418341361,
    "tech_bb_position": 0.5158933130382115,
    "tech_volatility_20": 0.02322485479949734,
    "tech_volume_ratio": 0.3309401818939938,
    "tech_obv": 91013.98000000003,
    "tech_momentum_10": 6.110000000000127,
    "tech_roc_10": 0.18289799021751207,
    "tech_high_low_range": 0.14252547979096208,
    "tech_body_ratio": 0.9580712788059484,
    "tech_swing_high_10": 3356.79,
    "tech_swing_low_10": 3340.04,
    "tech_price_vs_swing_high": -0.2984994593048711,
    "tech_price_vs_swing_low": 0.20149459287912777,
    "tech_swing_break_up": 0.0,
    "tech_swing_break_down": 0.0,
    "tech_volume_spike": 0.0,
    "tech_volume_spike_ratio": 0.3309401818939938,
    "micro_ob_best_bid_price": 3346.67,
    "micro_ob_best_ask_price": 3346.68,
    "micro_ob_best_bid_size": 48.79,
    "micro_ob_best_ask_size": 43.651,
    "micro_ob_spread_absolute": 0.009999999999763531,
    "micro_ob_spread_percentage": 0.00029880403683547196,
    "micro_ob_bid_ask_size_ratio": 1.1177292616434904,
    "micro_ob_orderbook_imbalance_5": -0.046011452923158884,
    "micro_ob_orderbook_imbalance_10": -0.015786332977703873,
    "micro_ob_orderbook_imbalance_20": -0.13274029433812987,
    "micro_ob_orderbook_vwap": 3346.675412777346,
    "micro_ob_buy_impact_0.1": 0.0,
    "micro_ob_sell_impact_0.1": 0.0,
    "micro_ob_buy_impact_1.0": 0.0,
    "micro_ob_sell_impact_1.0": 0.0,
    "micro_ob_buy_impact_10.0": 1.358801411806519e-14,
    "micro_ob_sell_impact_10.0": 0.0,
    "micro_ob_bid_depth_concentration": 0.4840638796287954,
    "micro_ob_ask_depth_concentration": 0.4063635775722693,
    "micro_ob_bid_levels": 15,
    "micro_ob_ask_levels": 15,
    "micro_ob_total_bid_volume": 177.584,
    "micro_ob_total_ask_volume": 231.945,
    "micro_ob_total_orderbook_volume": 409.529,
    "micro_ob_order_flow_imbalance": -0.13274029433812987,
    "micro_ob_depth_imbalance_1": 0.0555922155753399,
    "micro_ob_depth_imbalance_5": -0.046011452923158884,
    "micro_ob_depth_imbalance_10": -0.015786332977703873,
    "micro_ob_depth_imbalance_20": -0.13274029433812987,
    "micro_fr_funding_rate_current": 0.0001,
    "micro_fr_funding_rate_abs": 0.0001,
    "micro_fr_funding_rate_mean": 0.0001,
    "micro_fr_funding_rate_std": 0.0,
    "micro_fr_funding_rate_min": 0.0001,
    "micro_fr_funding_rate_max": 0.0001,
    "micro_fr_funding_rate_skew": 0.0,
    "micro_fr_funding_rate_kurtosis": 0.0,
    "micro_fr_funding_rate_trend": -9.234190815370753e-21,
    "micro_fr_funding_rate_change": 0.0,
    "micro_fr_funding_rate_change_abs": 0.0,
    "micro_fr_funding_rate_positive": 1.0,
    "micro_fr_funding_rate_negative": 0.0,
    "micro_fr_funding_rate_high": 0.0,
    "micro_fr_funding_rate_extreme": 0.0,
    "micro_fr_hours_to_next_funding": 0.0,
    "micro_fr_funding_imminent": 1.0,
    "micro_vp_volume_current": 41747.95766,
    "micro_vp_volume_mean": 8833.6413291,
    "micro_vp_volume_std": 12160.221570295755,
    "micro_vp_volume_max": 50657.18146,
    "micro_vp_volume_sum": 883364.13291,
    "micro_vp_volume_ratio": 4.726019101825296,
    "micro_vp_large_volume_trade": 1.0,
    "micro_vp_recent_vwap": 3347.3569528407634,
    "micro_vp_price_vwap_deviation_pct": 0.023392998424382652,
    "micro_vp_price_clustering": 0.22699034039547264,
    "micro_vp_volume_trend": 2372.1072822424235,
    "micro_of_order_flow_imbalance": -0.13274029433812987,
    "micro_of_trade_flow_buy_pressure": 0.4336298528309351,
    "micro_of_trade_flow_sell_pressure": 0.566370147169065,
    "micro_of_kyles_lambda_buy": 1.3588014118065191e-15,
    "micro_of_kyles_lambda_sell": 0.0,
    "micro_of_kyles_lambda_avg": 6.794007059032596e-16,
    "micro_of_amihud_illiquidity": 0.2990222079310775,
    "micro_of_spread_dynamics_current": 0.00029880403683547196,
    "micro_micro_funding_arbitrage": 0.0,
    "micro_micro_orderbook_pressure": 0.0,
    "micro_micro_liquidity_score": 0.75,
    "micro_micro_volume_spike": 1.0,
    "micro_micro_oi_divergence": 0.0,
    "micro_micro_composite_score": 0.25,
    "fee_maker_rate": 0.0002,
    "fee_taker_rate": 0.0008,
    "fee_round_trip_cost": 0.0016,
    "fee_breakeven_move_pct": 0.16,
    "fee_net_profit_threshold": 0.16,
    "time_hour_sin": -0.7071067811865471,
    "time_hour_cos": -0.7071067811865479,
    "time_day_sin": 0.43388373911755823,
    "time_day_cos": -0.900968867902419,
    "time_day_of_week": 3.0,
    "time_is_asian": 0.0,
    "time_is_london": 1.0,
    "time_is_ny": 1.0,
    "time_is_london_ny_overlap": 1.0,
    "time_is_weekend": 0.0,
    "time_is_us_market_hours": 1.0,
    "cross_btc_return_1m": -0.09952716811478392,
    "cross_btc_return_5m": 0.11857004525423394,
    "cross_btc_return_15m": 0.1841120367016721,
    "cross_btc_correlation": 0.971107618314717,
    "cross_btc_lead_indicator": 0.11857004525423394,
    "cross_eth_btc_ratio_change": -0.04100840841558482,
    "vol_realized_5m": 31.644576222251036,
    "vol_realized_15m": 27.240409863039456,
    "vol_realized_1h": 12.930909925456,
    "vol_realized_4h": 5.326270121745943,
    "vol_ratio_5m_1h": 2.4472041337133597,
    "vol_ratio_15m_4h": 5.114350049920129,
    "vol_regime": 2.0,
    "vol_expansion": 1.0,
    "vol_contraction": 0.0,
    "vol_percentile": 53.68421052631579,
    "sent_fear_greed": 61.0,
    "sent_fear_greed_change": 13.0,
    "sent_extreme_fear": 0.0,
    "sent_extreme_greed": 0.0,
    "sent_fear": 0.0,
    "sent_greed": 1.0,
    "mask_microstructure_available": 1.0,
    "mask_cross_asset_available": 1.0,
    "mask_sentiment_available": 1.0
  },
  "output_prediction": {
    "signal": "SHORT",
    "confidence": 0.5774009658326065,
    "raw_model_outputs": {
      "xgboost": 0.08973176777362823,
      "lightgbm": 0.02083524684286532,
      "lstm": 0.27720046043395996,
      "random_forest": 0.5493552977993645,
      "weighted_average": 0.21129951708369674,
      "model_agreement": 0.18129990034108712
    }
  },
  "regime_info": {
    "regime": "ranging",
    "regime_confidence": 0.9,
    "atr_ratio": 0.8751680487274288,
    "adx_value": 11.989108846730524,
    "is_exhausted": false,
    "is_weakening": false,
    "leverage_tier": "normal_volatility"
  },