{
  "timestamp": "2026-01-15T15:40:47.535829Z",
  "order_id": "706705180187427757",
  "stage": "Decision Making",
  "model_version": "ollama:qwen2.5:1.5b+ensemble_v1.0",
  "input_features": {
    "tech_returns_1": -0.000602473152289118,
    "tech_returns_5": -0.4808629150965138,
    "tech_returns_15": -0.296440907043094,
    "tech_returns_60": -0.5780294884888182,
    "tech_returns_240": -0.8426328617855083,
    "tech_returns_1440": 1.682133514606014,
    "tech_rsi_14": 31.26326196471946,
    "tech_rsi_7": 20.01318000739805,
    "tech_rsi_21": 35.791093730321734,
    "tech_rsi_slope": 0.13882606731443303,
    "tech_rsi_divergence": 0.0,
    "tech_rsi_zone": 2.0,
    "tech_macd": -5.135673875815428,
    "tech_macd_signal": -3.792731396286907,
    "tech_macd_hist": -1.3429424795285207,
    "tech_stoch_k": 14.005716619029227,
    "tech_stoch_d": 13.80155165373717,
    "tech_ema_cross_9_21": -1.0,
    "tech_ema_cross_50_200": -1.0,
    "tech_ema_9": 3326.9911696963104,
    "tech_ema_21": 3332.336638961761,
    "tech_ema_50": 3339.2717911688655,
    "tech_price_ema_9_pct": -0.22125606353750044,
    "tech_price_ema_21_pct": -0.38131318466431074,
    "tech_adx": 29.06301970642234,
    "tech_adx_7": 55.56529791658552,
    "tech_adx_10": 40.29414088919199,
    "tech_adx_roc_5": 13.121515868146169,
    "tech_adx_slope_3": 4.62396348487826,
    "tech_adx_deceleration": -0.7113789976735774,
    "tech_plus_di": 10.915941137922605,
    "tech_minus_di": 39.822770707853046,
    "tech_di_crossover": 0.0,
    "tech_atr_14": 5.519202028400856,
    "tech_atr_pct": 0.1662595538780182,
    "tech_atr_14_avg": 6.407704570513848,
    "tech_bb_upper": 3344.841188720644,
    "tech_bb_lower": 3319.478811279356,
    "tech_bb_width": 0.7611392442526205,
    "tech_bb_position": 0.005961141497649551,
    "tech_volatility_20": 0.018900323314564496,
    "tech_volume_ratio": 0.9070397808947509,
    "tech_obv": 87940.99600000003,
    "tech_momentum_10": -15.299999999999727,
    "tech_roc_10": -0.4587802442629907,
    "tech_high_low_range": 0.07259845223714252,
    "tech_body_ratio": 0.012448132779461552,
    "tech_swing_high_10": 3340.69,
    "tech_swing_low_10": 3316.2,
    "tech_price_vs_swing_high": -0.6304086880255261,
    "tech_price_vs_swing_low": 0.10343163862252852,
    "tech_swing_break_up": 0.0,
    "tech_swing_break_down": 0.0,
    "tech_volume_spike": 0.0,
    "tech_volume_spike_ratio": 0.9070397808947509,
    "micro_ob_best_bid_price": 3320.43,
    "micro_ob_best_ask_price": 3320.44,
    "micro_ob_best_bid_size": 44.606,
    "micro_ob_best_ask_size": 43.813,
    "micro_ob_spread_absolute": 0.010000000000218279,
    "micro_ob_spread_percentage": 0.00030116535936460973,
    "micro_ob_bid_ask_size_ratio": 1.0180996507885787,
    "micro_ob_orderbook_imbalance_5": 0.034009703949254955,
    "micro_ob_orderbook_imbalance_10": 0.2153377217346754,
    "micro_ob_orderbook_imbalance_20": 0.14684662775616084,
    "micro_ob_orderbook_vwap": 3320.430468438338,
    "micro_ob_buy_impact_0.1": 0.0,
    "micro_ob_sell_impact_0.1": 0.0,
    "micro_ob_buy_impact_1.0": 0.0,
    "micro_ob_sell_impact_1.0": 0.0,
    "micro_ob_buy_impact_10.0": 0.0,
    "micro_ob_sell_impact_10.0": 0.0,
    "micro_ob_bid_depth_concentration": 0.35399265673165653,
    "micro_ob_ask_depth_concentration": 0.44455001821147483,
    "micro_ob_bid_levels": 15,
    "micro_ob_ask_levels": 15,
    "micro_ob_total_bid_volume": 254.655,
    "micro_ob_total_ask_volume": 189.441,
    "micro_ob_total_orderbook_volume": 444.096,
    "micro_ob_order_flow_imbalance": 0.14684662775616084,
    "micro_ob_depth_imbalance_1": 0.008968660582001596,
    "micro_ob_depth_imbalance_5": 0.034009703949254955,
    "micro_ob_depth_imbalance_10": 0.2153377217346754,
    "micro_ob_depth_imbalance_20": 0.14684662775616084,
    "micro_fr_funding_rate_current": 0.0001,
    "micro_fr_funding_rate_abs": 0.0001,
    "micro_fr_funding_rate_mean": 0.00010000000000000003,
    "micro_fr_funding_rate_std": 2.710505431213761e-20,
    "micro_fr_funding_rate_min": 0.0001,
    "micro_fr_funding_rate_max": 0.0001,
    "micro_fr_funding_rate_skew": -1.0,
    "micro_fr_funding_rate_kurtosis": -2.0,
    "micro_fr_funding_rate_trend": -9.234190815370753e-21,
    "micro_fr_funding_rate_change": 0.0,
    "micro_fr_funding_rate_change_abs": 0.0,
    "micro_fr_funding_rate_positive": 1.0,
    "micro_fr_funding_rate_negative": 0.0,
    "micro_fr_funding_rate_high": 0.0,
    "micro_fr_funding_rate_extreme": 0.0,
    "micro_fr_hours_to_next_funding": 0.0,
    "micro_fr_funding_imminent": 1.0,
    "micro_vp_volume_current": 15918.2373,
    "micro_vp_volume_mean": 9268.872131500002,
    "micro_vp_volume_std": 18490.044066154165,
    "micro_vp_volume_max": 99883.9488,
    "micro_vp_volume_sum": 926887.2131500002,
    "micro_vp_volume_ratio": 1.7173866544023535,
    "micro_vp_large_volume_trade": 0.0,
    "micro_vp_recent_vwap": 3320.522170441968,
    "micro_vp_price_vwap_deviation_pct": -0.0021734666496248506,
    "micro_vp_price_clustering": 0.43500937166984055,
    "micro_vp_volume_trend": -150.7259423030295,
    "micro_of_order_flow_imbalance": 0.14684662775616084,
    "micro_of_trade_flow_buy_pressure": 0.5734233138780804,
    "micro_of_trade_flow_sell_pressure": 0.42657668612191957,
    "micro_of_kyles_lambda_buy": 0.0,
    "micro_of_kyles_lambda_sell": 0.0,
    "micro_of_kyles_lambda_avg": 0.0,
    "micro_of_amihud_illiquidity": 0.27226534709804256,
    "micro_of_spread_dynamics_current": 0.00030116535936460973,
    "micro_micro_funding_arbitrage": 0.0,
    "micro_micro_orderbook_pressure": 0.5,
    "micro_micro_liquidity_score": 0.75,
    "micro_micro_volume_spike": 0.5,
    "micro_micro_oi_divergence": 0.0,
    "micro_micro_composite_score": 0.35000000000000003,
    "fee_maker_rate": 0.0002,
    "fee_taker_rate": 0.0008,
    "fee_round_trip_cost": 0.0016,
    "fee_breakeven_move_pct": 0.16,
    "fee_net_profit_threshold": 0.16,
    "time_hour_sin": -0.7071067811865471,
    "time_hour_cos": -0.7071067811865479,
    "time_day_sin": 0.43388373911755823,
    "time_day_cos": -0.900968867902419,
    "time_day_of_week": 3.0,
    "time_is_asian": 0.0,
    "time_is_london": 1.0,
    "time_is_ny": 1.0,
    "time_is_london_ny_overlap": 1.0,
    "time_is_weekend": 0.0,
    "time_is_us_market_hours": 1.0,
    "cross_btc_return_1m": 0.04872626816385752,
    "cross_btc_return_5m": -0.2437531733264415,
    "cross_btc_return_15m": -0.18464446551686367,
    "cross_btc_correlation": 0.9389007408621067,
    "cross_btc_lead_indicator": -0.2437531733264415,
    "cross_eth_btc_ratio_change": -0.1117023483330901,
    "vol_realized_5m": 41.664297984621825,
    "vol_realized_15m": 22.003842059190735,
    "vol_realized_1h": 12.919010627538702,
    "vol_realized_4h": 4.4310960924086835,
    "vol_ratio_5m_1h": 3.2250378288108585,
    "vol_ratio_15m_4h": 4.965778579455212,
    "vol_regime": 2.0,
    "vol_expansion": 1.0,
    "vol_contraction": 0.0,
    "vol_percentile": 73.68421052631578,
    "sent_fear_greed": 61.0,
    "sent_fear_greed_change": 13.0,
    "sent_extreme_fear": 0.0,
    "sent_extreme_greed": 0.0,
    "sent_fear": 0.0,
    "sent_greed": 1.0,
    "mask_microstructure_available": 1.0,
    "mask_cross_asset_available": 1.0,
    "mask_sentiment_available": 1.0
  },
  "output_prediction": {
    "signal": "SHORT",
    "confidence": 0.7,
    "raw_model_outputs": {
      "xgboost": 0.7893257141113281,
      "lightgbm": 0.9355045839875283,
      "lstm": 0.6061370968818665,
      "random_forest": 0.16578818287210603,
      "weighted_average": 0.6553657769856328,
      "model_agreement": 0.0,
      "technical_fallback": true,
      "fallback_reason": "Models predict LONG (0.66) but technicals strongly bearish (+DI=10.9, -DI=39.8, EMA=bearish)",
      "technical_signal": "SHORT",
      "technical_reason": "Technical SHORT: DI+EMA+MTF aligned (score: 6)"
    }
  },
  "regime_info": {
    "regime": "trending",
    "regime_confidence": 0.648756236477068,
    "atr_ratio": 0.8613384040516492,