{
  "timestamp": "2026-01-15T19:51:34.155101Z",
  "order_id": "706768287677023149",
  "stage": "Decision Making",
  "model_version": "ollama:qwen2.5:1.5b+ensemble_v1.0",
  "input_features": {
    "tech_returns_1": -0.05808044141134561,
    "tech_returns_5": 0.150354059559632,
    "tech_returns_15": 0.19408996069678608,
    "tech_returns_60": -0.04356665698517226,
    "tech_returns_240": -0.2704660709973328,
    "tech_returns_1440": -0.5507696653015027,
    "tech_rsi_14": 58.702765631394456,
    "tech_rsi_7": 67.99253329989344,
    "tech_rsi_21": 54.0058644033539,
    "tech_rsi_slope": 0.8532934039299889,
    "tech_rsi_divergence": 0.0,
    "tech_rsi_zone": 3.0,
    "tech_macd": 0.00012933109904178508,
    "tech_macd_signal": -0.0011119086433495093,
    "tech_macd_hist": 0.0012412397423912944,
    "tech_stoch_k": 88.9655172413805,
    "tech_stoch_d": 95.40229885057522,
    "tech_ema_cross_9_21": 1.0,
    "tech_ema_cross_50_200": -1.0,
    "tech_ema_9": 2.062210245124378,
    "tech_ema_21": 2.0612777338029757,
    "tech_ema_50": 2.063338845516984,
    "tech_price_ema_9_pct": 0.13043068144877476,
    "tech_price_ema_21_pct": 0.17572916728409518,
    "tech_adx": 39.49060488948465,
    "tech_adx_7": 69.27806795544625,
    "tech_adx_10": 51.58508617444176,
    "tech_adx_roc_5": -0.714272301336699,
    "tech_adx_slope_3": 1.8654807700590652,
    "tech_adx_deceleration": 1.162877252954491,
    "tech_plus_di": 36.97114033738328,
    "tech_minus_di": 12.078428382383727,
    "tech_di_crossover": 0.0,
    "tech_atr_14": 0.002553519350860319,
    "tech_atr_pct": 0.1236630999496498,
    "tech_atr_14_avg": 0.0026374698057131307,
    "tech_bb_upper": 2.067033033357185,
    "tech_bb_lower": 2.052636966642816,
    "tech_bb_width": 0.6988941694052566,
    "tech_bb_position": 0.8518322122628299,
    "tech_volatility_20": 0.012713469107866774,
    "tech_volume_ratio": 0.35414706900165227,
    "tech_obv": -5600590.0,
    "tech_momentum_10": 0.01130000000000031,
    "tech_roc_10": 0.5502532138683458,
    "tech_high_low_range": 0.07748559252263178,
    "tech_body_ratio": 0.7499999531250029,
    "tech_swing_high_10": 2.0665,
    "tech_swing_low_10": 2.052,
    "tech_price_vs_swing_high": -0.07742559883860749,
    "tech_price_vs_swing_low": 0.6286549707602405,
    "tech_swing_break_up": 0.0,
    "tech_swing_break_down": 0.0,
    "tech_volume_spike": 0.0,
    "tech_volume_spike_ratio": 0.35414706900165227,
    "micro_ob_best_bid_price": 2.066,
    "micro_ob_best_ask_price": 2.0661,
    "micro_ob_best_bid_size": 69210.0,
    "micro_ob_best_ask_size": 60710.0,
    "micro_ob_spread_absolute": 0.00010000000000021103,
    "micro_ob_spread_percentage": 0.0048401539169047715,
    "micro_ob_bid_ask_size_ratio": 1.1400098830505683,
    "micro_ob_orderbook_imbalance_5": 0.07354094040331594,
    "micro_ob_orderbook_imbalance_10": 0.12648761136762698,
    "micro_ob_orderbook_imbalance_20": 0.12073106115343063,
    "micro_ob_orderbook_vwap": 2.0659567034253383,
    "micro_ob_buy_impact_0.1": 0.0,
    "micro_ob_sell_impact_0.1": 0.0,
    "micro_ob_buy_impact_1.0": 0.0,
    "micro_ob_sell_impact_1.0": 0.0,
    "micro_ob_buy_impact_10.0": 0.0,
    "micro_ob_sell_impact_10.0": 0.0,
    "micro_ob_bid_depth_concentration": 0.3951789178967016,
    "micro_ob_ask_depth_concentration": 0.43469141792796884,
    "micro_ob_bid_levels": 15,
    "micro_ob_ask_levels": 15,
    "micro_ob_total_bid_volume": 814340.0,
    "micro_ob_total_ask_volume": 638890.0,
    "micro_ob_total_orderbook_volume": 1453230.0,
    "micro_ob_order_flow_imbalance": 0.12073106115343063,
    "micro_ob_depth_imbalance_1": 0.06542487684729065,
    "micro_ob_depth_imbalance_5": 0.07354094040331594,
    "micro_ob_depth_imbalance_10": 0.12648761136762698,
    "micro_ob_depth_imbalance_20": 0.12073106115343063,
    "micro_fr_funding_rate_current": 2.908e-05,
    "micro_fr_funding_rate_abs": 2.908e-05,
    "micro_fr_funding_rate_mean": 5.995851063829788e-06,
    "micro_fr_funding_rate_std": 1.3543219345234617e-05,
    "micro_fr_funding_rate_min": -1.238e-05,
    "micro_fr_funding_rate_max": 3.115e-05,
    "micro_fr_funding_rate_skew": 0.3339457979484261,
    "micro_fr_funding_rate_kurtosis": -1.1508408954272562,
    "micro_fr_funding_rate_trend": -6.230000000000052e-07,
    "micro_fr_funding_rate_change": 8.199999999999989e-07,
    "micro_fr_funding_rate_change_abs": 8.199999999999989e-07,
    "micro_fr_funding_rate_positive": 1.0,
    "micro_fr_funding_rate_negative": 0.0,
    "micro_fr_funding_rate_high": 0.0,
    "micro_fr_funding_rate_extreme": 0.0,
    "micro_fr_hours_to_next_funding": 0.0,
    "micro_fr_funding_imminent": 1.0,
    "micro_vp_volume_current": 392.464,
    "micro_vp_volume_mean": 408.21357000000006,
    "micro_vp_volume_std": 507.87296033345297,
    "micro_vp_volume_max": 3201.99,
    "micro_vp_volume_sum": 40821.357,
    "micro_vp_volume_ratio": 0.9614183085584341,
    "micro_vp_large_volume_trade": 0.0,
    "micro_vp_recent_vwap": 2.0658581691809017,
    "micro_vp_price_vwap_deviation_pct": -0.012496946051440992,
    "micro_vp_price_clustering": 0.34545899117749435,
    "micro_vp_volume_trend": -13.147969696969644,
    "micro_of_order_flow_imbalance": 0.12073106115343063,
    "micro_of_trade_flow_buy_pressure": 0.5603655305767153,
    "micro_of_trade_flow_sell_pressure": 0.43963446942328466,
    "micro_of_kyles_lambda_buy": 0.0,
    "micro_of_kyles_lambda_sell": 0.0,
    "micro_of_kyles_lambda_avg": 0.0,
    "micro_of_amihud_illiquidity": 0.0997114359219471,
    "micro_of_spread_dynamics_current": 0.0048401539169047715,
    "micro_micro_funding_arbitrage": 0.0,
    "micro_micro_orderbook_pressure": 0.0,
    "micro_micro_liquidity_score": 1.0,
    "micro_micro_volume_spike": 0.0,
    "micro_micro_oi_divergence": 0.0,
    "micro_micro_composite_score": 0.2,
    "fee_maker_rate": 0.0002,
    "fee_taker_rate": 0.0008,
    "fee_round_trip_cost": 0.0016,
    "fee_breakeven_move_pct": 0.16,
    "fee_net_profit_threshold": 0.16,
    "time_hour_sin": -0.9659258262890684,
    "time_hour_cos": 0.2588190451025203,
    "time_day_sin": 0.43388373911755823,
    "time_day_cos": -0.900968867902419,
    "time_day_of_week": 3.0,
    "time_is_asian": 0.0,
    "time_is_london": 0.0,
    "time_is_ny": 1.0,
    "time_is_london_ny_overlap": 0.0,
    "time_is_weekend": 0.0,
    "time_is_us_market_hours": 1.0,
    "cross_btc_return_1m": -0.08166500408848452,
    "cross_btc_return_5m": 0.11346468555719534,
    "cross_btc_return_15m": 0.16929608470045598,
    "cross_btc_correlation": 0.792486616165922,
    "cross_btc_lead_indicator": 0.11346468555719534,
    "cross_eth_btc_ratio_change": -0.0522560140145501,
    "vol_realized_5m": 28.269399161253574,
    "vol_realized_15m": 16.00854950910512,
    "vol_realized_1h": 8.436117927865203,
    "vol_realized_4h": 4.1193396006002665,
    "vol_ratio_5m_1h": 3.3509962050053126,
    "vol_ratio_15m_4h": 3.886193191445631,
    "vol_regime": 3.0,
    "vol_expansion": 1.0,
    "vol_contraction": 0.0,
    "vol_percentile": 80.0,
    "sent_fear_greed": 61.0,
    "sent_fear_greed_change": 13.0,
    "sent_extreme_fear": 0.0,
    "sent_extreme_greed": 0.0,
    "sent_fear": 0.0,
    "sent_greed": 1.0,
    "mask_microstructure_available": 1.0,
    "mask_cross_asset_available": 1.0,
    "mask_sentiment_available": 1.0
  },
  "output_prediction": {
    "signal": "LONG",
    "confidence": 0.6,
    "raw_model_outputs": {
      "xgboost": 0.10961049050092697,
      "lightgbm": 0.07144834659022707,
      "lstm": 0.570628821849823,
      "random_forest": 0.6652866970832533,
      "weighted_average": 0.3264597801670574,
      "model_agreement": 0.0,
      "technical_fallback": true,
      "fallback_reason": "Models predict SHORT (0.33) but technicals strongly bullish (+DI=37.0, -DI=12.1, EMA=bullish)",
      "technical_signal": "LONG",
      "technical_reason": "Technical LONG: DI+EMA+MTF aligned (score: 5)"
    }
  },
  "regime_info": {
    "regime": "trending",
    "regime_confidence": 0.7738872586738158,