{
  "timestamp": "2026-01-15T22:35:37.717358Z",
  "order_id": "706809581786891181",
  "stage": "Decision Making",
  "model_version": "ollama:qwen2.5:1.5b+ensemble_v1.0",
  "input_features": {
    "tech_returns_1": -0.03510003510002191,
    "tech_returns_5": 0.021071855025645014,
    "tech_returns_15": 0.18996693168227274,
    "tech_returns_60": 0.33821871476888976,
    "tech_returns_240": 0.17587055926837625,
    "tech_returns_1440": 0.3114617940199454,
    "tech_rsi_14": 61.839761940748964,
    "tech_rsi_7": 62.0864688988514,
    "tech_rsi_21": 60.869290647647425,
    "tech_rsi_slope": -1.3806152367701792,
    "tech_rsi_divergence": 0.0,
    "tech_rsi_zone": 3.0,
    "tech_macd": 0.08242400618510715,
    "tech_macd_signal": 0.06924784402241287,
    "tech_macd_hist": 0.01317616216269428,
    "tech_stoch_k": 82.3529411764701,
    "tech_stoch_d": 88.6607616019351,
    "tech_ema_cross_9_21": 1.0,
    "tech_ema_cross_50_200": 1.0,
    "tech_ema_9": 142.35837670603286,
    "tech_ema_21": 142.27775326245626,
    "tech_ema_50": 142.14733971909595,
    "tech_price_ema_9_pct": 0.029238387603351266,
    "tech_price_ema_21_pct": 0.08592118918144705,
    "tech_adx": 41.122301923830065,
    "tech_adx_7": 57.697319350561344,
    "tech_adx_10": 51.35744392301608,
    "tech_adx_roc_5": 3.3930324418764215,
    "tech_adx_slope_3": 2.129253988921125,
    "tech_adx_deceleration": -0.1371733227395069,
    "tech_plus_di": 25.54887554102906,
    "tech_minus_di": 7.391255473762874,
    "tech_di_crossover": 0.0,
    "tech_atr_14": 0.07743428431037258,
    "tech_atr_pct": 0.054378008644924564,
    "tech_atr_14_avg": 0.08511483585417746,
    "tech_bb_upper": 142.52427149352982,
    "tech_bb_lower": 141.96272850647014,
    "tech_bb_width": 0.3947758506080639,
    "tech_bb_position": 0.7786963840817934,
    "tech_volatility_20": 0.005631288368606248,
    "tech_volume_ratio": 0.6264388236804626,
    "tech_obv": -120739.20000000008,
    "tech_momentum_10": 0.12000000000000455,
    "tech_roc_10": 0.08434073657577201,
    "tech_high_low_range": 0.04213483146067575,
    "tech_body_ratio": 0.8333333319441286,
    "tech_swing_high_10": 142.46,
    "tech_swing_low_10": 142.25,
    "tech_price_vs_swing_high": -0.042117085497685156,
    "tech_price_vs_swing_low": 0.1054481546572975,
    "tech_swing_break_up": 0.0,
    "tech_swing_break_down": 0.0,
    "tech_volume_spike": 0.0,
    "tech_volume_spike_ratio": 0.6264388236804626,
    "micro_ob_best_bid_price": 142.42,
    "micro_ob_best_ask_price": 142.43,
    "micro_ob_best_bid_size": 2865.5,
    "micro_ob_best_ask_size": 2586.4,
    "micro_ob_spread_absolute": 0.010000000000019327,
    "micro_ob_spread_percentage": 0.007021239248740969,
    "micro_ob_bid_ask_size_ratio": 1.1079106093411693,
    "micro_ob_orderbook_imbalance_5": 0.39979503496889235,
    "micro_ob_orderbook_imbalance_10": 0.5138274674438036,
    "micro_ob_orderbook_imbalance_20": 0.5570967911804701,
    "micro_ob_orderbook_vwap": 142.38079532902648,
    "micro_ob_buy_impact_0.1": 0.0,
    "micro_ob_sell_impact_0.1": 0.0,
    "micro_ob_buy_impact_1.0": 0.0,
    "micro_ob_sell_impact_1.0": 0.0,
    "micro_ob_buy_impact_10.0": 0.0,
    "micro_ob_sell_impact_10.0": 0.0,
    "micro_ob_bid_depth_concentration": 0.4795912277490869,
    "micro_ob_ask_depth_concentration": 0.722958134590368,
    "micro_ob_bid_levels": 15,
    "micro_ob_ask_levels": 15,
    "micro_ob_total_bid_volume": 50267.6,
    "micro_ob_total_ask_volume": 14298.2,
    "micro_ob_total_orderbook_volume": 64565.8,
    "micro_ob_order_flow_imbalance": 0.5570967911804701,
    "micro_ob_depth_imbalance_1": 0.05119316201691152,
    "micro_ob_depth_imbalance_5": 0.39979503496889235,
    "micro_ob_depth_imbalance_10": 0.5138274674438036,
    "micro_ob_depth_imbalance_20": 0.5570967911804701,
    "micro_fr_funding_rate_current": -3.759e-05,
    "micro_fr_funding_rate_abs": 3.759e-05,
    "micro_fr_funding_rate_mean": -1.12268e-05,
    "micro_fr_funding_rate_std": 2.0140781011668834e-05,
    "micro_fr_funding_rate_min": -3.847e-05,
    "micro_fr_funding_rate_max": 4.337e-05,
    "micro_fr_funding_rate_skew": 1.329076258000191,
    "micro_fr_funding_rate_kurtosis": 1.0358629567767705,
    "micro_fr_funding_rate_trend": -3.2299999999999393e-07,
    "micro_fr_funding_rate_change": 7.100000000000051e-07,
    "micro_fr_funding_rate_change_abs": 7.100000000000051e-07,
    "micro_fr_funding_rate_positive": 0.0,
    "micro_fr_funding_rate_negative": 1.0,
    "micro_fr_funding_rate_high": 0.0,
    "micro_fr_funding_rate_extreme": 0.0,
    "micro_fr_hours_to_next_funding": 0.0,
    "micro_fr_funding_imminent": 1.0,
    "micro_vp_volume_current": 697.956,
    "micro_vp_volume_mean": 903.7299900000002,
    "micro_vp_volume_std": 1959.1667612879285,
    "micro_vp_volume_max": 20012.82,
    "micro_vp_volume_sum": 90372.99900000001,
    "micro_vp_volume_ratio": 0.7723058963662365,
    "micro_vp_large_volume_trade": 0.0,
    "micro_vp_recent_vwap": 142.4318356141971,
    "micro_vp_price_vwap_deviation_pct": 0.0057321354932295,
    "micro_vp_price_clustering": 0.0,
    "micro_vp_volume_trend": 40.66014545454545,
    "micro_of_order_flow_imbalance": 0.5570967911804701,
    "micro_of_trade_flow_buy_pressure": 0.778548395590235,
    "micro_of_trade_flow_sell_pressure": 0.2214516044097649,
    "micro_of_kyles_lambda_buy": 0.0,
    "micro_of_kyles_lambda_sell": 0.0,
    "micro_of_kyles_lambda_avg": 0.0,
    "micro_of_amihud_illiquidity": 0.043928159489823614,
    "micro_of_spread_dynamics_current": 0.007021239248740969,
    "micro_micro_funding_arbitrage": 0.0,
    "micro_micro_orderbook_pressure": 1.0,
    "micro_micro_liquidity_score": 1.0,
    "micro_micro_volume_spike": 0.0,
    "micro_micro_oi_divergence": 0.0,
    "micro_micro_composite_score": 0.5,
    "fee_maker_rate": 0.0002,
    "fee_taker_rate": 0.0008,
    "fee_round_trip_cost": 0.0016,
    "fee_breakeven_move_pct": 0.16,
    "fee_net_profit_threshold": 0.16,
    "time_hour_sin": -0.5000000000000004,
    "time_hour_cos": 0.8660254037844384,
    "time_day_sin": 0.43388373911755823,
    "time_day_cos": -0.900968867902419,
    "time_day_of_week": 3.0,
    "time_is_asian": 0.0,
    "time_is_london": 0.0,
    "time_is_ny": 0.0,
    "time_is_london_ny_overlap": 0.0,
    "time_is_weekend": 0.0,
    "time_is_us_market_hours": 0.0,
    "cross_btc_return_1m": -0.041242710742420995,
    "cross_btc_return_5m": 0.03040564897253547,
    "cross_btc_return_15m": 0.16415894436067904,
    "cross_btc_correlation": 0.7154114781274907,
    "cross_btc_lead_indicator": 0.03040564897253547,
    "cross_eth_btc_ratio_change": 0.056603017797481676,
    "vol_realized_5m": 11.485532799986562,
    "vol_realized_15m": 6.864328737323749,
    "vol_realized_1h": 3.872099145109435,
    "vol_realized_4h": 3.0664844532715083,
    "vol_ratio_5m_1h": 2.966229006427456,
    "vol_ratio_15m_4h": 2.2385010724579004,
    "vol_regime": 1.0,
    "vol_expansion": 1.0,
    "vol_contraction": 0.0,
    "vol_percentile": 48.421052631578945,
    "sent_fear_greed": 61.0,
    "sent_fear_greed_change": 13.0,
    "sent_extreme_fear": 0.0,
    "sent_extreme_greed": 0.0,
    "sent_fear": 0.0,
    "sent_greed": 1.0,
    "mask_microstructure_available": 1.0,
    "mask_cross_asset_available": 1.0,
    "mask_sentiment_available": 1.0
  },
  "output_prediction": {
    "signal": "LONG",
    "confidence": 0.6,
    "raw_model_outputs": {
      "xgboost": 0.2020847350358963,
      "lightgbm": 0.13864939094846726,
      "lstm": 0.5864743590354919,
      "random_forest": 0.4306527694411549,
      "weighted_average": 0.3280369141301639,
      "model_agreement": 0.28298095203340723,
      "technical_fallback": true,
      "fallback_reason": "Models predict SHORT (0.33) but technicals strongly bullish (+DI=25.5, -DI=7.4, EMA=bullish)",
      "technical_signal": "LONG",
      "technical_reason": "Technical LONG: DI+EMA+MTF aligned (score: 5)"
    }
  },
  "regime_info": {
    "regime": "trending",
    "regime_confidence": 0.7934676230859607,