{
  "timestamp": "2026-01-15T16:27:55.058449Z",
  "order_id": "706717032829158317",
  "stage": "Decision Making",
  "model_version": "ollama:qwen2.5:1.5b+ensemble_v1.0",
  "input_features": {
    "tech_returns_1": -0.09771077610274403,
    "tech_returns_5": -0.21610317183687888,
    "tech_returns_15": 0.1119037627640207,
    "tech_returns_60": 0.37164294229015127,
    "tech_returns_240": -0.9548851370052791,
    "tech_returns_1440": 0.3114617940199454,
    "tech_rsi_14": 51.89901017828592,
    "tech_rsi_7": 43.745955153842,
    "tech_rsi_21": 52.603826572149615,
    "tech_rsi_slope": -5.5087871896324145,
    "tech_rsi_divergence": 0.0,
    "tech_rsi_zone": 3.0,
    "tech_macd": 0.13945745962169553,
    "tech_macd_signal": 0.1466259043495271,
    "tech_macd_hist": -0.007168444727831569,
    "tech_stoch_k": 45.16129032257798,
    "tech_stoch_d": 68.49291688001419,
    "tech_ema_cross_9_21": 1.0,
    "tech_ema_cross_50_200": -1.0,
    "tech_ema_9": 143.25799127308653,
    "tech_ema_21": 143.13816461380816,
    "tech_ema_50": 143.00783904358252,
    "tech_price_ema_9_pct": -0.08236278621387595,
    "tech_price_ema_21_pct": 0.0012822479572659636,
    "tech_adx": 33.38766169441489,
    "tech_adx_7": 41.25927223842307,
    "tech_adx_10": 37.0499788351774,
    "tech_adx_roc_5": -1.006459286055815,
    "tech_adx_slope_3": -2.9880957768128873,
    "tech_adx_deceleration": -2.4386623426974943,
    "tech_plus_di": 20.324169692854174,
    "tech_minus_di": 22.15391088653517,
    "tech_di_crossover": -1.0,
    "tech_atr_14": 0.18612481026027,
    "tech_atr_pct": 0.13002990796441946,
    "tech_atr_14_avg": 0.26316617080392635,
    "tech_bb_upper": 143.49576322680718,
    "tech_bb_lower": 142.78223677319284,
    "tech_bb_width": 0.4984850066119991,
    "tech_bb_position": 0.5014014897344182,
    "tech_volatility_20": 0.012374779076862128,
    "tech_volume_ratio": 0.47207016304667726,
    "tech_obv": -53465.399999999965,
    "tech_momentum_10": 0.009999999999990905,
    "tech_roc_10": 0.006986655488017135,
    "tech_high_low_range": 0.13273718038284038,
    "tech_body_ratio": 0.7368421048754328,
    "tech_swing_high_10": 143.48,
    "tech_swing_low_10": 142.97,
    "tech_price_vs_swing_high": -0.23696682464455215,
    "tech_price_vs_swing_low": 0.11890606420926593,
    "tech_swing_break_up": 0.0,
    "tech_swing_break_down": 0.0,
    "tech_volume_spike": 0.0,
    "tech_volume_spike_ratio": 0.47207016304667726,
    "micro_ob_best_bid_price": 143.21,
    "micro_ob_best_ask_price": 143.22,
    "micro_ob_best_bid_size": 2864.8,
    "micro_ob_best_ask_size": 2978.6,
    "micro_ob_spread_absolute": 0.009999999999990905,
    "micro_ob_spread_percentage": 0.006982508815411029,
    "micro_ob_bid_ask_size_ratio": 0.961794131471161,
    "micro_ob_orderbook_imbalance_5": -0.5149369158362243,
    "micro_ob_orderbook_imbalance_10": -0.6167162540548273,
    "micro_ob_orderbook_imbalance_20": -0.6737331523099445,
    "micro_ob_orderbook_vwap": 143.27533146662856,
    "micro_ob_buy_impact_0.1": 0.0,
    "micro_ob_sell_impact_0.1": 0.0,
    "micro_ob_buy_impact_1.0": 0.0,
    "micro_ob_sell_impact_1.0": 0.0,
    "micro_ob_buy_impact_10.0": 0.0,
    "micro_ob_sell_impact_10.0": 0.0,
    "micro_ob_bid_depth_concentration": 0.5103333643295518,
    "micro_ob_ask_depth_concentration": 0.31069696832374133,
    "micro_ob_bid_levels": 15,
    "micro_ob_ask_levels": 15,
    "micro_ob_total_bid_volume": 8603.2,
    "micro_ob_total_ask_volume": 44134.0,
    "micro_ob_total_orderbook_volume": 52737.2,
    "micro_ob_order_flow_imbalance": -0.6737331523099445,
    "micro_ob_depth_imbalance_1": -0.01947496320635242,
    "micro_ob_depth_imbalance_5": -0.5149369158362243,
    "micro_ob_depth_imbalance_10": -0.6167162540548273,
    "micro_ob_depth_imbalance_20": -0.6737331523099445,
    "micro_fr_funding_rate_current": -2.534e-05,
    "micro_fr_funding_rate_abs": 2.534e-05,
    "micro_fr_funding_rate_mean": 2.736509090909091e-05,
    "micro_fr_funding_rate_std": 2.340918389107747e-05,
    "micro_fr_funding_rate_min": -2.534e-05,
    "micro_fr_funding_rate_max": 5.5e-05,
    "micro_fr_funding_rate_skew": -0.925900847258605,
    "micro_fr_funding_rate_kurtosis": -0.4824739689953761,
    "micro_fr_funding_rate_trend": -2.209e-06,
    "micro_fr_funding_rate_change": -1.7000000000000007e-06,
    "micro_fr_funding_rate_change_abs": 1.7000000000000007e-06,
    "micro_fr_funding_rate_positive": 0.0,
    "micro_fr_funding_rate_negative": 1.0,
    "micro_fr_funding_rate_high": 0.0,
    "micro_fr_funding_rate_extreme": 0.0,
    "micro_fr_hours_to_next_funding": 0.0,
    "micro_fr_funding_imminent": 1.0,
    "micro_vp_volume_current": 1017.146,
    "micro_vp_volume_mean": 767.3677500000001,
    "micro_vp_volume_std": 363.5122403901243,
    "micro_vp_volume_max": 1417.878,
    "micro_vp_volume_sum": 76736.77500000001,
    "micro_vp_volume_ratio": 1.3255000617370223,
    "micro_vp_large_volume_trade": 0.0,
    "micro_vp_recent_vwap": 143.24580190984048,
    "micro_vp_price_vwap_deviation_pct": 0.009911697215703952,
    "micro_vp_price_clustering": 0.29975071106917295,
    "micro_vp_volume_trend": 8.864484848484844,
    "micro_of_order_flow_imbalance": -0.6737331523099445,
    "micro_of_trade_flow_buy_pressure": 0.16313342384502783,
    "micro_of_trade_flow_sell_pressure": 0.8368665761549723,
    "micro_of_kyles_lambda_buy": 0.0,
    "micro_of_kyles_lambda_sell": 0.0,
    "micro_of_kyles_lambda_avg": 0.0,
    "micro_of_amihud_illiquidity": 0.03856591216326479,
    "micro_of_spread_dynamics_current": 0.006982508815411029,
    "micro_micro_funding_arbitrage": 0.0,
    "micro_micro_orderbook_pressure": -1.0,
    "micro_micro_liquidity_score": 1.0,
    "micro_micro_volume_spike": 0.0,
    "micro_micro_oi_divergence": 0.0,
    "micro_micro_composite_score": 0.5,
    "fee_maker_rate": 0.0002,
    "fee_taker_rate": 0.0008,
    "fee_round_trip_cost": 0.0016,
    "fee_breakeven_move_pct": 0.16,
    "fee_net_profit_threshold": 0.16,
    "time_hour_sin": -0.8660254037844384,
    "time_hour_cos": -0.5000000000000004,
    "time_day_sin": 0.43388373911755823,
    "time_day_cos": -0.900968867902419,
    "time_day_of_week": 3.0,
    "time_is_asian": 0.0,
    "time_is_london": 1.0,
    "time_is_ny": 1.0,
    "time_is_london_ny_overlap": 1.0,
    "time_is_weekend": 0.0,
    "time_is_us_market_hours": 1.0,
    "cross_btc_return_1m": -0.08344450629358162,
    "cross_btc_return_5m": -0.08624085245765398,
    "cross_btc_return_15m": 0.03165203927343522,
    "cross_btc_correlation": 0.890910791832616,
    "cross_btc_lead_indicator": -0.08624085245765398,
    "cross_eth_btc_ratio_change": 0.006645936767953495,
    "vol_realized_5m": 19.579905702002947,
    "vol_realized_15m": 16.107930961059466,
    "vol_realized_1h": 11.562867982152676,
    "vol_realized_4h": 5.051301513472681,
    "vol_ratio_5m_1h": 1.6933433584318867,
    "vol_ratio_15m_4h": 3.1888674469533984,
    "vol_regime": 0.0,
    "vol_expansion": 1.0,
    "vol_contraction": 0.0,
    "vol_percentile": 11.578947368421053,
    "sent_fear_greed": 61.0,
    "sent_fear_greed_change": 13.0,
    "sent_extreme_fear": 0.0,
    "sent_extreme_greed": 0.0,
    "sent_fear": 0.0,
    "sent_greed": 1.0,
    "mask_microstructure_available": 1.0,
    "mask_cross_asset_available": 1.0,
    "mask_sentiment_available": 1.0
  },
  "output_prediction": {
    "signal": "SHORT",
    "confidence": 0.5732957915474899,
    "raw_model_outputs": {
      "xgboost": 0.07624775171279907,
      "lightgbm": 0.03036176723676377,
      "lstm": 0.26542913913726807,
      "random_forest": 0.5826502605945367,
      "weighted_average": 0.21335210422625503,
      "model_agreement": 0.13095045535532535
    }
  },
  "regime_info": {
    "regime": "trending",
    "regime_confidence": 0.7006519403329786,
    "atr_ratio": 0.7072520365808852,
    "adx_value": 33.38766169441489,
    "is_exhausted": false,
    "is_weakening": false,
    "leverage_tier": "normal_volatility"
  },