{
  "timestamp": "2026-01-15T13:21:54.232105Z",
  "order_id": "706670226619499437",
  "stage": "Decision Making",
  "model_version": "ollama:qwen2.5:1.5b+ensemble_v1.0",
  "input_features": {
    "tech_returns_1": -0.005348229141899363,
    "tech_returns_5": -0.0103988091877949,
    "tech_returns_15": 0.10351166290891722,
    "tech_returns_60": 0.5749840116192173,
    "tech_returns_240": -0.16256786021536795,
    "tech_returns_1440": 1.682133514606014,
    "tech_rsi_14": 58.07404525093485,
    "tech_rsi_7": 59.911692720973264,
    "tech_rsi_21": 57.813796125543746,
    "tech_rsi_slope": -1.879590800408284,
    "tech_rsi_divergence": 0.0,
    "tech_rsi_zone": 3.0,
    "tech_macd": 1.2805336013561828,
    "tech_macd_signal": 1.1132038551611767,
    "tech_macd_hist": 0.16732974619500607,
    "tech_stoch_k": 81.01910828025734,
    "tech_stoch_d": 86.83651804671132,
    "tech_ema_cross_9_21": 1.0,
    "tech_ema_cross_50_200": 1.0,
    "tech_ema_9": 3364.398982265032,
    "tech_ema_21": 3363.2639416201446,
    "tech_ema_50": 3360.385173546457,
    "tech_price_ema_9_pct": 0.030347700743886485,
    "tech_price_ema_21_pct": 0.06410613074919368,
    "tech_adx": 39.92410254016371,
    "tech_adx_7": 71.00853982083338,
    "tech_adx_10": 55.05245970959898,
    "tech_adx_roc_5": 10.688065969522494,
    "tech_adx_slope_3": 2.102489002545731,
    "tech_adx_deceleration": -0.3234598465455001,
    "tech_plus_di": 31.718151780499475,
    "tech_minus_di": 9.848317492656378,
    "tech_di_crossover": 0.0,
    "tech_atr_14": 1.9832150708722351,
    "tech_atr_pct": 0.05892919965033294,
    "tech_atr_14_avg": 2.5239420430907944,
    "tech_bb_upper": 3367.0747489751234,
    "tech_bb_lower": 3358.669251024877,
    "tech_bb_width": 0.24994998174911717,
    "tech_bb_position": 0.8031349261021652,
    "tech_volatility_20": 0.007819880664366303,
    "tech_volume_ratio": 0.22787592612303004,
    "tech_obv": 104259.39699999998,
    "tech_momentum_10": 4.139999999999873,
    "tech_roc_10": 0.12316736481339241,
    "tech_high_low_range": 0.02525687729911598,
    "tech_body_ratio": 0.2117647058572695,
    "tech_swing_high_10": 3366.91,
    "tech_swing_low_10": 3359.06,
    "tech_price_vs_swing_high": -0.04425422716971293,
    "tech_price_vs_swing_low": 0.18933868403660925,
    "tech_swing_break_up": 0.0,
    "tech_swing_break_down": 0.0,
    "tech_volume_spike": 0.0,
    "tech_volume_spike_ratio": 0.22787592612303004,
    "micro_ob_best_bid_price": 3366.18,
    "micro_ob_best_ask_price": 3366.19,
    "micro_ob_best_bid_size": 42.63,
    "micro_ob_best_ask_size": 41.345,
    "micro_ob_spread_absolute": 0.010000000000218279,
    "micro_ob_spread_percentage": 0.00029707220489124276,
    "micro_ob_bid_ask_size_ratio": 1.0310799371145243,
    "micro_ob_orderbook_imbalance_5": 0.1169456581171714,
    "micro_ob_orderbook_imbalance_10": -0.01988418552755423,
    "micro_ob_orderbook_imbalance_20": -0.025786195892737625,
    "micro_ob_orderbook_vwap": 3366.187443916001,
    "micro_ob_buy_impact_0.1": 0.0,
    "micro_ob_sell_impact_0.1": 0.0,
    "micro_ob_buy_impact_1.0": 0.0,
    "micro_ob_sell_impact_1.0": 0.0,
    "micro_ob_buy_impact_10.0": 0.0,
    "micro_ob_sell_impact_10.0": 0.0,
    "micro_ob_bid_depth_concentration": 0.5601728857223363,
    "micro_ob_ask_depth_concentration": 0.42060545241679215,
    "micro_ob_bid_levels": 15,
    "micro_ob_ask_levels": 15,
    "micro_ob_total_bid_volume": 198.744,
    "micro_ob_total_ask_volume": 209.265,
    "micro_ob_total_orderbook_volume": 408.009,
    "micro_ob_order_flow_imbalance": -0.025786195892737625,
    "micro_ob_depth_imbalance_1": 0.015302173265852977,
    "micro_ob_depth_imbalance_5": 0.1169456581171714,
    "micro_ob_depth_imbalance_10": -0.01988418552755423,
    "micro_ob_depth_imbalance_20": -0.025786195892737625,
    "micro_fr_funding_rate_current": 0.0001,
    "micro_fr_funding_rate_abs": 0.0001,
    "micro_fr_funding_rate_mean": 0.0001,
    "micro_fr_funding_rate_std": 0.0,
    "micro_fr_funding_rate_min": 0.0001,
    "micro_fr_funding_rate_max": 0.0001,
    "micro_fr_funding_rate_skew": 0.0,
    "micro_fr_funding_rate_kurtosis": 0.0,
    "micro_fr_funding_rate_trend": -9.234190815370753e-21,
    "micro_fr_funding_rate_change": 0.0,
    "micro_fr_funding_rate_change_abs": 0.0,
    "micro_fr_funding_rate_positive": 1.0,
    "micro_fr_funding_rate_negative": 0.0,
    "micro_fr_funding_rate_high": 0.0,
    "micro_fr_funding_rate_extreme": 0.0,
    "micro_fr_hours_to_next_funding": 0.0,
    "micro_fr_funding_imminent": 1.0,
    "micro_vp_volume_current": 131.28063,
    "micro_vp_volume_mean": 260.5434335,
    "micro_vp_volume_std": 898.4237200918163,
    "micro_vp_volume_max": 6732.34,
    "micro_vp_volume_sum": 26054.34335,
    "micro_vp_volume_ratio": 0.5038723418834503,
    "micro_vp_large_volume_trade": 0.0,
    "micro_vp_recent_vwap": 3366.1942315822407,
    "micro_vp_price_vwap_deviation_pct": -0.0007198509822546868,
    "micro_vp_price_clustering": 0.3306349742516358,
    "micro_vp_volume_trend": 123.50776909090908,
    "micro_of_order_flow_imbalance": -0.025786195892737625,
    "micro_of_trade_flow_buy_pressure": 0.48710690205363116,
    "micro_of_trade_flow_sell_pressure": 0.5128930979463687,
    "micro_of_kyles_lambda_buy": 0.0,
    "micro_of_kyles_lambda_sell": 0.0,
    "micro_of_kyles_lambda_avg": 0.0,
    "micro_of_amihud_illiquidity": 0.12016244136894418,
    "micro_of_spread_dynamics_current": 0.00029707220489124276,
    "micro_micro_funding_arbitrage": 0.0,
    "micro_micro_orderbook_pressure": 0.0,
    "micro_micro_liquidity_score": 0.75,
    "micro_micro_volume_spike": 0.0,
    "micro_micro_oi_divergence": 0.0,
    "micro_micro_composite_score": 0.15000000000000002,
    "fee_maker_rate": 0.0002,
    "fee_taker_rate": 0.0008,
    "fee_round_trip_cost": 0.0016,
    "fee_breakeven_move_pct": 0.16,
    "fee_net_profit_threshold": 0.16,
    "time_hour_sin": -0.2588190451025208,
    "time_hour_cos": -0.9659258262890683,
    "time_day_sin": 0.43388373911755823,
    "time_day_cos": -0.900968867902419,
    "time_day_of_week": 3.0,
    "time_is_asian": 0.0,
    "time_is_london": 1.0,
    "time_is_ny": 1.0,
    "time_is_london_ny_overlap": 1.0,
    "time_is_weekend": 0.0,
    "time_is_us_market_hours": 1.0,
    "cross_btc_return_1m": -0.024776316319230447,
    "cross_btc_return_5m": -0.07944721248621282,
    "cross_btc_return_15m": -0.011460572533040336,
    "cross_btc_correlation": 0.9102229242997437,
    "cross_btc_lead_indicator": -0.07944721248621282,
    "cross_eth_btc_ratio_change": 0.11498541342866246,
    "vol_realized_5m": 12.43365291249399,
    "vol_realized_15m": 8.102642480736998,
    "vol_realized_1h": 4.970696781625284,
    "vol_realized_4h": 4.807140231006379,
    "vol_ratio_5m_1h": 2.5013903399733266,
    "vol_ratio_15m_4h": 1.685543190205771,
    "vol_regime": 2.0,
    "vol_expansion": 1.0,
    "vol_contraction": 0.0,
    "vol_percentile": 57.89473684210527,
    "sent_fear_greed": 61.0,
    "sent_fear_greed_change": 13.0,
    "sent_extreme_fear": 0.0,
    "sent_extreme_greed": 0.0,
    "sent_fear": 0.0,
    "sent_greed": 1.0,
    "mask_microstructure_available": 1.0,
    "mask_cross_asset_available": 1.0,
    "mask_sentiment_available": 1.0
  },
  "output_prediction": {
    "signal": "LONG",
    "confidence": 0.6,
    "raw_model_outputs": {
      "xgboost": 0.16050156950950623,
      "lightgbm": 0.01629308655788123,
      "lstm": 0.7714475989341736,
      "random_forest": 0.49960066826668736,
      "weighted_average": 0.34500577736931914,
      "model_agreement": 0.0,
      "technical_fallback": true,
      "fallback_reason": "Models predict SHORT (0.35) but technicals strongly bullish (+DI=31.7, -DI=9.8, EMA=bullish)",
      "technical_signal": "LONG",
      "technical_reason": "Technical LONG: DI+EMA+MTF aligned (score: 5)"
    }
  },
  "regime_info": {
    "regime": "trending",
    "regime_confidence": 0.7790892304819644,
    "atr_ratio": 0.7857609394404357,
    "adx_value": 39.92410254016371,