{
  "timestamp": "2026-01-15T14:22:05.261869Z",
  "order_id": "706685365049623469",
  "stage": "Decision Making",
  "model_version": "ollama:qwen2.5:1.5b+ensemble_v1.0",
  "input_features": {
    "tech_returns_1": -0.08696271125594457,
    "tech_returns_5": -0.1608084956365219,
    "tech_returns_15": -0.06778821599368046,
    "tech_returns_60": 0.011461886130814669,
    "tech_returns_240": -0.45520557223419633,
    "tech_returns_1440": 1.6576986450115425,
    "tech_rsi_14": 40.271102659191776,
    "tech_rsi_7": 25.894921726317648,
    "tech_rsi_21": 45.35045495760699,
    "tech_rsi_slope": -5.513418952134796,
    "tech_rsi_divergence": 0.0,
    "tech_rsi_zone": 2.0,
    "tech_macd": 18.798980468389345,
    "tech_macd_signal": 40.71370452705304,
    "tech_macd_hist": -21.914724058663694,
    "tech_stoch_k": 0.04058441558677647,
    "tech_stoch_d": 18.963965456312902,
    "tech_ema_cross_9_21": 1.0,
    "tech_ema_cross_50_200": 1.0,
    "tech_ema_9": 96962.51644899938,
    "tech_ema_21": 96959.67944518429,
    "tech_ema_50": 96906.35591516123,
    "tech_price_ema_9_pct": -0.11212214057641215,
    "tech_price_ema_21_pct": -0.10919945877517323,
    "tech_adx": 35.881264165092674,
    "tech_adx_7": 69.44839845480206,
    "tech_adx_10": 50.26723042021767,
    "tech_adx_roc_5": 4.546470614443269,
    "tech_adx_slope_3": 2.982639751786323,
    "tech_adx_deceleration": 2.2313916105174805,
    "tech_plus_di": 10.184082372245435,
    "tech_minus_di": 43.76166126514836,
    "tech_di_crossover": 0.0,
    "tech_atr_14": 55.18929728020603,
    "tech_atr_pct": 0.056982067074504074,
    "tech_atr_14_avg": 51.919474567432765,
    "tech_bb_upper": 97109.71819280772,
    "tech_bb_lower": 96865.19180719228,
    "tech_bb_width": 0.25212166420433885,
    "tech_bb_position": -0.04658723091829262,
    "tech_volatility_20": 0.007050592114324042,
    "tech_volume_ratio": 0.482890517167411,
    "tech_obv": 1546.8987999999977,
    "tech_momentum_10": -220.1999999999971,
    "tech_roc_10": -0.22683725817417288,
    "tech_high_low_range": 0.08714165061154928,
    "tech_body_ratio": 0.998815165875525,
    "tech_swing_high_10": 97100.1,
    "tech_swing_low_10": 96853.7,
    "tech_price_vs_swing_high": -0.2536557634853135,
    "tech_price_vs_swing_low": 0.00010324850780695088,
    "tech_swing_break_up": 0.0,
    "tech_swing_break_down": 1.0,
    "tech_volume_spike": 0.0,
    "tech_volume_spike_ratio": 0.482890517167411,
    "micro_ob_best_bid_price": 96905.7,
    "micro_ob_best_ask_price": 96905.8,
    "micro_ob_best_bid_size": 2.5766,
    "micro_ob_best_ask_size": 2.5474,
    "micro_ob_spread_absolute": 0.10000000000582077,
    "micro_ob_spread_percentage": 0.00010319305098595363,
    "micro_ob_bid_ask_size_ratio": 1.0114626678181675,
    "micro_ob_orderbook_imbalance_5": 0.033632659848673786,
    "micro_ob_orderbook_imbalance_10": 0.023476738258306193,
    "micro_ob_orderbook_imbalance_20": 0.027502891467373055,
    "micro_ob_orderbook_vwap": 96906.01994924303,
    "micro_ob_buy_impact_0.1": 0.0,
    "micro_ob_sell_impact_0.1": 0.0,
    "micro_ob_buy_impact_1.0": 0.0,
    "micro_ob_sell_impact_1.0": 0.0,
    "micro_ob_buy_impact_10.0": -1.501655755214533e-14,
    "micro_ob_sell_impact_10.0": 0.0,
    "micro_ob_bid_depth_concentration": 0.36111627528670853,
    "micro_ob_ask_depth_concentration": 0.3567120798715867,
    "micro_ob_bid_levels": 15,
    "micro_ob_ask_levels": 15,
    "micro_ob_total_bid_volume": 34.425200000000004,
    "micro_ob_total_ask_volume": 32.582300000000004,
    "micro_ob_total_orderbook_volume": 67.00750000000001,
    "micro_ob_order_flow_imbalance": 0.027502891467373055,
    "micro_ob_depth_imbalance_1": 0.005698672911787645,
    "micro_ob_depth_imbalance_5": 0.033632659848673786,
    "micro_ob_depth_imbalance_10": 0.023476738258306193,
    "micro_ob_depth_imbalance_20": 0.027502891467373055,
    "micro_fr_funding_rate_current": 1.092e-05,
    "micro_fr_funding_rate_abs": 1.092e-05,
    "micro_fr_funding_rate_mean": 4.801666666666667e-06,
    "micro_fr_funding_rate_std": 5.499395168763763e-06,
    "micro_fr_funding_rate_min": -6.36e-06,
    "micro_fr_funding_rate_max": 1.092e-05,
    "micro_fr_funding_rate_skew": -0.7886988577572999,
    "micro_fr_funding_rate_kurtosis": -0.6878605323983966,
    "micro_fr_funding_rate_trend": 4.079999999999987e-07,
    "micro_fr_funding_rate_change": 8.400000000000004e-07,
    "micro_fr_funding_rate_change_abs": 8.400000000000004e-07,
    "micro_fr_funding_rate_positive": 1.0,
    "micro_fr_funding_rate_negative": 0.0,
    "micro_fr_funding_rate_high": 0.0,
    "micro_fr_funding_rate_extreme": 0.0,
    "micro_fr_hours_to_next_funding": 0.0,
    "micro_fr_funding_imminent": 1.0,
    "micro_vp_volume_current": 455.55173,
    "micro_vp_volume_mean": 11019.351886800001,
    "micro_vp_volume_std": 45026.17792724983,
    "micro_vp_volume_max": 413511.92387,
    "micro_vp_volume_sum": 1101935.1886800001,
    "micro_vp_volume_ratio": 0.04134106385564309,
    "micro_vp_large_volume_trade": 0.0,
    "micro_vp_recent_vwap": 96910.0579630226,
    "micro_vp_price_vwap_deviation_pct": 0.016347154578568633,
    "micro_vp_price_clustering": 0.003793942625267717,
    "micro_vp_volume_trend": 4.581951999999993,
    "micro_of_order_flow_imbalance": 0.027502891467373055,
    "micro_of_trade_flow_buy_pressure": 0.5137514457336865,
    "micro_of_trade_flow_sell_pressure": 0.48624855426631347,
    "micro_of_kyles_lambda_buy": -1.501655755214533e-15,
    "micro_of_kyles_lambda_sell": 0.0,
    "micro_of_kyles_lambda_avg": -7.508278776072665e-16,
    "micro_of_amihud_illiquidity": 0.02623728845556506,
    "micro_of_spread_dynamics_current": 0.00010319305098595363,
    "micro_micro_funding_arbitrage": 0.0,
    "micro_micro_orderbook_pressure": 0.0,
    "micro_micro_liquidity_score": 0.5,
    "micro_micro_volume_spike": 0.0,
    "micro_micro_oi_divergence": 0.0,
    "micro_micro_composite_score": 0.1,
    "fee_maker_rate": 0.0002,
    "fee_taker_rate": 0.0008,
    "fee_round_trip_cost": 0.0016,
    "fee_breakeven_move_pct": 0.16,
    "fee_net_profit_threshold": 0.16,
    "time_hour_sin": -0.4999999999999997,
    "time_hour_cos": -0.8660254037844388,
    "time_day_sin": 0.43388373911755823,
    "time_day_cos": -0.900968867902419,
    "time_day_of_week": 3.0,
    "time_is_asian": 0.0,
    "time_is_london": 1.0,
    "time_is_ny": 1.0,
    "time_is_london_ny_overlap": 1.0,
    "time_is_weekend": 0.0,
    "time_is_us_market_hours": 1.0,
    "cross_btc_return_1m": -0.0869627112559488,
    "cross_btc_return_5m": -0.16080849563652333,
    "cross_btc_return_15m": -0.06778821599368248,
    "cross_btc_correlation": 1.0,
    "cross_btc_lead_indicator": 0.0,
    "cross_eth_btc_ratio_change": 0.10731653639129266,
    "vol_realized_5m": 11.23632668784827,
    "vol_realized_15m": 8.243378308586259,
    "vol_realized_1h": 4.354754530695488,
    "vol_realized_4h": 2.6893284582204973,
    "vol_ratio_5m_1h": 2.580243411803453,
    "vol_ratio_15m_4h": 3.06521811546992,
    "vol_regime": 2.0,
    "vol_expansion": 1.0,
    "vol_contraction": 0.0,
    "vol_percentile": 57.89473684210527,
    "sent_fear_greed": 61.0,
    "sent_fear_greed_change": 13.0,
    "sent_extreme_fear": 0.0,
    "sent_extreme_greed": 0.0,
    "sent_fear": 0.0,
    "sent_greed": 1.0,
    "mask_microstructure_available": 1.0,
    "mask_cross_asset_available": 1.0,
    "mask_sentiment_available": 1.0
  },
  "output_prediction": {
    "signal": "SHORT",
    "confidence": 0.5978473274239402,
    "raw_model_outputs": {
      "xgboost": 0.07255986332893372,
      "lightgbm": 0.01904420541352218,
      "lstm": 0.5323591828346252,
      "random_forest": 0.2072876511365646,
      "weighted_average": 0.2010763362880299,
      "model_agreement": 0.20185823421488014
    }
  },
  "regime_info": {
    "regime": "trending",
    "regime_confidence": 0.730575169981112,
    "atr_ratio": 1.0629787327398013,
    "adx_value": 35.881264165092674,
    "is_exhausted": false,
    "is_weakening": false,