{
  "timestamp": "2026-01-15T22:08:41.677622Z",
  "order_id": "706802803439305645",
  "stage": "Decision Making",
  "model_version": "ollama:qwen2.5:1.5b+ensemble_v1.0",
  "input_features": {
    "tech_returns_1": 0.021094079594985438,
    "tech_returns_5": 0.0703482237073505,
    "tech_returns_15": 0.15489685277758625,
    "tech_returns_60": 0.5300353356890497,
    "tech_returns_240": -0.31534688156972246,
    "tech_returns_1440": 0.3114617940199454,
    "tech_rsi_14": 65.96353790437577,
    "tech_rsi_7": 72.23586549365896,
    "tech_rsi_21": 63.56001883839913,
    "tech_rsi_slope": -1.2336384616264695,
    "tech_rsi_divergence": 0.0,
    "tech_rsi_zone": 3.0,
    "tech_macd": 0.0802852191391139,
    "tech_macd_signal": 0.06152174263913724,
    "tech_macd_hist": 0.018763476499976665,
    "tech_stoch_k": 92.68292682926796,
    "tech_stoch_d": 91.05691056910452,
    "tech_ema_cross_9_21": 1.0,
    "tech_ema_cross_50_200": 1.0,
    "tech_ema_9": 142.16945802953535,
    "tech_ema_21": 142.08912191173127,
    "tech_ema_50": 141.9499988113393,
    "tech_price_ema_9_pct": 0.05665209080836383,
    "tech_price_ema_21_pct": 0.11322336721080739,
    "tech_adx": 39.024757672905395,
    "tech_adx_7": 54.79940124627266,
    "tech_adx_10": 47.57315064374086,
    "tech_adx_roc_5": 10.838176367433345,
    "tech_adx_slope_3": 0.9224437448178975,
    "tech_adx_deceleration": 0.14437045665874493,
    "tech_plus_di": 33.454026614948965,
    "tech_minus_di": 12.819546289757117,
    "tech_di_crossover": 0.0,
    "tech_atr_14": 0.07935038761221949,
    "tech_atr_pct": 0.05578234630033005,
    "tech_atr_14_avg": 0.08390459572933043,
    "tech_bb_upper": 142.3092959785314,
    "tech_bb_lower": 141.83670402146862,
    "tech_bb_width": 0.33264023217836974,
    "tech_bb_position": 0.874530284222508,
    "tech_volatility_20": 0.005942170447396774,
    "tech_volume_ratio": 0.6264103797975329,
    "tech_obv": -117779.40000000008,
    "tech_momentum_10": 0.28999999999999204,
    "tech_roc_10": 0.20428289659057963,
    "tech_high_low_range": 0.028119507908606005,
    "tech_body_ratio": 0.7499999981251776,
    "tech_swing_high_10": 142.28,
    "tech_swing_low_10": 141.95,
    "tech_price_vs_swing_high": -0.021085184143942323,
    "tech_price_vs_swing_low": 0.21134202183868364,
    "tech_swing_break_up": 0.0,
    "tech_swing_break_down": 0.0,
    "tech_volume_spike": 0.0,
    "tech_volume_spike_ratio": 0.6264103797975329,
    "micro_ob_best_bid_price": 142.23,
    "micro_ob_best_ask_price": 142.24,
    "micro_ob_best_bid_size": 2453.9,
    "micro_ob_best_ask_size": 2509.8,
    "micro_ob_spread_absolute": 0.010000000000019327,
    "micro_ob_spread_percentage": 0.007030618342896844,
    "micro_ob_bid_ask_size_ratio": 0.9777273089489202,
    "micro_ob_orderbook_imbalance_5": 0.16563085069848335,
    "micro_ob_orderbook_imbalance_10": 0.34024203748562415,
    "micro_ob_orderbook_imbalance_20": 0.4642152097444181,
    "micro_ob_orderbook_vwap": 142.20768275676255,
    "micro_ob_buy_impact_0.1": 0.0,
    "micro_ob_sell_impact_0.1": 0.0,
    "micro_ob_buy_impact_1.0": 0.0,
    "micro_ob_sell_impact_1.0": 0.0,
    "micro_ob_buy_impact_10.0": 0.0,
    "micro_ob_sell_impact_10.0": 0.0,
    "micro_ob_bid_depth_concentration": 0.37896731065681233,
    "micro_ob_ask_depth_concentration": 0.7413332633388673,
    "micro_ob_bid_levels": 15,
    "micro_ob_ask_levels": 15,
    "micro_ob_total_bid_volume": 41646.6,
    "micro_ob_total_ask_volume": 15239.300000000001,
    "micro_ob_total_orderbook_volume": 56885.9,
    "micro_ob_order_flow_imbalance": 0.4642152097444181,
    "micro_ob_depth_imbalance_1": -0.011261760380361441,
    "micro_ob_depth_imbalance_5": 0.16563085069848335,
    "micro_ob_depth_imbalance_10": 0.34024203748562415,
    "micro_ob_depth_imbalance_20": 0.4642152097444181,
    "micro_fr_funding_rate_current": -3.546e-05,
    "micro_fr_funding_rate_abs": 3.546e-05,
    "micro_fr_funding_rate_mean": -7.120799999999999e-06,
    "micro_fr_funding_rate_std": 2.2551293341181123e-05,
    "micro_fr_funding_rate_min": -3.546e-05,
    "micro_fr_funding_rate_max": 4.528e-05,
    "micro_fr_funding_rate_skew": 1.227190001766199,
    "micro_fr_funding_rate_kurtosis": 0.23351415950000964,
    "micro_fr_funding_rate_trend": -1.3099999999999993e-06,
    "micro_fr_funding_rate_change": -8.000000000000059e-07,
    "micro_fr_funding_rate_change_abs": 8.000000000000059e-07,
    "micro_fr_funding_rate_positive": 0.0,
    "micro_fr_funding_rate_negative": 1.0,
    "micro_fr_funding_rate_high": 0.0,
    "micro_fr_funding_rate_extreme": 0.0,
    "micro_fr_hours_to_next_funding": 0.0,
    "micro_fr_funding_imminent": 1.0,
    "micro_vp_volume_current": 142.22,
    "micro_vp_volume_mean": 723.4907500000002,
    "micro_vp_volume_std": 380.54580280282624,
    "micro_vp_volume_max": 1407.978,
    "micro_vp_volume_sum": 72349.07500000001,
    "micro_vp_volume_ratio": 0.19657473160506886,
    "micro_vp_large_volume_trade": 0.0,
    "micro_vp_recent_vwap": 142.22346192442674,
    "micro_vp_price_vwap_deviation_pct": -0.0024341443949551776,
    "micro_vp_price_clustering": 0.0,
    "micro_vp_volume_trend": -57.49135757575756,
    "micro_of_order_flow_imbalance": 0.4642152097444181,
    "micro_of_trade_flow_buy_pressure": 0.732107604872209,
    "micro_of_trade_flow_sell_pressure": 0.2678923951277909,
    "micro_of_kyles_lambda_buy": 0.0,
    "micro_of_kyles_lambda_sell": 0.0,
    "micro_of_kyles_lambda_avg": 0.0,
    "micro_of_amihud_illiquidity": 0.021382600066864994,
    "micro_of_spread_dynamics_current": 0.007030618342896844,
    "micro_micro_funding_arbitrage": 0.0,
    "micro_micro_orderbook_pressure": 1.0,
    "micro_micro_liquidity_score": 1.0,
    "micro_micro_volume_spike": 0.0,
    "micro_micro_oi_divergence": 0.0,
    "micro_micro_composite_score": 0.5,
    "fee_maker_rate": 0.0002,
    "fee_taker_rate": 0.0008,
    "fee_round_trip_cost": 0.0016,
    "fee_breakeven_move_pct": 0.16,
    "fee_net_profit_threshold": 0.16,
    "time_hour_sin": -0.5000000000000004,
    "time_hour_cos": 0.8660254037844384,
    "time_day_sin": 0.43388373911755823,
    "time_day_cos": -0.900968867902419,
    "time_day_of_week": 3.0,
    "time_is_asian": 0.0,
    "time_is_london": 0.0,
    "time_is_ny": 0.0,
    "time_is_london_ny_overlap": 0.0,
    "time_is_weekend": 0.0,
    "time_is_us_market_hours": 0.0,
    "cross_btc_return_1m": 0.003658038225454302,
    "cross_btc_return_5m": 0.11980910067836018,
    "cross_btc_return_15m": 0.13028641034254337,
    "cross_btc_correlation": 0.6457036171243435,
    "cross_btc_lead_indicator": 0.11980910067836018,
    "cross_eth_btc_ratio_change": -0.02631556543103933,
    "vol_realized_5m": 7.492607539318412,
    "vol_realized_15m": 6.803241400608193,
    "vol_realized_1h": 3.4720001161532137,
    "vol_realized_4h": 3.3012175284242335,
    "vol_ratio_5m_1h": 2.1580090117104636,
    "vol_ratio_15m_4h": 2.0608279648434973,
    "vol_regime": 0.0,
    "vol_expansion": 1.0,
    "vol_contraction": 0.0,
    "vol_percentile": 10.526315789473683,
    "sent_fear_greed": 61.0,
    "sent_fear_greed_change": 13.0,
    "sent_extreme_fear": 0.0,
    "sent_extreme_greed": 0.0,
    "sent_fear": 0.0,
    "sent_greed": 1.0,
    "mask_microstructure_available": 1.0,
    "mask_cross_asset_available": 1.0,
    "mask_sentiment_available": 1.0
  },
  "output_prediction": {
    "signal": "LONG",
    "confidence": 0.6,
    "raw_model_outputs": {
      "xgboost": 0.14059074223041534,
      "lightgbm": 0.10090874263696245,
      "lstm": 0.6295855641365051,
      "random_forest": 0.5155770543459604,
      "weighted_average": 0.3279162102316836,
      "model_agreement": 0.08035209898144668,
      "technical_fallback": true,
      "fallback_reason": "Models predict SHORT (0.33) but technicals strongly bullish (+DI=33.5, -DI=12.8, EMA=bullish)",
      "technical_signal": "LONG",
      "technical_reason": "Technical LONG: DI+EMA+MTF aligned (score: 5)"
    }
  },
  "regime_info": {
    "regime": "trending",