{
  "timestamp": "2026-01-15T11:09:16.534048Z",
  "order_id": "706636841066955693",
  "stage": "Decision Making",
  "model_version": "ollama:qwen2.5:1.5b+ensemble_v1.0",
  "input_features": {
    "tech_returns_1": 0.012801505218851261,
    "tech_returns_5": -0.029163281642907712,
    "tech_returns_15": 0.6456232436351295,
    "tech_returns_60": 0.7630542566369858,
    "tech_returns_240": -0.2627469375879654,
    "tech_returns_1440": 2.3666819879519907,
    "tech_rsi_14": 62.33521453272749,
    "tech_rsi_7": 56.245721027004144,
    "tech_rsi_21": 60.755069508638144,
    "tech_rsi_slope": 0.7397717781253874,
    "tech_rsi_divergence": 0.0,
    "tech_rsi_zone": 3.0,
    "tech_macd": 5.2680278550974435,
    "tech_macd_signal": 6.180840783107788,
    "tech_macd_hist": -0.9128129280103447,
    "tech_stoch_k": 31.365313653134507,
    "tech_stoch_d": 45.07435114324463,
    "tech_ema_cross_9_21": 1.0,
    "tech_ema_cross_50_200": -1.0,
    "tech_ema_9": 3359.40917431181,
    "tech_ema_21": 3355.283441007603,
    "tech_ema_50": 3348.611354348448,
    "tech_price_ema_9_pct": 2.457837515062446e-05,
    "tech_price_ema_21_pct": 0.12298689708186547,
    "tech_adx": 24.877944886308953,
    "tech_adx_7": 42.38483184251281,
    "tech_adx_10": 27.607147960338747,
    "tech_adx_roc_5": -19.52831547278568,
    "tech_adx_slope_3": -3.7826161599261177,
    "tech_adx_deceleration": 0.3135594487031792,
    "tech_plus_di": 28.213810336906857,
    "tech_minus_di": 27.973731956124603,
    "tech_di_crossover": 1.0,
    "tech_atr_14": 2.4412301046818503,
    "tech_atr_pct": 0.07266841810561528,
    "tech_atr_14_avg": 5.567542867395643,
    "tech_bb_upper": 3377.1035600919786,
    "tech_bb_lower": 3334.2954399080218,
    "tech_bb_width": 1.2756839575163632,
    "tech_bb_position": 0.5866774804419062,
    "tech_volatility_20": 0.02787342259174385,
    "tech_volume_ratio": 0.06928018165815363,
    "tech_obv": 96058.20099999994,
    "tech_momentum_10": -3.6600000000003092,
    "tech_roc_10": -0.10882913528413862,
    "tech_high_low_range": 0.013097537960536362,
    "tech_body_ratio": 0.9772727270501266,
    "tech_swing_high_10": 3364.99,
    "tech_swing_low_10": 3356.86,
    "tech_price_vs_swing_high": -0.16582515847000817,
    "tech_price_vs_swing_low": 0.07596384716668932,
    "tech_swing_break_up": 0.0,
    "tech_swing_break_down": 0.0,
    "tech_volume_spike": 0.0,
    "tech_volume_spike_ratio": 0.06928018165815363,
    "micro_ob_best_bid_price": 3359.41,
    "micro_ob_best_ask_price": 3359.42,
    "micro_ob_best_bid_size": 45.52,
    "micro_ob_best_ask_size": 46.23,
    "micro_ob_spread_absolute": 0.010000000000218279,
    "micro_ob_spread_percentage": 0.0002976708742509716,
    "micro_ob_bid_ask_size_ratio": 0.9846420073545318,
    "micro_ob_orderbook_imbalance_5": 0.0007159522586188688,
    "micro_ob_orderbook_imbalance_10": -0.00379557926650129,
    "micro_ob_orderbook_imbalance_20": 0.07151832438840307,
    "micro_ob_orderbook_vwap": 3359.41089313623,
    "micro_ob_buy_impact_0.1": 0.0,
    "micro_ob_sell_impact_0.1": 0.0,
    "micro_ob_buy_impact_1.0": 0.0,
    "micro_ob_sell_impact_1.0": 0.0,
    "micro_ob_buy_impact_10.0": 0.0,
    "micro_ob_sell_impact_10.0": 0.0,
    "micro_ob_bid_depth_concentration": 0.46363735697672603,
    "micro_ob_ask_depth_concentration": 0.5342971019387962,
    "micro_ob_bid_levels": 15,
    "micro_ob_ask_levels": 15,
    "micro_ob_total_bid_volume": 256.252,
    "micro_ob_total_ask_volume": 222.045,
    "micro_ob_total_orderbook_volume": 478.297,
    "micro_ob_order_flow_imbalance": 0.07151832438840307,
    "micro_ob_depth_imbalance_1": -0.0077384196185285425,
    "micro_ob_depth_imbalance_5": 0.0007159522586188688,
    "micro_ob_depth_imbalance_10": -0.00379557926650129,
    "micro_ob_depth_imbalance_20": 0.07151832438840307,
    "micro_fr_funding_rate_current": 8.472e-05,
    "micro_fr_funding_rate_abs": 8.472e-05,
    "micro_fr_funding_rate_positive": 1.0,
    "micro_fr_funding_rate_negative": 0.0,
    "micro_fr_funding_rate_high": 0.0,
    "micro_fr_funding_rate_extreme": 0.0,
    "micro_fr_hours_to_next_funding": 0.0,
    "micro_fr_funding_imminent": 1.0,
    "micro_vp_volume_current": 53.7376,
    "micro_vp_volume_mean": 1572.8781388999998,
    "micro_vp_volume_std": 7261.649284518116,
    "micro_vp_volume_max": 61755.03115,
    "micro_vp_volume_sum": 157287.81389,
    "micro_vp_volume_ratio": 0.03416513884386597,
    "micro_vp_large_volume_trade": 0.0,
    "micro_vp_recent_vwap": 3359.128106758565,
    "micro_vp_price_vwap_deviation_pct": -0.01572154266765301,
    "micro_vp_price_clustering": 0.011055585146634827,
    "micro_vp_volume_trend": 7.449967272727274,
    "micro_of_order_flow_imbalance": 0.07151832438840307,
    "micro_of_trade_flow_buy_pressure": 0.5357591621942015,
    "micro_of_trade_flow_sell_pressure": 0.46424083780579845,
    "micro_of_kyles_lambda_buy": 0.0,
    "micro_of_kyles_lambda_sell": 0.0,
    "micro_of_kyles_lambda_avg": 0.0,
    "micro_of_amihud_illiquidity": 0.17294168196786744,
    "micro_of_spread_dynamics_current": 0.0002976708742509716,
    "micro_micro_funding_arbitrage": 0.0,
    "micro_micro_orderbook_pressure": 0.0,
    "micro_micro_liquidity_score": 0.75,
    "micro_micro_volume_spike": 0.0,
    "micro_micro_oi_divergence": 0.0,
    "micro_micro_composite_score": 0.15000000000000002,
    "fee_maker_rate": 0.0002,
    "fee_taker_rate": 0.0008,
    "fee_round_trip_cost": 0.0016,
    "fee_breakeven_move_pct": 0.16,
    "fee_net_profit_threshold": 0.16,
    "time_hour_sin": 0.258819045102521,
    "time_hour_cos": -0.9659258262890682,
    "time_day_sin": 0.43388373911755823,
    "time_day_cos": -0.900968867902419,
    "time_day_of_week": 3.0,
    "time_is_asian": 0.0,
    "time_is_london": 1.0,
    "time_is_ny": 0.0,
    "time_is_london_ny_overlap": 0.0,
    "time_is_weekend": 0.0,
    "time_is_us_market_hours": 0.0,
    "cross_btc_return_1m": 0.00010338706359629912,
    "cross_btc_return_5m": -0.022016573414938925,
    "cross_btc_return_15m": -0.06023828737279741,
    "cross_btc_correlation": 0.343485499060761,
    "cross_btc_lead_indicator": -0.022016573414938925,
    "cross_eth_btc_ratio_change": 0.7062869861923423,
    "vol_realized_5m": 7.188957568111662,
    "vol_realized_15m": 36.31972947852254,
    "vol_realized_1h": 12.148648747216493,
    "vol_realized_4h": 5.680697377493991,
    "vol_ratio_5m_1h": 0.5917495614282865,
    "vol_ratio_15m_4h": 6.39353358663594,
    "vol_regime": 0.0,
    "vol_expansion": 0.0,
    "vol_contraction": 0.0,
    "vol_percentile": 2.1052631578947367,
    "sent_fear_greed": 61.0,
    "sent_fear_greed_change": 13.0,
    "sent_extreme_fear": 0.0,
    "sent_extreme_greed": 0.0,
    "sent_fear": 0.0,
    "sent_greed": 1.0
  },
  "output_prediction": {
    "signal": "SHORT",
    "confidence": 0.6705707803554448,
    "raw_model_outputs": {
      "xgboost": 0.04532122239470482,
      "lightgbm": 0.03910244139280072,
      "lstm": 0.36814436316490173,
      "random_forest": 0.24653270795955734,
      "weighted_average": 0.16471460982227756,
      "model_agreement": 0.4424833528670954
    }
  },
  "regime_info": {
    "regime": "low_volatility",
    "regime_confidence": 0.564609874565812,
    "atr_ratio": 0.4384753135854698,
    "adx_value": 24.877944886308953,
    "is_exhausted": false,
    "is_weakening": false,
    "leverage_tier": "low_volatility"
  },