{
  "timestamp": "2026-01-03T23:29:10.407566Z",
  "order_id": "702474400196199341",
  "stage": "Decision Making",
  "model_version": "ollama:qwen2.5:1.5b+ensemble_v1.0",
  "input_features": {
    "tech_returns_1": 0.0,
    "tech_returns_5": -0.004546177801012519,
    "tech_returns_15": 0.07279510452922189,
    "tech_returns_60": -0.014773566679926464,
    "tech_returns_240": 0.252962625341846,
    "tech_returns_1440": 0.5241740809710952,
    "tech_rsi_14": 56.47838789514368,
    "tech_rsi_7": 56.39334198507133,
    "tech_macd": 0.15204841756383303,
    "tech_macd_signal": 0.1461412919946709,
    "tech_macd_hist": 0.005907125569162119,
    "tech_stoch_k": 53.448275862075384,
    "tech_stoch_d": 63.18913995865389,
    "tech_ema_cross_9_21": 1.0,
    "tech_ema_cross_50_200": 1.0,
    "tech_ema_9": 879.7827783775056,
    "tech_ema_21": 879.6393015853421,
    "tech_ema_50": 879.5038601553139,
    "tech_price_ema_9_pct": 0.0042307741648602275,
    "tech_price_ema_21_pct": 0.02054233074082772,
    "tech_adx": 24.30818507233307,
    "tech_adx_7": 22.820460221594413,
    "tech_adx_10": 20.32433261471276,
    "tech_adx_roc_5": -6.290746832155836,
    "tech_adx_slope_3": -1.959493921711779,
    "tech_adx_deceleration": 0.30146060334027247,
    "tech_plus_di": 36.870086286649176,
    "tech_minus_di": 28.687666121531947,
    "tech_di_crossover": 0.0,
    "tech_atr_14": 0.14178188661553937,
    "tech_atr_pct": 0.016114874248771265,
    "tech_atr_14_avg": 0.2211417262215772,
    "tech_bb_upper": 880.309762389746,
    "tech_bb_lower": 878.8492376102541,
    "tech_bb_width": 0.16604806950273784,
    "tech_bb_position": 0.6646668398763322,
    "tech_volatility_20": 0.003127038510721745,
    "tech_volume_ratio": 0.10201971462052803,
    "tech_obv": 4954.299999999997,
    "tech_momentum_10": 0.2300000000000182,
    "tech_roc_10": 0.02614854648188558,
    "tech_high_low_range": 0.0,
    "tech_body_ratio": 0.0,
    "tech_swing_high_10": 880.09,
    "tech_swing_low_10": 879.57,
    "tech_price_vs_swing_high": -0.030678680589483098,
    "tech_price_vs_swing_low": 0.028422979410393713,
    "tech_swing_break_up": 0.0,
    "tech_swing_break_down": 0.0,
    "tech_volume_spike": 0.0,
    "tech_volume_spike_ratio": 0.10201971462052803,
    "micro_ob_best_bid_price": 879.82,
    "micro_ob_best_ask_price": 879.83,
    "micro_ob_best_bid_size": 172.4,
    "micro_ob_best_ask_size": 162.0,
    "micro_ob_spread_absolute": 0.009999999999990905,
    "micro_ob_spread_percentage": 0.0011365896627159838,
    "micro_ob_bid_ask_size_ratio": 1.0641975308641975,
    "micro_ob_orderbook_imbalance_5": -0.08926218708827402,
    "micro_ob_orderbook_imbalance_10": 0.008507179626117608,
    "micro_ob_orderbook_imbalance_20": 0.07995883484719678,
    "micro_ob_orderbook_vwap": 879.825472229748,
    "micro_ob_buy_impact_0.1": 0.0,
    "micro_ob_sell_impact_0.1": 0.0,
    "micro_ob_buy_impact_1.0": 0.0,
    "micro_ob_sell_impact_1.0": 0.0,
    "micro_ob_buy_impact_10.0": 1.2921455022176559e-14,
    "micro_ob_sell_impact_10.0": 0.0,
    "micro_ob_bid_depth_concentration": 0.45823665893271465,
    "micro_ob_ask_depth_concentration": 0.643322633985021,
    "micro_ob_bid_levels": 15,
    "micro_ob_ask_levels": 15,
    "micro_ob_total_bid_volume": 1206.8,
    "micro_ob_total_ask_volume": 1028.1,
    "micro_ob_total_orderbook_volume": 2234.8999999999996,
    "micro_ob_order_flow_imbalance": 0.07995883484719678,
    "micro_ob_depth_imbalance_1": 0.03110047846889954,
    "micro_ob_depth_imbalance_5": -0.08926218708827402,
    "micro_ob_depth_imbalance_10": 0.008507179626117608,
    "micro_ob_depth_imbalance_20": 0.07995883484719678,
    "micro_fr_funding_rate_current": 2.074e-05,
    "micro_fr_funding_rate_abs": 2.074e-05,
    "micro_fr_funding_rate_mean": 4.195700000000001e-06,
    "micro_fr_funding_rate_std": 4.417214002637862e-05,
    "micro_fr_funding_rate_min": -4.5e-05,
    "micro_fr_funding_rate_max": 0.0001,
    "micro_fr_funding_rate_skew": 1.1761930467734036,
    "micro_fr_funding_rate_kurtosis": 0.3486623426080775,
    "micro_fr_funding_rate_trend": 6.549999999999983e-07,
    "micro_fr_funding_rate_change": 6.900000000000019e-07,
    "micro_fr_funding_rate_change_abs": 6.900000000000019e-07,
    "micro_fr_funding_rate_positive": 1.0,
    "micro_fr_funding_rate_negative": 0.0,
    "micro_fr_funding_rate_high": 0.0,
    "micro_fr_funding_rate_extreme": 0.0,
    "micro_fr_hours_to_next_funding": 0.0,
    "micro_fr_funding_imminent": 1.0,
    "micro_vp_volume_current": 439.85,
    "micro_vp_volume_mean": 534.87777,
    "micro_vp_volume_std": 653.043884360398,
    "micro_vp_volume_max": 6686.632,
    "micro_vp_volume_sum": 53487.777,
    "micro_vp_volume_ratio": 0.8223374099095574,
    "micro_vp_large_volume_trade": 0.0,
    "micro_vp_recent_vwap": 879.7331775323173,
    "micro_vp_price_vwap_deviation_pct": -0.0037713176181819108,
    "micro_vp_price_clustering": 1.1102230246251565e-16,
    "micro_vp_volume_trend": 36.787454545454565,
    "micro_of_order_flow_imbalance": 0.07995883484719678,
    "micro_of_trade_flow_buy_pressure": 0.5399794174235985,
    "micro_of_trade_flow_sell_pressure": 0.46002058257640166,
    "micro_of_kyles_lambda_buy": 1.292145502217656e-15,
    "micro_of_kyles_lambda_sell": 0.0,
    "micro_of_kyles_lambda_avg": 6.46072751108828e-16,
    "micro_of_amihud_illiquidity": 0.008407532337456227,
    "micro_of_spread_dynamics_current": 0.0011365896627159838,
    "micro_micro_funding_arbitrage": 0.0,
    "micro_micro_orderbook_pressure": 0.0,
    "micro_micro_liquidity_score": 1.0,
    "micro_micro_volume_spike": 0.0,
    "micro_micro_oi_divergence": 0.0,
    "micro_micro_composite_score": 0.2,
    "fee_maker_rate": 0.0002,
    "fee_taker_rate": 0.0008,
    "fee_round_trip_cost": 0.0016,
    "fee_breakeven_move_pct": 0.16,
    "fee_net_profit_threshold": 0.16
  },
  "output_prediction": {
    "signal": "SHORT",
    "confidence": 0.6452795863353115,
    "raw_model_outputs": {
      "xgboost": 0.10075849294662476,
      "lightgbm": 0.12643398757405946,
      "lstm": 0.32592546939849854,
      "random_forest": 0.17021396607550607,
      "weighted_average": 0.17736020683234427
    }
  },
  "regime_info": {
    "regime": "ranging",
    "regime_confidence": 0.5,
    "atr_ratio": 0.6411358409741194,
    "adx_value": 24.30818507233307,
    "is_exhausted": false,
    "is_weakening": false,
    "leverage_tier": "normal_volatility"
  },
  "explanation": "BNBUSDT SHORT due to RSI at 56.5, MACD at 0.1520, ADX at 24.3, ensemble model averaging of 0.18, indicating potential overbought conditions and a bearish trend.",
  "symbol": "cmt_bnbusdt",
  "position_size": 0.1,
  "risk_validation": {
    "checks_performed": [
      "Wash trading check: No current position - any direction allowed",
      "Risk check: Order passes all risk checks (leverage: 3x, risk: 7.20%)",
      "Trading status: Trading allowed within risk limits",
      "Leverage set: 3x"
    ],
    "all_checks_passed": true
  },
  "execution_details": {
    "order_type": "1",
    "side": "OPEN_SHORT",
    "price": 879.82,
    "leverage": 3,
    "client_oid": "bc9fc07d-4c7d-4f2d-8442-8820711bd14a",
    "symbol": "cmt_bnbusdt",
    "maker_fee_rate": 0.0002,
    "taker_fee_rate": 0.0008,
    "estimated_entry_fee": 0.21115680000000003,
    "estimated_exit_fee": 0.21115680000000003,
    "total_estimated_fees": 0.42231360000000007
  },
  "log_metadata": {
    "log_version": "2.4",
    "competition": "WEEX_AI_Trading_Hackathon_2025",
    "bot_name": "AlphaStrike",
    "compliance_status": "MANDATORY",
    "deepseek_enabled": true,
    "trading_style": "neutral"
  },
  "weex_response": {
    "code": "00000",
    "msg": "success",
    "request_time": 1767482950491,
    "data": "upload success",
    "upload_attempted": true,
    "upload_success": true,
    "upload_timestamp": "2026-01-03T23:29:10.407650Z",
    "error_details": null
  }
}