{
  "timestamp": "2026-01-03T11:37:11.526237Z",
  "order_id": "702295224365351853",
  "stage": "Decision Making",
  "model_version": "ollama:qwen2.5:1.5b+ensemble_v1.0",
  "input_features": {
    "tech_returns_1": 0.01438337148458313,
    "tech_returns_5": 0.04773748842812342,
    "tech_returns_15": -0.0085834517738137,
    "tech_returns_60": -0.6869994895942533,
    "tech_returns_240": -0.20659616957128257,
    "tech_returns_1440": 0.34518953565969807,
    "tech_rsi_14": 51.469643391168184,
    "tech_rsi_7": 63.01367434962927,
    "tech_macd": -14.732678390675574,
    "tech_macd_signal": -21.973329344701035,
    "tech_macd_hist": 7.240650954025462,
    "tech_stoch_k": 87.67772511847939,
    "tech_stoch_d": 62.769878883610865,
    "tech_ema_cross_9_21": -1.0,
    "tech_ema_cross_50_200": -1.0,
    "tech_ema_9": 89677.6073557399,
    "tech_ema_21": 89683.77741486531,
    "tech_ema_50": 89747.23495966909,
    "tech_price_ema_9_pct": 0.024747141359448492,
    "tech_price_ema_21_pct": 0.017865644820660224,
    "tech_adx": 24.933289385202908,
    "tech_adx_7": 41.19139597119399,
    "tech_adx_10": 31.629176478660973,
    "tech_adx_roc_5": -2.365560386711703,
    "tech_adx_slope_3": -1.050602292039839,
    "tech_adx_deceleration": 0.0070580460561444625,
    "tech_plus_di": 42.62921657885208,
    "tech_minus_di": 25.174713244248103,
    "tech_di_crossover": 0.0,
    "tech_atr_14": 14.767801533775186,
    "tech_atr_pct": 0.016463583568497572,
    "tech_atr_14_avg": 15.107672250525152,
    "tech_bb_upper": 89722.77286570359,
    "tech_bb_lower": 89640.69713429641,
    "tech_bb_width": 0.0915188933478836,
    "tech_bb_position": 0.7201016023893958,
    "tech_volatility_20": 0.0030815796356778824,
    "tech_volume_ratio": 0.18502139835351897,
    "tech_obv": 1007.1455999999998,
    "tech_momentum_10": -0.19999999999708962,
    "tech_roc_10": -0.00022296544035516064,
    "tech_high_low_range": 0.01438130296835526,
    "tech_body_ratio": 0.9999999999922481,
    "tech_swing_high_10": 89700.1,
    "tech_swing_low_10": 89644.3,
    "tech_price_vs_swing_high": -0.0003344477876868703,
    "tech_price_vs_swing_low": 0.06191135409613327,
    "tech_swing_break_up": 0.0,
    "tech_swing_break_down": 0.0,
    "tech_volume_spike": 0.0,
    "tech_volume_spike_ratio": 0.18502139835351897,
    "micro_ob_best_bid_price": 89697.4,
    "micro_ob_best_ask_price": 89697.5,
    "micro_ob_best_bid_size": 2.6531,
    "micro_ob_best_ask_size": 2.9224,
    "micro_ob_spread_absolute": 0.10000000000582077,
    "micro_ob_spread_percentage": 0.00011148588951616882,
    "micro_ob_bid_ask_size_ratio": 0.9078497125650149,
    "micro_ob_orderbook_imbalance_5": 0.019824686799766626,
    "micro_ob_orderbook_imbalance_10": -0.004828247903116674,
    "micro_ob_orderbook_imbalance_20": -0.019831601655045054,
    "micro_ob_orderbook_vwap": 89697.77669110268,
    "micro_ob_buy_impact_0.1": 0.0,
    "micro_ob_sell_impact_0.1": 0.0,
    "micro_ob_buy_impact_1.0": 0.0,
    "micro_ob_sell_impact_1.0": 0.0,
    "micro_ob_buy_impact_10.0": 0.00042425039716710957,
    "micro_ob_sell_impact_10.0": 0.0001528071047711608,
    "micro_ob_bid_depth_concentration": 0.34678710847218036,
    "micro_ob_ask_depth_concentration": 0.3203416549628823,
    "micro_ob_bid_levels": 15,
    "micro_ob_ask_levels": 15,
    "micro_ob_total_bid_volume": 33.5321,
    "micro_ob_total_ask_volume": 34.889,
    "micro_ob_total_orderbook_volume": 68.4211,
    "micro_ob_order_flow_imbalance": -0.019831601655045054,
    "micro_ob_depth_imbalance_1": -0.04830060084297378,
    "micro_ob_depth_imbalance_5": 0.019824686799766626,
    "micro_ob_depth_imbalance_10": -0.004828247903116674,
    "micro_ob_depth_imbalance_20": -0.019831601655045054,
    "micro_fr_funding_rate_current": 3.4e-05,
    "micro_fr_funding_rate_abs": 3.4e-05,
    "micro_fr_funding_rate_positive": 1.0,
    "micro_fr_funding_rate_negative": 0.0,
    "micro_fr_funding_rate_high": 0.0,
    "micro_fr_funding_rate_extreme": 0.0,
    "micro_fr_hours_to_next_funding": 0.0,
    "micro_fr_funding_imminent": 1.0,
    "micro_vp_volume_current": 188.33241,
    "micro_vp_volume_mean": 2510.6141648999997,
    "micro_vp_volume_std": 11894.448852669419,
    "micro_vp_volume_max": 86628.57671,
    "micro_vp_volume_sum": 251061.41648999997,
    "micro_vp_volume_ratio": 0.07501447758600592,
    "micro_vp_large_volume_trade": 0.0,
    "micro_vp_recent_vwap": 89690.41767865556,
    "micro_vp_price_vwap_deviation_pct": -0.009273765103153678,
    "micro_vp_price_clustering": 0.0,
    "micro_vp_volume_trend": 13.859960909090917,
    "micro_of_order_flow_imbalance": -0.019831601655045054,
    "micro_of_trade_flow_buy_pressure": 0.49008419917247753,
    "micro_of_trade_flow_sell_pressure": 0.5099158008275225,
    "micro_of_kyles_lambda_buy": 4.242503971671096e-05,
    "micro_of_kyles_lambda_sell": 1.528071047711608e-05,
    "micro_of_kyles_lambda_avg": 2.885287509691352e-05,
    "micro_of_amihud_illiquidity": 0.011169251073968043,
    "micro_of_spread_dynamics_current": 0.00011148588951616882,
    "micro_micro_funding_arbitrage": 0.0,
    "micro_micro_orderbook_pressure": 0.0,
    "micro_micro_liquidity_score": 0.5,
    "micro_micro_volume_spike": 0.0,
    "micro_micro_oi_divergence": 0.0,
    "micro_micro_composite_score": 0.1,
    "fee_maker_rate": 0.0002,
    "fee_taker_rate": 0.0008,
    "fee_round_trip_cost": 0.0016,
    "fee_breakeven_move_pct": 0.16,
    "fee_net_profit_threshold": 0.16
  },
  "output_prediction": {
    "signal": "SHORT",
    "confidence": 0.5768705176444928,
    "raw_model_outputs": {
      "xgboost": 0.1554279625415802,
      "lightgbm": 0.1571609423086436,
      "lstm": 0.387134850025177,
      "random_forest": 0.14431201793383136,
      "weighted_average": 0.21156474117775356
    }
  },
  "regime_info": {
    "regime": "ranging",
    "regime_confidence": 0.5,
    "atr_ratio": 0.9775034359288439,
    "adx_value": 24.933289385202908,
    "is_exhausted": false,
    "is_weakening": false,
    "leverage_tier": "normal_volatility"
  },
  "explanation": "The BTCUSDT short position is based on a combination of RSI at 51.5, MACD showing -14.7327, and ADX at 24.9, indicating overbought conditions. The ensemble average model predicts a slight profit with a confidence level of 57.7%.",
  "symbol": "cmt_btcusdt",
  "position_size": 0.0001,
  "risk_validation": {
    "checks_performed": [
      "Wash trading check: Same direction - allowed",
      "Risk check: Order passes all risk checks (leverage: 4x, risk: 7.19%)",
      "Trading status: Trading allowed within risk limits",
      "Leverage set: 4x"
    ],
    "all_checks_passed": true
  },
  "execution_details": {
    "order_type": "1",
    "side": "OPEN_SHORT",
    "price": 89699.8,
    "leverage": 4,
    "client_oid": "52cb469d-4f0c-4807-a2c1-8a03f72ef2b5",
    "symbol": "cmt_btcusdt",
    "maker_fee_rate": 0.0002,
    "taker_fee_rate": 0.0008,
    "estimated_entry_fee": 0.028703936000000006,
    "estimated_exit_fee": 0.028703936000000006,
    "total_estimated_fees": 0.05740787200000001
  },
  "log_metadata": {
    "log_version": "2.4",
    "competition": "WEEX_AI_Trading_Hackathon_2025",
    "bot_name": "AlphaStrike",
    "compliance_status": "MANDATORY",
    "deepseek_enabled": true,
    "trading_style": "neutral"
  },
  "weex_response": {
    "code": "00000",
    "msg": "success",
    "request_time": 1767440231599,
    "data": "upload success",
    "upload_attempted": true,
    "upload_success": true,
    "upload_timestamp": "2026-01-03T11:37:11.526331Z",
    "error_details": null
  }
}