{
  "timestamp": "2026-01-03T00:28:10.306274Z",
  "order_id": "702126865141203885",
  "stage": "Decision Making",
  "model_version": "ollama:qwen2.5:1.5b+ensemble_v1.0",
  "input_features": {
    "tech_returns_1": 0.0,
    "tech_returns_5": 0.048762647811773085,
    "tech_returns_15": 0.13421181063932863,
    "tech_returns_60": 0.2932909690822383,
    "tech_returns_240": 1.0589828838812876,
    "tech_returns_1440": 3.2789009849663056,
    "tech_rsi_14": 60.330466366221465,
    "tech_rsi_7": 59.96611251758293,
    "tech_macd": 0.05768198682667958,
    "tech_macd_signal": 0.04142310674021184,
    "tech_macd_hist": 0.01625888008646774,
    "tech_stoch_k": 61.53846153846014,
    "tech_stoch_d": 64.95726495726414,
    "tech_ema_cross_9_21": 1.0,
    "tech_ema_cross_50_200": 1.0,
    "tech_ema_9": 82.04524749221109,
    "tech_ema_21": 81.98369369866865,
    "tech_ema_50": 81.92930447193214,
    "tech_price_ema_9_pct": 0.030169337707529695,
    "tech_price_ema_21_pct": 0.10527252120228563,
    "tech_adx": 38.34873322425672,
    "tech_adx_7": 46.75194406156576,
    "tech_adx_10": 44.64332052544504,
    "tech_adx_roc_5": 9.170463928780698,
    "tech_adx_slope_3": -0.4009630445359882,
    "tech_adx_deceleration": -0.2571953528034534,
    "tech_plus_di": 48.46879644816204,
    "tech_minus_di": 22.846267522357348,
    "tech_di_crossover": 0.0,
    "tech_atr_14": 0.05475125425768159,
    "tech_atr_pct": 0.06671287225256683,
    "tech_atr_14_avg": 0.045700487290205594,
    "tech_bb_upper": 82.18817216722866,
    "tech_bb_lower": 81.76582783277135,
    "tech_bb_width": 0.5151985733282591,
    "tech_bb_position": 0.7201994733029626,
    "tech_volatility_20": 0.011007444253914514,
    "tech_volume_ratio": 0.11282801499497119,
    "tech_obv": 36595.000000000015,
    "tech_momentum_10": 0.20999999999999375,
    "tech_roc_10": 0.25653554849742743,
    "tech_high_low_range": 0.0,
    "tech_body_ratio": 0.0,
    "tech_swing_high_10": 82.22,
    "tech_swing_low_10": 81.83,
    "tech_price_vs_swing_high": -0.18243736317198453,
    "tech_price_vs_swing_low": 0.2932909690822374,
    "tech_swing_break_up": 0.0,
    "tech_swing_break_down": 0.0,
    "tech_volume_spike": 0.0,
    "tech_volume_spike_ratio": 0.11282801499497119,
    "micro_ob_best_bid_price": 82.06,
    "micro_ob_best_ask_price": 82.07,
    "micro_ob_best_bid_size": 3993.7,
    "micro_ob_best_ask_size": 3926.4,
    "micro_ob_spread_absolute": 0.009999999999990905,
    "micro_ob_spread_percentage": 0.012185462742936581,
    "micro_ob_bid_ask_size_ratio": 1.0171403830480847,
    "micro_ob_orderbook_imbalance_5": -0.10954414251929438,
    "micro_ob_orderbook_imbalance_10": 0.005672719795401604,
    "micro_ob_orderbook_imbalance_20": 0.1276172091864459,
    "micro_ob_orderbook_vwap": 82.0398179691817,
    "micro_ob_buy_impact_0.1": -1.731552907908128e-14,
    "micro_ob_sell_impact_0.1": 0.0,
    "micro_ob_buy_impact_1.0": 0.0,
    "micro_ob_sell_impact_1.0": 0.0,
    "micro_ob_buy_impact_10.0": 0.0,
    "micro_ob_sell_impact_10.0": 0.0,
    "micro_ob_bid_depth_concentration": 0.42774580552675345,
    "micro_ob_ask_depth_concentration": 0.6889259677354069,
    "micro_ob_bid_levels": 15,
    "micro_ob_ask_levels": 15,
    "micro_ob_total_bid_volume": 28740.2,
    "micro_ob_total_ask_volume": 22234.9,
    "micro_ob_total_orderbook_volume": 50975.100000000006,
    "micro_ob_order_flow_imbalance": 0.1276172091864459,
    "micro_ob_depth_imbalance_1": 0.008497367457481562,
    "micro_ob_depth_imbalance_5": -0.10954414251929438,
    "micro_ob_depth_imbalance_10": 0.005672719795401604,
    "micro_ob_depth_imbalance_20": 0.1276172091864459,
    "micro_fr_funding_rate_current": 9.287e-05,
    "micro_fr_funding_rate_abs": 9.287e-05,
    "micro_fr_funding_rate_mean": 9.68947e-05,
    "micro_fr_funding_rate_std": 8.693242025274579e-06,
    "micro_fr_funding_rate_min": 6.164e-05,
    "micro_fr_funding_rate_max": 0.0001,
    "micro_fr_funding_rate_skew": -2.945991675015958,
    "micro_fr_funding_rate_kurtosis": 7.605961942718116,
    "micro_fr_funding_rate_trend": -2.0290000000000144e-06,
    "micro_fr_funding_rate_change": -1.0999999999999996e-06,
    "micro_fr_funding_rate_change_abs": 1.0999999999999996e-06,
    "micro_fr_funding_rate_positive": 1.0,
    "micro_fr_funding_rate_negative": 0.0,
    "micro_fr_funding_rate_high": 0.0,
    "micro_fr_funding_rate_extreme": 0.0,
    "micro_fr_hours_to_next_funding": 0.0,
    "micro_fr_funding_imminent": 1.0,
    "micro_vp_volume_current": 574.77,
    "micro_vp_volume_mean": 473.30673999999993,
    "micro_vp_volume_std": 315.70096918997956,
    "micro_vp_volume_max": 2330.788,
    "micro_vp_volume_sum": 47330.67399999999,
    "micro_vp_volume_ratio": 1.214371044029502,
    "micro_vp_large_volume_trade": 0.0,
    "micro_vp_recent_vwap": 82.08580526784807,
    "micro_vp_price_vwap_deviation_pct": 0.02947492818396338,
    "micro_vp_price_clustering": 0.21422560838895838,
    "micro_vp_volume_trend": 19.907090909090932,
    "micro_of_order_flow_imbalance": 0.1276172091864459,
    "micro_of_trade_flow_buy_pressure": 0.5638086045932229,
    "micro_of_trade_flow_sell_pressure": 0.43619139540677704,
    "micro_of_kyles_lambda_buy": 0.0,
    "micro_of_kyles_lambda_sell": 0.0,
    "micro_of_kyles_lambda_avg": 0.0,
    "micro_of_amihud_illiquidity": 0.12846916992568774,
    "micro_of_spread_dynamics_current": 0.012185462742936581,
    "micro_micro_funding_arbitrage": 0.0,
    "micro_micro_orderbook_pressure": 0.0,
    "micro_micro_liquidity_score": 1.0,
    "micro_micro_volume_spike": 0.0,
    "micro_micro_oi_divergence": 0.0,
    "micro_micro_composite_score": 0.2,
    "fee_maker_rate": 0.0002,
    "fee_taker_rate": 0.0008,
    "fee_round_trip_cost": 0.0016,
    "fee_breakeven_move_pct": 0.16,
    "fee_net_profit_threshold": 0.16
  },
  "output_prediction": {
    "signal": "SHORT",
    "confidence": 0.5586129929953455,
    "raw_model_outputs": {
      "xgboost": 0.1740076243877411,
      "lightgbm": 0.12922507333898278,
      "lstm": 0.3377160429954529,
      "random_forest": 0.25877968178668964,
      "weighted_average": 0.22069350350232725
    }
  },
  "regime_info": {
    "regime": "trending",
    "regime_confidence": 0.7601847986910806,
    "atr_ratio": 1.1980453055128744,
    "adx_value": 38.34873322425672,
    "is_exhausted": false,
    "is_weakening": false,
    "leverage_tier": "elevated_volatility"
  },
  "explanation": "LTCUSDT short position is based on a combination of RSI at 60.3, MACD at 0.0577, and ADX at 38.3, indicating overbought conditions with potential for correction. The ensemble model predicts an average gain of 2.2%. This setup suggests a short trade due to the technical indicators pointing towards a sell signal.",
  "symbol": "cmt_ltcusdt",
  "position_size": 0.2,
  "risk_validation": {
    "checks_performed": [
      "Wash trading check: Same direction - allowed",
      "Risk check: Order passes all risk checks (leverage: 3x, risk: 6.30%)",
      "Trading status: Trading allowed within risk limits",
      "Leverage set: 3x"
    ],
    "all_checks_passed": true
  },
  "execution_details": {
    "order_type": "1",
    "side": "OPEN_SHORT",
    "price": 82.07,
    "leverage": 3,
    "client_oid": "3ca1a1eb-e6e3-4664-8816-641d171c3e54",
    "symbol": "cmt_ltcusdt",
    "maker_fee_rate": 0.0002,
    "taker_fee_rate": 0.0008,
    "estimated_entry_fee": 0.039393599999999994,
    "estimated_exit_fee": 0.039393599999999994,
    "total_estimated_fees": 0.07878719999999999
  },
  "log_metadata": {
    "log_version": "2.3",
    "competition": "WEEX_AI_Trading_Hackathon_2025",
    "bot_name": "AlphaStrike",
    "compliance_status": "MANDATORY",
    "deepseek_enabled": true
  },
  "weex_response": {
    "code": "00000",
    "msg": "success",
    "request_time": 1767400090386,
    "data": "upload success",
    "upload_attempted": true,
    "upload_success": true,
    "upload_timestamp": "2026-01-03T00:28:10.306364Z",
    "error_details": null
  }
}