{
  "timestamp": "2026-01-03T23:51:49.011063Z",
  "order_id": "702480098707637165",
  "stage": "Decision Making",
  "model_version": "ollama:qwen2.5:1.5b+ensemble_v1.0",
  "input_features": {
    "tech_returns_1": 0.00044152741995873157,
    "tech_returns_5": 0.012695468821588562,
    "tech_returns_15": -0.03839796623186231,
    "tech_returns_60": 0.09181113201690572,
    "tech_returns_240": 0.5705975732951396,
    "tech_returns_1440": 0.34518953565969807,
    "tech_rsi_14": 47.2047827543252,
    "tech_rsi_7": 38.98961728293813,
    "tech_macd": -0.20618941086286213,
    "tech_macd_signal": 6.604309311041316,
    "tech_macd_hist": -6.810498721904178,
    "tech_stoch_k": 26.265822784807213,
    "tech_stoch_d": 26.37130801687574,
    "tech_ema_cross_9_21": -1.0,
    "tech_ema_cross_50_200": 1.0,
    "tech_ema_9": 90602.1264636769,
    "tech_ema_21": 90607.26907264972,
    "tech_ema_50": 90591.62724962737,
    "tech_price_ema_9_pct": -0.007865669333668158,
    "tech_price_ema_21_pct": -0.013540936367794633,
    "tech_adx": 29.907710013059564,
    "tech_adx_7": 44.96059913003379,
    "tech_adx_10": 38.513538299966896,
    "tech_adx_roc_5": -4.560189207092023,
    "tech_adx_slope_3": -1.132446489159907,
    "tech_adx_deceleration": 0.4293613460201886,
    "tech_plus_di": 22.71723197962542,
    "tech_minus_di": 36.34424159384898,
    "tech_di_crossover": 0.0,
    "tech_atr_14": 13.727088123449297,
    "tech_atr_pct": 0.01515214760577217,
    "tech_atr_14_avg": 27.727267658049723,
    "tech_bb_upper": 90667.26164136159,
    "tech_bb_lower": 90573.98835863841,
    "tech_bb_width": 0.10292721190477463,
    "tech_bb_position": 0.22526966724168457,
    "tech_volatility_20": 0.0029902880392606917,
    "tech_volume_ratio": 0.12197528663555743,
    "tech_obv": 4291.2066,
    "tech_momentum_10": -47.10000000000582,
    "tech_roc_10": -0.051962608986333425,
    "tech_high_low_range": 0.0006622882057572943,
    "tech_body_ratio": 0.6666666665393868,
    "tech_swing_high_10": 90646.4,
    "tech_swing_low_10": 90570.1,
    "tech_price_vs_swing_high": -0.056703851449141036,
    "tech_price_vs_swing_low": 0.027492516846060872,
    "tech_swing_break_up": 0.0,
    "tech_swing_break_down": 0.0,
    "tech_volume_spike": 0.0,
    "tech_volume_spike_ratio": 0.12197528663555743,
    "micro_ob_best_bid_price": 90594.9,
    "micro_ob_best_ask_price": 90595.0,
    "micro_ob_best_bid_size": 2.5868,
    "micro_ob_best_ask_size": 2.6978,
    "micro_ob_spread_absolute": 0.10000000000582077,
    "micro_ob_spread_percentage": 0.00011038142855183513,
    "micro_ob_bid_ask_size_ratio": 0.9588553636296242,
    "micro_ob_orderbook_imbalance_5": 0.0931875198902266,
    "micro_ob_orderbook_imbalance_10": 0.07466811102390922,
    "micro_ob_orderbook_imbalance_20": 0.059375554293567334,
    "micro_ob_orderbook_vwap": 90594.88925973007,
    "micro_ob_buy_impact_0.1": 0.0,
    "micro_ob_sell_impact_0.1": 0.0,
    "micro_ob_buy_impact_1.0": 0.0,
    "micro_ob_sell_impact_1.0": 0.0,
    "micro_ob_buy_impact_10.0": 0.00032246812738563916,
    "micro_ob_sell_impact_10.0": 0.0002951545837597699,
    "micro_ob_bid_depth_concentration": 0.37215048105198284,
    "micro_ob_ask_depth_concentration": 0.34767630541434785,
    "micro_ob_bid_levels": 15,
    "micro_ob_ask_levels": 15,
    "micro_ob_total_bid_volume": 35.5367,
    "micro_ob_total_ask_volume": 31.5532,
    "micro_ob_total_orderbook_volume": 67.0899,
    "micro_ob_order_flow_imbalance": 0.059375554293567334,
    "micro_ob_depth_imbalance_1": -0.021004427960488924,
    "micro_ob_depth_imbalance_5": 0.0931875198902266,
    "micro_ob_depth_imbalance_10": 0.07466811102390922,
    "micro_ob_depth_imbalance_20": 0.059375554293567334,
    "micro_fr_funding_rate_current": 9.611e-05,
    "micro_fr_funding_rate_abs": 9.611e-05,
    "micro_fr_funding_rate_mean": 7.67018e-05,
    "micro_fr_funding_rate_std": 1.2345846862811801e-05,
    "micro_fr_funding_rate_min": 6.392e-05,
    "micro_fr_funding_rate_max": 0.0001,
    "micro_fr_funding_rate_skew": 0.7228266589280942,
    "micro_fr_funding_rate_kurtosis": -1.1918077586084497,
    "micro_fr_funding_rate_trend": -2.0000000000001018e-07,
    "micro_fr_funding_rate_change": -4.4000000000000256e-07,
    "micro_fr_funding_rate_change_abs": 4.4000000000000256e-07,
    "micro_fr_funding_rate_positive": 1.0,
    "micro_fr_funding_rate_negative": 0.0,
    "micro_fr_funding_rate_high": 0.0,
    "micro_fr_funding_rate_extreme": 0.0,
    "micro_fr_hours_to_next_funding": 0.0,
    "micro_fr_funding_imminent": 1.0,
    "micro_vp_volume_current": 443.91354,
    "micro_vp_volume_mean": 596.9303197999999,
    "micro_vp_volume_std": 3329.440558342899,
    "micro_vp_volume_max": 33701.34,
    "micro_vp_volume_sum": 59693.03197999999,
    "micro_vp_volume_ratio": 0.7436605668626988,
    "micro_vp_large_volume_trade": 0.0,
    "micro_vp_recent_vwap": 90594.97948104056,
    "micro_vp_price_vwap_deviation_pct": -0.00041887645731175194,
    "micro_vp_price_clustering": 0.0,
    "micro_vp_volume_trend": 7.796626181818192,
    "micro_of_order_flow_imbalance": 0.059375554293567334,
    "micro_of_trade_flow_buy_pressure": 0.5296877771467837,
    "micro_of_trade_flow_sell_pressure": 0.47031222285321633,
    "micro_of_kyles_lambda_buy": 3.224681273856392e-05,
    "micro_of_kyles_lambda_sell": 2.951545837597699e-05,
    "micro_of_kyles_lambda_avg": 3.088113555727045e-05,
    "micro_of_amihud_illiquidity": 0.006095198757357454,
    "micro_of_spread_dynamics_current": 0.00011038142855183513,
    "micro_micro_funding_arbitrage": 0.0,
    "micro_micro_orderbook_pressure": 0.0,
    "micro_micro_liquidity_score": 0.5,
    "micro_micro_volume_spike": 0.0,
    "micro_micro_oi_divergence": 0.0,
    "micro_micro_composite_score": 0.1,
    "fee_maker_rate": 0.0002,
    "fee_taker_rate": 0.0008,
    "fee_round_trip_cost": 0.0016,
    "fee_breakeven_move_pct": 0.16,
    "fee_net_profit_threshold": 0.16
  },
  "output_prediction": {
    "signal": "SHORT",
    "confidence": 0.6904721296019048,
    "raw_model_outputs": {
      "xgboost": 0.10263148695230484,
      "lightgbm": 0.10446487873026682,
      "lstm": 0.17118754982948303,
      "random_forest": 0.2753069005538675,
      "weighted_average": 0.15476393519904758
    }
  },
  "regime_info": {
    "regime": "low_volatility",
    "regime_confidence": 0.5019698400471266,
    "atr_ratio": 0.4950753998821834,
    "adx_value": 29.907710013059564,
    "is_exhausted": false,
    "is_weakening": false,
    "leverage_tier": "low_volatility"
  },
  "explanation": "The short BTCUSDT position is based on a combination of RSI at 47.2, MACD showing slight negative divergence (-0.2062), ADX at 29.9 indicating weak market strength, and an ensemble average model prediction of +0.15. These indicators suggest overbought conditions in BTC, potentially signaling a sell-off opportunity.",
  "symbol": "cmt_btcusdt",
  "position_size": 0.0001,
  "risk_validation": {
    "checks_performed": [
      "Wash trading check: No current position - any direction allowed",
      "Risk check: Order passes all risk checks (leverage: 13x, risk: 15.29%)",
      "Trading status: Trading allowed within risk limits",
      "Leverage set: 13x"
    ],
    "all_checks_passed": true
  },
  "execution_details": {
    "order_type": "1",
    "side": "OPEN_SHORT",
    "price": 90595.0,
    "leverage": 13,
    "client_oid": "23d45380-5c20-48f8-bff5-2d176a78fb99",
    "symbol": "cmt_btcusdt",
    "maker_fee_rate": 0.0002,
    "taker_fee_rate": 0.0008,
    "estimated_entry_fee": 0.0942188,
    "estimated_exit_fee": 0.0942188,
    "total_estimated_fees": 0.1884376
  },
  "log_metadata": {
    "log_version": "2.4",
    "competition": "WEEX_AI_Trading_Hackathon_2025",
    "bot_name": "AlphaStrike",
    "compliance_status": "MANDATORY",
    "deepseek_enabled": true,
    "trading_style": "neutral"
  },
  "weex_response": {
    "code": "00000",
    "msg": "success",
    "request_time": 1767484309084,
    "data": "upload success",