{
  "timestamp": "2026-01-03T13:29:00.895533Z",
  "order_id": "702323366245172141",
  "stage": "Decision Making",
  "model_version": "ollama:qwen2.5:1.5b+ensemble_v1.0",
  "input_features": {
    "tech_returns_1": -0.03679627131117913,
    "tech_returns_5": -0.07356547327120877,
    "tech_returns_15": -0.06131207847945852,
    "tech_returns_60": 0.07367387033399009,
    "tech_returns_240": 0.3570988794483476,
    "tech_returns_1440": 2.28557076478715,
    "tech_rsi_14": 46.15838574793747,
    "tech_rsi_7": 40.88320421953814,
    "tech_macd": 0.0011771267643752026,
    "tech_macd_signal": 0.006851243990018032,
    "tech_macd_hist": -0.005674117225642829,
    "tech_stoch_k": 8.333333333337281,
    "tech_stoch_d": 19.444444444449697,
    "tech_ema_cross_9_21": -1.0,
    "tech_ema_cross_50_200": 1.0,
    "tech_ema_9": 81.52502885626433,
    "tech_ema_21": 81.52878725019576,
    "tech_ema_50": 81.49942127413497,
    "tech_price_ema_9_pct": -0.03070082478407429,
    "tech_price_ema_21_pct": -0.03530930750560515,
    "tech_adx": 16.520915588470288,
    "tech_adx_7": 23.171939321420616,
    "tech_adx_10": 18.74908721739766,
    "tech_adx_roc_5": -3.049154455018286,
    "tech_adx_slope_3": -2.144643196206781,
    "tech_adx_deceleration": -0.24166398040171444,
    "tech_plus_di": 24.897268726967464,
    "tech_minus_di": 28.231759168770786,
    "tech_di_crossover": -1.0,
    "tech_atr_14": 0.037419859107090926,
    "tech_atr_pct": 0.04591393755471279,
    "tech_atr_14_avg": 0.039941088023797096,
    "tech_bb_upper": 81.5890954322376,
    "tech_bb_lower": 81.4809045677624,
    "tech_bb_width": 0.13269254243601494,
    "tech_bb_position": 0.17649763989067757,
    "tech_volatility_20": 0.005474165805190788,
    "tech_volume_ratio": 0.8244063019520197,
    "tech_obv": 3579.1,
    "tech_momentum_10": 0.010000000000005116,
    "tech_roc_10": 0.012271444349010174,
    "tech_high_low_range": 0.03680981595092164,
    "tech_body_ratio": 0.9999999966666666,
    "tech_swing_high_10": 81.59,
    "tech_swing_low_10": 81.49,
    "tech_price_vs_swing_high": -0.11030763573967815,
    "tech_price_vs_swing_low": 0.012271444349006157,
    "tech_swing_break_up": 0.0,
    "tech_swing_break_down": 0.0,
    "tech_volume_spike": 0.0,
    "tech_volume_spike_ratio": 0.8244063019520197,
    "micro_ob_best_bid_price": 81.49,
    "micro_ob_best_ask_price": 81.5,
    "micro_ob_best_bid_size": 3418.2,
    "micro_ob_best_ask_size": 3677.3,
    "micro_ob_spread_absolute": 0.010000000000005116,
    "micro_ob_spread_percentage": 0.012270691453469679,
    "micro_ob_bid_ask_size_ratio": 0.9295406956190683,
    "micro_ob_orderbook_imbalance_5": -0.34173516543509863,
    "micro_ob_orderbook_imbalance_10": -0.23097009244996272,
    "micro_ob_orderbook_imbalance_20": -0.14136177786628665,
    "micro_ob_orderbook_vwap": 81.48579418465738,
    "micro_ob_buy_impact_0.1": 0.0,
    "micro_ob_sell_impact_0.1": 1.743877127893239e-14,
    "micro_ob_buy_impact_1.0": 0.0,
    "micro_ob_sell_impact_1.0": 0.0,
    "micro_ob_buy_impact_10.0": 0.0,
    "micro_ob_sell_impact_10.0": 0.0,
    "micro_ob_bid_depth_concentration": 0.4136491462035775,
    "micro_ob_ask_depth_concentration": 0.6342860674002102,
    "micro_ob_bid_levels": 15,
    "micro_ob_ask_levels": 15,
    "micro_ob_total_bid_volume": 20695.8,
    "micro_ob_total_ask_volume": 27510.3,
    "micro_ob_total_orderbook_volume": 48206.1,
    "micro_ob_order_flow_imbalance": -0.14136177786628665,
    "micro_ob_depth_imbalance_1": -0.03651610175463327,
    "micro_ob_depth_imbalance_5": -0.34173516543509863,
    "micro_ob_depth_imbalance_10": -0.23097009244996272,
    "micro_ob_depth_imbalance_20": -0.14136177786628665,
    "micro_fr_funding_rate_current": 0.0001,
    "micro_fr_funding_rate_abs": 0.0001,
    "micro_fr_funding_rate_mean": 9.3998064516129e-05,
    "micro_fr_funding_rate_std": 6.648057402102072e-06,
    "micro_fr_funding_rate_min": 8.339e-05,
    "micro_fr_funding_rate_max": 0.0001,
    "micro_fr_funding_rate_skew": -0.41556504790591475,
    "micro_fr_funding_rate_kurtosis": -1.6362496498499746,
    "micro_fr_funding_rate_trend": -9.234190815370753e-21,
    "micro_fr_funding_rate_change": 0.0,
    "micro_fr_funding_rate_change_abs": 0.0,
    "micro_fr_funding_rate_positive": 1.0,
    "micro_fr_funding_rate_negative": 0.0,
    "micro_fr_funding_rate_high": 0.0,
    "micro_fr_funding_rate_extreme": 0.0,
    "micro_fr_hours_to_next_funding": 0.0,
    "micro_fr_funding_imminent": 1.0,
    "micro_vp_volume_current": 595.315,
    "micro_vp_volume_mean": 422.24552000000006,
    "micro_vp_volume_std": 186.8042987408202,
    "micro_vp_volume_max": 717.288,
    "micro_vp_volume_sum": 42224.552,
    "micro_vp_volume_ratio": 1.4098787833201878,
    "micro_vp_large_volume_trade": 0.0,
    "micro_vp_recent_vwap": 81.51458178455039,
    "micro_vp_price_vwap_deviation_pct": 0.043450159068745886,
    "micro_vp_price_clustering": 0.27722351050678035,
    "micro_vp_volume_trend": -2.61259393939393,
    "micro_of_order_flow_imbalance": -0.14136177786628665,
    "micro_of_trade_flow_buy_pressure": 0.42931911106685666,
    "micro_of_trade_flow_sell_pressure": 0.5706808889331433,
    "micro_of_kyles_lambda_buy": 0.0,
    "micro_of_kyles_lambda_sell": 0.0,
    "micro_of_kyles_lambda_avg": 0.0,
    "micro_of_amihud_illiquidity": 0.04993824285899162,
    "micro_of_spread_dynamics_current": 0.012270691453469679,
    "micro_micro_funding_arbitrage": 0.0,
    "micro_micro_orderbook_pressure": -1.0,
    "micro_micro_liquidity_score": 1.0,
    "micro_micro_volume_spike": 0.0,
    "micro_micro_oi_divergence": 0.0,
    "micro_micro_composite_score": 0.5,
    "fee_maker_rate": 0.0002,
    "fee_taker_rate": 0.0008,
    "fee_round_trip_cost": 0.0016,
    "fee_breakeven_move_pct": 0.16,
    "fee_net_profit_threshold": 0.16
  },
  "output_prediction": {
    "signal": "SHORT",
    "confidence": 0.5614678168755419,
    "raw_model_outputs": {
      "xgboost": 0.13438676297664642,
      "lightgbm": 0.11019910092866114,
      "lstm": 0.29400399327278137,
      "random_forest": 0.3894964381437917,
      "weighted_average": 0.21926609156222904
    }
  },
  "regime_info": {
    "regime": "ranging",
    "regime_confidence": 0.6739542205764856,
    "atr_ratio": 0.936876308547128,
    "adx_value": 16.520915588470288,
    "is_exhausted": false,
    "is_weakening": false,
    "leverage_tier": "normal_volatility"
  },
  "explanation": "The short position in LTCUSDT is based on a combination of RSI at 46.2, MACD at 0.0012, and ADX at 16.5, indicating overbought conditions with potential for correction. The ensemble model predicts a slight positive trend (0.22), suggesting an opportunity to profit from the expected price decline.",
  "symbol": "cmt_ltcusdt",
  "position_size": 0.2,
  "risk_validation": {
    "checks_performed": [
      "Wash trading check: No current position - any direction allowed",
      "Risk check: Order passes all risk checks (leverage: 3x, risk: 7.20%)",
      "Trading status: Trading allowed within risk limits",
      "Leverage set: 3x"
    ],
    "all_checks_passed": true
  },
  "execution_details": {
    "order_type": "1",
    "side": "OPEN_SHORT",
    "price": 81.5,
    "leverage": 3,
    "client_oid": "51ad0b69-3392-4c7c-b9a7-58bf4283ace3",
    "symbol": "cmt_ltcusdt",
    "maker_fee_rate": 0.0002,
    "taker_fee_rate": 0.0008,
    "estimated_entry_fee": 0.03912000000000001,
    "estimated_exit_fee": 0.03912000000000001,
    "total_estimated_fees": 0.07824000000000002
  },
  "log_metadata": {
    "log_version": "2.4",
    "competition": "WEEX_AI_Trading_Hackathon_2025",
    "bot_name": "AlphaStrike",
    "compliance_status": "MANDATORY",
    "deepseek_enabled": true,
    "trading_style": "neutral"
  },
  "weex_response": {
    "code": "00000",
    "msg": "success",
    "request_time": 1767446940969,
    "data": "upload success",
    "upload_attempted": true,
    "upload_success": true,
    "upload_timestamp": "2026-01-03T13:29:00.895612Z",
    "error_details": null
  }
}