{
  "timestamp": "2026-01-03T14:36:31.289921Z",
  "order_id": "702340355151889325",
  "stage": "Decision Making",
  "model_version": "ollama:qwen2.5:1.5b+exit_manager_v1",
  "input_features": {
    "tech_returns_1": 0.04230457003693289,
    "tech_returns_5": 0.05145621076465545,
    "tech_returns_15": -0.0673846751259255,
    "tech_returns_60": -0.2951331517713762,
    "tech_returns_240": -1.3729203300419268,
    "tech_returns_1440": 0.5241740809710952,
    "tech_rsi_14": 43.072635456174375,
    "tech_rsi_7": 49.845743532735504,
    "tech_macd": -0.39681245986025715,
    "tech_macd_signal": -0.43091977271322784,
    "tech_macd_hist": 0.034107312852970695,
    "tech_stoch_k": 64.94845360824894,
    "tech_stoch_d": 54.982817869416316,
    "tech_ema_cross_9_21": -1.0,
    "tech_ema_cross_50_200": -1.0,
    "tech_ema_9": 874.888884283673,
    "tech_ema_21": 875.2154354117037,
    "tech_ema_50": 875.8075756992134,
    "tech_price_ema_9_pct": 0.010414547260098007,
    "tech_price_ema_21_pct": -0.02690028102542367,
    "tech_adx": 46.13571462900766,
    "tech_adx_7": 30.810724622851414,
    "tech_adx_10": 40.16321119366019,
    "tech_adx_roc_5": -21.17211476646232,
    "tech_adx_slope_3": -2.6511314026085806,
    "tech_adx_deceleration": 0.23303910865798727,
    "tech_plus_di": 22.80684395698999,
    "tech_minus_di": 35.952139183322146,
    "tech_di_crossover": 0.0,
    "tech_atr_14": 0.3964206866266926,
    "tech_atr_pct": 0.045306256900351165,
    "tech_atr_14_avg": 0.27211018785953917,
    "tech_bb_upper": 876.0844987684551,
    "tech_bb_lower": 874.2575012315448,
    "tech_bb_width": 0.20875892104632263,
    "tech_bb_position": 0.395456892447199,
    "tech_volatility_20": 0.005186687666095879,
    "tech_volume_ratio": 0.3214900810103974,
    "tech_obv": 5208.899999999997,
    "tech_momentum_10": -0.01999999999998181,
    "tech_roc_10": -0.0022857142857102275,
    "tech_high_low_range": 0.04228668083841968,
    "tech_body_ratio": 0.9999999997297297,
    "tech_swing_high_10": 875.3,
    "tech_swing_low_10": 873.72,
    "tech_price_vs_swing_high": -0.0365588940934464,
    "tech_price_vs_swing_low": 0.14421096003296147,
    "tech_swing_break_up": 0.0,
    "tech_swing_break_down": 0.0,
    "tech_volume_spike": 0.0,
    "tech_volume_spike_ratio": 0.3214900810103974,
    "micro_ob_best_bid_price": 874.91,
    "micro_ob_best_ask_price": 874.92,
    "micro_ob_best_bid_size": 179.8,
    "micro_ob_best_ask_size": 175.7,
    "micro_ob_spread_absolute": 0.009999999999990905,
    "micro_ob_spread_percentage": 0.0011429681740501541,
    "micro_ob_bid_ask_size_ratio": 1.0233352305065453,
    "micro_ob_orderbook_imbalance_5": 0.30985576923076924,
    "micro_ob_orderbook_imbalance_10": 0.2409460458240946,
    "micro_ob_orderbook_imbalance_20": 0.3931334899982805,
    "micro_ob_orderbook_vwap": 874.9103538433113,
    "micro_ob_buy_impact_0.1": 0.0,
    "micro_ob_sell_impact_0.1": 0.0,
    "micro_ob_buy_impact_1.0": 0.0,
    "micro_ob_sell_impact_1.0": 0.0,
    "micro_ob_buy_impact_10.0": -1.2993969473965167e-14,
    "micro_ob_sell_impact_10.0": -1.2994117991749556e-14,
    "micro_ob_bid_depth_concentration": 0.4483666584382457,
    "micro_ob_ask_depth_concentration": 0.5423120513789195,
    "micro_ob_bid_levels": 15,
    "micro_ob_ask_levels": 15,
    "micro_ob_total_bid_volume": 1215.3,
    "micro_ob_total_ask_volume": 529.4,
    "micro_ob_total_orderbook_volume": 1744.6999999999998,
    "micro_ob_order_flow_imbalance": 0.3931334899982805,
    "micro_ob_depth_imbalance_1": 0.011533052039381217,
    "micro_ob_depth_imbalance_5": 0.30985576923076924,
    "micro_ob_depth_imbalance_10": 0.2409460458240946,
    "micro_ob_depth_imbalance_20": 0.3931334899982805,
    "micro_fr_funding_rate_current": 4.27e-06,
    "micro_fr_funding_rate_abs": 4.27e-06,
    "micro_fr_funding_rate_mean": 4.1639772727272725e-05,
    "micro_fr_funding_rate_std": 1.2200372291010474e-05,
    "micro_fr_funding_rate_min": 4.27e-06,
    "micro_fr_funding_rate_max": 5.275e-05,
    "micro_fr_funding_rate_skew": -1.5184896027388355,
    "micro_fr_funding_rate_kurtosis": 1.4945602171328982,
    "micro_fr_funding_rate_trend": -4.688000000000004e-06,
    "micro_fr_funding_rate_change": -4.7300000000000005e-06,
    "micro_fr_funding_rate_change_abs": 4.7300000000000005e-06,
    "micro_fr_funding_rate_positive": 1.0,
    "micro_fr_funding_rate_negative": 0.0,
    "micro_fr_funding_rate_high": 0.0,
    "micro_fr_funding_rate_extreme": 0.0,
    "micro_fr_hours_to_next_funding": 0.0,
    "micro_fr_funding_imminent": 1.0,
    "micro_vp_volume_current": 349.792,
    "micro_vp_volume_mean": 2296.7972900000004,
    "micro_vp_volume_std": 13494.007438300085,
    "micro_vp_volume_max": 134340.096,
    "micro_vp_volume_sum": 229679.72900000002,
    "micro_vp_volume_ratio": 0.15229554716167396,
    "micro_vp_large_volume_trade": 0.0,
    "micro_vp_recent_vwap": 874.6372120744271,
    "micro_vp_price_vwap_deviation_pct": -0.017974546732836168,
    "micro_vp_price_clustering": 0.2703495424030772,
    "micro_vp_volume_trend": -113.96177575757568,
    "micro_of_order_flow_imbalance": 0.3931334899982805,
    "micro_of_trade_flow_buy_pressure": 0.6965667449991403,
    "micro_of_trade_flow_sell_pressure": 0.30343325500085977,
    "micro_of_kyles_lambda_buy": -1.2993969473965168e-15,
    "micro_of_kyles_lambda_sell": -1.2994117991749556e-15,
    "micro_of_kyles_lambda_avg": -1.2994043732857362e-15,
    "micro_of_amihud_illiquidity": 0.04058179101416828,
    "micro_of_spread_dynamics_current": 0.0011429681740501541,
    "micro_micro_funding_arbitrage": 0.0,
    "micro_micro_orderbook_pressure": 1.0,
    "micro_micro_liquidity_score": 1.0,
    "micro_micro_volume_spike": 0.0,
    "micro_micro_oi_divergence": 0.0,
    "micro_micro_composite_score": 0.5,
    "fee_maker_rate": 0.0002,
    "fee_taker_rate": 0.0008,
    "fee_round_trip_cost": 0.0016,
    "fee_breakeven_move_pct": 0.16,
    "fee_net_profit_threshold": 0.16,
    "exit_trigger": true,
    "exit_reason": "Trailing stop hit: 875.00 >= 874.63",
    "position_side": "SHORT",
    "entry_price": 877.56,
    "exit_price": 875.0,
    "position_size": 0.1,
    "hold_duration_hours": 3.740613284722222
  },
  "output_prediction": {
    "signal": "EXIT_SHORT",
    "confidence": 1.0,
    "raw_model_outputs": {
      "action": "exit"
    }
  },
  "regime_info": {
    "regime": "unknown",
    "regime_confidence": 0.0,
    "atr_ratio": 1.0,
    "adx_value": 0.0,
    "is_exhausted": false,
    "is_weakening": false,
    "leverage_tier": "unknown"
  },
  "explanation": "BNBUSDT EXIT_SHORT: RSI at 43.1, MACD below zero, ADX at 46.1, indicating oversold conditions and potential for a short entry. The combination suggests a strong bearish trend that could be exploited further with a short position.",
  "symbol": "cmt_bnbusdt",
  "position_size": 0.1,
  "risk_validation": {
    "checks_performed": [
      "Risk check: Close order - bypassing risk checks for position exit",
      "Trading status: Trading allowed within risk limits",
      "Leverage set: 4x"
    ],
    "all_checks_passed": true
  },
  "execution_details": {
    "order_type": "1",
    "side": "CLOSE_SHORT",
    "price": 875.0,
    "leverage": 4,
    "client_oid": "ba90800a-c651-41e5-b26f-94921d24a0db",
    "symbol": "cmt_bnbusdt",
    "maker_fee_rate": 0.0002,
    "taker_fee_rate": 0.0008,
    "estimated_entry_fee": 0.28,
    "estimated_exit_fee": 0.28,
    "total_estimated_fees": 0.56
  },
  "log_metadata": {
    "log_version": "2.4",
    "competition": "WEEX_AI_Trading_Hackathon_2025",
    "bot_name": "AlphaStrike",
    "compliance_status": "MANDATORY",
    "deepseek_enabled": true,
    "trading_style": "neutral"
  },
  "weex_response": {
    "code": "00000",
    "msg": "success",
    "request_time": 1767450991365,
    "data": "upload success",
    "upload_attempted": true,
    "upload_success": true,
    "upload_timestamp": "2026-01-03T14:36:31.290013Z",
    "error_details": null
  }
}