{
  "timestamp": "2026-01-03T00:01:23.470804Z",
  "order_id": "702120125385409453",
  "stage": "Decision Making",
  "model_version": "ollama:qwen2.5:1.5b+exit_manager_v1",
  "input_features": {
    "tech_returns_1": 0.030250321409686087,
    "tech_returns_5": 0.19695477615333523,
    "tech_returns_15": 0.12111119521609481,
    "tech_returns_60": -0.17358490566037332,
    "tech_returns_240": 0.5091185410334376,
    "tech_returns_1440": 1.4613111874151548,
    "tech_rsi_14": 58.67675073241699,
    "tech_rsi_7": 75.00814772346725,
    "tech_macd": -0.03250916433296425,
    "tech_macd_signal": -0.06731744253177685,
    "tech_macd_hist": 0.0348082781988126,
    "tech_stoch_k": 95.45454545454956,
    "tech_stoch_d": 87.87878787878905,
    "tech_ema_cross_9_21": -1.0,
    "tech_ema_cross_50_200": 1.0,
    "tech_ema_9": 132.13717965523904,
    "tech_ema_21": 132.14263259875256,
    "tech_ema_50": 132.2475481566172,
    "tech_price_ema_9_pct": 0.10051701202304741,
    "tech_price_ema_21_pct": 0.09638630526924793,
    "tech_adx": 33.821460063492054,
    "tech_adx_7": 51.479117359230315,
    "tech_adx_10": 41.0525704779178,
    "tech_adx_roc_5": -9.619103308304574,
    "tech_adx_slope_3": 0.9581264794683495,
    "tech_adx_deceleration": 1.7644050735414343,
    "tech_plus_di": 43.903031497021274,
    "tech_minus_di": 18.99329501918723,
    "tech_di_crossover": 0.0,
    "tech_atr_14": 0.0882257591025343,
    "tech_atr_pct": 0.06670126189047727,
    "tech_atr_14_avg": 0.08333779895184666,
    "tech_bb_upper": 132.27087846192038,
    "tech_bb_lower": 131.9371215380796,
    "tech_bb_width": 0.2526470991346068,
    "tech_bb_position": 0.9973679589617014,
    "tech_volatility_20": 0.006459396921653138,
    "tech_volume_ratio": 0.6503936639408511,
    "tech_obv": 169500.69999999975,
    "tech_momentum_10": 0.18000000000000682,
    "tech_roc_10": 0.13627072450601574,
    "tech_high_low_range": 0.06804264005443668,
    "tech_body_ratio": 0.4444444439508278,
    "tech_swing_high_10": 132.29,
    "tech_swing_low_10": 131.85,
    "tech_price_vs_swing_high": -0.015118300702987234,
    "tech_price_vs_swing_low": 0.31854379977248076,
    "tech_swing_break_up": 0.0,
    "tech_swing_break_down": 0.0,
    "tech_volume_spike": 0.0,
    "tech_volume_spike_ratio": 0.6503936639408511,
    "micro_ob_best_bid_price": 132.27,
    "micro_ob_best_ask_price": 132.28,
    "micro_ob_best_bid_size": 2717.3,
    "micro_ob_best_ask_size": 2778.3,
    "micro_ob_spread_absolute": 0.009999999999990905,
    "micro_ob_spread_percentage": 0.007560007560000684,
    "micro_ob_bid_ask_size_ratio": 0.9780441277039916,
    "micro_ob_orderbook_imbalance_5": 0.3918943982773673,
    "micro_ob_orderbook_imbalance_10": 0.6145917658382362,
    "micro_ob_orderbook_imbalance_20": 0.6237852861179329,
    "micro_ob_orderbook_vwap": 132.22830259917686,
    "micro_ob_buy_impact_0.1": 0.0,
    "micro_ob_sell_impact_0.1": 0.0,
    "micro_ob_buy_impact_1.0": 0.0,
    "micro_ob_sell_impact_1.0": 0.0,
    "micro_ob_buy_impact_10.0": 0.0,
    "micro_ob_sell_impact_10.0": 0.0,
    "micro_ob_bid_depth_concentration": 0.3127361875392587,
    "micro_ob_ask_depth_concentration": 0.5897170432112305,
    "micro_ob_bid_levels": 15,
    "micro_ob_ask_levels": 15,
    "micro_ob_total_bid_volume": 49192.9,
    "micro_ob_total_ask_volume": 11397.5,
    "micro_ob_total_orderbook_volume": 60590.4,
    "micro_ob_order_flow_imbalance": 0.6237852861179329,
    "micro_ob_depth_imbalance_1": -0.011099788922046728,
    "micro_ob_depth_imbalance_5": 0.3918943982773673,
    "micro_ob_depth_imbalance_10": 0.6145917658382362,
    "micro_ob_depth_imbalance_20": 0.6237852861179329,
    "micro_fr_funding_rate_current": 0.0001,
    "micro_fr_funding_rate_abs": 0.0001,
    "micro_fr_funding_rate_mean": 0.0001,
    "micro_fr_funding_rate_std": 0.0,
    "micro_fr_funding_rate_min": 0.0001,
    "micro_fr_funding_rate_max": 0.0001,
    "micro_fr_funding_rate_skew": 0.0,
    "micro_fr_funding_rate_kurtosis": 0.0,
    "micro_fr_funding_rate_trend": -9.234190815370753e-21,
    "micro_fr_funding_rate_change": 0.0,
    "micro_fr_funding_rate_change_abs": 0.0,
    "micro_fr_funding_rate_positive": 1.0,
    "micro_fr_funding_rate_negative": 0.0,
    "micro_fr_funding_rate_high": 0.0,
    "micro_fr_funding_rate_extreme": 0.0,
    "micro_fr_hours_to_next_funding": 0.0,
    "micro_fr_funding_imminent": 1.0,
    "micro_vp_volume_current": 436.359,
    "micro_vp_volume_mean": 781.1040399999999,
    "micro_vp_volume_std": 773.4055581406682,
    "micro_vp_volume_max": 6612.0,
    "micro_vp_volume_sum": 78110.404,
    "micro_vp_volume_ratio": 0.5586438907677395,
    "micro_vp_large_volume_trade": 0.0,
    "micro_vp_recent_vwap": 132.25601847328815,
    "micro_vp_price_vwap_deviation_pct": -0.0196728085334099,
    "micro_vp_price_clustering": 0.8329980553744467,
    "micro_vp_volume_trend": 34.77118787878792,
    "micro_of_order_flow_imbalance": 0.6237852861179329,
    "micro_of_trade_flow_buy_pressure": 0.8118926430589665,
    "micro_of_trade_flow_sell_pressure": 0.18810735694103356,
    "micro_of_kyles_lambda_buy": 0.0,
    "micro_of_kyles_lambda_sell": 0.0,
    "micro_of_kyles_lambda_avg": 0.0,
    "micro_of_amihud_illiquidity": 0.020134584937990824,
    "micro_of_spread_dynamics_current": 0.007560007560000684,
    "micro_micro_funding_arbitrage": 0.0,
    "micro_micro_orderbook_pressure": 1.0,
    "micro_micro_liquidity_score": 1.0,
    "micro_micro_volume_spike": 0.0,
    "micro_micro_oi_divergence": 0.0,
    "micro_micro_composite_score": 0.5,
    "fee_maker_rate": 0.0002,
    "fee_taker_rate": 0.0008,
    "fee_round_trip_cost": 0.0016,
    "fee_breakeven_move_pct": 0.16,
    "fee_net_profit_threshold": 0.16,
    "exit_trigger": true,
    "exit_reason": "Trailing stop hit: 132.32 >= 132.21",
    "position_side": "SHORT",
    "entry_price": 132.21,
    "exit_price": 132.32,
    "position_size": 0.1,
    "hold_duration_hours": 0.8846087622222222
  },
  "output_prediction": {
    "signal": "EXIT_SHORT",
    "confidence": 1.0,
    "raw_model_outputs": {
      "action": "exit"
    }
  },
  "regime_info": {
    "regime": "unknown",
    "regime_confidence": 0.0,
    "atr_ratio": 1.0,
    "adx_value": 0.0,
    "is_exhausted": false,
    "is_weakening": false,
    "leverage_tier": "unknown"
  },
  "explanation": "The RSI at 58.7 is slightly overbought, indicating potential oversold conditions ahead. The MACD shows a negative divergence from the price action, suggesting a possible reversal. The ADX of 33.8 indicates moderate market strength but does not fully support a short position. Given these factors and high confidence (100%), it's prudent to exit the short position in SOLUSDT at $100 per token.",
  "symbol": "cmt_solusdt",
  "position_size": 0.1,
  "risk_validation": {
    "checks_performed": [
      "Risk check: Close order - bypassing risk checks for position exit",
      "Trading status: Trading allowed within risk limits",
      "Leverage set: 3x"
    ],
    "all_checks_passed": true
  },
  "execution_details": {
    "order_type": "1",
    "side": "CLOSE_SHORT",
    "price": 132.32,
    "leverage": 3,
    "client_oid": "c0163f4a-6836-4241-b8cd-8a1afaa609d7",
    "symbol": "cmt_solusdt",
    "maker_fee_rate": 0.0002,
    "taker_fee_rate": 0.0008,
    "estimated_entry_fee": 0.0317568,
    "estimated_exit_fee": 0.0317568,
    "total_estimated_fees": 0.0635136
  },
  "log_metadata": {
    "log_version": "2.3",
    "competition": "WEEX_AI_Trading_Hackathon_2025",
    "bot_name": "AlphaStrike",
    "compliance_status": "MANDATORY",
    "deepseek_enabled": true
  },
  "weex_response": {
    "code": "00000",
    "msg": "success",
    "request_time": 1767398483544,
    "data": "upload success",
    "upload_attempted": true,
    "upload_success": true,
    "upload_timestamp": "2026-01-03T00:01:23.470881Z",
    "error_details": null
  }
}