{
  "timestamp": "2026-01-03T15:22:10.426800Z",
  "order_id": "702351848354349997",
  "stage": "Decision Making",
  "model_version": "ollama:qwen2.5:1.5b+exit_manager_v1",
  "input_features": {
    "tech_returns_1": 0.022007604850116103,
    "tech_returns_5": 0.03056873407647487,
    "tech_returns_15": -0.028773110139923563,
    "tech_returns_60": -0.06707451823506627,
    "tech_returns_240": 0.32185061315495034,
    "tech_returns_1440": 0.34518953565969807,
    "tech_rsi_14": 47.07746062060955,
    "tech_rsi_7": 58.932781005605854,
    "tech_macd": -24.655329853339936,
    "tech_macd_signal": -27.75442942136266,
    "tech_macd_hist": 3.099099568022723,
    "tech_stoch_k": 84.26323319027051,
    "tech_stoch_d": 47.489733274145436,
    "tech_ema_cross_9_21": -1.0,
    "tech_ema_cross_50_200": 1.0,
    "tech_ema_9": 89969.01235222674,
    "tech_ema_21": 89988.97184431371,
    "tech_ema_50": 90020.39162707108,
    "tech_price_ema_9_pct": 0.021882698563125035,
    "tech_price_ema_21_pct": -0.0003020862536168293,
    "tech_adx": 35.598695763058885,
    "tech_adx_7": 38.81324345190778,
    "tech_adx_10": 33.38845140376274,
    "tech_adx_roc_5": -5.057773141553632,
    "tech_adx_slope_3": -4.150669200419422,
    "tech_adx_deceleration": -3.3368152731176863,
    "tech_plus_di": 39.69785577536411,
    "tech_minus_di": 33.63676999658707,
    "tech_di_crossover": 1.0,
    "tech_atr_14": 17.752663198461025,
    "tech_atr_pct": 0.01972765824871459,
    "tech_atr_14_avg": 22.36560685845362,
    "tech_bb_upper": 90044.73004874881,
    "tech_bb_lower": 89924.31995125118,
    "tech_bb_width": 0.1338120054505281,
    "tech_bb_position": 0.5346731718250209,
    "tech_volatility_20": 0.003023628607025923,
    "tech_volume_ratio": 0.6115346385080548,
    "tech_obv": 4448.282300000002,
    "tech_momentum_10": 19.39999999999418,
    "tech_roc_10": 0.02156291090404938,
    "tech_high_low_range": 0.022447262823011824,
    "tech_body_ratio": 0.980198019796707,
    "tech_swing_high_10": 89989.1,
    "tech_swing_low_10": 89929.8,
    "tech_price_vs_swing_high": -0.0004444982781344975,
    "tech_price_vs_swing_low": 0.06549553095858568,
    "tech_swing_break_up": 0.0,
    "tech_swing_break_down": 0.0,
    "tech_volume_spike": 0.0,
    "tech_volume_spike_ratio": 0.6115346385080548,
    "micro_ob_best_bid_price": 89982.4,
    "micro_ob_best_ask_price": 89982.5,
    "micro_ob_best_bid_size": 2.8751,
    "micro_ob_best_ask_size": 2.6473,
    "micro_ob_spread_absolute": 0.10000000000582077,
    "micro_ob_spread_percentage": 0.00011113278201007061,
    "micro_ob_bid_ask_size_ratio": 1.0860499376723456,
    "micro_ob_orderbook_imbalance_5": 0.056818782181799025,
    "micro_ob_orderbook_imbalance_10": 0.04281661242845987,
    "micro_ob_orderbook_imbalance_20": 0.04212924395178426,
    "micro_ob_orderbook_vwap": 89982.34938692026,
    "micro_ob_buy_impact_0.1": 0.0,
    "micro_ob_sell_impact_0.1": 0.0,
    "micro_ob_buy_impact_1.0": 0.0,
    "micro_ob_sell_impact_1.0": 0.0,
    "micro_ob_buy_impact_10.0": 0.0002892895840995704,
    "micro_ob_sell_impact_10.0": 0.0002280134781770822,
    "micro_ob_bid_depth_concentration": 0.3535300803193196,
    "micro_ob_ask_depth_concentration": 0.34326985084870104,
    "micro_ob_bid_levels": 15,
    "micro_ob_ask_levels": 15,
    "micro_ob_total_bid_volume": 36.7782,
    "micro_ob_total_ask_volume": 33.8046,
    "micro_ob_total_orderbook_volume": 70.58279999999999,
    "micro_ob_order_flow_imbalance": 0.04212924395178426,
    "micro_ob_depth_imbalance_1": 0.0412501810806896,
    "micro_ob_depth_imbalance_5": 0.056818782181799025,
    "micro_ob_depth_imbalance_10": 0.04281661242845987,
    "micro_ob_depth_imbalance_20": 0.04212924395178426,
    "micro_fr_funding_rate_current": 6.958e-05,
    "micro_fr_funding_rate_abs": 6.958e-05,
    "micro_fr_funding_rate_mean": 4.821490566037737e-05,
    "micro_fr_funding_rate_std": 1.2876908046583101e-05,
    "micro_fr_funding_rate_min": 3.173e-05,
    "micro_fr_funding_rate_max": 6.958e-05,
    "micro_fr_funding_rate_skew": 0.3332277929678591,
    "micro_fr_funding_rate_kurtosis": -1.3792925152022386,
    "micro_fr_funding_rate_trend": 7.700000000000017e-07,
    "micro_fr_funding_rate_change": 9.699999999999992e-07,
    "micro_fr_funding_rate_change_abs": 9.699999999999992e-07,
    "micro_fr_funding_rate_positive": 1.0,
    "micro_fr_funding_rate_negative": 0.0,
    "micro_fr_funding_rate_high": 0.0,
    "micro_fr_funding_rate_extreme": 0.0,
    "micro_fr_hours_to_next_funding": 0.0,
    "micro_fr_funding_imminent": 1.0,
    "micro_vp_volume_current": 404.91135,
    "micro_vp_volume_mean": 453.59898509999994,
    "micro_vp_volume_std": 1971.1836022985847,
    "micro_vp_volume_max": 19976.0706,
    "micro_vp_volume_sum": 45359.89850999999,
    "micro_vp_volume_ratio": 0.8926637036252048,
    "micro_vp_large_volume_trade": 0.0,
    "micro_vp_recent_vwap": 89981.94507782251,
    "micro_vp_price_vwap_deviation_pct": -0.0018282310091084285,
    "micro_vp_price_clustering": 0.0,
    "micro_vp_volume_trend": 8.016426727272737,
    "micro_of_order_flow_imbalance": 0.04212924395178426,
    "micro_of_trade_flow_buy_pressure": 0.5210646219758922,
    "micro_of_trade_flow_sell_pressure": 0.4789353780241079,
    "micro_of_kyles_lambda_buy": 2.892895840995704e-05,
    "micro_of_kyles_lambda_sell": 2.280134781770822e-05,
    "micro_of_kyles_lambda_avg": 2.586515311383263e-05,
    "micro_of_amihud_illiquidity": 0.010898554549197586,
    "micro_of_spread_dynamics_current": 0.00011113278201007061,
    "micro_micro_funding_arbitrage": 0.0,
    "micro_micro_orderbook_pressure": 0.0,
    "micro_micro_liquidity_score": 0.5,
    "micro_micro_volume_spike": 0.0,
    "micro_micro_oi_divergence": 0.0,
    "micro_micro_composite_score": 0.1,
    "fee_maker_rate": 0.0002,
    "fee_taker_rate": 0.0008,
    "fee_round_trip_cost": 0.0016,
    "fee_breakeven_move_pct": 0.16,
    "fee_net_profit_threshold": 0.16,
    "exit_trigger": true,
    "exit_reason": "Trailing stop hit: 90011.40 >= 89965.57",
    "position_side": "SHORT",
    "entry_price": 89993.1,
    "exit_price": 90011.4,
    "position_size": 0.0003,
    "hold_duration_hours": 0.5372417991666667
  },
  "output_prediction": {
    "signal": "EXIT_SHORT",
    "confidence": 1.0,
    "raw_model_outputs": {
      "action": "exit"
    }
  },
  "regime_info": {
    "regime": "unknown",
    "regime_confidence": 0.0,
    "atr_ratio": 1.0,
    "adx_value": 0.0,
    "is_exhausted": false,
    "is_weakening": false,
    "leverage_tier": "unknown"
  },
  "explanation": "The BTCUSDT position is exiting short due to a strong sell-off confirmed by RSI at 47.1, MACD below zero at -24.6553, and ADX at 35.6 indicating overbought conditions. The bearish trend remains intact with no reversal signals in the near-term forecasts.",
  "symbol": "cmt_btcusdt",
  "position_size": 0.0003,
  "risk_validation": {
    "checks_performed": [
      "Risk check: Close order - bypassing risk checks for position exit",
      "Trading status: Trading allowed within risk limits",
      "Leverage set: 6x"
    ],
    "all_checks_passed": true
  },
  "execution_details": {
    "order_type": "1",
    "side": "CLOSE_SHORT",
    "price": 90011.4,
    "leverage": 6,
    "client_oid": "bd3729a5-3021-46fa-bd27-975bd99306e1",
    "symbol": "cmt_btcusdt",
    "maker_fee_rate": 0.0002,
    "taker_fee_rate": 0.0008,
    "estimated_entry_fee": 0.12961641599999998,
    "estimated_exit_fee": 0.12961641599999998,
    "total_estimated_fees": 0.25923283199999997
  },
  "log_metadata": {
    "log_version": "2.4",
    "competition": "WEEX_AI_Trading_Hackathon_2025",
    "bot_name": "AlphaStrike",
    "compliance_status": "MANDATORY",
    "deepseek_enabled": true,
    "trading_style": "neutral"
  },
  "weex_response": {
    "code": "00000",
    "msg": "success",
    "request_time": 1767453730514,
    "data": "upload success",
    "upload_attempted": true,
    "upload_success": true,
    "upload_timestamp": "2026-01-03T15:22:10.426896Z",