{
  "timestamp": "2026-01-03T01:26:57.478604Z",
  "order_id": "702141653145617325",
  "stage": "Decision Making",
  "model_version": "ollama:qwen2.5:1.5b+ensemble_v1.0",
  "input_features": {
    "tech_returns_1": -0.004219938766469866,
    "tech_returns_5": -0.027756220446562008,
    "tech_returns_15": -0.1495900412287532,
    "tech_returns_60": 0.04644284474644156,
    "tech_returns_240": 0.09626682585153201,
    "tech_returns_1440": 1.217343697426279,
    "tech_rsi_14": 39.76261869994479,
    "tech_rsi_7": 31.9116088523122,
    "tech_macd": -16.189624406557414,
    "tech_macd_signal": -1.9036942675225477,
    "tech_macd_hist": -14.285930139034866,
    "tech_stoch_k": 12.722063037247615,
    "tech_stoch_d": 11.180943045290652,
    "tech_ema_cross_9_21": -1.0,
    "tech_ema_cross_50_200": 1.0,
    "tech_ema_9": 90070.83037209378,
    "tech_ema_21": 90095.24703114796,
    "tech_ema_50": 90085.63731157161,
    "tech_price_ema_9_pct": -0.028788867590837167,
    "tech_price_ema_21_pct": -0.055882005773906465,
    "tech_adx": 43.4415660031126,
    "tech_adx_7": 75.28824166343357,
    "tech_adx_10": 58.63800419987544,
    "tech_adx_roc_5": 14.726555036713208,
    "tech_adx_slope_3": 2.9367956549301653,
    "tech_adx_deceleration": 0.08356094441519701,
    "tech_plus_di": 11.13154464358985,
    "tech_minus_di": 46.19912402258435,
    "tech_di_crossover": 0.0,
    "tech_atr_14": 22.810045288282957,
    "tech_atr_pct": 0.025331856982775215,
    "tech_atr_14_avg": 25.596427740247893,
    "tech_bb_upper": 90224.87533341476,
    "tech_bb_lower": 90008.23466658525,
    "tech_bb_width": 0.24040052000379886,
    "tech_bb_position": 0.16924492502414604,
    "tech_volatility_20": 0.004446420451302427,
    "tech_volume_ratio": 0.2556340754953476,
    "tech_obv": 4807.5522,
    "tech_momentum_10": -137.90000000000873,
    "tech_roc_10": -0.1529116416877807,
    "tech_high_low_range": 0.004442228266120569,
    "tech_body_ratio": 0.9499999999769776,
    "tech_swing_high_10": 90191.5,
    "tech_swing_low_10": 90022.7,
    "tech_price_vs_swing_high": -0.162543033434421,
    "tech_price_vs_swing_low": 0.02466044675398215,
    "tech_swing_break_up": 0.0,
    "tech_swing_break_down": 0.0,
    "tech_volume_spike": 0.0,
    "tech_volume_spike_ratio": 0.2556340754953476,
    "micro_ob_best_bid_price": 90044.9,
    "micro_ob_best_ask_price": 90045.0,
    "micro_ob_best_bid_size": 2.9332,
    "micro_ob_best_ask_size": 2.5151,
    "micro_ob_spread_absolute": 0.10000000000582077,
    "micro_ob_spread_percentage": 0.00011105564499266285,
    "micro_ob_bid_ask_size_ratio": 1.1662359349528846,
    "micro_ob_orderbook_imbalance_5": 0.01972746968267938,
    "micro_ob_orderbook_imbalance_10": 0.0060268296472782016,
    "micro_ob_orderbook_imbalance_20": 0.04053361579090507,
    "micro_ob_orderbook_vwap": 90044.84438100172,
    "micro_ob_buy_impact_0.1": 0.0,
    "micro_ob_sell_impact_0.1": 0.0,
    "micro_ob_buy_impact_1.0": 0.0,
    "micro_ob_sell_impact_1.0": 0.0,
    "micro_ob_buy_impact_10.0": 0.00022419679046923604,
    "micro_ob_sell_impact_10.0": 0.0003226945668187622,
    "micro_ob_bid_depth_concentration": 0.35546146354347213,
    "micro_ob_ask_depth_concentration": 0.3705796703624581,
    "micro_ob_bid_levels": 15,
    "micro_ob_ask_levels": 15,
    "micro_ob_total_bid_volume": 36.3474,
    "micro_ob_total_ask_volume": 33.5156,
    "micro_ob_total_orderbook_volume": 69.863,
    "micro_ob_order_flow_imbalance": 0.04053361579090507,
    "micro_ob_depth_imbalance_1": 0.07673953343244681,
    "micro_ob_depth_imbalance_5": 0.01972746968267938,
    "micro_ob_depth_imbalance_10": 0.0060268296472782016,
    "micro_ob_depth_imbalance_20": 0.04053361579090507,
    "micro_fr_funding_rate_current": 2.841e-05,
    "micro_fr_funding_rate_abs": 2.841e-05,
    "micro_fr_funding_rate_mean": 3.8811500000000006e-05,
    "micro_fr_funding_rate_std": 9.922484706463398e-06,
    "micro_fr_funding_rate_min": 2.506e-05,
    "micro_fr_funding_rate_max": 6.675e-05,
    "micro_fr_funding_rate_skew": 1.1343546795990447,
    "micro_fr_funding_rate_kurtosis": 0.81788836125568,
    "micro_fr_funding_rate_trend": 9.51999999999997e-07,
    "micro_fr_funding_rate_change": -8.599999999999985e-07,
    "micro_fr_funding_rate_change_abs": 8.599999999999985e-07,
    "micro_fr_funding_rate_positive": 1.0,
    "micro_fr_funding_rate_negative": 0.0,
    "micro_fr_funding_rate_high": 0.0,
    "micro_fr_funding_rate_extreme": 0.0,
    "micro_fr_hours_to_next_funding": 0.0,
    "micro_fr_funding_imminent": 1.0,
    "micro_vp_volume_current": 396.21384,
    "micro_vp_volume_mean": 561.6178914,
    "micro_vp_volume_std": 2695.8067819764265,
    "micro_vp_volume_max": 26509.57184,
    "micro_vp_volume_sum": 56161.78913999999,
    "micro_vp_volume_ratio": 0.7054864990364159,
    "micro_vp_large_volume_trade": 0.0,
    "micro_vp_recent_vwap": 90046.1586373204,
    "micro_vp_price_vwap_deviation_pct": 0.002711234678465733,
    "micro_vp_price_clustering": 1.008120065375857,
    "micro_vp_volume_trend": -1423.5463581818187,
    "micro_of_order_flow_imbalance": 0.04053361579090507,
    "micro_of_trade_flow_buy_pressure": 0.5202668078954525,
    "micro_of_trade_flow_sell_pressure": 0.47973319210454746,
    "micro_of_kyles_lambda_buy": 2.2419679046923603e-05,
    "micro_of_kyles_lambda_sell": 3.226945668187622e-05,
    "micro_of_kyles_lambda_avg": 2.7344567864399913e-05,
    "micro_of_amihud_illiquidity": 0.020845652289933382,
    "micro_of_spread_dynamics_current": 0.00011105564499266285,
    "micro_micro_funding_arbitrage": 0.0,
    "micro_micro_orderbook_pressure": 0.0,
    "micro_micro_liquidity_score": 0.5,
    "micro_micro_volume_spike": 0.0,
    "micro_micro_oi_divergence": 0.0,
    "micro_micro_composite_score": 0.1,
    "fee_maker_rate": 0.0002,
    "fee_taker_rate": 0.0008,
    "fee_round_trip_cost": 0.0016,
    "fee_breakeven_move_pct": 0.16,
    "fee_net_profit_threshold": 0.16
  },
  "output_prediction": {
    "signal": "SHORT",
    "confidence": 0.522188054936736,
    "raw_model_outputs": {
      "xgboost": 0.1338111013174057,
      "lightgbm": 0.09717300452496548,
      "lstm": 0.5397583842277527,
      "random_forest": 0.19764895983999242,
      "weighted_average": 0.23890597253163198
    }
  },
  "regime_info": {
    "regime": "trending",
    "regime_confidence": 0.8212987920373511,
    "atr_ratio": 0.8911417452372222,
    "adx_value": 43.4415660031126,
    "is_exhausted": false,
    "is_weakening": false,
    "leverage_tier": "normal_volatility"
  },
  "explanation": "The short BTCUSDT position is based on a combination of RSI at 39.8, MACD showing negative divergence (-16.1896), ADX at 43.4 indicating medium strength trend change, and an ensemble average model predicting a small positive outcome (0.24). These factors suggest a potential for further downward momentum in the cryptocurrency market, warranting this short trade.",
  "symbol": "cmt_btcusdt",
  "position_size": 0.0001,
  "risk_validation": {
    "checks_performed": [
      "Wash trading check: No current position - any direction allowed",
      "Risk check: Order passes all risk checks (leverage: 5x, risk: 6.95%)",
      "Trading status: Trading allowed within risk limits",
      "Leverage set: 5x"
    ],
    "all_checks_passed": true
  },
  "execution_details": {
    "order_type": "1",
    "side": "OPEN_SHORT",
    "price": 90044.9,
    "leverage": 5,
    "client_oid": "716dbc55-ed54-452d-b4e7-0ba26552d687",
    "symbol": "cmt_btcusdt",
    "maker_fee_rate": 0.0002,
    "taker_fee_rate": 0.0008,
    "estimated_entry_fee": 0.03601796000000001,
    "estimated_exit_fee": 0.03601796000000001,
    "total_estimated_fees": 0.07203592000000002
  },
  "log_metadata": {
    "log_version": "2.3",
    "competition": "WEEX_AI_Trading_Hackathon_2025",
    "bot_name": "AlphaStrike",
    "compliance_status": "MANDATORY",
    "deepseek_enabled": true
  },
  "weex_response": {
    "code": "00000",
    "msg": "success",
    "request_time": 1767403617557,