{
  "timestamp": "2026-01-03T01:03:26.389323Z",
  "order_id": "702135740607234989",
  "stage": "Decision Making",
  "model_version": "ollama:qwen2.5:1.5b+ensemble_v1.0",
  "input_features": {
    "tech_returns_1": 0.0,
    "tech_returns_5": 0.01476360471726057,
    "tech_returns_15": 0.05441379134198954,
    "tech_returns_60": 0.12134614209278194,
    "tech_returns_240": 0.35139813018325583,
    "tech_returns_1440": 1.217343697426279,
    "tech_rsi_14": 54.094469293361655,
    "tech_rsi_7": 49.569998195233154,
    "tech_macd": 23.257161029367126,
    "tech_macd_signal": 26.524253236862016,
    "tech_macd_hist": -3.2670922074948905,
    "tech_stoch_k": 50.0,
    "tech_stoch_d": 63.90629662787438,
    "tech_ema_cross_9_21": 1.0,
    "tech_ema_cross_50_200": 1.0,
    "tech_ema_9": 90105.7921380737,
    "tech_ema_21": 90087.35112852213,
    "tech_ema_50": 90049.57266419567,
    "tech_price_ema_9_pct": -0.006761094852107685,
    "tech_price_ema_21_pct": 0.013707664087323036,
    "tech_adx": 38.25587701290339,
    "tech_adx_7": 45.607091362059585,
    "tech_adx_10": 41.29700611865657,
    "tech_adx_roc_5": 2.440864654165452,
    "tech_adx_slope_3": 1.1346843031178864,
    "tech_adx_deceleration": -0.3555903826515099,
    "tech_plus_di": 31.767458233750535,
    "tech_minus_di": 12.018167493807761,
    "tech_di_crossover": 0.0,
    "tech_atr_14": 26.45870427777898,
    "tech_atr_pct": 0.029366029273992015,
    "tech_atr_14_avg": 24.762368397951885,
    "tech_bb_upper": 90163.4249475451,
    "tech_bb_lower": 90018.65505245491,
    "tech_bb_width": 0.16069288920429564,
    "tech_bb_position": 0.5598190666270318,
    "tech_volatility_20": 0.004482484299620276,
    "tech_volume_ratio": 0.030514385353095023,
    "tech_obv": 4965.989800000002,
    "tech_momentum_10": -16.19999999999709,
    "tech_roc_10": -0.017976849812295637,
    "tech_high_low_range": 0.00022197632178252495,
    "tech_body_ratio": 0.0,
    "tech_swing_high_10": 90149.7,
    "tech_swing_low_10": 90086.3,
    "tech_price_vs_swing_high": -0.05546330159723216,
    "tech_price_vs_swing_low": 0.014874625775499915,
    "tech_swing_break_up": 0.0,
    "tech_swing_break_down": 0.0,
    "tech_volume_spike": 0.0,
    "tech_volume_spike_ratio": 0.030514385353095023,
    "micro_ob_best_bid_price": 90099.6,
    "micro_ob_best_ask_price": 90099.7,
    "micro_ob_best_bid_size": 2.9329,
    "micro_ob_best_ask_size": 2.8081,
    "micro_ob_spread_absolute": 0.09999999999126885,
    "micro_ob_spread_percentage": 0.0001109882224750805,
    "micro_ob_bid_ask_size_ratio": 1.0444428617214487,
    "micro_ob_orderbook_imbalance_5": 0.01666121400244174,
    "micro_ob_orderbook_imbalance_10": 0.03235996172409802,
    "micro_ob_orderbook_imbalance_20": 0.0059347015186017905,
    "micro_ob_orderbook_vwap": 90099.55204429069,
    "micro_ob_buy_impact_0.1": -1.615090308665495e-14,
    "micro_ob_sell_impact_0.1": 0.0,
    "micro_ob_buy_impact_1.0": 0.0,
    "micro_ob_sell_impact_1.0": 0.0,
    "micro_ob_buy_impact_10.0": 0.0002798877243710947,
    "micro_ob_sell_impact_10.0": 0.00021042490755755284,
    "micro_ob_bid_depth_concentration": 0.3538952110860816,
    "micro_ob_ask_depth_concentration": 0.34638292609571886,
    "micro_ob_bid_levels": 15,
    "micro_ob_ask_levels": 15,
    "micro_ob_total_bid_volume": 36.0019,
    "micro_ob_total_ask_volume": 35.5771,
    "micro_ob_total_orderbook_volume": 71.57900000000001,
    "micro_ob_order_flow_imbalance": 0.0059347015186017905,
    "micro_ob_depth_imbalance_1": 0.021738373105730714,
    "micro_ob_depth_imbalance_5": 0.01666121400244174,
    "micro_ob_depth_imbalance_10": 0.03235996172409802,
    "micro_ob_depth_imbalance_20": 0.0059347015186017905,
    "micro_fr_funding_rate_current": 2.513e-05,
    "micro_fr_funding_rate_abs": 2.513e-05,
    "micro_fr_funding_rate_mean": 4.0028200000000004e-05,
    "micro_fr_funding_rate_std": 1.0346711301664893e-05,
    "micro_fr_funding_rate_min": 2.506e-05,
    "micro_fr_funding_rate_max": 6.675e-05,
    "micro_fr_funding_rate_skew": 0.9659554553283308,
    "micro_fr_funding_rate_kurtosis": 0.15198200182381516,
    "micro_fr_funding_rate_trend": -3.060000000000009e-07,
    "micro_fr_funding_rate_change": -5.899999999999994e-07,
    "micro_fr_funding_rate_change_abs": 5.899999999999994e-07,
    "micro_fr_funding_rate_positive": 1.0,
    "micro_fr_funding_rate_negative": 0.0,
    "micro_fr_funding_rate_high": 0.0,
    "micro_fr_funding_rate_extreme": 0.0,
    "micro_fr_hours_to_next_funding": 0.0,
    "micro_fr_funding_imminent": 1.0,
    "micro_vp_volume_current": 315.34895,
    "micro_vp_volume_mean": 300.57254439999997,
    "micro_vp_volume_std": 569.3104502861706,
    "micro_vp_volume_max": 5838.45408,
    "micro_vp_volume_sum": 30057.254439999997,
    "micro_vp_volume_ratio": 1.049160862744455,
    "micro_vp_large_volume_trade": 0.0,
    "micro_vp_recent_vwap": 90099.68357316406,
    "micro_vp_price_vwap_deviation_pct": 1.8231846423065232e-05,
    "micro_vp_price_clustering": 1.3877787807814457e-17,
    "micro_vp_volume_trend": -7.8086406666666495,
    "micro_of_order_flow_imbalance": 0.0059347015186017905,
    "micro_of_trade_flow_buy_pressure": 0.5029673507593009,
    "micro_of_trade_flow_sell_pressure": 0.49703264924069906,
    "micro_of_kyles_lambda_buy": 2.798877243710947e-05,
    "micro_of_kyles_lambda_sell": 2.1042490755755284e-05,
    "micro_of_kyles_lambda_avg": 2.451563159643238e-05,
    "micro_of_amihud_illiquidity": 0.012998036935639723,
    "micro_of_spread_dynamics_current": 0.0001109882224750805,
    "micro_micro_funding_arbitrage": 0.0,
    "micro_micro_orderbook_pressure": 0.0,
    "micro_micro_liquidity_score": 0.5,
    "micro_micro_volume_spike": 0.0,
    "micro_micro_oi_divergence": 0.0,
    "micro_micro_composite_score": 0.1,
    "fee_maker_rate": 0.0002,
    "fee_taker_rate": 0.0008,
    "fee_round_trip_cost": 0.0016,
    "fee_breakeven_move_pct": 0.16,
    "fee_net_profit_threshold": 0.16
  },
  "output_prediction": {
    "signal": "SHORT",
    "confidence": 0.4868399285400088,
    "raw_model_outputs": {
      "xgboost": 0.1925950050354004,
      "lightgbm": 0.08992126793268729,
      "lstm": 0.41789522767066956,
      "random_forest": 0.3592370404168105,
      "weighted_average": 0.2565800357299956
    }
  },
  "regime_info": {
    "regime": "trending",
    "regime_confidence": 0.7590705241548407,
    "atr_ratio": 1.0685045894062137,
    "adx_value": 38.25587701290339,
    "is_exhausted": false,
    "is_weakening": false,
    "leverage_tier": "elevated_volatility"
  },
  "explanation": "The short BTCUSDT position is based on a combination of RSI at 54.1, MACD at 23.2572, and an ADX of 38.3 indicating overbought conditions. The ensemble average model predicts a slight positive trend but with low confidence (0.26). This suggests the market is likely to correct, making a short position prudent.",
  "symbol": "cmt_btcusdt",
  "position_size": 0.0001,
  "risk_validation": {
    "checks_performed": [
      "Wash trading check: Same direction - allowed",
      "Risk check: Order passes all risk checks (leverage: 4x, risk: 6.79%)",
      "Trading status: Trading allowed within risk limits",
      "Leverage set: 4x"
    ],
    "all_checks_passed": true
  },
  "execution_details": {
    "order_type": "1",
    "side": "OPEN_SHORT",
    "price": 90099.7,
    "leverage": 4,
    "client_oid": "e3914990-1166-443a-b333-c39d9b091f75",
    "symbol": "cmt_btcusdt",
    "maker_fee_rate": 0.0002,
    "taker_fee_rate": 0.0008,
    "estimated_entry_fee": 0.028831904000000005,
    "estimated_exit_fee": 0.028831904000000005,
    "total_estimated_fees": 0.05766380800000001
  },
  "log_metadata": {
    "log_version": "2.3",
    "competition": "WEEX_AI_Trading_Hackathon_2025",
    "bot_name": "AlphaStrike",
    "compliance_status": "MANDATORY",
    "deepseek_enabled": true
  },
  "weex_response": {
    "code": "00000",
    "msg": "success",
    "request_time": 1767402206462,
    "data": "upload success",
    "upload_attempted": true,