{
  "timestamp": "2026-01-03T15:09:29.194297Z",
  "order_id": "702348650302407597",
  "stage": "Decision Making",
  "model_version": "ollama:qwen2.5:1.5b+ensemble_v1.0",
  "input_features": {
    "tech_returns_1": 0.0,
    "tech_returns_5": -0.044878965650918534,
    "tech_returns_15": -0.08838640403913134,
    "tech_returns_60": 0.007113237178657528,
    "tech_returns_240": 0.3565700570378194,
    "tech_returns_1440": 0.34518953565969807,
    "tech_rsi_14": 33.04532835380991,
    "tech_rsi_7": 25.620925060715365,
    "tech_macd": -26.643368295917753,
    "tech_macd_signal": -19.747667084867828,
    "tech_macd_hist": -6.895701211049925,
    "tech_stoch_k": 12.254516889242312,
    "tech_stoch_d": 12.35925634983254,
    "tech_ema_cross_9_21": -1.0,
    "tech_ema_cross_50_200": 1.0,
    "tech_ema_9": 90009.95636703548,
    "tech_ema_21": 90038.38547782158,
    "tech_ema_50": 90053.70871889892,
    "tech_price_ema_9_pct": -0.033836664592182604,
    "tech_price_ema_21_pct": -0.0654004150663944,
    "tech_adx": 54.265383557013116,
    "tech_adx_7": 75.53183410092302,
    "tech_adx_10": 63.71628097711914,
    "tech_adx_roc_5": 15.848494419143371,
    "tech_adx_slope_3": 3.203675428922157,
    "tech_adx_deceleration": -0.4928731429110975,
    "tech_plus_di": 7.013095963244758,
    "tech_minus_di": 46.120148521741214,
    "tech_di_crossover": 0.0,
    "tech_atr_14": 25.262957485410325,
    "tech_atr_pct": 0.028076347929706574,
    "tech_atr_14_avg": 25.723525123120965,
    "tech_bb_upper": 90101.58311720143,
    "tech_bb_lower": 89977.17688279858,
    "tech_bb_width": 0.13816869285733618,
    "tech_bb_position": 0.018673639730124567,
    "tech_volatility_20": 0.003160513950309164,
    "tech_volume_ratio": 0.05672447086377311,
    "tech_obv": 4456.726600000002,
    "tech_momentum_10": -111.69999999999709,
    "tech_roc_10": -0.12398547249897751,
    "tech_high_low_range": 0.00022227285105123006,
    "tech_body_ratio": 0.49999999975,
    "tech_swing_high_10": 90091.2,
    "tech_swing_low_10": 89963.9,
    "tech_price_vs_swing_high": -0.12398547249897558,
    "tech_price_vs_swing_low": 0.01734028871581359,
    "tech_swing_break_up": 0.0,
    "tech_swing_break_down": 0.0,
    "tech_volume_spike": 0.0,
    "tech_volume_spike_ratio": 0.05672447086377311,
    "micro_ob_best_bid_price": 89979.4,
    "micro_ob_best_ask_price": 89979.5,
    "micro_ob_best_bid_size": 2.6656,
    "micro_ob_best_ask_size": 2.7728,
    "micro_ob_spread_absolute": 0.10000000000582077,
    "micro_ob_spread_percentage": 0.00011113648728217472,
    "micro_ob_bid_ask_size_ratio": 0.96133871898442,
    "micro_ob_orderbook_imbalance_5": -0.025941111900303453,
    "micro_ob_orderbook_imbalance_10": -0.012013079328973575,
    "micro_ob_orderbook_imbalance_20": 0.0004461512639279118,
    "micro_ob_orderbook_vwap": 89979.3915188726,
    "micro_ob_buy_impact_0.1": 0.0,
    "micro_ob_sell_impact_0.1": 0.0,
    "micro_ob_buy_impact_1.0": 0.0,
    "micro_ob_sell_impact_1.0": 0.0,
    "micro_ob_buy_impact_10.0": 0.0002353702787770912,
    "micro_ob_sell_impact_10.0": 0.00029453741634188305,
    "micro_ob_bid_depth_concentration": 0.3460991362004291,
    "micro_ob_ask_depth_concentration": 0.364859162813127,
    "micro_ob_bid_levels": 15,
    "micro_ob_ask_levels": 15,
    "micro_ob_total_bid_volume": 34.8692,
    "micro_ob_total_ask_volume": 34.8381,
    "micro_ob_total_orderbook_volume": 69.7073,
    "micro_ob_order_flow_imbalance": 0.0004461512639279118,
    "micro_ob_depth_imbalance_1": -0.0197116799058547,
    "micro_ob_depth_imbalance_5": -0.025941111900303453,
    "micro_ob_depth_imbalance_10": -0.012013079328973575,
    "micro_ob_depth_imbalance_20": 0.0004461512639279118,
    "micro_fr_funding_rate_current": 6.735e-05,
    "micro_fr_funding_rate_abs": 6.735e-05,
    "micro_fr_funding_rate_mean": 4.699220000000001e-05,
    "micro_fr_funding_rate_std": 1.2219337509046879e-05,
    "micro_fr_funding_rate_min": 3.173e-05,
    "micro_fr_funding_rate_max": 6.832e-05,
    "micro_fr_funding_rate_skew": 0.4349301170192647,
    "micro_fr_funding_rate_kurtosis": -1.23596882883587,
    "micro_fr_funding_rate_trend": -2.47000000000011e-07,
    "micro_fr_funding_rate_change": 9.900000000000024e-07,
    "micro_fr_funding_rate_change_abs": 9.900000000000024e-07,
    "micro_fr_funding_rate_positive": 1.0,
    "micro_fr_funding_rate_negative": 0.0,
    "micro_fr_funding_rate_high": 0.0,
    "micro_fr_funding_rate_extreme": 0.0,
    "micro_fr_hours_to_next_funding": 0.0,
    "micro_fr_funding_imminent": 1.0,
    "micro_vp_volume_current": 98.97745,
    "micro_vp_volume_mean": 642.003385,
    "micro_vp_volume_std": 3183.8981391624125,
    "micro_vp_volume_max": 31492.79,
    "micro_vp_volume_sum": 64200.3385,
    "micro_vp_volume_ratio": 0.1541696699932509,
    "micro_vp_large_volume_trade": 0.0,
    "micro_vp_recent_vwap": 89979.4512964546,
    "micro_vp_price_vwap_deviation_pct": 5.4127408755172964e-05,
    "micro_vp_price_clustering": 0.0,
    "micro_vp_volume_trend": 5.235170909090925,
    "micro_of_order_flow_imbalance": 0.0004461512639279118,
    "micro_of_trade_flow_buy_pressure": 0.5002230756319639,
    "micro_of_trade_flow_sell_pressure": 0.499776924368036,
    "micro_of_kyles_lambda_buy": 2.353702787770912e-05,
    "micro_of_kyles_lambda_sell": 2.9453741634188304e-05,
    "micro_of_kyles_lambda_avg": 2.649538475594871e-05,
    "micro_of_amihud_illiquidity": 0.02998625149475019,
    "micro_of_spread_dynamics_current": 0.00011113648728217472,
    "micro_micro_funding_arbitrage": 0.0,
    "micro_micro_orderbook_pressure": 0.0,
    "micro_micro_liquidity_score": 0.5,
    "micro_micro_volume_spike": 0.0,
    "micro_micro_oi_divergence": 0.0,
    "micro_micro_composite_score": 0.1,
    "fee_maker_rate": 0.0002,
    "fee_taker_rate": 0.0008,
    "fee_round_trip_cost": 0.0016,
    "fee_breakeven_move_pct": 0.16,
    "fee_net_profit_threshold": 0.16
  },
  "output_prediction": {
    "signal": "SHORT",
    "confidence": 0.5725300875691541,
    "raw_model_outputs": {
      "xgboost": 0.11885262280702591,
      "lightgbm": 0.08391253928580181,
      "lstm": 0.47757992148399353,
      "random_forest": 0.18853025972846071,
      "weighted_average": 0.21373495621542293
    }
  },
  "regime_info": {
    "regime": "trending",
    "regime_confidence": 0.8658769315438951,
    "atr_ratio": 0.9820954695942249,
    "adx_value": 54.265383557013116,
    "is_exhausted": false,
    "is_weakening": false,
    "leverage_tier": "normal_volatility"
  },
  "explanation": "The short BTCUSDT position is based on a combination of RSI at 33, MACD showing negative divergence (-26.64), and ADX at 54.3 indicating strong momentum. The ensemble model predicts a slight gain, but with low confidence (57.3%).",
  "symbol": "cmt_btcusdt",
  "position_size": 0.0001,
  "risk_validation": {
    "checks_performed": [
      "Wash trading check: Same direction - allowed",
      "Risk check: Order passes all risk checks (leverage: 5x, risk: 6.92%)",
      "Trading status: Trading allowed within risk limits",
      "Leverage set: 5x"
    ],
    "all_checks_passed": true
  },
  "execution_details": {
    "order_type": "1",
    "side": "OPEN_SHORT",
    "price": 89979.5,
    "leverage": 5,
    "client_oid": "691d9d97-3676-4fdb-88bd-322a7c257208",
    "symbol": "cmt_btcusdt",
    "maker_fee_rate": 0.0002,
    "taker_fee_rate": 0.0008,
    "estimated_entry_fee": 0.03599180000000001,
    "estimated_exit_fee": 0.03599180000000001,
    "total_estimated_fees": 0.07198360000000002
  },
  "log_metadata": {
    "log_version": "2.4",
    "competition": "WEEX_AI_Trading_Hackathon_2025",
    "bot_name": "AlphaStrike",
    "compliance_status": "MANDATORY",
    "deepseek_enabled": true,
    "trading_style": "neutral"
  },
  "weex_response": {
    "code": "00000",
    "msg": "success",
    "request_time": 1767452969319,
    "data": "upload success",
    "upload_attempted": true,
    "upload_success": true,
    "upload_timestamp": "2026-01-03T15:09:29.194376Z",