{
  "timestamp": "2026-01-03T02:27:41.541407Z",
  "order_id": "702156943250162605",
  "stage": "Decision Making",
  "model_version": "ollama:qwen2.5:1.5b+ensemble_v1.0",
  "input_features": {
    "tech_returns_1": 0.0,
    "tech_returns_5": 0.08510638297871687,
    "tech_returns_15": 0.1581700936853503,
    "tech_returns_60": -0.012146240738497571,
    "tech_returns_240": 0.586510263929596,
    "tech_returns_1440": 3.2789009849663056,
    "tech_rsi_14": 55.96130080837748,
    "tech_rsi_7": 62.92624483296369,
    "tech_macd": 0.0019780230735193527,
    "tech_macd_signal": -0.021933500291782485,
    "tech_macd_hist": 0.023911523365301838,
    "tech_stoch_k": 83.87096774193193,
    "tech_stoch_d": 80.6451612903205,
    "tech_ema_cross_9_21": 1.0,
    "tech_ema_cross_50_200": 1.0,
    "tech_ema_9": 82.27073017488087,
    "tech_ema_21": 82.25375878144152,
    "tech_ema_50": 82.26928725034927,
    "tech_price_ema_9_pct": 0.05988742899740168,
    "tech_price_ema_21_pct": 0.08053275563307127,
    "tech_adx": 37.071615011783564,
    "tech_adx_7": 62.4075050088483,
    "tech_adx_10": 48.44195585943099,
    "tech_adx_roc_5": -3.716103612463776,
    "tech_adx_slope_3": 0.1441260709662906,
    "tech_adx_deceleration": -0.02217324168712409,
    "tech_plus_di": 31.821213106411193,
    "tech_minus_di": 14.31603894629504,
    "tech_di_crossover": 0.0,
    "tech_atr_14": 0.05764413072280778,
    "tech_atr_pct": 0.07002445423081606,
    "tech_atr_14_avg": 0.06326987155000426,
    "tech_bb_upper": 82.35094409155575,
    "tech_bb_lower": 82.07705590844425,
    "tech_bb_width": 0.3331405637865755,
    "tech_bb_position": 0.8870192528782586,
    "tech_volatility_20": 0.009107935291442375,
    "tech_volume_ratio": 0.6146046935520619,
    "tech_obv": 55909.99999999995,
    "tech_momentum_10": 0.1799999999999926,
    "tech_roc_10": 0.21913805697588717,
    "tech_high_low_range": 0.024295432458692933,
    "tech_body_ratio": 0.0,
    "tech_swing_high_10": 82.37,
    "tech_swing_low_10": 82.09,
    "tech_price_vs_swing_high": -0.060701711788286226,
    "tech_price_vs_swing_low": 0.28018028992567884,
    "tech_swing_break_up": 0.0,
    "tech_swing_break_down": 0.0,
    "tech_volume_spike": 0.0,
    "tech_volume_spike_ratio": 0.6146046935520619,
    "micro_ob_best_bid_price": 82.3,
    "micro_ob_best_ask_price": 82.31,
    "micro_ob_best_bid_size": 3329.0,
    "micro_ob_best_ask_size": 3671.2,
    "micro_ob_spread_absolute": 0.010000000000005116,
    "micro_ob_spread_percentage": 0.012149930137907921,
    "micro_ob_bid_ask_size_ratio": 0.9067879712355633,
    "micro_ob_orderbook_imbalance_5": -0.15637774544446753,
    "micro_ob_orderbook_imbalance_10": -0.010340235199517562,
    "micro_ob_orderbook_imbalance_20": -0.014532861430029539,
    "micro_ob_orderbook_vwap": 82.26803048673233,
    "micro_ob_buy_impact_0.1": -1.7265040353786908e-14,
    "micro_ob_sell_impact_0.1": 0.0,
    "micro_ob_buy_impact_1.0": 0.0,
    "micro_ob_sell_impact_1.0": 0.0,
    "micro_ob_buy_impact_10.0": 0.0,
    "micro_ob_sell_impact_10.0": 0.0,
    "micro_ob_bid_depth_concentration": 0.47054943809224464,
    "micro_ob_ask_depth_concentration": 0.6265171801096123,
    "micro_ob_bid_levels": 15,
    "micro_ob_ask_levels": 15,
    "micro_ob_total_bid_volume": 19407.1,
    "micro_ob_total_ask_volume": 19979.5,
    "micro_ob_total_orderbook_volume": 39386.6,
    "micro_ob_order_flow_imbalance": -0.014532861430029539,
    "micro_ob_depth_imbalance_1": -0.04888431759092595,
    "micro_ob_depth_imbalance_5": -0.15637774544446753,
    "micro_ob_depth_imbalance_10": -0.010340235199517562,
    "micro_ob_depth_imbalance_20": -0.014532861430029539,
    "micro_fr_funding_rate_current": 5.582e-05,
    "micro_fr_funding_rate_abs": 5.582e-05,
    "micro_fr_funding_rate_mean": 9.350660000000002e-05,
    "micro_fr_funding_rate_std": 1.2725988780444532e-05,
    "micro_fr_funding_rate_min": 5.406e-05,
    "micro_fr_funding_rate_max": 0.0001,
    "micro_fr_funding_rate_skew": -1.8447513601395513,
    "micro_fr_funding_rate_kurtosis": 2.1266641420111627,
    "micro_fr_funding_rate_trend": -1.0970000000000051e-06,
    "micro_fr_funding_rate_change": 1.7599999999999967e-06,
    "micro_fr_funding_rate_change_abs": 1.7599999999999967e-06,
    "micro_fr_funding_rate_positive": 1.0,
    "micro_fr_funding_rate_negative": 0.0,
    "micro_fr_funding_rate_high": 0.0,
    "micro_fr_funding_rate_extreme": 0.0,
    "micro_fr_hours_to_next_funding": 0.0,
    "micro_fr_funding_imminent": 1.0,
    "micro_vp_volume_current": 304.584,
    "micro_vp_volume_mean": 388.32078000000007,
    "micro_vp_volume_std": 189.0651745995851,
    "micro_vp_volume_max": 732.648,
    "micro_vp_volume_sum": 38832.07800000001,
    "micro_vp_volume_ratio": 0.7843618361087963,
    "micro_vp_large_volume_trade": 0.0,
    "micro_vp_recent_vwap": 82.32367655730398,
    "micro_vp_price_vwap_deviation_pct": -0.004465978024476223,
    "micro_vp_price_clustering": 0.0,
    "micro_vp_volume_trend": -1.3470545454545564,
    "micro_of_order_flow_imbalance": -0.014532861430029539,
    "micro_of_trade_flow_buy_pressure": 0.49273356928498524,
    "micro_of_trade_flow_sell_pressure": 0.5072664307150148,
    "micro_of_kyles_lambda_buy": 0.0,
    "micro_of_kyles_lambda_sell": 0.0,
    "micro_of_kyles_lambda_avg": 0.0,
    "micro_of_amihud_illiquidity": 0.06134618398714406,
    "micro_of_spread_dynamics_current": 0.012149930137907921,
    "micro_micro_funding_arbitrage": 0.0,
    "micro_micro_orderbook_pressure": -0.5,
    "micro_micro_liquidity_score": 1.0,
    "micro_micro_volume_spike": 0.0,
    "micro_micro_oi_divergence": 0.0,
    "micro_micro_composite_score": 0.35,
    "fee_maker_rate": 0.0002,
    "fee_taker_rate": 0.0008,
    "fee_round_trip_cost": 0.0016,
    "fee_breakeven_move_pct": 0.16,
    "fee_net_profit_threshold": 0.16
  },
  "output_prediction": {
    "signal": "SHORT",
    "confidence": 0.4682364223484037,
    "raw_model_outputs": {
      "xgboost": 0.2330182045698166,
      "lightgbm": 0.1545735028628597,
      "lstm": 0.4235495924949646,
      "random_forest": 0.2572277382746631,
      "weighted_average": 0.26588178882579816
    }
  },
  "regime_info": {
    "regime": "trend_weakening",
    "regime_confidence": 0.6331304731201923,
    "atr_ratio": 0.9110834163342616,
    "adx_value": 37.071615011783564,
    "is_exhausted": false,
    "is_weakening": true,
    "leverage_tier": "normal_volatility"
  },
  "explanation": "LTCUSDT short position is based on a combination of RSI at 56%, MACD at 0.002, ADX at 37.1, and an ensemble average model score of 0.27. The high RSI suggests overbought conditions, while the low MACD and ADX indicate weak momentum. This setup aligns with a short trade as it indicates potential for further decline in LTCUSDT price.",
  "symbol": "cmt_ltcusdt",
  "position_size": 0.2,
  "risk_validation": {
    "checks_performed": [
      "Wash trading check: No current position - any direction allowed",
      "Risk check: Order passes all risk checks (leverage: 3x, risk: 6.96%)",
      "Trading status: Trading allowed within risk limits",
      "Leverage set: 3x"
    ],
    "all_checks_passed": true
  },
  "execution_details": {
    "order_type": "1",
    "side": "OPEN_SHORT",
    "price": 82.32,
    "leverage": 3,
    "client_oid": "728adf04-8cc0-43ff-acfc-0894ff9ba5dc",
    "symbol": "cmt_ltcusdt",
    "maker_fee_rate": 0.0002,
    "taker_fee_rate": 0.0008,
    "estimated_entry_fee": 0.039513599999999996,
    "estimated_exit_fee": 0.039513599999999996,
    "total_estimated_fees": 0.07902719999999999
  },
  "log_metadata": {
    "log_version": "2.3",
    "competition": "WEEX_AI_Trading_Hackathon_2025",
    "bot_name": "AlphaStrike",
    "compliance_status": "MANDATORY",
    "deepseek_enabled": true
  },
  "weex_response": {
    "code": "00000",
    "msg": "success",
    "request_time": 1767407261626,
    "data": "upload success",
    "upload_attempted": true,
    "upload_success": true,
    "upload_timestamp": "2026-01-03T02:27:41.541489Z",