{
  "timestamp": "2026-01-03T00:30:30.001422Z",
  "order_id": "702127450842203053",
  "stage": "Decision Making",
  "model_version": "ollama:qwen2.5:1.5b+ensemble_v1.0",
  "input_features": {
    "tech_returns_1": -0.007532389273867679,
    "tech_returns_5": -0.09783263094520489,
    "tech_returns_15": 0.15844273426890432,
    "tech_returns_60": 0.29465095194922686,
    "tech_returns_240": 0.9275450467573831,
    "tech_returns_1440": 1.4613111874151548,
    "tech_rsi_14": 58.45502449241637,
    "tech_rsi_7": 56.65729858854417,
    "tech_macd": 0.09168471625864072,
    "tech_macd_signal": 0.09724716015095208,
    "tech_macd_hist": -0.005562443892311364,
    "tech_stoch_k": 68.18181818182111,
    "tech_stoch_d": 65.1515151515165,
    "tech_ema_cross_9_21": 1.0,
    "tech_ema_cross_50_200": 1.0,
    "tech_ema_9": 132.72885331849335,
    "tech_ema_21": 132.65174915568952,
    "tech_ema_50": 132.52333957697155,
    "tech_price_ema_9_pct": 0.015932241542015724,
    "tech_price_ema_21_pct": 0.07406675368838947,
    "tech_adx": 29.77970960849819,
    "tech_adx_7": 27.266438459741316,
    "tech_adx_10": 27.194235071683533,
    "tech_adx_roc_5": -12.156908829786108,
    "tech_adx_slope_3": -1.0377727933315324,
    "tech_adx_deceleration": 1.3973413223868523,
    "tech_plus_di": 28.49600057945069,
    "tech_minus_di": 17.64538738613153,
    "tech_di_crossover": 0.0,
    "tech_atr_14": 0.10086339298128841,
    "tech_atr_pct": 0.07597995704805152,
    "tech_atr_14_avg": 0.10741740154849609,
    "tech_bb_upper": 132.90359632979093,
    "tech_bb_lower": 132.43840367020906,
    "tech_bb_width": 0.35063628040933864,
    "tech_bb_position": 0.6698221121352491,
    "tech_volatility_20": 0.010307804297460369,
    "tech_volume_ratio": 0.10974674436440979,
    "tech_obv": 187863.9999999997,
    "tech_momentum_10": 0.18999999999999773,
    "tech_roc_10": 0.14333132166566287,
    "tech_high_low_range": 0.015065913371005825,
    "tech_body_ratio": 0.4999999974992894,
    "tech_swing_high_10": 132.89,
    "tech_swing_low_10": 132.51,
    "tech_price_vs_swing_high": -0.10535028971328646,
    "tech_price_vs_swing_low": 0.18111840615803268,
    "tech_swing_break_up": 0.0,
    "tech_swing_break_down": 0.0,
    "tech_volume_spike": 0.0,
    "tech_volume_spike_ratio": 0.10974674436440979,
    "micro_ob_best_bid_price": 132.78,
    "micro_ob_best_ask_price": 132.79,
    "micro_ob_best_bid_size": 2648.0,
    "micro_ob_best_ask_size": 2465.4,
    "micro_ob_spread_absolute": 0.009999999999990905,
    "micro_ob_spread_percentage": 0.007530971118718911,
    "micro_ob_bid_ask_size_ratio": 1.0740650604364403,
    "micro_ob_orderbook_imbalance_5": 0.05138345847750212,
    "micro_ob_orderbook_imbalance_10": 0.036395509825990775,
    "micro_ob_orderbook_imbalance_20": 0.07662155181759628,
    "micro_ob_orderbook_vwap": 132.7844174626732,
    "micro_ob_buy_impact_0.1": 0.0,
    "micro_ob_sell_impact_0.1": 0.0,
    "micro_ob_buy_impact_1.0": 0.0,
    "micro_ob_sell_impact_1.0": 0.0,
    "micro_ob_buy_impact_10.0": 0.0,
    "micro_ob_sell_impact_10.0": 0.0,
    "micro_ob_bid_depth_concentration": 0.5537618910348803,
    "micro_ob_ask_depth_concentration": 0.5825536852186084,
    "micro_ob_bid_levels": 15,
    "micro_ob_ask_levels": 15,
    "micro_ob_total_bid_volume": 25323.7,
    "micro_ob_total_ask_volume": 21719.2,
    "micro_ob_total_orderbook_volume": 47042.9,
    "micro_ob_order_flow_imbalance": 0.07662155181759628,
    "micro_ob_depth_imbalance_1": 0.035710095044393146,
    "micro_ob_depth_imbalance_5": 0.05138345847750212,
    "micro_ob_depth_imbalance_10": 0.036395509825990775,
    "micro_ob_depth_imbalance_20": 0.07662155181759628,
    "micro_fr_funding_rate_current": 0.0001,
    "micro_fr_funding_rate_abs": 0.0001,
    "micro_fr_funding_rate_mean": 0.0001,
    "micro_fr_funding_rate_std": 0.0,
    "micro_fr_funding_rate_min": 0.0001,
    "micro_fr_funding_rate_max": 0.0001,
    "micro_fr_funding_rate_skew": 0.0,
    "micro_fr_funding_rate_kurtosis": 0.0,
    "micro_fr_funding_rate_trend": -9.234190815370753e-21,
    "micro_fr_funding_rate_change": 0.0,
    "micro_fr_funding_rate_change_abs": 0.0,
    "micro_fr_funding_rate_positive": 1.0,
    "micro_fr_funding_rate_negative": 0.0,
    "micro_fr_funding_rate_high": 0.0,
    "micro_fr_funding_rate_extreme": 0.0,
    "micro_fr_hours_to_next_funding": 0.0,
    "micro_fr_funding_imminent": 1.0,
    "micro_vp_volume_current": 677.178,
    "micro_vp_volume_mean": 755.3349600000001,
    "micro_vp_volume_std": 647.0940230890859,
    "micro_vp_volume_max": 4593.496,
    "micro_vp_volume_sum": 75533.49600000001,
    "micro_vp_volume_ratio": 0.8965267541700968,
    "micro_vp_large_volume_trade": 0.0,
    "micro_vp_recent_vwap": 132.77113102324824,
    "micro_vp_price_vwap_deviation_pct": 0.006679898471455744,
    "micro_vp_price_clustering": 1.1102230246251565e-16,
    "micro_vp_volume_trend": -30.66010909090906,
    "micro_of_order_flow_imbalance": 0.07662155181759628,
    "micro_of_trade_flow_buy_pressure": 0.5383107759087982,
    "micro_of_trade_flow_sell_pressure": 0.4616892240912019,
    "micro_of_kyles_lambda_buy": 0.0,
    "micro_of_kyles_lambda_sell": 0.0,
    "micro_of_kyles_lambda_avg": 0.0,
    "micro_of_amihud_illiquidity": 0.02657676574732163,
    "micro_of_spread_dynamics_current": 0.007530971118718911,
    "micro_micro_funding_arbitrage": 0.0,
    "micro_micro_orderbook_pressure": 0.0,
    "micro_micro_liquidity_score": 1.0,
    "micro_micro_volume_spike": 0.0,
    "micro_micro_oi_divergence": 0.0,
    "micro_micro_composite_score": 0.2,
    "fee_maker_rate": 0.0002,
    "fee_taker_rate": 0.0008,
    "fee_round_trip_cost": 0.0016,
    "fee_breakeven_move_pct": 0.16,
    "fee_net_profit_threshold": 0.16
  },
  "output_prediction": {
    "signal": "SHORT",
    "confidence": 0.5648951564599789,
    "raw_model_outputs": {
      "xgboost": 0.12548744678497314,
      "lightgbm": 0.09719916990555405,
      "lstm": 0.4053019881248474,
      "random_forest": 0.27140449113459125,
      "weighted_average": 0.21755242177001058
    }
  },
  "regime_info": {
    "regime": "trend_weakening",
    "regime_confidence": 0.5587530380066815,
    "atr_ratio": 0.9389855975593607,
    "adx_value": 29.77970960849819,
    "is_exhausted": false,
    "is_weakening": true,
    "leverage_tier": "normal_volatility"
  },
  "explanation": "The short position in SOLUSDT is justified by a RSI of 58.5, indicating overbought conditions; MACD at 0.0917 suggests a bullish momentum shift; ADX at 29.8 indicates moderate strength; ensemble model averaging predicts a slight positive trend (0.22). These factors collectively suggest an opportunity to profit from potential price correction or market reversal.",
  "symbol": "cmt_solusdt",
  "position_size": 0.1,
  "risk_validation": {
    "checks_performed": [
      "Wash trading check: Same direction - allowed",
      "Risk check: Order passes all risk checks (leverage: 3x, risk: 6.23%)",
      "Trading status: Trading allowed within risk limits",
      "Leverage set: 3x"
    ],
    "all_checks_passed": true
  },
  "execution_details": {
    "order_type": "1",
    "side": "OPEN_SHORT",
    "price": 132.78,
    "leverage": 3,
    "client_oid": "4801fba3-984f-4c3f-afe9-a38e14459575",
    "symbol": "cmt_solusdt",
    "maker_fee_rate": 0.0002,
    "taker_fee_rate": 0.0008,
    "estimated_entry_fee": 0.031867200000000005,
    "estimated_exit_fee": 0.031867200000000005,
    "total_estimated_fees": 0.06373440000000001
  },
  "log_metadata": {
    "log_version": "2.3",
    "competition": "WEEX_AI_Trading_Hackathon_2025",
    "bot_name": "AlphaStrike",
    "compliance_status": "MANDATORY",
    "deepseek_enabled": true
  },
  "weex_response": {
    "code": "00000",
    "msg": "success",
    "request_time": 1767400230083,
    "data": "upload success",
    "upload_attempted": true,
    "upload_success": true,
    "upload_timestamp": "2026-01-03T00:30:30.001510Z",
    "error_details": null
  }
}