{
  "timestamp": "2026-01-03T13:42:58.152494Z",
  "order_id": "702326882183414701",
  "stage": "Decision Making",
  "model_version": "ollama:qwen2.5:1.5b+ensemble_v1.0",
  "input_features": {
    "tech_returns_1": -0.0381242851696606,
    "tech_returns_5": -0.10667479427005633,
    "tech_returns_15": -0.08383507354623454,
    "tech_returns_60": 0.39053526303698405,
    "tech_returns_240": -0.19792935444581383,
    "tech_returns_1440": 2.1844281479169783,
    "tech_rsi_14": 44.94963768576359,
    "tech_rsi_7": 31.067540528858274,
    "tech_macd": 0.034213389734475186,
    "tech_macd_signal": 0.05859251237678818,
    "tech_macd_hist": -0.024379122642312998,
    "tech_stoch_k": 4.5454545454504345,
    "tech_stoch_d": 14.7148173463967,
    "tech_ema_cross_9_21": 1.0,
    "tech_ema_cross_50_200": 1.0,
    "tech_ema_9": 131.18931373154143,
    "tech_ema_21": 131.17630816567234,
    "tech_ema_50": 131.0659251995731,
    "tech_price_ema_9_pct": -0.06808003563781462,
    "tech_price_ema_21_pct": -0.05817221626329737,
    "tech_adx": 32.947010505494454,
    "tech_adx_7": 58.53696113162431,
    "tech_adx_10": 42.86505043153076,
    "tech_adx_roc_5": -0.5309397436391521,
    "tech_adx_slope_3": -0.9982247530148634,
    "tech_adx_deceleration": 1.0609274619018372,
    "tech_plus_di": 19.04002511286972,
    "tech_minus_di": 34.056713679197806,
    "tech_di_crossover": 0.0,
    "tech_atr_14": 0.06400466150296225,
    "tech_atr_pct": 0.04882125209989492,
    "tech_atr_14_avg": 0.06447873141581681,
    "tech_bb_upper": 131.32617080817377,
    "tech_bb_lower": 131.09882919182624,
    "tech_bb_width": 0.17326216354960874,
    "tech_bb_position": 0.005149994939615599,
    "tech_volatility_20": 0.006688662329274731,
    "tech_volume_ratio": 0.8022016691088809,
    "tech_obv": 155396.1000000001,
    "tech_momentum_10": -0.09999999999999432,
    "tech_roc_10": -0.07621951219511924,
    "tech_high_low_range": 0.04576659038901776,
    "tech_body_ratio": 0.8333333319446024,
    "tech_swing_high_10": 131.31,
    "tech_swing_low_10": 131.09,
    "tech_price_vs_swing_high": -0.15992689056431952,
    "tech_price_vs_swing_low": 0.007628346937211767,
    "tech_swing_break_up": 0.0,
    "tech_swing_break_down": 0.0,
    "tech_volume_spike": 0.0,
    "tech_volume_spike_ratio": 0.8022016691088809,
    "micro_ob_best_bid_price": 131.09,
    "micro_ob_best_ask_price": 131.1,
    "micro_ob_best_bid_size": 2663.0,
    "micro_ob_best_ask_size": 2799.7,
    "micro_ob_spread_absolute": 0.009999999999990905,
    "micro_ob_spread_percentage": 0.007628055989924029,
    "micro_ob_bid_ask_size_ratio": 0.9511733400007144,
    "micro_ob_orderbook_imbalance_5": -0.34959309784258613,
    "micro_ob_orderbook_imbalance_10": -0.4914696462728281,
    "micro_ob_orderbook_imbalance_20": -0.5536210801376967,
    "micro_ob_orderbook_vwap": 131.13287209706138,
    "micro_ob_buy_impact_0.1": 0.0,
    "micro_ob_sell_impact_0.1": 0.0,
    "micro_ob_buy_impact_1.0": 0.0,
    "micro_ob_sell_impact_1.0": 0.0,
    "micro_ob_buy_impact_10.0": 0.0,
    "micro_ob_sell_impact_10.0": 0.0,
    "micro_ob_bid_depth_concentration": 0.572592464867661,
    "micro_ob_ask_depth_concentration": 0.34136729229161034,
    "micro_ob_bid_levels": 15,
    "micro_ob_ask_levels": 15,
    "micro_ob_total_bid_volume": 11599.0,
    "micro_ob_total_ask_volume": 40370.3,
    "micro_ob_total_orderbook_volume": 51969.3,
    "micro_ob_order_flow_imbalance": -0.5536210801376967,
    "micro_ob_depth_imbalance_1": -0.025024255404836403,
    "micro_ob_depth_imbalance_5": -0.34959309784258613,
    "micro_ob_depth_imbalance_10": -0.4914696462728281,
    "micro_ob_depth_imbalance_20": -0.5536210801376967,
    "micro_fr_funding_rate_current": 6.331e-05,
    "micro_fr_funding_rate_abs": 6.331e-05,
    "micro_fr_funding_rate_mean": 8.65435294117647e-05,
    "micro_fr_funding_rate_std": 1.2371217991858204e-05,
    "micro_fr_funding_rate_min": 6.331e-05,
    "micro_fr_funding_rate_max": 0.0001,
    "micro_fr_funding_rate_skew": -0.3663003325820863,
    "micro_fr_funding_rate_kurtosis": -1.3331603530829748,
    "micro_fr_funding_rate_trend": -1.7620000000000002e-06,
    "micro_fr_funding_rate_change": -1.8500000000000043e-06,
    "micro_fr_funding_rate_change_abs": 1.8500000000000043e-06,
    "micro_fr_funding_rate_positive": 1.0,
    "micro_fr_funding_rate_negative": 0.0,
    "micro_fr_funding_rate_high": 0.0,
    "micro_fr_funding_rate_extreme": 0.0,
    "micro_fr_hours_to_next_funding": 0.0,
    "micro_fr_funding_imminent": 1.0,
    "micro_vp_volume_current": 445.808,
    "micro_vp_volume_mean": 725.24895,
    "micro_vp_volume_std": 327.9088872749677,
    "micro_vp_volume_max": 1271.67,
    "micro_vp_volume_sum": 72524.895,
    "micro_vp_volume_ratio": 0.6146965121424857,
    "micro_vp_large_volume_trade": 0.0,
    "micro_vp_recent_vwap": 131.100677960168,
    "micro_vp_price_vwap_deviation_pct": 0.014738321824591514,
    "micro_vp_price_clustering": 2.3850833852277873,
    "micro_vp_volume_trend": -10.315315151515135,
    "micro_of_order_flow_imbalance": -0.5536210801376967,
    "micro_of_trade_flow_buy_pressure": 0.22318945993115163,
    "micro_of_trade_flow_sell_pressure": 0.7768105400688483,
    "micro_of_kyles_lambda_buy": 0.0,
    "micro_of_kyles_lambda_sell": 0.0,
    "micro_of_kyles_lambda_avg": 0.0,
    "micro_of_amihud_illiquidity": 0.02812291203446019,
    "micro_of_spread_dynamics_current": 0.007628055989924029,
    "micro_micro_funding_arbitrage": 0.0,
    "micro_micro_orderbook_pressure": -1.0,
    "micro_micro_liquidity_score": 1.0,
    "micro_micro_volume_spike": 0.0,
    "micro_micro_oi_divergence": 0.0,
    "micro_micro_composite_score": 0.5,
    "fee_maker_rate": 0.0002,
    "fee_taker_rate": 0.0008,
    "fee_round_trip_cost": 0.0016,
    "fee_breakeven_move_pct": 0.16,
    "fee_net_profit_threshold": 0.16
  },
  "output_prediction": {
    "signal": "SHORT",
    "confidence": 0.5565489549870994,
    "raw_model_outputs": {
      "xgboost": 0.11282046139240265,
      "lightgbm": 0.0916201568777067,
      "lstm": 0.3113037049770355,
      "random_forest": 0.435742085674639,
      "weighted_average": 0.22172552250645028
    }
  },
  "regime_info": {
    "regime": "trending",
    "regime_confidence": 0.6953641260659335,
    "atr_ratio": 0.9926476544676828,
    "adx_value": 32.947010505494454,
    "is_exhausted": false,
    "is_weakening": false,
    "leverage_tier": "normal_volatility"
  },
  "explanation": "The short position in SOLUSDT is justified by a combination of RSI at 44.9, MACD at 0.0342, ADX at 32.9, and an ensemble model average of 0.22. The low RSI suggests overbought conditions, while the balanced MACD with no significant divergence points to a potential reversal. The ADX within normal range indicates moderate market strength without extreme volatility, supporting a short entry strategy.",
  "symbol": "cmt_solusdt",
  "position_size": 0.1,
  "risk_validation": {
    "checks_performed": [
      "Wash trading check: No current position - any direction allowed",
      "Risk check: Order passes all risk checks (leverage: 4x, risk: 7.20%)",
      "Trading status: Trading allowed within risk limits",
      "Leverage set: 4x"
    ],
    "all_checks_passed": true
  },
  "execution_details": {
    "order_type": "1",
    "side": "OPEN_SHORT",
    "price": 131.1,
    "leverage": 4,
    "client_oid": "2c60a687-79a8-4b54-aa93-14631faa37f5",
    "symbol": "cmt_solusdt",
    "maker_fee_rate": 0.0002,
    "taker_fee_rate": 0.0008,
    "estimated_entry_fee": 0.041952,
    "estimated_exit_fee": 0.041952,
    "total_estimated_fees": 0.083904
  },
  "log_metadata": {
    "log_version": "2.4",
    "competition": "WEEX_AI_Trading_Hackathon_2025",
    "bot_name": "AlphaStrike",
    "compliance_status": "MANDATORY",
    "deepseek_enabled": true,
    "trading_style": "neutral"
  },
  "weex_response": {
    "code": "00000",
    "msg": "success",
    "request_time": 1767447778237,
    "data": "upload success",
    "upload_attempted": true,