{
  "timestamp": "2026-01-03T02:23:04.216638Z",
  "order_id": "702155773962093485",
  "stage": "Decision Making",
  "model_version": "ollama:qwen2.5:1.5b+ensemble_v1.0",
  "input_features": {
    "tech_returns_1": -0.00011089990838986097,
    "tech_returns_5": 0.049263871274840554,
    "tech_returns_15": 0.060699138671460595,
    "tech_returns_60": 0.12447367953525301,
    "tech_returns_240": 0.07980075339015791,
    "tech_returns_1440": 1.217343697426279,
    "tech_rsi_14": 59.69156096559028,
    "tech_rsi_7": 71.17756776050113,
    "tech_macd": 3.2248752837767825,
    "tech_macd_signal": -3.5126025033444916,
    "tech_macd_hist": 6.737477787121274,
    "tech_stoch_k": 96.63299663299685,
    "tech_stoch_d": 92.60148540657883,
    "tech_ema_cross_9_21": 1.0,
    "tech_ema_cross_50_200": 1.0,
    "tech_ema_9": 90135.50657185118,
    "tech_ema_21": 90128.84621397838,
    "tech_ema_50": 90124.26389612856,
    "tech_price_ema_9_pct": 0.039710686177033175,
    "tech_price_ema_21_pct": 0.04710343891547351,
    "tech_adx": 22.056730295796065,
    "tech_adx_7": 47.28338660661468,
    "tech_adx_10": 32.285755243448534,
    "tech_adx_roc_5": 7.057479683321144,
    "tech_adx_slope_3": 4.634470962081962,
    "tech_adx_deceleration": 2.270982078526975,
    "tech_plus_di": 51.00041519599417,
    "tech_minus_di": 16.9869611359838,
    "tech_di_crossover": 0.0,
    "tech_atr_14": 18.59009989022584,
    "tech_atr_pct": 0.02061642661270919,
    "tech_atr_14_avg": 24.565996441305234,
    "tech_bb_upper": 90164.84733545993,
    "tech_bb_lower": 90071.37266454007,
    "tech_bb_width": 0.10372462418469677,
    "tech_bb_position": 1.0690311554625236,
    "tech_volatility_20": 0.0036547054748727755,
    "tech_volume_ratio": 0.0014459109821227808,
    "tech_obv": 4575.2815999999975,
    "tech_momentum_10": 54.10000000000582,
    "tech_roc_10": 0.06003293488923145,
    "tech_high_low_range": 0.00011090003137502603,
    "tech_body_ratio": 0.999999999,
    "tech_swing_high_10": 90174.3,
    "tech_swing_low_10": 90100.7,
    "tech_price_vs_swing_high": -0.0033268902558711297,
    "tech_price_vs_swing_low": 0.0783567719229771,
    "tech_swing_break_up": 0.0,
    "tech_swing_break_down": 0.0,
    "tech_volume_spike": 0.0,
    "tech_volume_spike_ratio": 0.0014459109821227808,
    "micro_ob_best_bid_price": 90171.2,
    "micro_ob_best_ask_price": 90171.3,
    "micro_ob_best_bid_size": 2.9044,
    "micro_ob_best_ask_size": 2.6392,
    "micro_ob_spread_absolute": 0.10000000000582077,
    "micro_ob_spread_percentage": 0.00011090009288528301,
    "micro_ob_bid_ask_size_ratio": 1.1004849954531675,
    "micro_ob_orderbook_imbalance_5": -0.040830821323863384,
    "micro_ob_orderbook_imbalance_10": -0.07530016021310687,
    "micro_ob_orderbook_imbalance_20": -0.050389170896785095,
    "micro_ob_orderbook_vwap": 90171.14029008574,
    "micro_ob_buy_impact_0.1": 0.0,
    "micro_ob_sell_impact_0.1": 0.0,
    "micro_ob_buy_impact_1.0": 0.0,
    "micro_ob_sell_impact_1.0": 0.0,
    "micro_ob_buy_impact_10.0": 0.0001554652089767049,
    "micro_ob_sell_impact_10.0": 0.00020885936972953766,
    "micro_ob_bid_depth_concentration": 0.34490633500825585,
    "micro_ob_ask_depth_concentration": 0.33836195324162077,
    "micro_ob_bid_levels": 15,
    "micro_ob_ask_levels": 15,
    "micro_ob_total_bid_volume": 33.6732,
    "micro_ob_total_ask_volume": 37.2468,
    "micro_ob_total_orderbook_volume": 70.92,
    "micro_ob_order_flow_imbalance": -0.050389170896785095,
    "micro_ob_depth_imbalance_1": 0.04783894941914995,
    "micro_ob_depth_imbalance_5": -0.040830821323863384,
    "micro_ob_depth_imbalance_10": -0.07530016021310687,
    "micro_ob_depth_imbalance_20": -0.050389170896785095,
    "micro_fr_funding_rate_current": 1.944e-05,
    "micro_fr_funding_rate_abs": 1.944e-05,
    "micro_fr_funding_rate_mean": 3.4752099999999995e-05,
    "micro_fr_funding_rate_std": 6.9635311868333014e-06,
    "micro_fr_funding_rate_min": 1.944e-05,
    "micro_fr_funding_rate_max": 5.265e-05,
    "micro_fr_funding_rate_skew": 0.1265011180401461,
    "micro_fr_funding_rate_kurtosis": -0.5651169406364018,
    "micro_fr_funding_rate_trend": -1.2240000000000039e-06,
    "micro_fr_funding_rate_change": -7.500000000000013e-07,
    "micro_fr_funding_rate_change_abs": 7.500000000000013e-07,
    "micro_fr_funding_rate_positive": 1.0,
    "micro_fr_funding_rate_negative": 0.0,
    "micro_fr_funding_rate_high": 0.0,
    "micro_fr_funding_rate_extreme": 0.0,
    "micro_fr_hours_to_next_funding": 0.0,
    "micro_fr_funding_imminent": 1.0,
    "micro_vp_volume_current": 90.1713,
    "micro_vp_volume_mean": 226.87099499999997,
    "micro_vp_volume_std": 117.58088468743193,
    "micro_vp_volume_max": 423.80511,
    "micro_vp_volume_sum": 22687.099499999997,
    "micro_vp_volume_ratio": 0.39745627245122284,
    "micro_vp_large_volume_trade": 0.0,
    "micro_vp_recent_vwap": 90171.30166931821,
    "micro_vp_price_vwap_deviation_pct": -1.8512743861894845e-06,
    "micro_vp_price_clustering": 0.0,
    "micro_vp_volume_trend": -19.345842545454545,
    "micro_of_order_flow_imbalance": -0.050389170896785095,
    "micro_of_trade_flow_buy_pressure": 0.47480541455160746,
    "micro_of_trade_flow_sell_pressure": 0.5251945854483926,
    "micro_of_kyles_lambda_buy": 1.554652089767049e-05,
    "micro_of_kyles_lambda_sell": 2.0885936972953768e-05,
    "micro_of_kyles_lambda_avg": 1.821622893531213e-05,
    "micro_of_amihud_illiquidity": 0.020925924096591424,
    "micro_of_spread_dynamics_current": 0.00011090009288528301,
    "micro_micro_funding_arbitrage": 0.0,
    "micro_micro_orderbook_pressure": 0.0,
    "micro_micro_liquidity_score": 0.5,
    "micro_micro_volume_spike": 0.0,
    "micro_micro_oi_divergence": 0.0,
    "micro_micro_composite_score": 0.1,
    "fee_maker_rate": 0.0002,
    "fee_taker_rate": 0.0008,
    "fee_round_trip_cost": 0.0016,
    "fee_breakeven_move_pct": 0.16,
    "fee_net_profit_threshold": 0.16
  },
  "output_prediction": {
    "signal": "SHORT",
    "confidence": 0.5607951645745204,
    "raw_model_outputs": {
      "xgboost": 0.13941237330436707,
      "lightgbm": 0.11044237483112368,
      "lstm": 0.44920265674591064,
      "random_forest": 0.1893372242346945,
      "weighted_average": 0.21960241771273983
    }
  },
  "regime_info": {
    "regime": "ranging",
    "regime_confidence": 0.5,
    "atr_ratio": 0.756741129334712,
    "adx_value": 22.056730295796065,
    "is_exhausted": false,
    "is_weakening": false,
    "leverage_tier": "normal_volatility"
  },
  "explanation": "The short position in BTCUSDT is justified by a combination of RSI at 59.7, MACD at 3.2249, ADX at 22.1, and an ensemble average model prediction of +0.22. The rising RSI suggests overbought conditions, while the lower MACD and ADX indicate potential for a pullback or reversal in price action. This combination points towards a bearish trend that aligns with the technical indicators, making this a strong signal to short BTCUSDT.",
  "symbol": "cmt_btcusdt",
  "position_size": 0.0001,
  "risk_validation": {
    "checks_performed": [
      "Wash trading check: No current position - any direction allowed",
      "Risk check: Order passes all risk checks (leverage: 4x, risk: 7.09%)",
      "Trading status: Trading allowed within risk limits",
      "Leverage set: 4x"
    ],
    "all_checks_passed": true
  },
  "execution_details": {
    "order_type": "1",
    "side": "OPEN_SHORT",
    "price": 90171.3,
    "leverage": 4,
    "client_oid": "a2b701f0-dcdc-4c88-9464-a647f94b0ee4",
    "symbol": "cmt_btcusdt",
    "maker_fee_rate": 0.0002,
    "taker_fee_rate": 0.0008,
    "estimated_entry_fee": 0.028854816000000002,
    "estimated_exit_fee": 0.028854816000000002,
    "total_estimated_fees": 0.057709632000000004
  },
  "log_metadata": {
    "log_version": "2.3",
    "competition": "WEEX_AI_Trading_Hackathon_2025",
    "bot_name": "AlphaStrike",
    "compliance_status": "MANDATORY",
    "deepseek_enabled": true
  },
  "weex_response": {
    "code": "00000",