{
  "timestamp": "2026-01-03T13:40:48.541675Z",
  "order_id": "702326339520168877",
  "stage": "Decision Making",
  "model_version": "ollama:qwen2.5:1.5b+exit_manager_v1",
  "input_features": {
    "tech_returns_1": -0.03348681456676328,
    "tech_returns_5": 0.021907357650485793,
    "tech_returns_15": 0.052851737984283,
    "tech_returns_60": 0.27259044899909934,
    "tech_returns_240": -0.3827901648917664,
    "tech_returns_1440": 1.758635629603384,
    "tech_rsi_14": 55.94407308395371,
    "tech_rsi_7": 56.548578606218655,
    "tech_macd": 0.6854581129291546,
    "tech_macd_signal": 0.5369077817502188,
    "tech_macd_hist": 0.1485503311789358,
    "tech_stoch_k": 59.9099099099059,
    "tech_stoch_d": 80.40164465636367,
    "tech_ema_cross_9_21": 1.0,
    "tech_ema_cross_50_200": -1.0,
    "tech_ema_9": 3104.2709635528163,
    "tech_ema_21": 3103.592195013608,
    "tech_ema_50": 3102.345294743355,
    "tech_price_ema_9_pct": 0.012532296689021036,
    "tech_price_ema_21_pct": 0.034405454044748894,
    "tech_adx": 32.66001649070546,
    "tech_adx_7": 60.925515108545376,
    "tech_adx_10": 45.43516893855141,
    "tech_adx_roc_5": 13.771270646035486,
    "tech_adx_slope_3": 3.5914486566431414,
    "tech_adx_deceleration": 0.1075469383947869,
    "tech_plus_di": 44.147724053140806,
    "tech_minus_di": 14.428509808028684,
    "tech_di_crossover": 0.0,
    "tech_atr_14": 1.1163393752666817,
    "tech_atr_pct": 0.035956896254877566,
    "tech_atr_14_avg": 1.2395385978325535,
    "tech_bb_upper": 3105.865161805419,
    "tech_bb_lower": 3101.47083819458,
    "tech_bb_width": 0.14158484769759236,
    "tech_bb_position": 0.7257457774737734,
    "tech_volatility_20": 0.005623291841629696,
    "tech_volume_ratio": 0.42132891060890293,
    "tech_obv": 18167.160999999993,
    "tech_momentum_10": 2.149999999999636,
    "tech_roc_10": 0.06929872909353652,
    "tech_high_low_range": 0.03382012845207469,
    "tech_body_ratio": 0.9904761903816531,
    "tech_swing_high_10": 3106.44,
    "tech_swing_low_10": 3102.0,
    "tech_price_vs_swing_high": -0.0573003180489628,
    "tech_price_vs_swing_low": 0.0857511283043151,
    "tech_swing_break_up": 0.0,
    "tech_swing_break_down": 0.0,
    "tech_volume_spike": 0.0,
    "tech_volume_spike_ratio": 0.42132891060890293,
    "micro_ob_best_bid_price": 3104.65,
    "micro_ob_best_ask_price": 3104.66,
    "micro_ob_best_bid_size": 46.39,
    "micro_ob_best_ask_size": 41.05,
    "micro_ob_spread_absolute": 0.009999999999763531,
    "micro_ob_spread_percentage": 0.0003220969801721458,
    "micro_ob_bid_ask_size_ratio": 1.1300852618757613,
    "micro_ob_orderbook_imbalance_5": -0.24210674143214675,
    "micro_ob_orderbook_imbalance_10": -0.24243173844422536,
    "micro_ob_orderbook_imbalance_20": -0.17449210051675895,
    "micro_ob_orderbook_vwap": 3104.67251911881,
    "micro_ob_buy_impact_0.1": 0.0,
    "micro_ob_sell_impact_0.1": 0.0,
    "micro_ob_buy_impact_1.0": 0.0,
    "micro_ob_sell_impact_1.0": 0.0,
    "micro_ob_buy_impact_10.0": 0.0,
    "micro_ob_sell_impact_10.0": 0.0,
    "micro_ob_bid_depth_concentration": 0.4840939816624272,
    "micro_ob_ask_depth_concentration": 0.5576371406826298,
    "micro_ob_bid_levels": 15,
    "micro_ob_ask_levels": 15,
    "micro_ob_total_bid_volume": 156.073,
    "micro_ob_total_ask_volume": 222.053,
    "micro_ob_total_orderbook_volume": 378.126,
    "micro_ob_order_flow_imbalance": -0.17449210051675895,
    "micro_ob_depth_imbalance_1": 0.06107044830741084,
    "micro_ob_depth_imbalance_5": -0.24210674143214675,
    "micro_ob_depth_imbalance_10": -0.24243173844422536,
    "micro_ob_depth_imbalance_20": -0.17449210051675895,
    "micro_fr_funding_rate_current": 5.338e-05,
    "micro_fr_funding_rate_abs": 5.338e-05,
    "micro_fr_funding_rate_mean": 7.129575757575758e-05,
    "micro_fr_funding_rate_std": 7.93817971284045e-06,
    "micro_fr_funding_rate_min": 5.338e-05,
    "micro_fr_funding_rate_max": 8.019e-05,
    "micro_fr_funding_rate_skew": -0.7549613423774897,
    "micro_fr_funding_rate_kurtosis": -0.6385905735738979,
    "micro_fr_funding_rate_trend": -1.5110000000000062e-06,
    "micro_fr_funding_rate_change": -2.0500000000000024e-06,
    "micro_fr_funding_rate_change_abs": 2.0500000000000024e-06,
    "micro_fr_funding_rate_positive": 1.0,
    "micro_fr_funding_rate_negative": 0.0,
    "micro_fr_funding_rate_high": 0.0,
    "micro_fr_funding_rate_extreme": 0.0,
    "micro_fr_hours_to_next_funding": 0.0,
    "micro_fr_funding_imminent": 1.0,
    "micro_vp_volume_current": 93.1524,
    "micro_vp_volume_mean": 272.38903419999997,
    "micro_vp_volume_std": 1163.053578013268,
    "micro_vp_volume_max": 9317.26472,
    "micro_vp_volume_sum": 27238.903419999995,
    "micro_vp_volume_ratio": 0.3419829299427797,
    "micro_vp_large_volume_trade": 0.0,
    "micro_vp_recent_vwap": 3104.856203605769,
    "micro_vp_price_vwap_deviation_pct": 0.007207947149719892,
    "micro_vp_price_clustering": 0.03144278399910354,
    "micro_vp_volume_trend": 7.960306848484847,
    "micro_of_order_flow_imbalance": -0.17449210051675895,
    "micro_of_trade_flow_buy_pressure": 0.41275394974162055,
    "micro_of_trade_flow_sell_pressure": 0.5872460502583795,
    "micro_of_kyles_lambda_buy": 0.0,
    "micro_of_kyles_lambda_sell": 0.0,
    "micro_of_kyles_lambda_avg": 0.0,
    "micro_of_amihud_illiquidity": 0.07979331959993119,
    "micro_of_spread_dynamics_current": 0.0003220969801721458,
    "micro_micro_funding_arbitrage": 0.0,
    "micro_micro_orderbook_pressure": -0.5,
    "micro_micro_liquidity_score": 0.75,
    "micro_micro_volume_spike": 0.0,
    "micro_micro_oi_divergence": 0.0,
    "micro_micro_composite_score": 0.30000000000000004,
    "fee_maker_rate": 0.0002,
    "fee_taker_rate": 0.0008,
    "fee_round_trip_cost": 0.0016,
    "fee_breakeven_move_pct": 0.16,
    "fee_net_profit_threshold": 0.16,
    "exit_trigger": true,
    "exit_reason": "Trailing stop hit: 3104.87 >= 3104.50",
    "position_side": "SHORT",
    "entry_price": 3102.0,
    "exit_price": 3104.87,
    "position_size": 0.007,
    "hold_duration_hours": 0.11889440861111111
  },
  "output_prediction": {
    "signal": "EXIT_SHORT",
    "confidence": 1.0,
    "raw_model_outputs": {
      "action": "exit"
    }
  },
  "regime_info": {
    "regime": "unknown",
    "regime_confidence": 0.0,
    "atr_ratio": 1.0,
    "adx_value": 0.0,
    "is_exhausted": false,
    "is_weakening": false,
    "leverage_tier": "unknown"
  },
  "explanation": "The ETHUSDT position is exiting short due to a strong bearish divergence in RSI, MACD showing no clear trend, and ADX indicating weak market strength. The confidence level is at 100%, suggesting this decision aligns closely with current technical conditions.",
  "symbol": "cmt_ethusdt",
  "position_size": 0.007,
  "risk_validation": {
    "checks_performed": [
      "Risk check: Close order - bypassing risk checks for position exit",
      "Trading status: Trading allowed within risk limits",
      "Leverage set: 3x"
    ],
    "all_checks_passed": true
  },
  "execution_details": {
    "order_type": "1",
    "side": "CLOSE_SHORT",
    "price": 3104.87,
    "leverage": 3,
    "client_oid": "720c4291-93ef-4727-953d-20459f375dcf",
    "symbol": "cmt_ethusdt",
    "maker_fee_rate": 0.0002,
    "taker_fee_rate": 0.0008,
    "estimated_entry_fee": 0.052161816,
    "estimated_exit_fee": 0.052161816,
    "total_estimated_fees": 0.104323632
  },
  "log_metadata": {
    "log_version": "2.4",
    "competition": "WEEX_AI_Trading_Hackathon_2025",
    "bot_name": "AlphaStrike",
    "compliance_status": "MANDATORY",
    "deepseek_enabled": true,
    "trading_style": "neutral"
  },
  "weex_response": {
    "code": "00000",
    "msg": "success",
    "request_time": 1767447648628,
    "data": "upload success",
    "upload_attempted": true,
    "upload_success": true,
    "upload_timestamp": "2026-01-03T13:40:48.541802Z",
    "error_details": null
  }
}