{
  "timestamp": "2026-01-03T00:06:28.269376Z",
  "order_id": "702121404128035757",
  "stage": "Decision Making",
  "model_version": "ollama:qwen2.5:1.5b+exit_manager_v1",
  "input_features": {
    "tech_returns_1": -0.02442598925256334,
    "tech_returns_5": 0.0,
    "tech_returns_15": 0.07334963325182908,
    "tech_returns_60": -0.15855592145382902,
    "tech_returns_240": 0.701193258703392,
    "tech_returns_1440": 3.2789009849663056,
    "tech_rsi_14": 53.39580076082975,
    "tech_rsi_7": 54.19981490062267,
    "tech_macd": 0.011345647663119962,
    "tech_macd_signal": 0.0009090816779824759,
    "tech_macd_hist": 0.010436565985137486,
    "tech_stoch_k": 77.77777777777514,
    "tech_stoch_d": 85.18518518518084,
    "tech_ema_cross_9_21": 1.0,
    "tech_ema_cross_50_200": 1.0,
    "tech_ema_9": 81.85967123272505,
    "tech_ema_21": 81.8417022597215,
    "tech_ema_50": 81.85495652094372,
    "tech_price_ema_9_pct": 0.00040162300923016734,
    "tech_price_ema_21_pct": 0.022357477634606538,
    "tech_adx": 34.95125912458831,
    "tech_adx_7": 33.27474865591594,
    "tech_adx_10": 37.9761702038631,
    "tech_adx_roc_5": -1.4614842187819121,
    "tech_adx_slope_3": -2.381559777921556,
    "tech_adx_deceleration": -1.1470173118973932,
    "tech_plus_di": 29.984045480344456,
    "tech_minus_di": 19.7502887400229,
    "tech_di_crossover": 0.0,
    "tech_atr_14": 0.033126137159885265,
    "tech_atr_pct": 0.04046681793291628,
    "tech_atr_14_avg": 0.036856397508863506,
    "tech_bb_upper": 81.91892045907373,
    "tech_bb_lower": 81.73107954092627,
    "tech_bb_width": 0.2295642140512778,
    "tech_bb_position": 0.6863278797036173,
    "tech_volatility_20": 0.005308897699871832,
    "tech_volume_ratio": 0.24128790077591375,
    "tech_obv": 31713.5,
    "tech_momentum_10": 0.09000000000000341,
    "tech_roc_10": 0.1100648159471751,
    "tech_high_low_range": 0.024431956999750818,
    "tech_body_ratio": 0.9999999949999999,
    "tech_swing_high_10": 81.9,
    "tech_swing_low_10": 81.77,
    "tech_price_vs_swing_high": -0.04884004884005647,
    "tech_price_vs_swing_low": 0.11006481594717306,
    "tech_swing_break_up": 0.0,
    "tech_swing_break_down": 0.0,
    "tech_volume_spike": 0.0,
    "tech_volume_spike_ratio": 0.24128790077591375,
    "micro_ob_best_bid_price": 81.87,
    "micro_ob_best_ask_price": 81.88,
    "micro_ob_best_bid_size": 3468.8,
    "micro_ob_best_ask_size": 3360.6,
    "micro_ob_spread_absolute": 0.009999999999990905,
    "micro_ob_spread_percentage": 0.01221374045800416,
    "micro_ob_bid_ask_size_ratio": 1.0321966315538893,
    "micro_ob_orderbook_imbalance_5": 0.15059366509100383,
    "micro_ob_orderbook_imbalance_10": 0.1854335475458695,
    "micro_ob_orderbook_imbalance_20": 0.1803287200498462,
    "micro_ob_orderbook_vwap": 81.83430109735987,
    "micro_ob_buy_impact_0.1": 0.0,
    "micro_ob_sell_impact_0.1": 0.0,
    "micro_ob_buy_impact_1.0": 0.0,
    "micro_ob_sell_impact_1.0": 0.0,
    "micro_ob_buy_impact_10.0": 0.0,
    "micro_ob_sell_impact_10.0": 0.0,
    "micro_ob_bid_depth_concentration": 0.6181240127172022,
    "micro_ob_ask_depth_concentration": 0.6571013941917316,
    "micro_ob_bid_levels": 15,
    "micro_ob_ask_levels": 15,
    "micro_ob_total_bid_volume": 25005.5,
    "micro_ob_total_ask_volume": 17364.899999999998,
    "micro_ob_total_orderbook_volume": 42370.399999999994,
    "micro_ob_order_flow_imbalance": 0.1803287200498462,
    "micro_ob_depth_imbalance_1": 0.015843265879872358,
    "micro_ob_depth_imbalance_5": 0.15059366509100383,
    "micro_ob_depth_imbalance_10": 0.1854335475458695,
    "micro_ob_depth_imbalance_20": 0.1803287200498462,
    "micro_fr_funding_rate_current": 0.0001,
    "micro_fr_funding_rate_abs": 0.0001,
    "micro_fr_funding_rate_mean": 9.55137e-05,
    "micro_fr_funding_rate_std": 1.1078143044301245e-05,
    "micro_fr_funding_rate_min": 5.825e-05,
    "micro_fr_funding_rate_max": 0.0001,
    "micro_fr_funding_rate_skew": -2.334379912820744,
    "micro_fr_funding_rate_kurtosis": 3.896782005933618,
    "micro_fr_funding_rate_trend": -9.234190815370753e-21,
    "micro_fr_funding_rate_change": 0.0,
    "micro_fr_funding_rate_change_abs": 0.0,
    "micro_fr_funding_rate_positive": 1.0,
    "micro_fr_funding_rate_negative": 0.0,
    "micro_fr_funding_rate_high": 0.0,
    "micro_fr_funding_rate_extreme": 0.0,
    "micro_fr_hours_to_next_funding": 0.0,
    "micro_fr_funding_imminent": 1.0,
    "micro_vp_volume_current": 139.23,
    "micro_vp_volume_mean": 386.8670199999999,
    "micro_vp_volume_std": 185.38454752842696,
    "micro_vp_volume_max": 720.544,
    "micro_vp_volume_sum": 38686.70199999999,
    "micro_vp_volume_ratio": 0.35989110676841884,
    "micro_vp_large_volume_trade": 0.0,
    "micro_vp_recent_vwap": 81.87661869497174,
    "micro_vp_price_vwap_deviation_pct": 0.02855675454231014,
    "micro_vp_price_clustering": 0.8282980405083857,
    "micro_vp_volume_trend": -2.9206424242424225,
    "micro_of_order_flow_imbalance": 0.1803287200498462,
    "micro_of_trade_flow_buy_pressure": 0.5901643600249231,
    "micro_of_trade_flow_sell_pressure": 0.40983563997507694,
    "micro_of_kyles_lambda_buy": 0.0,
    "micro_of_kyles_lambda_sell": 0.0,
    "micro_of_kyles_lambda_avg": 0.0,
    "micro_of_amihud_illiquidity": 0.05509461564840453,
    "micro_of_spread_dynamics_current": 0.01221374045800416,
    "micro_micro_funding_arbitrage": 0.0,
    "micro_micro_orderbook_pressure": 0.5,
    "micro_micro_liquidity_score": 1.0,
    "micro_micro_volume_spike": 0.0,
    "micro_micro_oi_divergence": 0.0,
    "micro_micro_composite_score": 0.35,
    "fee_maker_rate": 0.0002,
    "fee_taker_rate": 0.0008,
    "fee_round_trip_cost": 0.0016,
    "fee_breakeven_move_pct": 0.16,
    "fee_net_profit_threshold": 0.16,
    "exit_trigger": true,
    "exit_reason": "Trailing stop hit: 81.87 >= 81.87",
    "position_side": "SHORT",
    "entry_price": 81.79,
    "exit_price": 81.87,
    "position_size": 0.1,
    "hold_duration_hours": 0.2726596333333333
  },
  "output_prediction": {
    "signal": "EXIT_SHORT",
    "confidence": 1.0,
    "raw_model_outputs": {
      "action": "exit"
    }
  },
  "regime_info": {
    "regime": "unknown",
    "regime_confidence": 0.0,
    "atr_ratio": 1.0,
    "adx_value": 0.0,
    "is_exhausted": false,
    "is_weakening": false,
    "leverage_tier": "unknown"
  },
  "explanation": "LTCUSDT EXIT_SHORT: The RSI at 53.4 is approaching oversold levels, suggesting a potential reversal. The MACD shows a bullish crossover, indicating an upward trend. ADX at 35 indicates weak market momentum but still within normal range. These indicators point to a favorable entry for shorting LTCUSDT with high confidence (100%).",
  "symbol": "cmt_ltcusdt",
  "position_size": 0.1,
  "risk_validation": {
    "checks_performed": [
      "Risk check: Close order - bypassing risk checks for position exit",
      "Trading status: Trading allowed within risk limits",
      "Leverage set: 5x"
    ],
    "all_checks_passed": true
  },
  "execution_details": {
    "order_type": "1",
    "side": "CLOSE_SHORT",
    "price": 81.87,
    "leverage": 5,
    "client_oid": "eb259ef2-4e12-4996-bd17-5576f8fa8b62",
    "symbol": "cmt_ltcusdt",
    "maker_fee_rate": 0.0002,
    "taker_fee_rate": 0.0008,
    "estimated_entry_fee": 0.032748000000000006,
    "estimated_exit_fee": 0.032748000000000006,
    "total_estimated_fees": 0.06549600000000001
  },
  "log_metadata": {
    "log_version": "2.3",
    "competition": "WEEX_AI_Trading_Hackathon_2025",
    "bot_name": "AlphaStrike",
    "compliance_status": "MANDATORY",
    "deepseek_enabled": true
  },
  "weex_response": {
    "code": "00000",
    "msg": "success",
    "request_time": 1767398788352,
    "data": "upload success",
    "upload_attempted": true,
    "upload_success": true,
    "upload_timestamp": "2026-01-03T00:06:28.269453Z",
    "error_details": null
  }
}