{
  "timestamp": "2026-01-03T00:26:02.483047Z",
  "order_id": "702126329050432429",
  "stage": "Decision Making",
  "model_version": "ollama:qwen2.5:1.5b+ensemble_v1.0",
  "input_features": {
    "tech_returns_1": 0.0,
    "tech_returns_5": 0.07627858362011519,
    "tech_returns_15": -0.05962969625498138,
    "tech_returns_60": 0.08607201358470373,
    "tech_returns_240": 0.1008770856643526,
    "tech_returns_1440": 1.217343697426279,
    "tech_rsi_14": 55.09637833538854,
    "tech_rsi_7": 58.628246611114086,
    "tech_macd": 4.465545998056768,
    "tech_macd_signal": 0.9586153266491784,
    "tech_macd_hist": 3.50693067140759,
    "tech_stoch_k": 62.42897727273218,
    "tech_stoch_d": 65.44816969929752,
    "tech_ema_cross_9_21": 1.0,
    "tech_ema_cross_50_200": -1.0,
    "tech_ema_9": 89982.17942562615,
    "tech_ema_21": 89976.73515410228,
    "tech_ema_50": 89974.75663075307,
    "tech_price_ema_9_pct": 0.022138355062095154,
    "tech_price_ema_21_pct": 0.02819044929145715,
    "tech_adx": 43.49461872572517,
    "tech_adx_7": 70.90617753195303,
    "tech_adx_10": 55.239160355477246,
    "tech_adx_roc_5": -1.1846406795785782,
    "tech_adx_slope_3": 2.0617035300654294,
    "tech_adx_deceleration": 0.0003211414536110624,
    "tech_plus_di": 55.56802757864558,
    "tech_minus_di": 15.701142631343037,
    "tech_di_crossover": 0.0,
    "tech_atr_14": 25.176419839074637,
    "tech_atr_pct": 0.027973147114428033,
    "tech_atr_14_avg": 23.724563447100895,
    "tech_bb_upper": 90104.36375861941,
    "tech_bb_lower": 89874.9262413806,
    "tech_bb_width": 0.2549599092637936,
    "tech_bb_position": 0.554284931906049,
    "tech_volatility_20": 0.005665506542181614,
    "tech_volume_ratio": 0.0009337401511011268,
    "tech_obv": 4768.088600000003,
    "tech_momentum_10": 65.90000000000873,
    "tech_roc_10": 0.0732741654639657,
    "tech_high_low_range": 0.0,
    "tech_body_ratio": 0.0,
    "tech_swing_high_10": 90053.4,
    "tech_swing_low_10": 89914.2,
    "tech_price_vs_swing_high": -0.05696620005462132,
    "tech_price_vs_swing_low": 0.09775986440407491,
    "tech_swing_break_up": 0.0,
    "tech_swing_break_down": 0.0,
    "tech_volume_spike": 0.0,
    "tech_volume_spike_ratio": 0.0009337401511011268,
    "micro_ob_best_bid_price": 90002.0,
    "micro_ob_best_ask_price": 90002.1,
    "micro_ob_best_bid_size": 2.6177,
    "micro_ob_best_ask_size": 2.6765,
    "micro_ob_spread_absolute": 0.10000000000582077,
    "micro_ob_spread_percentage": 0.00011110858031102709,
    "micro_ob_bid_ask_size_ratio": 0.9780310106482347,
    "micro_ob_orderbook_imbalance_5": -0.0969422745957324,
    "micro_ob_orderbook_imbalance_10": -0.12222709498227531,
    "micro_ob_orderbook_imbalance_20": -0.07396886507945045,
    "micro_ob_orderbook_vwap": 90001.93916054523,
    "micro_ob_buy_impact_0.1": 0.0,
    "micro_ob_sell_impact_0.1": 0.0,
    "micro_ob_buy_impact_1.0": 0.0,
    "micro_ob_sell_impact_1.0": 0.0,
    "micro_ob_buy_impact_10.0": 0.00016025626067851605,
    "micro_ob_sell_impact_10.0": 0.0004176429412701573,
    "micro_ob_bid_depth_concentration": 0.34734107325942903,
    "micro_ob_ask_depth_concentration": 0.3637963196081572,
    "micro_ob_bid_levels": 15,
    "micro_ob_ask_levels": 15,
    "micro_ob_total_bid_volume": 30.1381,
    "micro_ob_total_ask_volume": 34.9528,
    "micro_ob_total_orderbook_volume": 65.0909,
    "micro_ob_order_flow_imbalance": -0.07396886507945045,
    "micro_ob_depth_imbalance_1": -0.011106493898983745,
    "micro_ob_depth_imbalance_5": -0.0969422745957324,
    "micro_ob_depth_imbalance_10": -0.12222709498227531,
    "micro_ob_depth_imbalance_20": -0.07396886507945045,
    "micro_fr_funding_rate_current": 2.908e-05,
    "micro_fr_funding_rate_abs": 2.908e-05,
    "micro_fr_funding_rate_mean": 4.19891e-05,
    "micro_fr_funding_rate_std": 9.944196407452942e-06,
    "micro_fr_funding_rate_min": 2.908e-05,
    "micro_fr_funding_rate_max": 6.675e-05,
    "micro_fr_funding_rate_skew": 0.8147831318231357,
    "micro_fr_funding_rate_kurtosis": -0.3130178371191459,
    "micro_fr_funding_rate_trend": -4.000000000000038e-07,
    "micro_fr_funding_rate_change": -1.979999999999998e-06,
    "micro_fr_funding_rate_change_abs": 1.979999999999998e-06,
    "micro_fr_funding_rate_positive": 1.0,
    "micro_fr_funding_rate_negative": 0.0,
    "micro_fr_funding_rate_high": 0.0,
    "micro_fr_funding_rate_extreme": 0.0,
    "micro_fr_hours_to_next_funding": 0.0,
    "micro_fr_funding_imminent": 1.0,
    "micro_vp_volume_current": 216.02184,
    "micro_vp_volume_mean": 1875.0406546,
    "micro_vp_volume_std": 14351.20373307191,
    "micro_vp_volume_max": 144293.45088,
    "micro_vp_volume_sum": 187504.06545999998,
    "micro_vp_volume_ratio": 0.11520914998298193,
    "micro_vp_large_volume_trade": 0.0,
    "micro_vp_recent_vwap": 90003.39149380499,
    "micro_vp_price_vwap_deviation_pct": 0.006342545653308059,
    "micro_vp_price_clustering": 0.0,
    "micro_vp_volume_trend": 5.236893090909091,
    "micro_of_order_flow_imbalance": -0.07396886507945045,
    "micro_of_trade_flow_buy_pressure": 0.4630155674602748,
    "micro_of_trade_flow_sell_pressure": 0.5369844325397253,
    "micro_of_kyles_lambda_buy": 1.6025626067851604e-05,
    "micro_of_kyles_lambda_sell": 4.176429412701573e-05,
    "micro_of_kyles_lambda_avg": 2.8894960097433666e-05,
    "micro_of_amihud_illiquidity": 0.014109669625428265,
    "micro_of_spread_dynamics_current": 0.00011110858031102709,
    "micro_micro_funding_arbitrage": 0.0,
    "micro_micro_orderbook_pressure": 0.0,
    "micro_micro_liquidity_score": 0.5,
    "micro_micro_volume_spike": 0.0,
    "micro_micro_oi_divergence": 0.0,
    "micro_micro_composite_score": 0.1,
    "fee_maker_rate": 0.0002,
    "fee_taker_rate": 0.0008,
    "fee_round_trip_cost": 0.0016,
    "fee_breakeven_move_pct": 0.16,
    "fee_net_profit_threshold": 0.16
  },
  "output_prediction": {
    "signal": "SHORT",
    "confidence": 0.5186500760869102,
    "raw_model_outputs": {
      "xgboost": 0.17891263961791992,
      "lightgbm": 0.14080739101996217,
      "lstm": 0.39409172534942627,
      "random_forest": 0.2663819511688188,
      "weighted_average": 0.24067496195654492
    }
  },
  "regime_info": {
    "regime": "trending",
    "regime_confidence": 0.8219354247087021,
    "atr_ratio": 1.061196337509475,
    "adx_value": 43.49461872572517,
    "is_exhausted": false,
    "is_weakening": false,
    "leverage_tier": "elevated_volatility"
  },
  "explanation": "The short BTCUSDT position is based on a combination of RSI at 55.1, MACD at 4.4655, ADX at 43.5, and an ensemble average model score of 0.24. The high RSI suggests overbought conditions, while the low MACD and ADX indicate weak momentum, signaling a potential sell signal.",
  "symbol": "cmt_btcusdt",
  "position_size": 0.0001,
  "risk_validation": {
    "checks_performed": [
      "Wash trading check: Same direction - allowed",
      "Risk check: Order passes all risk checks (leverage: 4x, risk: 6.67%)",
      "Trading status: Trading allowed within risk limits",
      "Leverage set: 4x"
    ],
    "all_checks_passed": true
  },
  "execution_details": {
    "order_type": "1",
    "side": "OPEN_SHORT",
    "price": 90002.1,
    "leverage": 4,
    "client_oid": "50c033ac-6f15-478f-97ef-7c83bb700243",
    "symbol": "cmt_btcusdt",
    "maker_fee_rate": 0.0002,
    "taker_fee_rate": 0.0008,
    "estimated_entry_fee": 0.028800672000000003,
    "estimated_exit_fee": 0.028800672000000003,
    "total_estimated_fees": 0.057601344000000006
  },
  "log_metadata": {
    "log_version": "2.3",
    "competition": "WEEX_AI_Trading_Hackathon_2025",
    "bot_name": "AlphaStrike",
    "compliance_status": "MANDATORY",
    "deepseek_enabled": true
  },
  "weex_response": {
    "code": "00000",
    "msg": "success",
    "request_time": 1767399962567,
    "data": "upload success",
    "upload_attempted": true,
    "upload_success": true,
    "upload_timestamp": "2026-01-03T00:26:02.483127Z",
    "error_details": null
  }
}