{
  "timestamp": "2026-01-03T00:11:45.037322Z",
  "order_id": "702122733219087277",
  "stage": "Decision Making",
  "model_version": "ollama:qwen2.5:1.5b+ensemble_v1.0",
  "input_features": {
    "tech_returns_1": 0.0271539288340783,
    "tech_returns_5": 0.11323874123814193,
    "tech_returns_15": 0.2938173567782254,
    "tech_returns_60": -0.07572675075726565,
    "tech_returns_240": 0.0362085157903147,
    "tech_returns_1440": 0.15519497816847133,
    "tech_rsi_14": 75.44145404816086,
    "tech_rsi_7": 87.91127385907853,
    "tech_macd": 0.36470015134352707,
    "tech_macd_signal": 0.13592234230876035,
    "tech_macd_hist": 0.22877780903476672,
    "tech_stoch_k": 98.00000000000182,
    "tech_stoch_d": 95.74358974358982,
    "tech_ema_cross_9_21": 1.0,
    "tech_ema_cross_50_200": -1.0,
    "tech_ema_9": 883.3097099553886,
    "tech_ema_21": 882.8197193143262,
    "tech_ema_50": 882.8854514185526,
    "tech_price_ema_9_pct": 0.08833708446959583,
    "tech_price_ema_21_pct": 0.14388902489178879,
    "tech_adx": 70.13712564913376,
    "tech_adx_7": 93.43006756101317,
    "tech_adx_10": 85.98957113851941,
    "tech_adx_roc_5": 15.215674695418997,
    "tech_adx_slope_3": 3.1913902479555816,
    "tech_adx_deceleration": 0.18095233184844517,
    "tech_plus_di": 63.39216031231033,
    "tech_minus_di": 3.1444260032242237,
    "tech_di_crossover": 0.0,
    "tech_atr_14": 0.2800939671641231,
    "tech_atr_pct": 0.031681612410967556,
    "tech_atr_14_avg": 0.2501177489785016,
    "tech_bb_upper": 884.2726431406898,
    "tech_bb_lower": 880.6323568593102,
    "tech_bb_width": 0.4125192326362644,
    "tech_bb_position": 0.9498272590197205,
    "tech_volatility_20": 0.0038433214769104866,
    "tech_volume_ratio": 0.6686246328813348,
    "tech_obv": 17371.300000000003,
    "tech_momentum_10": 1.5199999999999818,
    "tech_roc_10": 0.17222429948899887,
    "tech_high_low_range": 0.03280209028492163,
    "tech_body_ratio": 0.8275862066113123,
    "tech_swing_high_10": 884.14,
    "tech_swing_low_10": 882.57,
    "tech_price_vs_swing_high": -0.005655212975315508,
    "tech_price_vs_swing_low": 0.1722242994889903,
    "tech_swing_break_up": 1.0,
    "tech_swing_break_down": 0.0,
    "tech_volume_spike": 0.0,
    "tech_volume_spike_ratio": 0.6686246328813348,
    "micro_ob_best_bid_price": 884.08,
    "micro_ob_best_ask_price": 884.09,
    "micro_ob_best_bid_size": 152.4,
    "micro_ob_best_ask_size": 158.9,
    "micro_ob_spread_absolute": 0.009999999999990905,
    "micro_ob_spread_percentage": 0.0011311129585945814,
    "micro_ob_bid_ask_size_ratio": 0.9590937696664569,
    "micro_ob_orderbook_imbalance_5": -0.15815639564992237,
    "micro_ob_orderbook_imbalance_10": 0.12772287748379557,
    "micro_ob_orderbook_imbalance_20": 0.15995181367956102,
    "micro_ob_orderbook_vwap": 884.0516725108914,
    "micro_ob_buy_impact_0.1": 0.0,
    "micro_ob_sell_impact_0.1": -1.2859338263688356e-14,
    "micro_ob_buy_impact_1.0": 0.0,
    "micro_ob_sell_impact_1.0": 0.0,
    "micro_ob_buy_impact_10.0": -1.2859192810869484e-14,
    "micro_ob_sell_impact_10.0": -1.2859338263688356e-14,
    "micro_ob_bid_depth_concentration": 0.3126394338026002,
    "micro_ob_ask_depth_concentration": 0.5939026981091992,
    "micro_ob_bid_levels": 15,
    "micro_ob_ask_levels": 15,
    "micro_ob_total_bid_volume": 1299.9,
    "micro_ob_total_ask_volume": 941.4,
    "micro_ob_total_orderbook_volume": 2241.3,
    "micro_ob_order_flow_imbalance": 0.15995181367956102,
    "micro_ob_depth_imbalance_1": -0.020880179890780597,
    "micro_ob_depth_imbalance_5": -0.15815639564992237,
    "micro_ob_depth_imbalance_10": 0.12772287748379557,
    "micro_ob_depth_imbalance_20": 0.15995181367956102,
    "micro_fr_funding_rate_current": 9.771e-05,
    "micro_fr_funding_rate_abs": 9.771e-05,
    "micro_fr_funding_rate_mean": 0.000140543,
    "micro_fr_funding_rate_std": 3.9726290400690574e-05,
    "micro_fr_funding_rate_min": 3.378e-05,
    "micro_fr_funding_rate_max": 0.00018508,
    "micro_fr_funding_rate_skew": -0.7832966946612109,
    "micro_fr_funding_rate_kurtosis": -0.238476957941276,
    "micro_fr_funding_rate_trend": -1.0750000000000172e-06,
    "micro_fr_funding_rate_change": -2.1700000000000012e-06,
    "micro_fr_funding_rate_change_abs": 2.1700000000000012e-06,
    "micro_fr_funding_rate_positive": 1.0,
    "micro_fr_funding_rate_negative": 0.0,
    "micro_fr_funding_rate_high": 0.0,
    "micro_fr_funding_rate_extreme": 0.0,
    "micro_fr_hours_to_next_funding": 0.0,
    "micro_fr_funding_imminent": 1.0,
    "micro_vp_volume_current": 265.137,
    "micro_vp_volume_mean": 553.3874000000001,
    "micro_vp_volume_std": 853.5265627758517,
    "micro_vp_volume_max": 7867.155,
    "micro_vp_volume_sum": 55338.740000000005,
    "micro_vp_volume_ratio": 0.4791164381408033,
    "micro_vp_large_volume_trade": 0.0,
    "micro_vp_recent_vwap": 884.005443353788,
    "micro_vp_price_vwap_deviation_pct": -0.02437127004226032,
    "micro_vp_price_clustering": 0.16520019709839745,
    "micro_vp_volume_trend": 63.743351515151495,
    "micro_of_order_flow_imbalance": 0.15995181367956102,
    "micro_of_trade_flow_buy_pressure": 0.5799759068397805,
    "micro_of_trade_flow_sell_pressure": 0.4200240931602195,
    "micro_of_kyles_lambda_buy": -1.2859192810869485e-15,
    "micro_of_kyles_lambda_sell": -1.2859338263688357e-15,
    "micro_of_kyles_lambda_avg": -1.2859265537278922e-15,
    "micro_of_amihud_illiquidity": 0.022032990587767833,
    "micro_of_spread_dynamics_current": 0.0011311129585945814,
    "micro_micro_funding_arbitrage": 0.0,
    "micro_micro_orderbook_pressure": -0.5,
    "micro_micro_liquidity_score": 1.0,
    "micro_micro_volume_spike": 0.0,
    "micro_micro_oi_divergence": 0.0,
    "micro_micro_composite_score": 0.35,
    "fee_maker_rate": 0.0002,
    "fee_taker_rate": 0.0008,
    "fee_round_trip_cost": 0.0016,
    "fee_breakeven_move_pct": 0.16,
    "fee_net_profit_threshold": 0.16
  },
  "output_prediction": {
    "signal": "SHORT",
    "confidence": 0.6356927773846242,
    "raw_model_outputs": {
      "xgboost": 0.09830860793590546,
      "lightgbm": 0.0775618018519139,
      "lstm": 0.3471028506755829,
      "random_forest": 0.23247432524991996,
      "weighted_average": 0.1821536113076879
    }
  },
  "regime_info": {
    "regime": "trend_exhaustion",
    "regime_confidence": 0.7389029948069299,
    "atr_ratio": 1.119848424624188,
    "adx_value": 70.13712564913376,
    "is_exhausted": true,
    "is_weakening": false,
    "leverage_tier": "elevated_volatility"
  },
  "explanation": "BNBUSDT SHORT due to RSI at 75.4, MACD at 0.3647, ADX at 70.1, ensemble model averaging of 0.18 suggests a bearish trend with high volatility, indicating potential for further decline.",
  "symbol": "cmt_bnbusdt",
  "position_size": 0.1,
  "risk_validation": {
    "checks_performed": [
      "Wash trading check: No current position - any direction allowed",
      "Risk check: Order passes all risk checks (leverage: 2x, risk: 7.20%)",
      "Trading status: Trading allowed within risk limits",
      "Leverage set: 2x"
    ],
    "all_checks_passed": true
  },
  "execution_details": {
    "order_type": "1",
    "side": "OPEN_SHORT",
    "price": 884.09,
    "leverage": 2,
    "client_oid": "5a529fdb-e166-4852-9510-b99952c754d6",
    "symbol": "cmt_bnbusdt",
    "maker_fee_rate": 0.0002,
    "taker_fee_rate": 0.0008,
    "estimated_entry_fee": 0.1414544,
    "estimated_exit_fee": 0.1414544,
    "total_estimated_fees": 0.2829088
  },
  "log_metadata": {
    "log_version": "2.3",
    "competition": "WEEX_AI_Trading_Hackathon_2025",
    "bot_name": "AlphaStrike",
    "compliance_status": "MANDATORY",
    "deepseek_enabled": true
  },
  "weex_response": {
    "code": "00000",
    "msg": "success",
    "request_time": 1767399105122,
    "data": "upload success",
    "upload_attempted": true,
    "upload_success": true,
    "upload_timestamp": "2026-01-03T00:11:45.037400Z",
    "error_details": null
  }
}