{
  "timestamp": "2026-01-03T21:20:38.906573Z",
  "order_id": "702442055414055853",
  "stage": "Decision Making",
  "model_version": "ollama:qwen2.5:1.5b+exit_manager_v1",
  "input_features": {
    "tech_returns_1": 0.0,
    "tech_returns_5": 0.0378931413414163,
    "tech_returns_15": 0.09858193675589266,
    "tech_returns_60": 0.47191353326230256,
    "tech_returns_240": 0.265856437523726,
    "tech_returns_1440": 2.1844281479169783,
    "tech_rsi_14": 60.88515893611581,
    "tech_rsi_7": 63.272971281867505,
    "tech_macd": 0.04751887989368697,
    "tech_macd_signal": 0.040049903204609744,
    "tech_macd_hist": 0.007468976689077228,
    "tech_stoch_k": 73.91304347825871,
    "tech_stoch_d": 75.3043478260856,
    "tech_ema_cross_9_21": 1.0,
    "tech_ema_cross_50_200": 1.0,
    "tech_ema_9": 131.97199989821817,
    "tech_ema_21": 131.92677264112382,
    "tech_ema_50": 131.8442936684629,
    "tech_price_ema_9_pct": 0.02121669884780304,
    "tech_price_ema_21_pct": 0.055506064015815364,
    "tech_adx": 35.98738900238482,
    "tech_adx_7": 73.84997608044387,
    "tech_adx_10": 53.17476899434072,
    "tech_adx_roc_5": 18.03311504595115,
    "tech_adx_slope_3": 3.7176117763977246,
    "tech_adx_deceleration": -0.190441485904131,
    "tech_plus_di": 41.407165167403456,
    "tech_minus_di": 10.117210729748615,
    "tech_di_crossover": 0.0,
    "tech_atr_14": 0.04615795723861077,
    "tech_atr_pct": 0.03496814942318998,
    "tech_atr_14_avg": 0.059928174040220265,
    "tech_bb_upper": 132.0623539588705,
    "tech_bb_lower": 131.7436460411295,
    "tech_bb_width": 0.24162294848562518,
    "tech_bb_position": 0.8043539071371231,
    "tech_volatility_20": 0.006189352236924577,
    "tech_volume_ratio": 0.6388680508269184,
    "tech_obv": 37917.200000000004,
    "tech_momentum_10": 0.0800000000000125,
    "tech_roc_10": 0.06064281382656134,
    "tech_high_low_range": 0.015151515151522903,
    "tech_body_ratio": 0.0,
    "tech_swing_high_10": 132.06,
    "tech_swing_low_10": 131.87,
    "tech_price_vs_swing_high": -0.0454338936846905,
    "tech_price_vs_swing_low": 0.09858193675589251,
    "tech_swing_break_up": 0.0,
    "tech_swing_break_down": 0.0,
    "tech_volume_spike": 0.0,
    "tech_volume_spike_ratio": 0.6388680508269184,
    "micro_ob_best_bid_price": 131.99,
    "micro_ob_best_ask_price": 132.0,
    "micro_ob_best_bid_size": 2510.2,
    "micro_ob_best_ask_size": 2632.7,
    "micro_ob_spread_absolute": 0.009999999999990905,
    "micro_ob_spread_percentage": 0.007576044547135046,
    "micro_ob_bid_ask_size_ratio": 0.9534698218558894,
    "micro_ob_orderbook_imbalance_5": 0.09155581697580055,
    "micro_ob_orderbook_imbalance_10": 0.2673845861265631,
    "micro_ob_orderbook_imbalance_20": 0.3675579070302409,
    "micro_ob_orderbook_vwap": 131.9768299576855,
    "micro_ob_buy_impact_0.1": 0.0,
    "micro_ob_sell_impact_0.1": 0.0,
    "micro_ob_buy_impact_1.0": 0.0,
    "micro_ob_sell_impact_1.0": 0.0,
    "micro_ob_buy_impact_10.0": 0.0,
    "micro_ob_sell_impact_10.0": 0.0,
    "micro_ob_bid_depth_concentration": 0.3553790654824752,
    "micro_ob_ask_depth_concentration": 0.6395420411178137,
    "micro_ob_bid_levels": 15,
    "micro_ob_ask_levels": 15,
    "micro_ob_total_bid_volume": 38642.4,
    "micro_ob_total_ask_volume": 17870.6,
    "micro_ob_total_orderbook_volume": 56513.0,
    "micro_ob_order_flow_imbalance": 0.3675579070302409,
    "micro_ob_depth_imbalance_1": -0.02381924595072819,
    "micro_ob_depth_imbalance_5": 0.09155581697580055,
    "micro_ob_depth_imbalance_10": 0.2673845861265631,
    "micro_ob_depth_imbalance_20": 0.3675579070302409,
    "micro_fr_funding_rate_current": 0.0001,
    "micro_fr_funding_rate_abs": 0.0001,
    "micro_fr_funding_rate_mean": 7.670420000000002e-05,
    "micro_fr_funding_rate_std": 1.8601120782361475e-05,
    "micro_fr_funding_rate_min": 4.171e-05,
    "micro_fr_funding_rate_max": 0.0001,
    "micro_fr_funding_rate_skew": -0.4082914536167459,
    "micro_fr_funding_rate_kurtosis": -1.1690755412648643,
    "micro_fr_funding_rate_trend": -9.234190815370753e-21,
    "micro_fr_funding_rate_change": 0.0,
    "micro_fr_funding_rate_change_abs": 0.0,
    "micro_fr_funding_rate_positive": 1.0,
    "micro_fr_funding_rate_negative": 0.0,
    "micro_fr_funding_rate_high": 0.0,
    "micro_fr_funding_rate_extreme": 0.0,
    "micro_fr_hours_to_next_funding": 0.0,
    "micro_fr_funding_imminent": 1.0,
    "micro_vp_volume_current": 1016.554,
    "micro_vp_volume_mean": 697.1386699999999,
    "micro_vp_volume_std": 341.59892653268264,
    "micro_vp_volume_max": 1306.899,
    "micro_vp_volume_sum": 69713.867,
    "micro_vp_volume_ratio": 1.458180479358576,
    "micro_vp_large_volume_trade": 0.0,
    "micro_vp_recent_vwap": 132.0088375807642,
    "micro_vp_price_vwap_deviation_pct": 0.00845581208074264,
    "micro_vp_price_clustering": 2.220446049250313e-16,
    "micro_vp_volume_trend": 41.60630303030301,
    "micro_of_order_flow_imbalance": 0.3675579070302409,
    "micro_of_trade_flow_buy_pressure": 0.6837789535151204,
    "micro_of_trade_flow_sell_pressure": 0.3162210464848796,
    "micro_of_kyles_lambda_buy": 0.0,
    "micro_of_kyles_lambda_sell": 0.0,
    "micro_of_kyles_lambda_avg": 0.0,
    "micro_of_amihud_illiquidity": 0.006884483831356133,
    "micro_of_spread_dynamics_current": 0.007576044547135046,
    "micro_micro_funding_arbitrage": 0.0,
    "micro_micro_orderbook_pressure": 0.5,
    "micro_micro_liquidity_score": 1.0,
    "micro_micro_volume_spike": 0.0,
    "micro_micro_oi_divergence": 0.0,
    "micro_micro_composite_score": 0.35,
    "fee_maker_rate": 0.0002,
    "fee_taker_rate": 0.0008,
    "fee_round_trip_cost": 0.0016,
    "fee_breakeven_move_pct": 0.16,
    "fee_net_profit_threshold": 0.16,
    "exit_trigger": true,
    "exit_reason": "Trailing stop hit: 132.08 >= 132.06",
    "position_side": "SHORT",
    "entry_price": 131.93,
    "exit_price": 132.08,
    "position_size": 0.1,
    "hold_duration_hours": 0.3358164833333333
  },
  "output_prediction": {
    "signal": "EXIT_SHORT",
    "confidence": 1.0,
    "raw_model_outputs": {
      "action": "exit"
    }
  },
  "regime_info": {
    "regime": "unknown",
    "regime_confidence": 0.0,
    "atr_ratio": 1.0,
    "adx_value": 0.0,
    "is_exhausted": false,
    "is_weakening": false,
    "leverage_tier": "unknown"
  },
  "explanation": "The decision to exit short position in SOLUSDT is based on a strong RSI reading at 60.9, indicating oversold conditions that suggest potential reversal. The MACD line at 0.0475 suggests a neutral balance but with slight bullish momentum. Additionally, the ADX of 36.0 indicates moderate market strength without extreme divergence. These indicators combined signal an opportunity for reevaluation and possibly a retracement move.",
  "symbol": "cmt_solusdt",
  "position_size": 0.1,
  "risk_validation": {
    "checks_performed": [
      "Risk check: Close order - bypassing risk checks for position exit",
      "Trading status: Trading allowed within risk limits",
      "Leverage set: 3x"
    ],
    "all_checks_passed": true
  },
  "execution_details": {
    "order_type": "1",
    "side": "CLOSE_SHORT",
    "price": 132.08,
    "leverage": 3,
    "client_oid": "1d79de1d-84f2-4917-87c2-c45edc01fe2f",
    "symbol": "cmt_solusdt",
    "maker_fee_rate": 0.0002,
    "taker_fee_rate": 0.0008,
    "estimated_entry_fee": 0.03169920000000001,
    "estimated_exit_fee": 0.03169920000000001,
    "total_estimated_fees": 0.06339840000000002
  },
  "log_metadata": {
    "log_version": "2.4",
    "competition": "WEEX_AI_Trading_Hackathon_2025",
    "bot_name": "AlphaStrike",
    "compliance_status": "MANDATORY",
    "deepseek_enabled": true,
    "trading_style": "neutral"
  },
  "weex_response": {
    "code": "00000",
    "msg": "success",
    "request_time": 1767475238981,
    "data": "upload success",
    "upload_attempted": true,
    "upload_success": true,
    "upload_timestamp": "2026-01-03T21:20:38.906690Z",
    "error_details": null
  }
}