{
  "timestamp": "2026-01-03T15:19:37.041223Z",
  "order_id": "702351204428022701",
  "stage": "Decision Making",
  "model_version": "ollama:qwen2.5:1.5b+ensemble_v1.0",
  "input_features": {
    "tech_returns_1": -0.002223610743601334,
    "tech_returns_5": -0.03734354056774691,
    "tech_returns_15": -0.08675859448854517,
    "tech_returns_60": -0.0477858482765936,
    "tech_returns_240": 0.3207880947016406,
    "tech_returns_1440": 0.34518953565969807,
    "tech_rsi_14": 31.348188555777995,
    "tech_rsi_7": 25.19221674387059,
    "tech_macd": -30.53577564925945,
    "tech_macd_signal": -28.63230183251337,
    "tech_macd_hist": -1.9034738167460787,
    "tech_stoch_k": 0.09708737864642793,
    "tech_stoch_d": 1.3294132858526704,
    "tech_ema_cross_9_21": -1.0,
    "tech_ema_cross_50_200": 1.0,
    "tech_ema_9": 89962.50805035426,
    "tech_ema_21": 89990.83620434687,
    "tech_ema_50": 90023.76514950964,
    "tech_price_ema_9_pct": -0.023018533834852743,
    "tech_price_ema_21_pct": -0.054490219688051386,
    "tech_adx": 42.88573361914283,
    "tech_adx_7": 48.41722467306568,
    "tech_adx_10": 41.47189281955149,
    "tech_adx_roc_5": 0.5866375021823345,
    "tech_adx_slope_3": 1.4451133083208845,
    "tech_adx_deceleration": 1.0575517629343807,
    "tech_plus_di": 13.914094663684171,
    "tech_minus_di": 44.472014632543896,
    "tech_di_crossover": 0.0,
    "tech_atr_14": 14.308890846076011,
    "tech_atr_pct": 0.015909055462616947,
    "tech_atr_14_avg": 23.111341149486766,
    "tech_bb_upper": 90059.43310248788,
    "tech_bb_lower": 89921.63689751213,
    "tech_bb_width": 0.15312299785277192,
    "tech_bb_position": 0.1463255282786786,
    "tech_volatility_20": 0.003094086448066985,
    "tech_volume_ratio": 0.055232987364581036,
    "tech_obv": 4431.656000000001,
    "tech_momentum_10": -32.30000000000291,
    "tech_roc_10": -0.03589921988661482,
    "tech_high_low_range": 0.002446026208055753,
    "tech_body_ratio": 0.9090909090507894,
    "tech_swing_high_10": 89999.7,
    "tech_swing_low_10": 89941.7,
    "tech_price_vs_swing_high": -0.06433354777848613,
    "tech_price_vs_swing_low": 0.00011118313308045185,
    "tech_swing_break_up": 0.0,
    "tech_swing_break_down": 1.0,
    "tech_volume_spike": 0.0,
    "tech_volume_spike_ratio": 0.055232987364581036,
    "micro_ob_best_bid_price": 89941.7,
    "micro_ob_best_ask_price": 89941.8,
    "micro_ob_best_bid_size": 2.5054,
    "micro_ob_best_ask_size": 2.8772,
    "micro_ob_spread_absolute": 0.10000000000582077,
    "micro_ob_spread_percentage": 0.00011118307127204082,
    "micro_ob_bid_ask_size_ratio": 0.8707771444459891,
    "micro_ob_orderbook_imbalance_5": -0.01661743851704439,
    "micro_ob_orderbook_imbalance_10": -0.07014498844295013,
    "micro_ob_orderbook_imbalance_20": -0.061175216266757704,
    "micro_ob_orderbook_vwap": 89941.55171779785,
    "micro_ob_buy_impact_0.1": 0.0,
    "micro_ob_sell_impact_0.1": 0.0,
    "micro_ob_buy_impact_1.0": 0.0,
    "micro_ob_sell_impact_1.0": 0.0,
    "micro_ob_buy_impact_10.0": 0.00023231801009964304,
    "micro_ob_sell_impact_10.0": 0.0004525008977818859,
    "micro_ob_bid_depth_concentration": 0.37709478744179065,
    "micro_ob_ask_depth_concentration": 0.34489192723561246,
    "micro_ob_bid_levels": 15,
    "micro_ob_ask_levels": 15,
    "micro_ob_total_bid_volume": 33.285,
    "micro_ob_total_ask_volume": 37.6228,
    "micro_ob_total_orderbook_volume": 70.9078,
    "micro_ob_order_flow_imbalance": -0.061175216266757704,
    "micro_ob_depth_imbalance_1": -0.06907442499907114,
    "micro_ob_depth_imbalance_5": -0.01661743851704439,
    "micro_ob_depth_imbalance_10": -0.07014498844295013,
    "micro_ob_depth_imbalance_20": -0.061175216266757704,
    "micro_fr_funding_rate_current": 6.861e-05,
    "micro_fr_funding_rate_abs": 6.861e-05,
    "micro_fr_funding_rate_mean": 4.780403846153847e-05,
    "micro_fr_funding_rate_std": 1.2651342929570664e-05,
    "micro_fr_funding_rate_min": 3.173e-05,
    "micro_fr_funding_rate_max": 6.861e-05,
    "micro_fr_funding_rate_skew": 0.3629718309214504,
    "micro_fr_funding_rate_kurtosis": -1.3427187742748599,
    "micro_fr_funding_rate_trend": 6.189999999999851e-07,
    "micro_fr_funding_rate_change": 1.0200000000000004e-06,
    "micro_fr_funding_rate_change_abs": 1.0200000000000004e-06,
    "micro_fr_funding_rate_positive": 1.0,
    "micro_fr_funding_rate_negative": 0.0,
    "micro_fr_funding_rate_high": 0.0,
    "micro_fr_funding_rate_extreme": 0.0,
    "micro_fr_hours_to_next_funding": 0.0,
    "micro_fr_funding_imminent": 1.0,
    "micro_vp_volume_current": 404.7471,
    "micro_vp_volume_mean": 397.454964,
    "micro_vp_volume_std": 1625.0465323767294,
    "micro_vp_volume_max": 16360.41342,
    "micro_vp_volume_sum": 39745.4964,
    "micro_vp_volume_ratio": 1.0183470749153858,
    "micro_vp_large_volume_trade": 0.0,
    "micro_vp_recent_vwap": 89942.28649833759,
    "micro_vp_price_vwap_deviation_pct": 0.0016827475944140035,
    "micro_vp_price_clustering": 0.030491836058592008,
    "micro_vp_volume_trend": 47.2068286060606,
    "micro_of_order_flow_imbalance": -0.061175216266757704,
    "micro_of_trade_flow_buy_pressure": 0.46941239186662115,
    "micro_of_trade_flow_sell_pressure": 0.5305876081333788,
    "micro_of_kyles_lambda_buy": 2.3231801009964305e-05,
    "micro_of_kyles_lambda_sell": 4.525008977818859e-05,
    "micro_of_kyles_lambda_avg": 3.4240945394076443e-05,
    "micro_of_amihud_illiquidity": 0.009792491059452343,
    "micro_of_spread_dynamics_current": 0.00011118307127204082,
    "micro_micro_funding_arbitrage": 0.0,
    "micro_micro_orderbook_pressure": 0.0,
    "micro_micro_liquidity_score": 0.5,
    "micro_micro_volume_spike": 0.0,
    "micro_micro_oi_divergence": 0.0,
    "micro_micro_composite_score": 0.1,
    "fee_maker_rate": 0.0002,
    "fee_taker_rate": 0.0008,
    "fee_round_trip_cost": 0.0016,
    "fee_breakeven_move_pct": 0.16,
    "fee_net_profit_threshold": 0.16
  },
  "output_prediction": {
    "signal": "SHORT",
    "confidence": 0.6360267752360537,
    "raw_model_outputs": {
      "xgboost": 0.09074299782514572,
      "lightgbm": 0.10514220619855956,
      "lstm": 0.35865145921707153,
      "random_forest": 0.19407648153996312,
      "weighted_average": 0.18198661238197317
    }
  },
  "regime_info": {
    "regime": "trending",
    "regime_confidence": 0.814628803429714,
    "atr_ratio": 0.6191285375229628,
    "adx_value": 42.88573361914283,
    "is_exhausted": false,
    "is_weakening": false,
    "leverage_tier": "normal_volatility"
  },
  "explanation": "The short BTCUSDT position is based on a combination of RSI at 31.3, MACD at -30.5358, ADX at 42.9, and an ensemble model averaging 0.18. The RSI suggests overbought conditions, while the MACD shows bearish momentum, indicating potential for a sell signal. The high ADX of 42.9 further supports this move.",
  "symbol": "cmt_btcusdt",
  "position_size": 0.0001,
  "risk_validation": {
    "checks_performed": [
      "Wash trading check: Same direction - allowed",
      "Risk check: Order passes all risk checks (leverage: 6x, risk: 7.05%)",
      "Trading status: Trading allowed within risk limits",
      "Leverage set: 6x"
    ],
    "all_checks_passed": true
  },
  "execution_details": {
    "order_type": "1",
    "side": "OPEN_SHORT",
    "price": 89929.8,
    "leverage": 6,
    "client_oid": "5a7686ba-3c14-4ba8-9ec7-0a70d37510bd",
    "symbol": "cmt_btcusdt",
    "maker_fee_rate": 0.0002,
    "taker_fee_rate": 0.0008,
    "estimated_entry_fee": 0.043166304,
    "estimated_exit_fee": 0.043166304,
    "total_estimated_fees": 0.086332608
  },
  "log_metadata": {
    "log_version": "2.4",
    "competition": "WEEX_AI_Trading_Hackathon_2025",
    "bot_name": "AlphaStrike",
    "compliance_status": "MANDATORY",
    "deepseek_enabled": true,
    "trading_style": "neutral"
  },
  "weex_response": {
    "code": "00000",
    "msg": "success",
    "request_time": 1767453577129,
    "data": "upload success",