{
  "timestamp": "2026-01-03T00:42:22.126463Z",
  "order_id": "702130432480641965",
  "stage": "Decision Making",
  "model_version": "ollama:qwen2.5:1.5b+exit_manager_v1",
  "input_features": {
    "tech_returns_1": -0.007535227187116522,
    "tech_returns_5": 0.022612497173435386,
    "tech_returns_15": -0.04519433564327269,
    "tech_returns_60": 0.3706224945162928,
    "tech_returns_240": 0.8818610308651387,
    "tech_returns_1440": 1.4613111874151548,
    "tech_rsi_14": 52.19749253594571,
    "tech_rsi_7": 49.38061953052611,
    "tech_macd": 0.03316700503512493,
    "tech_macd_signal": 0.05188141504461712,
    "tech_macd_hist": -0.018714410009492193,
    "tech_stoch_k": 42.85714285713416,
    "tech_stoch_d": 46.42857142856633,
    "tech_ema_cross_9_21": 1.0,
    "tech_ema_cross_50_200": 1.0,
    "tech_ema_9": 132.70269494217055,
    "tech_ema_21": 132.68800047431134,
    "tech_ema_50": 132.59078014334864,
    "tech_price_ema_9_pct": -0.002030811937721514,
    "tech_price_ema_21_pct": 0.00904341435981943,
    "tech_adx": 18.580732864922567,
    "tech_adx_7": 23.644578421891456,
    "tech_adx_10": 21.190354637774664,
    "tech_adx_roc_5": -8.879843040134205,
    "tech_adx_slope_3": -2.4177203786576413,
    "tech_adx_deceleration": 0.6993354916224082,
    "tech_plus_di": 17.255099760574154,
    "tech_minus_di": 19.443833922970345,
    "tech_di_crossover": 0.0,
    "tech_atr_14": 0.08390917948558263,
    "tech_atr_pct": 0.06323223774346846,
    "tech_atr_14_avg": 0.10692369466113752,
    "tech_bb_upper": 132.88562684109272,
    "tech_bb_lower": 132.59037315890728,
    "tech_bb_width": 0.22243342689013873,
    "tech_bb_position": 0.3712971173848215,
    "tech_volatility_20": 0.008439480118961831,
    "tech_volume_ratio": 0.7006309653272685,
    "tech_obv": 188261.99999999974,
    "tech_momentum_10": -0.10000000000002274,
    "tech_roc_10": -0.07530120481928915,
    "tech_high_low_range": 0.04521477015825341,
    "tech_body_ratio": 0.1666666663892047,
    "tech_swing_high_10": 132.86,
    "tech_swing_low_10": 132.58,
    "tech_price_vs_swing_high": -0.12042751768781047,
    "tech_price_vs_swing_low": 0.0905113893498085,
    "tech_swing_break_up": 0.0,
    "tech_swing_break_down": 0.0,
    "tech_volume_spike": 0.0,
    "tech_volume_spike_ratio": 0.7006309653272685,
    "micro_ob_best_bid_price": 132.69,
    "micro_ob_best_ask_price": 132.7,
    "micro_ob_best_bid_size": 2499.7,
    "micro_ob_best_ask_size": 2926.8,
    "micro_ob_spread_absolute": 0.009999999999990905,
    "micro_ob_spread_percentage": 0.007536078978100837,
    "micro_ob_bid_ask_size_ratio": 0.8540727073937405,
    "micro_ob_orderbook_imbalance_5": 0.01430733601998575,
    "micro_ob_orderbook_imbalance_10": 0.09608368378556532,
    "micro_ob_orderbook_imbalance_20": 0.0944909985800784,
    "micro_ob_orderbook_vwap": 132.68834355471768,
    "micro_ob_buy_impact_0.1": 0.0,
    "micro_ob_sell_impact_0.1": 0.0,
    "micro_ob_buy_impact_1.0": 0.0,
    "micro_ob_sell_impact_1.0": 0.0,
    "micro_ob_buy_impact_10.0": 0.0,
    "micro_ob_sell_impact_10.0": 0.0,
    "micro_ob_bid_depth_concentration": 0.4673733669878635,
    "micro_ob_ask_depth_concentration": 0.5489785057625356,
    "micro_ob_bid_levels": 15,
    "micro_ob_ask_levels": 15,
    "micro_ob_total_bid_volume": 29753.3,
    "micro_ob_total_ask_volume": 24615.9,
    "micro_ob_total_orderbook_volume": 54369.2,
    "micro_ob_order_flow_imbalance": 0.0944909985800784,
    "micro_ob_depth_imbalance_1": -0.07870634847507609,
    "micro_ob_depth_imbalance_5": 0.01430733601998575,
    "micro_ob_depth_imbalance_10": 0.09608368378556532,
    "micro_ob_depth_imbalance_20": 0.0944909985800784,
    "micro_fr_funding_rate_current": 0.0001,
    "micro_fr_funding_rate_abs": 0.0001,
    "micro_fr_funding_rate_mean": 0.0001,
    "micro_fr_funding_rate_std": 0.0,
    "micro_fr_funding_rate_min": 0.0001,
    "micro_fr_funding_rate_max": 0.0001,
    "micro_fr_funding_rate_skew": 0.0,
    "micro_fr_funding_rate_kurtosis": 0.0,
    "micro_fr_funding_rate_trend": -9.234190815370753e-21,
    "micro_fr_funding_rate_change": 0.0,
    "micro_fr_funding_rate_change_abs": 0.0,
    "micro_fr_funding_rate_positive": 1.0,
    "micro_fr_funding_rate_negative": 0.0,
    "micro_fr_funding_rate_high": 0.0,
    "micro_fr_funding_rate_extreme": 0.0,
    "micro_fr_hours_to_next_funding": 0.0,
    "micro_fr_funding_imminent": 1.0,
    "micro_vp_volume_current": 650.181,
    "micro_vp_volume_mean": 821.3423799999999,
    "micro_vp_volume_std": 1070.9006487667732,
    "micro_vp_volume_max": 10111.74,
    "micro_vp_volume_sum": 82134.238,
    "micro_vp_volume_ratio": 0.7916077580216914,
    "micro_vp_large_volume_trade": 0.0,
    "micro_vp_recent_vwap": 132.71003295361433,
    "micro_vp_price_vwap_deviation_pct": -0.015095281922908519,
    "micro_vp_price_clustering": 0.0,
    "micro_vp_volume_trend": -4.020909090909075,
    "micro_of_order_flow_imbalance": 0.0944909985800784,
    "micro_of_trade_flow_buy_pressure": 0.5472454992900392,
    "micro_of_trade_flow_sell_pressure": 0.4527545007099608,
    "micro_of_kyles_lambda_buy": 0.0,
    "micro_of_kyles_lambda_sell": 0.0,
    "micro_of_kyles_lambda_avg": 0.0,
    "micro_of_amihud_illiquidity": 0.022307847028260896,
    "micro_of_spread_dynamics_current": 0.007536078978100837,
    "micro_micro_funding_arbitrage": 0.0,
    "micro_micro_orderbook_pressure": 0.0,
    "micro_micro_liquidity_score": 1.0,
    "micro_micro_volume_spike": 0.0,
    "micro_micro_oi_divergence": 0.0,
    "micro_micro_composite_score": 0.2,
    "fee_maker_rate": 0.0002,
    "fee_taker_rate": 0.0008,
    "fee_round_trip_cost": 0.0016,
    "fee_breakeven_move_pct": 0.16,
    "fee_net_profit_threshold": 0.16,
    "exit_trigger": true,
    "exit_reason": "Trailing stop hit: 132.74 >= 132.74",
    "position_side": "SHORT",
    "entry_price": 132.785,
    "exit_price": 132.74,
    "position_size": 0.2,
    "hold_duration_hours": 0.46720456222222223
  },
  "output_prediction": {
    "signal": "EXIT_SHORT",
    "confidence": 1.0,
    "raw_model_outputs": {
      "action": "exit"
    }
  },
  "regime_info": {
    "regime": "unknown",
    "regime_confidence": 0.0,
    "atr_ratio": 1.0,
    "adx_value": 0.0,
    "is_exhausted": false,
    "is_weakening": false,
    "leverage_tier": "unknown"
  },
  "explanation": "The RSI is at a healthy 52.2, indicating neither overbought nor oversold conditions. The MACD shows a slight bullish momentum at 0.0332, while ADX stands at 18.6, suggesting moderate strength without extreme volatility. Given the high confidence level of 100%, it's prudent to exit short positions in SOLUSDT with this signal.",
  "symbol": "cmt_solusdt",
  "position_size": 0.2,
  "risk_validation": {
    "checks_performed": [
      "Risk check: Close order - bypassing risk checks for position exit",
      "Trading status: Trading allowed within risk limits",
      "Leverage set: 2x"
    ],
    "all_checks_passed": true
  },
  "execution_details": {
    "order_type": "1",
    "side": "CLOSE_SHORT",
    "price": 132.74,
    "leverage": 2,
    "client_oid": "21dfa410-c748-4eb7-8f78-4ce780c3bb8a",
    "symbol": "cmt_solusdt",
    "maker_fee_rate": 0.0002,
    "taker_fee_rate": 0.0008,
    "estimated_entry_fee": 0.0424768,
    "estimated_exit_fee": 0.0424768,
    "total_estimated_fees": 0.0849536
  },
  "log_metadata": {
    "log_version": "2.3",
    "competition": "WEEX_AI_Trading_Hackathon_2025",
    "bot_name": "AlphaStrike",
    "compliance_status": "MANDATORY",
    "deepseek_enabled": true
  },
  "weex_response": {
    "code": "00000",
    "msg": "success",
    "request_time": 1767400942199,
    "data": "upload success",
    "upload_attempted": true,
    "upload_success": true,
    "upload_timestamp": "2026-01-03T00:42:22.126571Z",
    "error_details": null
  }
}