{
  "timestamp": "2026-01-18T05:47:27.331464Z",
  "order_id": "707643023286076333",
  "stage": "Decision Making",
  "model_version": "ollama:qwen2.5:1.5b+ensemble_v1.0",
  "input_features": {
    "tech_returns_1": -0.021958025500734557,
    "tech_returns_5": 0.09034991396248415,
    "tech_returns_15": 0.11256794843335083,
    "tech_returns_60": 0.10993496478926001,
    "tech_returns_240": 0.21641784757444604,
    "tech_returns_1440": -0.5526606663508605,
    "tech_rsi_14": 65.10578371141517,
    "tech_rsi_7": 66.87211736061244,
    "tech_rsi_21": 63.163184634454325,
    "tech_rsi_slope": -4.392399484157636,
    "tech_rsi_divergence": 0.0,
    "tech_rsi_zone": 3.0,
    "tech_macd": 27.782497620151844,
    "tech_macd_signal": 16.2551727619853,
    "tech_macd_hist": 11.527324858166544,
    "tech_stoch_k": 65.65197637437355,
    "tech_stoch_d": 73.18583893072497,
    "tech_ema_cross_9_21": 1.0,
    "tech_ema_cross_50_200": 1.0,
    "tech_ema_9": 95134.23534765383,
    "tech_ema_21": 95102.30583122937,
    "tech_ema_50": 95078.96574959227,
    "tech_price_ema_9_pct": 0.02781822153661036,
    "tech_price_ema_21_pct": 0.06140142266818666,
    "tech_adx": 47.78584294443128,
    "tech_adx_7": 67.42764479637049,
    "tech_adx_10": 56.892086514460125,
    "tech_adx_roc_5": 21.05104927658408,
    "tech_adx_slope_3": 4.0516742105481,
    "tech_adx_deceleration": -1.4887741764990032,
    "tech_plus_di": 63.28203425060297,
    "tech_minus_di": 12.497099014192568,
    "tech_di_crossover": 0.0,
    "tech_atr_14": 26.764121114829663,
    "tech_atr_pct": 0.028125183100617863,
    "tech_atr_14_avg": 14.453617123136175,
    "tech_bb_upper": 95185.63720411625,
    "tech_bb_lower": 94997.24279588375,
    "tech_bb_width": 0.19811920845083777,
    "tech_bb_position": 0.8676329921348773,
    "tech_volatility_20": 0.0041346775845505215,
    "tech_volume_ratio": 0.30376421891792316,
    "tech_obv": -882.5649000000006,
    "tech_momentum_10": 85.19999999999709,
    "tech_roc_10": 0.08961299178020798,
    "tech_high_low_range": 0.02196284810852456,
    "tech_body_ratio": 0.9999999999952154,
    "tech_swing_high_10": 95236.3,
    "tech_swing_low_10": 95068.6,
    "tech_price_vs_swing_high": -0.07938149634121215,
    "tech_price_vs_swing_low": 0.09687741273142894,
    "tech_swing_break_up": 0.0,
    "tech_swing_break_down": 0.0,
    "tech_volume_spike": 0.0,
    "tech_volume_spike_ratio": 0.30376421891792316,
    "micro_ob_best_bid_price": 95172.5,
    "micro_ob_best_ask_price": 95172.6,
    "micro_ob_best_bid_size": 2.9839,
    "micro_ob_best_ask_size": 2.5408,
    "micro_ob_spread_absolute": 0.10000000000582077,
    "micro_ob_spread_percentage": 0.00010507231339900082,
    "micro_ob_bid_ask_size_ratio": 1.1743938916876575,
    "micro_ob_orderbook_imbalance_5": -0.05576249824954492,
    "micro_ob_orderbook_imbalance_10": -0.004050049534549822,
    "micro_ob_orderbook_imbalance_20": -0.001785790777402419,
    "micro_ob_orderbook_vwap": 95172.27912631528,
    "micro_ob_buy_impact_0.1": 0.0,
    "micro_ob_sell_impact_0.1": 0.0,
    "micro_ob_buy_impact_1.0": 0.0,
    "micro_ob_sell_impact_1.0": 0.0,
    "micro_ob_buy_impact_10.0": 0.0,
    "micro_ob_sell_impact_10.0": 0.0,
    "micro_ob_bid_depth_concentration": 0.3492117513709636,
    "micro_ob_ask_depth_concentration": 0.38906549497213294,
    "micro_ob_bid_levels": 15,
    "micro_ob_ask_levels": 15,
    "micro_ob_total_bid_volume": 33.7901,
    "micro_ob_total_ask_volume": 33.911,
    "micro_ob_total_orderbook_volume": 67.7011,
    "micro_ob_order_flow_imbalance": -0.001785790777402419,
    "micro_ob_depth_imbalance_1": 0.0802034499610839,
    "micro_ob_depth_imbalance_5": -0.05576249824954492,
    "micro_ob_depth_imbalance_10": -0.004050049534549822,
    "micro_ob_depth_imbalance_20": -0.001785790777402419,
    "micro_fr_funding_rate_current": 6.123e-05,
    "micro_fr_funding_rate_abs": 6.123e-05,
    "micro_fr_funding_rate_mean": 4.19482e-05,
    "micro_fr_funding_rate_std": 7.808887549452867e-06,
    "micro_fr_funding_rate_min": 2.509e-05,
    "micro_fr_funding_rate_max": 6.123e-05,
    "micro_fr_funding_rate_skew": -0.00038120035181446487,
    "micro_fr_funding_rate_kurtosis": -0.3907522850793663,
    "micro_fr_funding_rate_trend": 1.7449999999999956e-06,
    "micro_fr_funding_rate_change": 2.6599999999999915e-06,
    "micro_fr_funding_rate_change_abs": 2.6599999999999915e-06,
    "micro_fr_funding_rate_positive": 1.0,
    "micro_fr_funding_rate_negative": 0.0,
    "micro_fr_funding_rate_high": 0.0,
    "micro_fr_funding_rate_extreme": 0.0,
    "micro_fr_hours_to_next_funding": 0.0,
    "micro_fr_funding_imminent": 1.0,
    "micro_vp_volume_current": 256.96602,
    "micro_vp_volume_mean": 2215.0996941999997,
    "micro_vp_volume_std": 12800.498403200283,
    "micro_vp_volume_max": 112021.19341,
    "micro_vp_volume_sum": 221509.96941999998,
    "micro_vp_volume_ratio": 0.11600652587910057,
    "micro_vp_large_volume_trade": 0.0,
    "micro_vp_recent_vwap": 95166.6822803495,
    "micro_vp_price_vwap_deviation_pct": 0.006218268314819899,
    "micro_vp_price_clustering": 0.0,
    "micro_vp_volume_trend": -6.402520363636352,
    "micro_of_order_flow_imbalance": -0.001785790777402419,
    "micro_of_trade_flow_buy_pressure": 0.49910710461129887,
    "micro_of_trade_flow_sell_pressure": 0.5008928953887013,
    "micro_of_kyles_lambda_buy": 0.0,
    "micro_of_kyles_lambda_sell": 0.0,
    "micro_of_kyles_lambda_avg": 0.0,
    "micro_of_amihud_illiquidity": 0.01894358250001115,
    "micro_of_spread_dynamics_current": 0.00010507231339900082,
    "micro_micro_funding_arbitrage": 0.0,
    "micro_micro_orderbook_pressure": 0.0,
    "micro_micro_liquidity_score": 0.5,
    "micro_micro_volume_spike": 0.0,
    "micro_micro_oi_divergence": 0.0,
    "micro_micro_composite_score": 0.1,
    "fee_maker_rate": 0.0002,
    "fee_taker_rate": 0.0008,
    "fee_round_trip_cost": 0.0016,
    "fee_breakeven_move_pct": 0.16,
    "fee_net_profit_threshold": 0.16,
    "time_hour_sin": 0.9659258262890683,
    "time_hour_cos": 0.25881904510252074,
    "time_day_sin": -0.7818314824680299,
    "time_day_cos": 0.6234898018587334,
    "time_day_of_week": 6.0,
    "time_is_asian": 1.0,
    "time_is_london": 0.0,
    "time_is_ny": 0.0,
    "time_is_london_ny_overlap": 0.0,
    "time_is_weekend": 1.0,
    "time_is_us_market_hours": 0.0,
    "cross_btc_return_1m": -0.0219580255007362,
    "cross_btc_return_5m": 0.09034991396247394,
    "cross_btc_return_15m": 0.11256794843335924,
    "cross_btc_correlation": 1.0,
    "cross_btc_lead_indicator": 0.0,
    "cross_eth_btc_ratio_change": -0.04638416007975843,
    "vol_realized_5m": 9.242329911732504,
    "vol_realized_15m": 4.815245233970114,
    "vol_realized_1h": 1.5850807827776707,
    "vol_realized_4h": 0.8394770877343243,
    "vol_ratio_5m_1h": 5.830825792699594,
    "vol_ratio_15m_4h": 5.736005549557097,
    "vol_regime": 3.0,
    "vol_expansion": 1.0,
    "vol_contraction": 0.0,
    "vol_percentile": 97.89473684210527,
    "sent_fear_greed": 49.0,
    "sent_fear_greed_change": -1.0,
    "sent_extreme_fear": 0.0,
    "sent_extreme_greed": 0.0,
    "sent_fear": 0.0,
    "sent_greed": 0.0,
    "mask_microstructure_available": 1.0,
    "mask_cross_asset_available": 1.0,
    "mask_sentiment_available": 1.0
  },
  "output_prediction": {
    "signal": "LONG",
    "confidence": 0.6,
    "raw_model_outputs": {
      "xgboost": 0.039824292063713074,
      "lightgbm": 0.2169604541083319,
      "lstm": 0.8316266536712646,
      "random_forest": 0.29385949096019087,
      "weighted_average": 0.33286596331484475,
      "model_agreement": 0.0,
      "technical_fallback": true,
      "fallback_reason": "Models predict SHORT (0.33) but technicals strongly bullish (+DI=63.3, -DI=12.5, EMA=bullish)",
      "technical_signal": "LONG",
      "technical_reason": "Technical LONG: DI+EMA+MTF aligned (score: 5)"
    }
  },
  "regime_info": {
    "regime": "high_volatility",
    "regime_confidence": 0.6103449577613044,