{
  "timestamp": "2026-01-18T04:12:02.655236Z",
  "order_id": "707619008358122413",
  "stage": "Decision Making",
  "model_version": "ollama:qwen2.5:1.5b+ensemble_v1.0",
  "input_features": {
    "tech_returns_1": -0.02188024214134776,
    "tech_returns_5": -0.1311379863033535,
    "tech_returns_15": -0.19657808518382947,
    "tech_returns_60": -0.029171528588090023,
    "tech_returns_240": -0.7314070533709804,
    "tech_returns_1440": -2.0157255182272977,
    "tech_rsi_14": 34.55911040801179,
    "tech_rsi_7": 25.808662710238693,
    "tech_rsi_21": 39.44110658717808,
    "tech_rsi_slope": -2.930830535350996,
    "tech_rsi_divergence": 0.0,
    "tech_rsi_zone": 2.0,
    "tech_macd": -6.180401381439271e-05,
    "tech_macd_signal": -4.282820472456858e-05,
    "tech_macd_hist": -1.897580908982413e-05,
    "tech_stoch_k": 0.0,
    "tech_stoch_d": 3.703703703704075,
    "tech_ema_cross_9_21": -1.0,
    "tech_ema_cross_50_200": -1.0,
    "tech_ema_9": 0.13718204585011046,
    "tech_ema_21": 0.1372509823682395,
    "tech_ema_50": 0.13727283756714972,
    "tech_price_ema_9_pct": -0.07438717616294184,
    "tech_price_ema_21_pct": -0.12457642582166813,
    "tech_adx": 45.545587297920804,
    "tech_adx_7": 59.04206860721726,
    "tech_adx_10": 53.061222105198624,
    "tech_adx_roc_5": 7.063026436354285,
    "tech_adx_slope_3": 2.723531193705135,
    "tech_adx_deceleration": 0.7668054814131544,
    "tech_plus_di": 9.912245692725994,
    "tech_minus_di": 45.22135785096174,
    "tech_di_crossover": 0.0,
    "tech_atr_14": 6.60861100166707e-05,
    "tech_atr_pct": 0.04820988475099993,
    "tech_atr_14_avg": 6.7973709555607e-05,
    "tech_bb_upper": 0.13747832305977203,
    "tech_bb_lower": 0.13705767694022797,
    "tech_bb_width": 0.3064415009645845,
    "tech_bb_position": 0.05306850279811194,
    "tech_volatility_20": 0.00748576424874644,
    "tech_volume_ratio": 0.9465215333648841,
    "tech_obv": -13854100.0,
    "tech_momentum_10": -0.00017999999999998573,
    "tech_roc_10": -0.1311379863033535,
    "tech_high_low_range": 0.036475051065067474,
    "tech_body_ratio": 0.599998800002511,
    "tech_swing_high_10": 0.1373,
    "tech_swing_low_10": 0.13708,
    "tech_price_vs_swing_high": -0.16023306627822137,
    "tech_price_vs_swing_low": 0.0,
    "tech_swing_break_up": 0.0,
    "tech_swing_break_down": 1.0,
    "tech_volume_spike": 0.0,
    "tech_volume_spike_ratio": 0.9465215333648841,
    "micro_ob_best_bid_price": 0.13707,
    "micro_ob_best_ask_price": 0.13708,
    "micro_ob_best_bid_size": 2426000.0,
    "micro_ob_best_ask_size": 1505900.0,
    "micro_ob_spread_absolute": 1.0000000000010001e-05,
    "micro_ob_spread_percentage": 0.007295276308597483,
    "micro_ob_bid_ask_size_ratio": 1.6109967461318813,
    "micro_ob_orderbook_imbalance_5": -0.318049576685626,
    "micro_ob_orderbook_imbalance_10": -0.3801909476661952,
    "micro_ob_orderbook_imbalance_20": -0.4076091042363643,
    "micro_ob_orderbook_vwap": 0.13710469939886846,
    "micro_ob_buy_impact_0.1": 0.0,
    "micro_ob_sell_impact_0.1": 0.0,
    "micro_ob_buy_impact_1.0": 0.0,
    "micro_ob_sell_impact_1.0": 0.0,
    "micro_ob_buy_impact_10.0": 0.0,
    "micro_ob_sell_impact_10.0": 0.0,
    "micro_ob_bid_depth_concentration": 0.43413047789014475,
    "micro_ob_ask_depth_concentration": 0.35312261118325083,
    "micro_ob_bid_levels": 15,
    "micro_ob_ask_levels": 15,
    "micro_ob_total_bid_volume": 12607500.0,
    "micro_ob_total_ask_volume": 29957300.0,
    "micro_ob_total_orderbook_volume": 42564800.0,
    "micro_ob_order_flow_imbalance": -0.4076091042363643,
    "micro_ob_depth_imbalance_1": 0.23400900328085658,
    "micro_ob_depth_imbalance_5": -0.318049576685626,
    "micro_ob_depth_imbalance_10": -0.3801909476661952,
    "micro_ob_depth_imbalance_20": -0.4076091042363643,
    "micro_fr_funding_rate_current": 5.49e-06,
    "micro_fr_funding_rate_abs": 5.49e-06,
    "micro_fr_funding_rate_mean": 2.41604e-05,
    "micro_fr_funding_rate_std": 1.1100014677467775e-05,
    "micro_fr_funding_rate_min": 2.82e-06,
    "micro_fr_funding_rate_max": 3.97e-05,
    "micro_fr_funding_rate_skew": -0.707931231768312,
    "micro_fr_funding_rate_kurtosis": -0.9056002793739695,
    "micro_fr_funding_rate_trend": -2.590000000000002e-07,
    "micro_fr_funding_rate_change": -9.500000000000002e-07,
    "micro_fr_funding_rate_change_abs": 9.500000000000002e-07,
    "micro_fr_funding_rate_positive": 1.0,
    "micro_fr_funding_rate_negative": 0.0,
    "micro_fr_funding_rate_high": 0.0,
    "micro_fr_funding_rate_extreme": 0.0,
    "micro_fr_hours_to_next_funding": 0.0,
    "micro_fr_funding_imminent": 1.0,
    "micro_vp_volume_current": 41.139,
    "micro_vp_volume_mean": 150.13703999999998,
    "micro_vp_volume_std": 87.88832027874011,
    "micro_vp_volume_max": 507.344,
    "micro_vp_volume_sum": 15013.703999999998,
    "micro_vp_volume_ratio": 0.27400966477026595,
    "micro_vp_large_volume_trade": 0.0,
    "micro_vp_recent_vwap": 0.13711145305249123,
    "micro_vp_price_vwap_deviation_pct": 0.013526913394808542,
    "micro_vp_price_clustering": 0.0,
    "micro_vp_volume_trend": -13.962327272727261,
    "micro_of_order_flow_imbalance": -0.4076091042363643,
    "micro_of_trade_flow_buy_pressure": 0.29619544788181784,
    "micro_of_trade_flow_sell_pressure": 0.7038045521181822,
    "micro_of_kyles_lambda_buy": 0.0,
    "micro_of_kyles_lambda_sell": 0.0,
    "micro_of_kyles_lambda_avg": 0.0,
    "micro_of_amihud_illiquidity": 0.08704562993512797,
    "micro_of_spread_dynamics_current": 0.007295276308597483,
    "micro_micro_funding_arbitrage": 0.0,
    "micro_micro_orderbook_pressure": -1.0,
    "micro_micro_liquidity_score": 1.0,
    "micro_micro_volume_spike": 0.0,
    "micro_micro_oi_divergence": 0.0,
    "micro_micro_composite_score": 0.5,
    "fee_maker_rate": 0.0002,
    "fee_taker_rate": 0.0008,
    "fee_round_trip_cost": 0.0016,
    "fee_breakeven_move_pct": 0.16,
    "fee_net_profit_threshold": 0.16,
    "time_hour_sin": 0.8660254037844386,
    "time_hour_cos": 0.5000000000000001,
    "time_day_sin": -0.7818314824680299,
    "time_day_cos": 0.6234898018587334,
    "time_day_of_week": 6.0,
    "time_is_asian": 1.0,
    "time_is_london": 0.0,
    "time_is_ny": 0.0,
    "time_is_london_ny_overlap": 0.0,
    "time_is_weekend": 1.0,
    "time_is_us_market_hours": 0.0,
    "cross_btc_return_1m": -0.00010516308690600612,
    "cross_btc_return_5m": -0.05539030722175787,
    "cross_btc_return_15m": -0.031118619763047764,
    "cross_btc_correlation": 0.81276948712364,
    "cross_btc_lead_indicator": -0.05539030722175787,
    "cross_eth_btc_ratio_change": 0.017846766145882587,
    "vol_realized_5m": 6.944836135745418,
    "vol_realized_15m": 9.65799071903543,
    "vol_realized_1h": 4.032747127692259,
    "vol_realized_4h": 2.184451626556953,
    "vol_ratio_5m_1h": 1.7221104908999347,
    "vol_ratio_15m_4h": 4.421242659540132,
    "vol_regime": 0.0,
    "vol_expansion": 1.0,
    "vol_contraction": 0.0,
    "vol_percentile": 9.473684210526317,
    "sent_fear_greed": 49.0,
    "sent_fear_greed_change": -1.0,
    "sent_extreme_fear": 0.0,
    "sent_extreme_greed": 0.0,
    "sent_fear": 0.0,
    "sent_greed": 0.0,
    "mask_microstructure_available": 1.0,
    "mask_cross_asset_available": 1.0,
    "mask_sentiment_available": 1.0
  },
  "output_prediction": {
    "signal": "SHORT",
    "confidence": 0.7,
    "raw_model_outputs": {
      "xgboost": 0.8760236501693726,
      "lightgbm": 0.7171505820584897,
      "lstm": 0.7501966953277588,
      "random_forest": 0.4404133770771193,
      "weighted_average": 0.7177265957732621,
      "model_agreement": 0.36401995719309754,
      "technical_fallback": true,
      "fallback_reason": "Models predict LONG (0.72) but technicals strongly bearish (+DI=9.9, -DI=45.2, EMA=bearish)",
      "technical_signal": "SHORT",
      "technical_reason": "Technical SHORT: DI+EMA+MTF aligned (score: 6)"
    }
  },
  "regime_info": {
    "regime": "trending",