{
  "timestamp": "2026-01-18T08:09:03.763433Z",
  "order_id": "707678666439525293",
  "stage": "Decision Making",
  "model_version": "ollama:qwen2.5:1.5b+ensemble_v1.0",
  "input_features": {
    "tech_returns_1": -0.004879476920061077,
    "tech_returns_5": -0.009758477677479505,
    "tech_returns_15": -0.17049883086515116,
    "tech_returns_60": -0.3016297737776563,
    "tech_returns_240": -0.24339190965291246,
    "tech_returns_1440": -0.8295153122739487,
    "tech_rsi_14": 33.618382067389206,
    "tech_rsi_7": 30.937989720283497,
    "tech_rsi_21": 35.95744446631252,
    "tech_rsi_slope": 1.265683108757564,
    "tech_rsi_divergence": 0.0,
    "tech_rsi_zone": 2.0,
    "tech_macd": -0.0009237422480299351,
    "tech_macd_signal": -0.0007342450464179991,
    "tech_macd_hist": -0.00018949720161193597,
    "tech_stoch_k": 7.317073170735934,
    "tech_stoch_d": 6.407278358500612,
    "tech_ema_cross_9_21": -1.0,
    "tech_ema_cross_50_200": -1.0,
    "tech_ema_9": 2.0499743763947196,
    "tech_ema_21": 2.050905829808628,
    "tech_ema_50": 2.0521856103570912,
    "tech_price_ema_9_pct": -0.03289682068638724,
    "tech_price_ema_21_pct": -0.07829856375109673,
    "tech_adx": 39.18598836414213,
    "tech_adx_7": 43.08521693484505,
    "tech_adx_10": 43.67045896571119,
    "tech_adx_roc_5": 1.2266439473214135,
    "tech_adx_slope_3": 0.15781090861345604,
    "tech_adx_deceleration": -0.02427860132514681,
    "tech_plus_di": 13.88948680436365,
    "tech_minus_di": 32.5159138804247,
    "tech_di_crossover": 0.0,
    "tech_atr_14": 0.0007229456368764612,
    "tech_atr_pct": 0.035277686862658524,
    "tech_atr_14_avg": 0.0007784979679380256,
    "tech_bb_upper": 2.0540370752515726,
    "tech_bb_lower": 2.0484529247484278,
    "tech_bb_width": 0.27223225422340425,
    "tech_bb_position": 0.15169276886346367,
    "tech_volatility_20": 0.004362086247228957,
    "tech_volume_ratio": 0.013311231665662046,
    "tech_obv": -1244020.0,
    "tech_momentum_10": -0.0017999999999998018,
    "tech_roc_10": -0.0877577885037173,
    "tech_high_low_range": 0.004879715024631188,
    "tech_body_ratio": 0.9999990000010001,
    "tech_swing_high_10": 2.0517,
    "tech_swing_low_10": 2.049,
    "tech_price_vs_swing_high": -0.116976166106143,
    "tech_price_vs_swing_low": 0.014641288433391362,
    "tech_swing_break_up": 0.0,
    "tech_swing_break_down": 0.0,
    "tech_volume_spike": 0.0,
    "tech_volume_spike_ratio": 0.013311231665662046,
    "micro_ob_best_bid_price": 2.0493,
    "micro_ob_best_ask_price": 2.0494,
    "micro_ob_best_bid_size": 64300.0,
    "micro_ob_best_ask_size": 69130.0,
    "micro_ob_spread_absolute": 9.999999999976694e-05,
    "micro_ob_spread_percentage": 0.004879595969442357,
    "micro_ob_bid_ask_size_ratio": 0.9301316360480255,
    "micro_ob_orderbook_imbalance_5": -0.0793733257569608,
    "micro_ob_orderbook_imbalance_10": -0.16234772579831327,
    "micro_ob_orderbook_imbalance_20": -0.17775468430168478,
    "micro_ob_orderbook_vwap": 2.0494867476392993,
    "micro_ob_buy_impact_0.1": 0.0,
    "micro_ob_sell_impact_0.1": 0.0,
    "micro_ob_buy_impact_1.0": 0.0,
    "micro_ob_sell_impact_1.0": 0.0,
    "micro_ob_buy_impact_10.0": 0.0,
    "micro_ob_sell_impact_10.0": 0.0,
    "micro_ob_bid_depth_concentration": 0.43435565904773576,
    "micro_ob_ask_depth_concentration": 0.35553321425897605,
    "micro_ob_bid_levels": 15,
    "micro_ob_ask_levels": 15,
    "micro_ob_total_bid_volume": 652760.0,
    "micro_ob_total_ask_volume": 934990.0,
    "micro_ob_total_orderbook_volume": 1587750.0,
    "micro_ob_order_flow_imbalance": -0.17775468430168478,
    "micro_ob_depth_imbalance_1": -0.03619875590197107,
    "micro_ob_depth_imbalance_5": -0.0793733257569608,
    "micro_ob_depth_imbalance_10": -0.16234772579831327,
    "micro_ob_depth_imbalance_20": -0.17775468430168478,
    "micro_fr_funding_rate_current": -3.246e-05,
    "micro_fr_funding_rate_abs": 3.246e-05,
    "micro_fr_funding_rate_mean": 4.554280000000001e-05,
    "micro_fr_funding_rate_std": 4.2981518448747245e-05,
    "micro_fr_funding_rate_min": -3.246e-05,
    "micro_fr_funding_rate_max": 9.771e-05,
    "micro_fr_funding_rate_skew": -0.3290950321584099,
    "micro_fr_funding_rate_kurtosis": -1.334160794684181,
    "micro_fr_funding_rate_trend": -1.2809999999999965e-06,
    "micro_fr_funding_rate_change": -4.1999999999999937e-07,
    "micro_fr_funding_rate_change_abs": 4.1999999999999937e-07,
    "micro_fr_funding_rate_positive": 0.0,
    "micro_fr_funding_rate_negative": 1.0,
    "micro_fr_funding_rate_high": 0.0,
    "micro_fr_funding_rate_extreme": 0.0,
    "micro_fr_hours_to_next_funding": 0.0,
    "micro_fr_funding_imminent": 1.0,
    "micro_vp_volume_current": 430.353,
    "micro_vp_volume_mean": 264.16768,
    "micro_vp_volume_std": 161.622546684544,
    "micro_vp_volume_max": 778.696,
    "micro_vp_volume_sum": 26416.768,
    "micro_vp_volume_ratio": 1.629090280839806,
    "micro_vp_large_volume_trade": 0.0,
    "micro_vp_recent_vwap": 2.0494001729507563,
    "micro_vp_price_vwap_deviation_pct": -0.004887915599807893,
    "micro_vp_price_clustering": 0.2472498315004522,
    "micro_vp_volume_trend": 7.453654545454541,
    "micro_of_order_flow_imbalance": -0.17775468430168478,
    "micro_of_trade_flow_buy_pressure": 0.41112265784915764,
    "micro_of_trade_flow_sell_pressure": 0.5888773421508424,
    "micro_of_kyles_lambda_buy": 0.0,
    "micro_of_kyles_lambda_sell": 0.0,
    "micro_of_kyles_lambda_avg": 0.0,
    "micro_of_amihud_illiquidity": 0.02974407722923779,
    "micro_of_spread_dynamics_current": 0.004879595969442357,
    "micro_micro_funding_arbitrage": 0.0,
    "micro_micro_orderbook_pressure": -0.5,
    "micro_micro_liquidity_score": 1.0,
    "micro_micro_volume_spike": 0.5,
    "micro_micro_oi_divergence": 0.0,
    "micro_micro_composite_score": 0.39999999999999997,
    "fee_maker_rate": 0.0002,
    "fee_taker_rate": 0.0008,
    "fee_round_trip_cost": 0.0016,
    "fee_breakeven_move_pct": 0.16,
    "fee_net_profit_threshold": 0.16,
    "time_hour_sin": 0.8660254037844387,
    "time_hour_cos": -0.4999999999999998,
    "time_day_sin": -0.7818314824680299,
    "time_day_cos": 0.6234898018587334,
    "time_day_of_week": 6.0,
    "time_is_asian": 1.0,
    "time_is_london": 1.0,
    "time_is_ny": 0.0,
    "time_is_london_ny_overlap": 0.0,
    "time_is_weekend": 1.0,
    "time_is_us_market_hours": 0.0,
    "cross_btc_return_1m": 0.0,
    "cross_btc_return_5m": 0.004631803224165308,
    "cross_btc_return_15m": -0.02620371335031227,
    "cross_btc_correlation": 0.5736211398545272,
    "cross_btc_lead_indicator": 0.004631803224165308,
    "cross_eth_btc_ratio_change": -0.07543438569092999,
    "vol_realized_5m": 8.924234893618255,
    "vol_realized_15m": 4.8710248978636,
    "vol_realized_1h": 2.6338432425576417,
    "vol_realized_4h": 1.434348412802174,
    "vol_ratio_5m_1h": 3.3882938625277537,
    "vol_ratio_15m_4h": 3.395984444495923,
    "vol_regime": 2.0,
    "vol_expansion": 1.0,
    "vol_contraction": 0.0,
    "vol_percentile": 73.68421052631578,
    "sent_fear_greed": 49.0,
    "sent_fear_greed_change": -1.0,
    "sent_extreme_fear": 0.0,
    "sent_extreme_greed": 0.0,
    "sent_fear": 0.0,
    "sent_greed": 0.0,
    "mask_microstructure_available": 1.0,
    "mask_cross_asset_available": 1.0,
    "mask_sentiment_available": 1.0
  },
  "output_prediction": {
    "signal": "SHORT",
    "confidence": 0.6,
    "raw_model_outputs": {
      "xgboost": 0.6399855017662048,
      "lightgbm": 0.7215014314013316,
      "lstm": 0.8521026372909546,
      "random_forest": 0.43395796189452385,
      "weighted_average": 0.6721882749829989,
      "model_agreement": 0.3928190018196356,
      "technical_fallback": true,
      "fallback_reason": "Models predict LONG (0.67) but technicals strongly bearish (+DI=13.9, -DI=32.5, EMA=bearish)",
      "technical_signal": "SHORT",
      "technical_reason": "Technical SHORT: DI+EMA+MTF aligned (score: 5)"
    }
  },