{
  "timestamp": "2026-01-18T06:20:23.932251Z",
  "order_id": "707651300443030445",
  "stage": "Decision Making",
  "model_version": "ollama:qwen2.5:1.5b+ensemble_v1.0",
  "input_features": {
    "tech_returns_1": 0.07610350076103778,
    "tech_returns_5": -0.15186028853454436,
    "tech_returns_15": -0.1771255060728727,
    "tech_returns_60": -0.07598784194527974,
    "tech_returns_240": -0.07598784194527974,
    "tech_returns_1440": 0.3565970453387703,
    "tech_rsi_14": 40.27347399929862,
    "tech_rsi_7": 36.355328745048574,
    "tech_rsi_21": 43.33984220901062,
    "tech_rsi_slope": 4.079358735379518,
    "tech_rsi_divergence": 0.0,
    "tech_rsi_zone": 2.0,
    "tech_macd": -0.0001505038980542106,
    "tech_macd_signal": -1.9084285809938368e-05,
    "tech_macd_hist": -0.00013141961224427223,
    "tech_stoch_k": 22.22222222222325,
    "tech_stoch_d": 11.111111111111116,
    "tech_ema_cross_9_21": -1.0,
    "tech_ema_cross_50_200": 1.0,
    "tech_ema_9": 0.3947053151519482,
    "tech_ema_21": 0.39492336406587053,
    "tech_ema_50": 0.3949484517488196,
    "tech_price_ema_9_pct": -0.05201732636134393,
    "tech_price_ema_21_pct": -0.10720157488577928,
    "tech_adx": 38.954406147824834,
    "tech_adx_7": 65.68029774777986,
    "tech_adx_10": 52.72407701703318,
    "tech_adx_roc_5": 16.7916060479569,
    "tech_adx_slope_3": 2.478635724006633,
    "tech_adx_deceleration": -2.4188732320018858,
    "tech_plus_di": 17.75958164645363,
    "tech_minus_di": 43.07830661140215,
    "tech_di_crossover": 0.0,
    "tech_atr_14": 0.0002781789040167585,
    "tech_atr_pct": 0.07051429759613649,
    "tech_atr_14_avg": 0.0002617133914331188,
    "tech_bb_upper": 0.3959753577045828,
    "tech_bb_lower": 0.39419464229541723,
    "tech_bb_width": 0.4507170378945236,
    "tech_bb_position": 0.17148035166712797,
    "tech_volatility_20": 0.008099687700913535,
    "tech_volume_ratio": 0.3212121212121212,
    "tech_obv": -634670.0,
    "tech_momentum_10": -0.0010000000000000009,
    "tech_roc_10": -0.25284450063211006,
    "tech_high_low_range": 0.07604562737643154,
    "tech_body_ratio": 0.9999996666667779,
    "tech_swing_high_10": 0.3955,
    "tech_swing_low_10": 0.3941,
    "tech_price_vs_swing_high": -0.25284450063211145,
    "tech_price_vs_swing_low": 0.10149708195889659,
    "tech_swing_break_up": 0.0,
    "tech_swing_break_down": 0.0,
    "tech_volume_spike": 0.0,
    "tech_volume_spike_ratio": 0.3212121212121212,
    "micro_ob_best_bid_price": 0.3942,
    "micro_ob_best_ask_price": 0.3943,
    "micro_ob_best_bid_size": 839750.0,
    "micro_ob_best_ask_size": 999480.0,
    "micro_ob_spread_absolute": 9.999999999998899e-05,
    "micro_ob_spread_percentage": 0.02536461636017476,
    "micro_ob_bid_ask_size_ratio": 0.840186897186537,
    "micro_ob_orderbook_imbalance_5": -0.02908293067410744,
    "micro_ob_orderbook_imbalance_10": -0.16677185736908878,
    "micro_ob_orderbook_imbalance_20": -0.1470584327337684,
    "micro_ob_orderbook_vwap": 0.39436808215372526,
    "micro_ob_buy_impact_0.1": 0.0,
    "micro_ob_sell_impact_0.1": 0.0,
    "micro_ob_buy_impact_1.0": 0.0,
    "micro_ob_sell_impact_1.0": 0.0,
    "micro_ob_buy_impact_10.0": 0.0,
    "micro_ob_sell_impact_10.0": 1.4081976466579864e-14,
    "micro_ob_bid_depth_concentration": 0.5357656483279288,
    "micro_ob_ask_depth_concentration": 0.42225698328163963,
    "micro_ob_bid_levels": 15,
    "micro_ob_ask_levels": 15,
    "micro_ob_total_bid_volume": 8024180.0,
    "micro_ob_total_ask_volume": 10791130.0,
    "micro_ob_total_orderbook_volume": 18815310.0,
    "micro_ob_order_flow_imbalance": -0.1470584327337684,
    "micro_ob_depth_imbalance_1": -0.08684612582439391,
    "micro_ob_depth_imbalance_5": -0.02908293067410744,
    "micro_ob_depth_imbalance_10": -0.16677185736908878,
    "micro_ob_depth_imbalance_20": -0.1470584327337684,
    "micro_fr_funding_rate_current": -5.16e-06,
    "micro_fr_funding_rate_abs": 5.16e-06,
    "micro_fr_funding_rate_mean": 5.95827e-05,
    "micro_fr_funding_rate_std": 3.6545451806072945e-05,
    "micro_fr_funding_rate_min": -5.16e-06,
    "micro_fr_funding_rate_max": 0.0001,
    "micro_fr_funding_rate_skew": -0.5133073594419852,
    "micro_fr_funding_rate_kurtosis": -1.1726545515532576,
    "micro_fr_funding_rate_trend": -5.159999999999996e-07,
    "micro_fr_funding_rate_change": -2.5899999999999998e-06,
    "micro_fr_funding_rate_change_abs": 2.5899999999999998e-06,
    "micro_fr_funding_rate_positive": 0.0,
    "micro_fr_funding_rate_negative": 1.0,
    "micro_fr_funding_rate_high": 0.0,
    "micro_fr_funding_rate_extreme": 0.0,
    "micro_fr_hours_to_next_funding": 0.0,
    "micro_fr_funding_imminent": 1.0,
    "micro_vp_volume_current": 15.768,
    "micro_vp_volume_mean": 99.22724,
    "micro_vp_volume_std": 188.66156364496294,
    "micro_vp_volume_max": 1552.754,
    "micro_vp_volume_sum": 9922.724,
    "micro_vp_volume_ratio": 0.15890797728526967,
    "micro_vp_large_volume_trade": 0.0,
    "micro_vp_recent_vwap": 0.394228230252096,
    "micro_vp_price_vwap_deviation_pct": -0.007160890552656864,
    "micro_vp_price_clustering": 0.3376118524547401,
    "micro_vp_volume_trend": 4.1098121212121175,
    "micro_of_order_flow_imbalance": -0.1470584327337684,
    "micro_of_trade_flow_buy_pressure": 0.4264707836331158,
    "micro_of_trade_flow_sell_pressure": 0.5735292163668843,
    "micro_of_kyles_lambda_buy": 0.0,
    "micro_of_kyles_lambda_sell": 1.4081976466579864e-15,
    "micro_of_kyles_lambda_avg": 7.040988233289932e-16,
    "micro_of_amihud_illiquidity": 0.8798617525846112,
    "micro_of_spread_dynamics_current": 0.02536461636017476,
    "micro_micro_funding_arbitrage": 0.0,
    "micro_micro_orderbook_pressure": -0.5,
    "micro_micro_liquidity_score": 1.0,
    "micro_micro_volume_spike": 0.0,
    "micro_micro_oi_divergence": 0.0,
    "micro_micro_composite_score": 0.35,
    "fee_maker_rate": 0.0002,
    "fee_taker_rate": 0.0008,
    "fee_round_trip_cost": 0.0016,
    "fee_breakeven_move_pct": 0.16,
    "fee_net_profit_threshold": 0.16,
    "time_hour_sin": 1.0,
    "time_hour_cos": 6.123233995736766e-17,
    "time_day_sin": -0.7818314824680299,
    "time_day_cos": 0.6234898018587334,
    "time_day_of_week": 6.0,
    "time_is_asian": 1.0,
    "time_is_london": 0.0,
    "time_is_ny": 0.0,
    "time_is_london_ny_overlap": 0.0,
    "time_is_weekend": 1.0,
    "time_is_us_market_hours": 0.0,
    "cross_btc_return_1m": -0.009355412105912442,
    "cross_btc_return_5m": -0.023542864830332386,
    "cross_btc_return_15m": -0.013979913072272903,
    "cross_btc_correlation": 0.5861883300411476,
    "cross_btc_lead_indicator": -0.023542864830332386,
    "cross_eth_btc_ratio_change": -0.020421524858932054,
    "vol_realized_5m": 20.396165102369622,
    "vol_realized_15m": 10.361891030592204,
    "vol_realized_1h": 4.747809888745758,
    "vol_realized_4h": 2.511932073230796,
    "vol_ratio_5m_1h": 4.295910236573885,
    "vol_ratio_15m_4h": 4.125068166061095,
    "vol_regime": 3.0,
    "vol_expansion": 1.0,
    "vol_contraction": 0.0,
    "vol_percentile": 94.73684210526315,
    "sent_fear_greed": 49.0,
    "sent_fear_greed_change": -1.0,
    "sent_extreme_fear": 0.0,
    "sent_extreme_greed": 0.0,
    "sent_fear": 0.0,
    "sent_greed": 0.0,
    "mask_microstructure_available": 1.0,
    "mask_cross_asset_available": 1.0,
    "mask_sentiment_available": 1.0
  },
  "output_prediction": {
    "signal": "SHORT",
    "confidence": 0.6,
    "raw_model_outputs": {
      "xgboost": 0.856187105178833,
      "lightgbm": 0.689604757185636,
      "lstm": 0.7297911643981934,
      "random_forest": 0.4602839352167816,
      "weighted_average": 0.7037619109138925,
      "model_agreement": 0.42789680494781623,
      "technical_fallback": true,
      "fallback_reason": "Models predict LONG (0.70) but technicals strongly bearish (+DI=17.8, -DI=43.1, EMA=bearish)",
      "technical_signal": "SHORT",
      "technical_reason": "Technical SHORT: DI+EMA+MTF aligned (score: 5)"
    }
  },