{
  "timestamp": "2026-01-08T22:51:31.466630Z",
  "order_id": "704276852465730477",
  "stage": "Decision Making",
  "model_version": "ollama:qwen2.5:1.5b+ensemble_v1.0",
  "input_features": {
    "tech_returns_1": 0.0,
    "tech_returns_5": 0.024557956777981893,
    "tech_returns_15": 0.17215937038859153,
    "tech_returns_60": 0.22145669291337988,
    "tech_returns_240": 0.04912797838367844,
    "tech_returns_1440": -2.3896166909267333,
    "tech_rsi_14": 56.99226950077519,
    "tech_rsi_7": 64.71399099706619,
    "tech_rsi_21": 55.247775758799705,
    "tech_rsi_slope": 1.300331528820081,
    "tech_rsi_divergence": 0.0,
    "tech_rsi_zone": 3.0,
    "tech_macd": 0.012986137995113722,
    "tech_macd_signal": -0.0028519249220828754,
    "tech_macd_hist": 0.015838062917196596,
    "tech_stoch_k": 96.9696969696954,
    "tech_stoch_d": 93.9393939393937,
    "tech_ema_cross_9_21": 1.0,
    "tech_ema_cross_50_200": 1.0,
    "tech_ema_9": 81.42004410566622,
    "tech_ema_21": 81.39942790975327,
    "tech_ema_50": 81.37283219808633,
    "tech_price_ema_9_pct": 0.04907378124472387,
    "tech_price_ema_21_pct": 0.07441341026853196,
    "tech_adx": 24.053188200257388,
    "tech_adx_7": 34.39328306912261,
    "tech_adx_10": 28.703788827780716,
    "tech_adx_roc_5": -17.051185688854282,
    "tech_adx_slope_3": -3.006088141750121,
    "tech_adx_deceleration": 0.45176944267874397,
    "tech_plus_di": 28.716930564188758,
    "tech_minus_di": 24.281879610576553,
    "tech_di_crossover": 0.0,
    "tech_atr_14": 0.04604306440135442,
    "tech_atr_pct": 0.05652229855309897,
    "tech_atr_14_avg": 0.05919849216487831,
    "tech_bb_upper": 81.50255717014386,
    "tech_bb_lower": 81.23644282985614,
    "tech_bb_width": 0.3270443351473395,
    "tech_bb_position": 0.8400793805480226,
    "tech_volatility_20": 0.010704047231667768,
    "tech_volume_ratio": 0.27770003701463436,
    "tech_obv": -3652.3000000000106,
    "tech_momentum_10": 0.14999999999999147,
    "tech_roc_10": 0.184479153855599,
    "tech_high_low_range": 0.012275963663153838,
    "tech_body_ratio": 0.0,
    "tech_swing_high_10": 81.47,
    "tech_swing_low_10": 81.3,
    "tech_price_vs_swing_high": -0.012274456855290435,
    "tech_price_vs_swing_low": 0.196801968019676,
    "tech_swing_break_up": 0.0,
    "tech_swing_break_down": 0.0,
    "tech_volume_spike": 0.0,
    "tech_volume_spike_ratio": 0.27770003701463436,
    "micro_ob_best_bid_price": 81.46,
    "micro_ob_best_ask_price": 81.47,
    "micro_ob_best_bid_size": 3220.4,
    "micro_ob_best_ask_size": 3677.0,
    "micro_ob_spread_absolute": 0.010000000000005116,
    "micro_ob_spread_percentage": 0.012275210212981178,
    "micro_ob_bid_ask_size_ratio": 0.8758226815338591,
    "micro_ob_orderbook_imbalance_5": 0.0980913160529709,
    "micro_ob_orderbook_imbalance_10": 0.15901817812865918,
    "micro_ob_orderbook_imbalance_20": 0.11989842445669717,
    "micro_ob_orderbook_vwap": 81.44901003375665,
    "micro_ob_buy_impact_0.1": 0.0,
    "micro_ob_sell_impact_0.1": 0.0,
    "micro_ob_buy_impact_1.0": 0.0,
    "micro_ob_sell_impact_1.0": 0.0,
    "micro_ob_buy_impact_10.0": 1.744305230784584e-14,
    "micro_ob_sell_impact_10.0": 0.0,
    "micro_ob_bid_depth_concentration": 0.5884811812802492,
    "micro_ob_ask_depth_concentration": 0.6150388165340901,
    "micro_ob_bid_levels": 15,
    "micro_ob_ask_levels": 15,
    "micro_ob_total_bid_volume": 23946.9,
    "micro_ob_total_ask_volume": 18819.3,
    "micro_ob_total_orderbook_volume": 42766.2,
    "micro_ob_order_flow_imbalance": 0.11989842445669717,
    "micro_ob_depth_imbalance_1": -0.0661988575405225,
    "micro_ob_depth_imbalance_5": 0.0980913160529709,
    "micro_ob_depth_imbalance_10": 0.15901817812865918,
    "micro_ob_depth_imbalance_20": 0.11989842445669717,
    "micro_fr_funding_rate_current": 8.15e-06,
    "micro_fr_funding_rate_abs": 8.15e-06,
    "micro_fr_funding_rate_mean": 3.88313e-05,
    "micro_fr_funding_rate_std": 1.7616520635755518e-05,
    "micro_fr_funding_rate_min": 7.04e-06,
    "micro_fr_funding_rate_max": 6.359e-05,
    "micro_fr_funding_rate_skew": -0.0011819229733477112,
    "micro_fr_funding_rate_kurtosis": -1.4629553335968086,
    "micro_fr_funding_rate_trend": -1.2740000000000004e-06,
    "micro_fr_funding_rate_change": 1.1099999999999995e-06,
    "micro_fr_funding_rate_change_abs": 1.1099999999999995e-06,
    "micro_fr_funding_rate_positive": 1.0,
    "micro_fr_funding_rate_negative": 0.0,
    "micro_fr_funding_rate_high": 0.0,
    "micro_fr_funding_rate_extreme": 0.0,
    "micro_fr_hours_to_next_funding": 0.0,
    "micro_fr_funding_imminent": 1.0,
    "micro_vp_volume_current": 594.366,
    "micro_vp_volume_mean": 396.5978300000001,
    "micro_vp_volume_std": 196.11830999593357,
    "micro_vp_volume_max": 724.727,
    "micro_vp_volume_sum": 39659.78300000001,
    "micro_vp_volume_ratio": 1.4986617551588717,
    "micro_vp_large_volume_trade": 0.0,
    "micro_vp_recent_vwap": 81.45365379306283,
    "micro_vp_price_vwap_deviation_pct": -0.041316492871301416,
    "micro_vp_price_clustering": 0.4213150723987178,
    "micro_vp_volume_trend": 0.3363272727272683,
    "micro_of_order_flow_imbalance": 0.11989842445669717,
    "micro_of_trade_flow_buy_pressure": 0.5599492122283486,
    "micro_of_trade_flow_sell_pressure": 0.44005078777165146,
    "micro_of_kyles_lambda_buy": 1.744305230784584e-15,
    "micro_of_kyles_lambda_sell": 0.0,
    "micro_of_kyles_lambda_avg": 8.72152615392292e-16,
    "micro_of_amihud_illiquidity": 0.040703467368980756,
    "micro_of_spread_dynamics_current": 0.012275210212981178,
    "micro_micro_funding_arbitrage": 0.0,
    "micro_micro_orderbook_pressure": 0.5,
    "micro_micro_liquidity_score": 1.0,
    "micro_micro_volume_spike": 0.0,
    "micro_micro_oi_divergence": 0.0,
    "micro_micro_composite_score": 0.35,
    "fee_maker_rate": 0.0002,
    "fee_taker_rate": 0.0008,
    "fee_round_trip_cost": 0.0016,
    "fee_breakeven_move_pct": 0.16,
    "fee_net_profit_threshold": 0.16,
    "time_hour_sin": -0.5000000000000004,
    "time_hour_cos": 0.8660254037844384,
    "time_day_sin": 0.43388373911755823,
    "time_day_cos": -0.900968867902419,
    "time_day_of_week": 3.0,
    "time_is_asian": 0.0,
    "time_is_london": 0.0,
    "time_is_ny": 0.0,
    "time_is_london_ny_overlap": 0.0,
    "time_is_weekend": 0.0,
    "time_is_us_market_hours": 0.0,
    "cross_btc_return_1m": 0.00010969916102720186,
    "cross_btc_return_5m": -0.025991915088687364,
    "cross_btc_return_15m": 0.07190453712140339,
    "cross_btc_correlation": 0.87335633921349,
    "cross_btc_lead_indicator": -0.025991915088687364,
    "cross_eth_btc_ratio_change": 0.08999124829632558,
    "vol_realized_5m": 8.197023161874961,
    "vol_realized_15m": 11.034899234490952,
    "vol_realized_1h": 5.494341970966906,
    "vol_realized_4h": 2.8553505939865964,
    "vol_ratio_5m_1h": 1.4919026163987443,
    "vol_ratio_15m_4h": 3.86463898959749,
    "vol_regime": 1.0,
    "vol_expansion": 0.0,
    "vol_contraction": 0.0,
    "vol_percentile": 25.263157894736842,
    "sent_fear_greed": 28.0,
    "sent_fear_greed_change": -14.0,
    "sent_extreme_fear": 0.0,
    "sent_extreme_greed": 0.0,
    "sent_fear": 1.0,
    "sent_greed": 0.0
  },
  "output_prediction": {
    "signal": "SHORT",
    "confidence": 0.5930313492778136,
    "raw_model_outputs": {
      "xgboost": 0.10814482718706131,
      "lightgbm": 0.12135776756105844,
      "lstm": 0.35208484530448914,
      "random_forest": 0.2634011162176491,
      "weighted_average": 0.20348432536109318,
      "model_agreement": 0.5937218555935403
    }
  },
  "regime_info": {
    "regime": "ranging",
    "regime_confidence": 0.5,
    "atr_ratio": 0.7777742762960298,
    "adx_value": 24.053188200257388,
    "is_exhausted": false,
    "is_weakening": false,
    "leverage_tier": "normal_volatility"
  },