{
  "timestamp": "2026-01-08T22:10:57.052761Z",
  "order_id": "704266642871288749",
  "stage": "Decision Making",
  "model_version": "ollama:qwen2.5:1.5b+ensemble_v1.0",
  "input_features": {
    "tech_returns_1": 0.021031968592266637,
    "tech_returns_5": -0.07704160246533309,
    "tech_returns_15": -0.09803235067572524,
    "tech_returns_60": 0.2247980330172039,
    "tech_returns_240": 0.021031968592266637,
    "tech_returns_1440": -5.355087671789317,
    "tech_rsi_14": 45.35286456539779,
    "tech_rsi_7": 38.82371260800964,
    "tech_rsi_21": 49.35236990898928,
    "tech_rsi_slope": -0.9300680503649623,
    "tech_rsi_divergence": 0.0,
    "tech_rsi_zone": 2.0,
    "tech_macd": -1.6383569140243637e-07,
    "tech_macd_signal": 3.157584777685838e-05,
    "tech_macd_hist": -3.173968346826082e-05,
    "tech_stoch_k": 18.421052631575872,
    "tech_stoch_d": 14.85745614034822,
    "tech_ema_cross_9_21": -1.0,
    "tech_ema_cross_50_200": 1.0,
    "tech_ema_9": 0.14272683775004083,
    "tech_ema_21": 0.14275039681037435,
    "tech_ema_50": 0.14264252465255475,
    "tech_price_ema_9_pct": -0.03982274878140272,
    "tech_price_ema_21_pct": -0.05631985071197959,
    "tech_adx": 25.80488677658022,
    "tech_adx_7": 48.657249994253945,
    "tech_adx_10": 35.03458685608785,
    "tech_adx_roc_5": 0.8313892960198821,
    "tech_adx_slope_3": 2.278522091979635,
    "tech_adx_deceleration": 1.4862476827224125,
    "tech_plus_di": 13.44115492582944,
    "tech_minus_di": 31.03460832742365,
    "tech_di_crossover": 0.0,
    "tech_atr_14": 0.00010092352898163781,
    "tech_atr_pct": 0.07073913855865832,
    "tech_atr_14_avg": 0.00010133569993939941,
    "tech_bb_upper": 0.14296376983342965,
    "tech_bb_lower": 0.14262723016657033,
    "tech_bb_width": 0.2356794624895845,
    "tech_bb_position": 0.1270870498826992,
    "tech_volatility_20": 0.007846762390509751,
    "tech_volume_ratio": 0.8425289944826033,
    "tech_obv": 22687100.0,
    "tech_momentum_10": -9.000000000000674e-05,
    "tech_roc_10": -0.06304286915103097,
    "tech_high_low_range": 0.04205509217074683,
    "tech_body_ratio": 0.49999916666805555,
    "tech_swing_high_10": 0.14298,
    "tech_swing_low_10": 0.1426,
    "tech_price_vs_swing_high": -0.21681354035529773,
    "tech_price_vs_swing_low": 0.04908835904627401,
    "tech_swing_break_up": 0.0,
    "tech_swing_break_down": 0.0,
    "tech_volume_spike": 0.0,
    "tech_volume_spike_ratio": 0.8425289944826033,
    "micro_ob_best_bid_price": 0.14267,
    "micro_ob_best_ask_price": 0.14268,
    "micro_ob_best_bid_size": 2408300.0,
    "micro_ob_best_ask_size": 1670600.0,
    "micro_ob_spread_absolute": 1.0000000000010001e-05,
    "micro_ob_spread_percentage": 0.0070089363939092346,
    "micro_ob_bid_ask_size_ratio": 1.4415778762121394,
    "micro_ob_orderbook_imbalance_5": -0.08724939936099031,
    "micro_ob_orderbook_imbalance_10": -0.20702720024127727,
    "micro_ob_orderbook_imbalance_20": -0.2744028012882015,
    "micro_ob_orderbook_vwap": 0.1426950171129129,
    "micro_ob_buy_impact_0.1": 0.0,
    "micro_ob_sell_impact_0.1": 0.0,
    "micro_ob_buy_impact_1.0": 0.0,
    "micro_ob_sell_impact_1.0": 0.0,
    "micro_ob_buy_impact_10.0": 0.0,
    "micro_ob_sell_impact_10.0": 0.0,
    "micro_ob_bid_depth_concentration": 0.5108700534519157,
    "micro_ob_ask_depth_concentration": 0.34647856706722546,
    "micro_ob_bid_levels": 15,
    "micro_ob_ask_levels": 15,
    "micro_ob_total_bid_volume": 17810400.0,
    "micro_ob_total_ask_volume": 31281300.0,
    "micro_ob_total_orderbook_volume": 49091700.0,
    "micro_ob_order_flow_imbalance": -0.2744028012882015,
    "micro_ob_depth_imbalance_1": 0.18085758415259015,
    "micro_ob_depth_imbalance_5": -0.08724939936099031,
    "micro_ob_depth_imbalance_10": -0.20702720024127727,
    "micro_ob_depth_imbalance_20": -0.2744028012882015,
    "micro_fr_funding_rate_current": 4.346e-05,
    "micro_fr_funding_rate_abs": 4.346e-05,
    "micro_fr_funding_rate_mean": 8.814e-06,
    "micro_fr_funding_rate_std": 2.1275772277405114e-05,
    "micro_fr_funding_rate_min": -1.935e-05,
    "micro_fr_funding_rate_max": 5.07e-05,
    "micro_fr_funding_rate_skew": 0.35548199906362954,
    "micro_fr_funding_rate_kurtosis": -1.224559368825119,
    "micro_fr_funding_rate_trend": 5.169999999999943e-07,
    "micro_fr_funding_rate_change": 1.1600000000000024e-06,
    "micro_fr_funding_rate_change_abs": 1.1600000000000024e-06,
    "micro_fr_funding_rate_positive": 1.0,
    "micro_fr_funding_rate_negative": 0.0,
    "micro_fr_funding_rate_high": 0.0,
    "micro_fr_funding_rate_extreme": 0.0,
    "micro_fr_hours_to_next_funding": 0.0,
    "micro_fr_funding_imminent": 1.0,
    "micro_vp_volume_current": 114.128,
    "micro_vp_volume_mean": 152.51339000000002,
    "micro_vp_volume_std": 106.64582437037983,
    "micro_vp_volume_max": 584.947,
    "micro_vp_volume_sum": 15251.339000000002,
    "micro_vp_volume_ratio": 0.7483146233914281,
    "micro_vp_large_volume_trade": 0.0,
    "micro_vp_recent_vwap": 0.1426692143234112,
    "micro_vp_price_vwap_deviation_pct": -0.006458522572575831,
    "micro_vp_price_clustering": 4.440892098500626e-16,
    "micro_vp_volume_trend": -6.311624242424237,
    "micro_of_order_flow_imbalance": -0.2744028012882015,
    "micro_of_trade_flow_buy_pressure": 0.36279859935589925,
    "micro_of_trade_flow_sell_pressure": 0.6372014006441007,
    "micro_of_kyles_lambda_buy": 0.0,
    "micro_of_kyles_lambda_sell": 0.0,
    "micro_of_kyles_lambda_avg": 0.0,
    "micro_of_amihud_illiquidity": 0.17720639755310022,
    "micro_of_spread_dynamics_current": 0.0070089363939092346,
    "micro_micro_funding_arbitrage": 0.0,
    "micro_micro_orderbook_pressure": -0.5,
    "micro_micro_liquidity_score": 1.0,
    "micro_micro_volume_spike": 0.0,
    "micro_micro_oi_divergence": 0.0,
    "micro_micro_composite_score": 0.35,
    "fee_maker_rate": 0.0002,
    "fee_taker_rate": 0.0008,
    "fee_round_trip_cost": 0.0016,
    "fee_breakeven_move_pct": 0.16,
    "fee_net_profit_threshold": 0.16,
    "time_hour_sin": -0.5000000000000004,
    "time_hour_cos": 0.8660254037844384,
    "time_day_sin": 0.43388373911755823,
    "time_day_cos": -0.900968867902419,
    "time_day_of_week": 3.0,
    "time_is_asian": 0.0,
    "time_is_london": 0.0,
    "time_is_ny": 0.0,
    "time_is_london_ny_overlap": 0.0,
    "time_is_weekend": 0.0,
    "time_is_us_market_hours": 0.0,
    "cross_btc_return_1m": 0.028633554137155015,
    "cross_btc_return_5m": -0.013817228768353963,
    "cross_btc_return_15m": -0.046371308109391246,
    "cross_btc_correlation": 0.647678643829966,
    "cross_btc_lead_indicator": -0.013817228768353963,
    "cross_eth_btc_ratio_change": 0.10448003048731576,
    "vol_realized_5m": 12.961916871287132,
    "vol_realized_15m": 9.671350968165097,
    "vol_realized_1h": 5.311116161255692,
    "vol_realized_4h": 3.7251829933264724,
    "vol_ratio_5m_1h": 2.4405259605963097,
    "vol_ratio_15m_4h": 2.5962082897648155,
    "vol_regime": 1.0,
    "vol_expansion": 1.0,
    "vol_contraction": 0.0,
    "vol_percentile": 32.631578947368425,
    "sent_fear_greed": 28.0,
    "sent_fear_greed_change": -14.0,
    "sent_extreme_fear": 0.0,
    "sent_extreme_greed": 0.0,
    "sent_fear": 1.0,
    "sent_greed": 0.0
  },
  "output_prediction": {
    "signal": "SHORT",
    "confidence": 0.5711651226161938,
    "raw_model_outputs": {
      "xgboost": 0.21774731576442719,
      "lightgbm": 0.2152648817100077,
      "lstm": 0.24385732412338257,
      "random_forest": 0.17156346252113697,
      "weighted_average": 0.2144174386919031,
      "model_agreement": 0.8961992892924849
    }
  },
  "regime_info": {
    "regime": "trending",
    "regime_confidence": 0.6096586413189626,
    "atr_ratio": 0.9959326184354764,
    "adx_value": 25.80488677658022,
    "is_exhausted": false,
    "is_weakening": false,
    "leverage_tier": "normal_volatility"
  },