{
  "timestamp": "2026-01-08T16:13:13.408894Z",
  "order_id": "704176618846815149",
  "stage": "Decision Making",
  "model_version": "ollama:qwen2.5:1.5b+ensemble_v1.0",
  "input_features": {
    "tech_returns_1": 0.02634680106841092,
    "tech_returns_5": 0.1144171071780331,
    "tech_returns_15": 0.05028040144932078,
    "tech_returns_60": 0.5279164196963171,
    "tech_returns_240": 0.9906852657131315,
    "tech_returns_1440": -2.3040557947612035,
    "tech_rsi_14": 59.076309247151286,
    "tech_rsi_7": 61.47813566789586,
    "tech_rsi_21": 58.43939848701779,
    "tech_rsi_slope": 4.030237423180683,
    "tech_rsi_divergence": 0.0,
    "tech_rsi_zone": 3.0,
    "tech_macd": 57.38380852385308,
    "tech_macd_signal": 64.14799237972383,
    "tech_macd_hist": -6.764183855870755,
    "tech_stoch_k": 64.42151004888619,
    "tech_stoch_d": 49.83704508419377,
    "tech_ema_cross_9_21": 1.0,
    "tech_ema_cross_50_200": 1.0,
    "tech_ema_9": 90675.58664306969,
    "tech_ema_21": 90630.16215734994,
    "tech_ema_50": 90507.45535016441,
    "tech_price_ema_9_pct": 0.06772865685672662,
    "tech_price_ema_21_pct": 0.11788331843053239,
    "tech_adx": 19.29428675911723,
    "tech_adx_7": 20.681021288396476,
    "tech_adx_10": 18.205774960823128,
    "tech_adx_roc_5": -8.812220005297213,
    "tech_adx_slope_3": -1.656317848931133,
    "tech_adx_deceleration": -0.3337314807918723,
    "tech_plus_di": 31.641919996997704,
    "tech_minus_di": 24.34484283895207,
    "tech_di_crossover": 0.0,
    "tech_atr_14": 91.38224784894467,
    "tech_atr_pct": 0.1007111187816929,
    "tech_atr_14_avg": 95.5956894275583,
    "tech_bb_upper": 90885.59064091496,
    "tech_bb_lower": 90411.33935908503,
    "tech_bb_width": 0.523176296289109,
    "tech_bb_position": 0.6866837336915264,
    "tech_volatility_20": 0.012665214563637337,
    "tech_volume_ratio": 0.1229291264658743,
    "tech_obv": 3588.5560999999993,
    "tech_momentum_10": 32.80000000000291,
    "tech_roc_10": 0.03616150079048808,
    "tech_high_low_range": 0.03030737185492137,
    "tech_body_ratio": 0.6872727272700164,
    "tech_swing_high_10": 90780.3,
    "tech_swing_low_10": 90499.8,
    "tech_price_vs_swing_high": -0.04769757315188748,
    "tech_price_vs_swing_low": 0.26210002674038735,
    "tech_swing_break_up": 0.0,
    "tech_swing_break_down": 0.0,
    "tech_volume_spike": 0.0,
    "tech_volume_spike_ratio": 0.1229291264658743,
    "micro_ob_best_bid_price": 90660.3,
    "micro_ob_best_ask_price": 90660.4,
    "micro_ob_best_bid_size": 2.6262,
    "micro_ob_best_ask_size": 2.6401,
    "micro_ob_spread_absolute": 0.09999999999126885,
    "micro_ob_spread_percentage": 0.00011030180226666768,
    "micro_ob_bid_ask_size_ratio": 0.9947350479148517,
    "micro_ob_orderbook_imbalance_5": 0.020695182967893327,
    "micro_ob_orderbook_imbalance_10": 0.05450898711717972,
    "micro_ob_orderbook_imbalance_20": 0.04824188967637129,
    "micro_ob_orderbook_vwap": 90660.36702769423,
    "micro_ob_buy_impact_0.1": 0.0,
    "micro_ob_sell_impact_0.1": 0.0,
    "micro_ob_buy_impact_1.0": 0.0,
    "micro_ob_sell_impact_1.0": 0.0,
    "micro_ob_buy_impact_10.0": 0.0,
    "micro_ob_sell_impact_10.0": 0.0,
    "micro_ob_bid_depth_concentration": 0.3554628934183984,
    "micro_ob_ask_depth_concentration": 0.375622000925474,
    "micro_ob_bid_levels": 15,
    "micro_ob_ask_levels": 15,
    "micro_ob_total_bid_volume": 34.7499,
    "micro_ob_total_ask_volume": 31.5514,
    "micro_ob_total_orderbook_volume": 66.3013,
    "micro_ob_order_flow_imbalance": 0.04824188967637129,
    "micro_ob_depth_imbalance_1": -0.002639424263714567,
    "micro_ob_depth_imbalance_5": 0.020695182967893327,
    "micro_ob_depth_imbalance_10": 0.05450898711717972,
    "micro_ob_depth_imbalance_20": 0.04824188967637129,
    "micro_fr_funding_rate_current": 5.832e-05,
    "micro_fr_funding_rate_abs": 5.832e-05,
    "micro_fr_funding_rate_mean": 9.393808510638298e-05,
    "micro_fr_funding_rate_std": 1.180043375299037e-05,
    "micro_fr_funding_rate_min": 5.832e-05,
    "micro_fr_funding_rate_max": 0.0001,
    "micro_fr_funding_rate_skew": -1.7880638909749313,
    "micro_fr_funding_rate_kurtosis": 1.7281864855270719,
    "micro_fr_funding_rate_trend": -3.0480000000000033e-06,
    "micro_fr_funding_rate_change": -4.440000000000005e-06,
    "micro_fr_funding_rate_change_abs": 4.440000000000005e-06,
    "micro_fr_funding_rate_positive": 1.0,
    "micro_fr_funding_rate_negative": 0.0,
    "micro_fr_funding_rate_high": 0.0,
    "micro_fr_funding_rate_extreme": 0.0,
    "micro_fr_hours_to_next_funding": 0.0,
    "micro_fr_funding_imminent": 1.0,
    "micro_vp_volume_current": 308.30078,
    "micro_vp_volume_mean": 22995.719621400003,
    "micro_vp_volume_std": 139322.05291910275,
    "micro_vp_volume_max": 1368023.136,
    "micro_vp_volume_sum": 2299571.9621400004,
    "micro_vp_volume_ratio": 0.013406876804720334,
    "micro_vp_large_volume_trade": 0.0,
    "micro_vp_recent_vwap": 90667.47624260467,
    "micro_vp_price_vwap_deviation_pct": 0.010173170995353443,
    "micro_vp_price_clustering": 0.5546696359445142,
    "micro_vp_volume_trend": -9056.688271333322,
    "micro_of_order_flow_imbalance": 0.04824188967637129,
    "micro_of_trade_flow_buy_pressure": 0.5241209448381856,
    "micro_of_trade_flow_sell_pressure": 0.47587905516181433,
    "micro_of_kyles_lambda_buy": 0.0,
    "micro_of_kyles_lambda_sell": 0.0,
    "micro_of_kyles_lambda_avg": 0.0,
    "micro_of_amihud_illiquidity": 0.09624996251944307,
    "micro_of_spread_dynamics_current": 0.00011030180226666768,
    "micro_micro_funding_arbitrage": 0.0,
    "micro_micro_orderbook_pressure": 0.0,
    "micro_micro_liquidity_score": 0.5,
    "micro_micro_volume_spike": 0.0,
    "micro_micro_oi_divergence": 0.0,
    "micro_micro_composite_score": 0.1,
    "fee_maker_rate": 0.0002,
    "fee_taker_rate": 0.0008,
    "fee_round_trip_cost": 0.0016,
    "fee_breakeven_move_pct": 0.16,
    "fee_net_profit_threshold": 0.16,
    "time_hour_sin": -0.8660254037844384,
    "time_hour_cos": -0.5000000000000004,
    "time_day_sin": 0.43388373911755823,
    "time_day_cos": -0.900968867902419,
    "time_day_of_week": 3.0,
    "time_is_asian": 0.0,
    "time_is_london": 1.0,
    "time_is_ny": 1.0,
    "time_is_london_ny_overlap": 1.0,
    "time_is_weekend": 0.0,
    "time_is_us_market_hours": 1.0,
    "cross_btc_return_1m": 0.026346801068416997,
    "cross_btc_return_5m": 0.11441710717804282,
    "cross_btc_return_15m": 0.05028040144931694,
    "cross_btc_correlation": 1.0,
    "cross_btc_lead_indicator": 0.0,
    "cross_eth_btc_ratio_change": -0.12400998768536474,
    "vol_realized_5m": 20.201020309877542,
    "vol_realized_15m": 13.944047873647133,
    "vol_realized_1h": 7.159753594459219,
    "vol_realized_4h": 3.2916854811796727,
    "vol_ratio_5m_1h": 2.8214686501935877,
    "vol_ratio_15m_4h": 4.236142229679207,
    "vol_regime": 1.0,
    "vol_expansion": 1.0,
    "vol_contraction": 0.0,
    "vol_percentile": 37.89473684210527,
    "sent_fear_greed": 28.0,
    "sent_fear_greed_change": -14.0,
    "sent_extreme_fear": 0.0,
    "sent_extreme_greed": 0.0,
    "sent_fear": 1.0,
    "sent_greed": 0.0
  },
  "output_prediction": {
    "signal": "SHORT",
    "confidence": 0.5619350305616961,
    "raw_model_outputs": {
      "xgboost": 0.09858350455760956,
      "lightgbm": 0.07943096306843446,
      "lstm": 0.4103015661239624,
      "random_forest": 0.33512150340620417,
      "weighted_average": 0.21903248471915193,
      "model_agreement": 0.42208110874771343
    }
  },
  "regime_info": {
    "regime": "ranging",
    "regime_confidence": 0.6352856620441385,
    "atr_ratio": 0.9559243559637013,
    "adx_value": 19.29428675911723,
    "is_exhausted": false,
    "is_weakening": false,
    "leverage_tier": "normal_volatility"
  },