{
  "timestamp": "2026-01-08T03:36:10.747423Z",
  "order_id": "703986105564791725",
  "stage": "Decision Making",
  "model_version": "ollama:qwen2.5:1.5b+ensemble_v1.0",
  "input_features": {
    "tech_returns_1": 0.0,
    "tech_returns_5": -0.027736686390533727,
    "tech_returns_15": -0.175406203840478,
    "tech_returns_60": 0.04163389924594085,
    "tech_returns_240": -0.3410138248847949,
    "tech_returns_1440": -4.728722938031374,
    "tech_rsi_14": 46.005662228896874,
    "tech_rsi_7": 49.15306055679641,
    "tech_rsi_21": 45.50764427574442,
    "tech_rsi_slope": -3.552713678800501e-15,
    "tech_rsi_divergence": 0.0,
    "tech_rsi_zone": 2.0,
    "tech_macd": -0.0013207167829873967,
    "tech_macd_signal": -0.0016248800391240115,
    "tech_macd_hist": 0.00030416325613661483,
    "tech_stoch_k": 63.478260869564885,
    "tech_stoch_d": 61.052810959297425,
    "tech_ema_cross_9_21": -1.0,
    "tech_ema_cross_50_200": -1.0,
    "tech_ema_9": 2.162509661681118,
    "tech_ema_21": 2.163509913721034,
    "tech_ema_50": 2.165864149804383,
    "tech_price_ema_9_pct": 0.004177475850522476,
    "tech_price_ema_21_pct": -0.04205729381054828,
    "tech_adx": 24.46663060758578,
    "tech_adx_7": 25.860497736589483,
    "tech_adx_10": 24.102253332183654,
    "tech_adx_roc_5": -20.12069958812968,
    "tech_adx_slope_3": -3.2418844685671395,
    "tech_adx_deceleration": 0.7117914630541442,
    "tech_plus_di": 25.71616724061644,
    "tech_minus_di": 28.365943061874837,
    "tech_di_crossover": 0.0,
    "tech_atr_14": 0.0022651836927763567,
    "tech_atr_pct": 0.10474353522502344,
    "tech_atr_14_avg": 0.002418396379500302,
    "tech_bb_upper": 2.169182828513233,
    "tech_bb_lower": 2.1568171714867668,
    "tech_bb_width": 0.5716901075573778,
    "tech_bb_position": 0.46765234559361946,
    "tech_volatility_20": 0.014570696344888041,
    "tech_volume_ratio": 0.0415116108088543,
    "tech_obv": 3369880.0,
    "tech_momentum_10": 0.0017999999999998018,
    "tech_roc_10": 0.08330248056274137,
    "tech_high_low_range": 0.004624063627125268,
    "tech_body_ratio": 0.0,
    "tech_swing_high_10": 2.1656,
    "tech_swing_low_10": 2.1553,
    "tech_price_vs_swing_high": -0.13852973771703517,
    "tech_price_vs_swing_low": 0.33869994896301503,
    "tech_swing_break_up": 0.0,
    "tech_swing_break_down": 0.0,
    "tech_volume_spike": 0.0,
    "tech_volume_spike_ratio": 0.0415116108088543,
    "micro_ob_best_bid_price": 2.1623,
    "micro_ob_best_ask_price": 2.1624,
    "micro_ob_best_bid_size": 62120.0,
    "micro_ob_best_ask_size": 60210.0,
    "micro_ob_spread_absolute": 9.999999999976694e-05,
    "micro_ob_spread_percentage": 0.004624598238017293,
    "micro_ob_bid_ask_size_ratio": 1.0317223052649063,
    "micro_ob_orderbook_imbalance_5": -0.05151801840543562,
    "micro_ob_orderbook_imbalance_10": -0.11767237346805126,
    "micro_ob_orderbook_imbalance_20": -0.11352107249623641,
    "micro_ob_orderbook_vwap": 2.1623753138740764,
    "micro_ob_buy_impact_0.1": 0.0,
    "micro_ob_sell_impact_0.1": 0.0,
    "micro_ob_buy_impact_1.0": 0.0,
    "micro_ob_sell_impact_1.0": 0.0,
    "micro_ob_buy_impact_10.0": 0.0,
    "micro_ob_sell_impact_10.0": 0.0,
    "micro_ob_bid_depth_concentration": 0.44378983967548774,
    "micro_ob_ask_depth_concentration": 0.3916832190683668,
    "micro_ob_bid_levels": 15,
    "micro_ob_ask_levels": 15,
    "micro_ob_total_bid_volume": 621240.0,
    "micro_ob_total_ask_volume": 780350.0,
    "micro_ob_total_orderbook_volume": 1401590.0,
    "micro_ob_order_flow_imbalance": -0.11352107249623641,
    "micro_ob_depth_imbalance_1": 0.015613504455162266,
    "micro_ob_depth_imbalance_5": -0.05151801840543562,
    "micro_ob_depth_imbalance_10": -0.11767237346805126,
    "micro_ob_depth_imbalance_20": -0.11352107249623641,
    "micro_fr_funding_rate_current": 4.759e-05,
    "micro_fr_funding_rate_abs": 4.759e-05,
    "micro_fr_funding_rate_mean": 8.620450980392156e-05,
    "micro_fr_funding_rate_std": 1.7975965033270258e-05,
    "micro_fr_funding_rate_min": 4.759e-05,
    "micro_fr_funding_rate_max": 0.0001,
    "micro_fr_funding_rate_skew": -1.0574654637234981,
    "micro_fr_funding_rate_kurtosis": -0.4880926832798216,
    "micro_fr_funding_rate_trend": -1.0030000000000101e-06,
    "micro_fr_funding_rate_change": -1.0200000000000004e-06,
    "micro_fr_funding_rate_change_abs": 1.0200000000000004e-06,
    "micro_fr_funding_rate_positive": 1.0,
    "micro_fr_funding_rate_negative": 0.0,
    "micro_fr_funding_rate_high": 0.0,
    "micro_fr_funding_rate_extreme": 0.0,
    "micro_fr_hours_to_next_funding": 0.0,
    "micro_fr_funding_imminent": 1.0,
    "micro_vp_volume_current": 129.786,
    "micro_vp_volume_mean": 678.0236,
    "micro_vp_volume_std": 1955.6333389032618,
    "micro_vp_volume_max": 14102.76,
    "micro_vp_volume_sum": 67802.36,
    "micro_vp_volume_ratio": 0.1914181158295965,
    "micro_vp_large_volume_trade": 0.0,
    "micro_vp_recent_vwap": 2.162754727074397,
    "micro_vp_price_vwap_deviation_pct": 0.015964497558624318,
    "micro_vp_price_clustering": 0.11908512972061083,
    "micro_vp_volume_trend": 17.17323636363636,
    "micro_of_order_flow_imbalance": -0.11352107249623641,
    "micro_of_trade_flow_buy_pressure": 0.4432394637518818,
    "micro_of_trade_flow_sell_pressure": 0.5567605362481182,
    "micro_of_kyles_lambda_buy": 0.0,
    "micro_of_kyles_lambda_sell": 0.0,
    "micro_of_kyles_lambda_avg": 0.0,
    "micro_of_amihud_illiquidity": 0.09483110105778739,
    "micro_of_spread_dynamics_current": 0.004624598238017293,
    "micro_micro_funding_arbitrage": 0.0,
    "micro_micro_orderbook_pressure": 0.0,
    "micro_micro_liquidity_score": 1.0,
    "micro_micro_volume_spike": 0.0,
    "micro_micro_oi_divergence": 0.0,
    "micro_micro_composite_score": 0.2,
    "fee_maker_rate": 0.0002,
    "fee_taker_rate": 0.0008,
    "fee_round_trip_cost": 0.0016,
    "fee_breakeven_move_pct": 0.16,
    "fee_net_profit_threshold": 0.16,
    "time_hour_sin": 0.7071067811865475,
    "time_hour_cos": 0.7071067811865476,
    "time_day_sin": 0.43388373911755823,
    "time_day_cos": -0.900968867902419,
    "time_day_of_week": 3.0,
    "time_is_asian": 1.0,
    "time_is_london": 0.0,
    "time_is_ny": 0.0,
    "time_is_london_ny_overlap": 0.0,
    "time_is_weekend": 0.0,
    "time_is_us_market_hours": 0.0,
    "cross_btc_return_1m": 0.0,
    "cross_btc_return_5m": -0.009892457990028403,
    "cross_btc_return_15m": -0.030440530522414057,
    "cross_btc_correlation": 0.7897573343159646,
    "cross_btc_lead_indicator": -0.009892457990028403,
    "cross_eth_btc_ratio_change": -0.15632537060112403,
    "vol_realized_5m": 20.54523595090601,
    "vol_realized_15m": 16.587186265053276,
    "vol_realized_1h": 7.96333023468338,
    "vol_realized_4h": 4.490109827699657,
    "vol_ratio_5m_1h": 2.579980403352302,
    "vol_ratio_15m_4h": 3.694160477484604,
    "vol_regime": 0.0,
    "vol_expansion": 1.0,
    "vol_contraction": 0.0,
    "vol_percentile": 21.052631578947366,
    "sent_fear_greed": 28.0,
    "sent_fear_greed_change": -14.0,
    "sent_extreme_fear": 0.0,
    "sent_extreme_greed": 0.0,
    "sent_fear": 1.0,
    "sent_greed": 0.0
  },
  "output_prediction": {
    "signal": "SHORT",
    "confidence": 0.5953884632865061,
    "raw_model_outputs": {
      "xgboost": 0.1638403683900833,
      "lightgbm": 0.13268417289821863,
      "lstm": 0.23072116076946259,
      "random_forest": 0.31151160721284704,
      "weighted_average": 0.20230576835674696,
      "model_agreement": 0.7254674114550128
    }
  },
  "regime_info": {
    "regime": "ranging",
    "regime_confidence": 0.5,
    "atr_ratio": 0.9366469913606128,
    "adx_value": 24.46663060758578,
    "is_exhausted": false,
    "is_weakening": false,
    "leverage_tier": "normal_volatility"
  },