{
  "timestamp": "2026-01-08T07:36:28.104339Z",
  "order_id": "704046578347803565",
  "stage": "Decision Making",
  "model_version": "ollama:qwen2.5:1.5b+ensemble_v1.0",
  "input_features": {
    "tech_returns_1": -0.007375719132629577,
    "tech_returns_5": 0.09598346131127755,
    "tech_returns_15": 0.24401064773733605,
    "tech_returns_60": 0.2959236516978603,
    "tech_returns_240": -1.4179755671902439,
    "tech_returns_1440": -2.2673628495815863,
    "tech_rsi_14": 59.34217895157268,
    "tech_rsi_7": 60.43427707555632,
    "tech_rsi_21": 56.72542852900605,
    "tech_rsi_slope": 0.4130071961542221,
    "tech_rsi_divergence": 0.0,
    "tech_rsi_zone": 3.0,
    "tech_macd": 0.12310053817867583,
    "tech_macd_signal": 0.12214034718995775,
    "tech_macd_hist": 0.0009601909887180793,
    "tech_stoch_k": 74.24242424242169,
    "tech_stoch_d": 73.2323232323216,
    "tech_ema_cross_9_21": 1.0,
    "tech_ema_cross_50_200": -1.0,
    "tech_ema_9": 135.5255440738121,
    "tech_ema_21": 135.4134314455705,
    "tech_ema_50": 135.32488716902313,
    "tech_price_ema_9_pct": 0.032802617758661876,
    "tech_price_ema_21_pct": 0.1156226179028856,
    "tech_adx": 27.092354788043878,
    "tech_adx_7": 25.189391115927155,
    "tech_adx_10": 26.55691708201756,
    "tech_adx_roc_5": -1.1960478025101757,
    "tech_adx_slope_3": -1.1075113822058356,
    "tech_adx_deceleration": -0.38519504129022586,
    "tech_plus_di": 22.271463704101386,
    "tech_minus_di": 14.72194733115825,
    "tech_di_crossover": 0.0,
    "tech_atr_14": 0.16559621624319254,
    "tech_atr_pct": 0.12214812734616252,
    "tech_atr_14_avg": 0.22061560528538282,
    "tech_bb_upper": 135.77001396794546,
    "tech_bb_lower": 135.08798603205454,
    "tech_bb_width": 0.5036055319694561,
    "tech_bb_position": 0.7067363997573012,
    "tech_volatility_20": 0.013220761612464979,
    "tech_volume_ratio": 0.2922333449604998,
    "tech_obv": -101946.49999999999,
    "tech_momentum_10": -0.06999999999999318,
    "tech_roc_10": -0.05160719551754456,
    "tech_high_low_range": 0.07376263185070024,
    "tech_body_ratio": 0.09999999990019896,
    "tech_swing_high_10": 135.72,
    "tech_swing_low_10": 135.31,
    "tech_price_vs_swing_high": -0.11052166224580437,
    "tech_price_vs_swing_low": 0.19215135614514145,
    "tech_swing_break_up": 0.0,
    "tech_swing_break_down": 0.0,
    "tech_volume_spike": 0.0,
    "tech_volume_spike_ratio": 0.2922333449604998,
    "micro_ob_best_bid_price": 135.49,
    "micro_ob_best_ask_price": 135.5,
    "micro_ob_best_bid_size": 2937.9,
    "micro_ob_best_ask_size": 3001.5,
    "micro_ob_spread_absolute": 0.009999999999990905,
    "micro_ob_spread_percentage": 0.0073803461382271705,
    "micro_ob_bid_ask_size_ratio": 0.9788105947026488,
    "micro_ob_orderbook_imbalance_5": -0.4060085530049468,
    "micro_ob_orderbook_imbalance_10": -0.6624802717286492,
    "micro_ob_orderbook_imbalance_20": -0.6759452038260765,
    "micro_ob_orderbook_vwap": 135.5623350204859,
    "micro_ob_buy_impact_0.1": 0.0,
    "micro_ob_sell_impact_0.1": 0.0,
    "micro_ob_buy_impact_1.0": 0.0,
    "micro_ob_sell_impact_1.0": 0.0,
    "micro_ob_buy_impact_10.0": 0.0,
    "micro_ob_sell_impact_10.0": 0.0,
    "micro_ob_bid_depth_concentration": 0.6188556264258113,
    "micro_ob_ask_depth_concentration": 0.2832407615789711,
    "micro_ob_bid_levels": 15,
    "micro_ob_ask_levels": 15,
    "micro_ob_total_bid_volume": 10739.5,
    "micro_ob_total_ask_volume": 55542.5,
    "micro_ob_total_orderbook_volume": 66282.0,
    "micro_ob_order_flow_imbalance": -0.6759452038260765,
    "micro_ob_depth_imbalance_1": -0.010708152338620047,
    "micro_ob_depth_imbalance_5": -0.4060085530049468,
    "micro_ob_depth_imbalance_10": -0.6624802717286492,
    "micro_ob_depth_imbalance_20": -0.6759452038260765,
    "micro_fr_funding_rate_current": 9.381e-05,
    "micro_fr_funding_rate_abs": 9.381e-05,
    "micro_fr_funding_rate_mean": 7.691474226804125e-05,
    "micro_fr_funding_rate_std": 2.832111532738749e-05,
    "micro_fr_funding_rate_min": 1.981e-05,
    "micro_fr_funding_rate_max": 0.0001,
    "micro_fr_funding_rate_skew": -0.7431741135240222,
    "micro_fr_funding_rate_kurtosis": -1.0224184677053467,
    "micro_fr_funding_rate_trend": -1.7260000000000045e-06,
    "micro_fr_funding_rate_change": -1.2099999999999969e-06,
    "micro_fr_funding_rate_change_abs": 1.2099999999999969e-06,
    "micro_fr_funding_rate_positive": 1.0,
    "micro_fr_funding_rate_negative": 0.0,
    "micro_fr_funding_rate_high": 0.0,
    "micro_fr_funding_rate_extreme": 0.0,
    "micro_fr_hours_to_next_funding": 0.0,
    "micro_fr_funding_imminent": 1.0,
    "micro_vp_volume_current": 826.855,
    "micro_vp_volume_mean": 917.2727099999997,
    "micro_vp_volume_std": 1146.1671825403507,
    "micro_vp_volume_max": 9621.92,
    "micro_vp_volume_sum": 91727.27099999998,
    "micro_vp_volume_ratio": 0.9014276681140991,
    "micro_vp_large_volume_trade": 0.0,
    "micro_vp_recent_vwap": 135.53084383956,
    "micro_vp_price_vwap_deviation_pct": 0.014134170420052933,
    "micro_vp_price_clustering": 0.3749790754122414,
    "micro_vp_volume_trend": -44.922951515151475,
    "micro_of_order_flow_imbalance": -0.6759452038260765,
    "micro_of_trade_flow_buy_pressure": 0.16202739808696176,
    "micro_of_trade_flow_sell_pressure": 0.8379726019130382,
    "micro_of_kyles_lambda_buy": 0.0,
    "micro_of_kyles_lambda_sell": 0.0,
    "micro_of_kyles_lambda_avg": 0.0,
    "micro_of_amihud_illiquidity": 0.03961172265310103,
    "micro_of_spread_dynamics_current": 0.0073803461382271705,
    "micro_micro_funding_arbitrage": 0.0,
    "micro_micro_orderbook_pressure": -1.0,
    "micro_micro_liquidity_score": 1.0,
    "micro_micro_volume_spike": 0.0,
    "micro_micro_oi_divergence": 0.0,
    "micro_micro_composite_score": 0.5,
    "fee_maker_rate": 0.0002,
    "fee_taker_rate": 0.0008,
    "fee_round_trip_cost": 0.0016,
    "fee_breakeven_move_pct": 0.16,
    "fee_net_profit_threshold": 0.16,
    "time_hour_sin": 0.9659258262890683,
    "time_hour_cos": -0.25881904510252063,
    "time_day_sin": 0.43388373911755823,
    "time_day_cos": -0.900968867902419,
    "time_day_of_week": 3.0,
    "time_is_asian": 1.0,
    "time_is_london": 0.0,
    "time_is_ny": 0.0,
    "time_is_london_ny_overlap": 0.0,
    "time_is_weekend": 0.0,
    "time_is_us_market_hours": 0.0,
    "cross_btc_return_1m": -0.002103100634481919,
    "cross_btc_return_5m": 0.13766852478531924,
    "cross_btc_return_15m": 0.2575775063034812,
    "cross_btc_correlation": 0.517195720351358,
    "cross_btc_lead_indicator": 0.13766852478531924,
    "cross_eth_btc_ratio_change": 0.09853529065936316,
    "vol_realized_5m": 17.166125892164967,
    "vol_realized_15m": 16.86956922440957,
    "vol_realized_1h": 12.676324079288198,
    "vol_realized_4h": 4.677228872146608,
    "vol_ratio_5m_1h": 1.3541879952574454,
    "vol_ratio_15m_4h": 3.606744438971041,
    "vol_regime": 0.0,
    "vol_expansion": 0.0,
    "vol_contraction": 0.0,
    "vol_percentile": 22.105263157894736,
    "sent_fear_greed": 28.0,
    "sent_fear_greed_change": -14.0,
    "sent_extreme_fear": 0.0,
    "sent_extreme_greed": 0.0,
    "sent_fear": 1.0,
    "sent_greed": 0.0
  },
  "output_prediction": {
    "signal": "SHORT",
    "confidence": 0.6179855832494225,
    "raw_model_outputs": {
      "xgboost": 0.12120668590068817,
      "lightgbm": 0.12381228989555602,
      "lstm": 0.17827732861042023,
      "random_forest": 0.3956139824423605,
      "weighted_average": 0.19100720837528873,
      "model_agreement": 0.549843323453741
    }
  },
  "regime_info": {
    "regime": "trending",
    "regime_confidence": 0.6251082574565265,
    "atr_ratio": 0.7506097133472558,
    "adx_value": 27.092354788043878,
    "is_exhausted": false,
    "is_weakening": false,
    "leverage_tier": "normal_volatility"
  },