{
  "timestamp": "2026-01-08T18:22:32.036281Z",
  "order_id": "704209167866397613",
  "stage": "Decision Making",
  "model_version": "ollama:qwen2.5:1.5b+ensemble_v1.0",
  "input_features": {
    "tech_returns_1": -0.007024445068826157,
    "tech_returns_5": -0.08422825858076521,
    "tech_returns_15": -0.2732240437158473,
    "tech_returns_60": -0.007024445068826157,
    "tech_returns_240": 2.299676607977008,
    "tech_returns_1440": -5.355087671789317,
    "tech_rsi_14": 41.80521013730612,
    "tech_rsi_7": 39.05758609963658,
    "tech_rsi_21": 45.04034975532106,
    "tech_rsi_slope": -2.3723040759066407,
    "tech_rsi_divergence": 0.0,
    "tech_rsi_zone": 2.0,
    "tech_macd": -8.510831759395154e-05,
    "tech_macd_signal": -6.602961158226306e-05,
    "tech_macd_hist": -1.907870601168848e-05,
    "tech_stoch_k": 20.000000000000924,
    "tech_stoch_d": 27.777777777777015,
    "tech_ema_cross_9_21": -1.0,
    "tech_ema_cross_50_200": 1.0,
    "tech_ema_9": 0.14241708721014762,
    "tech_ema_21": 0.1425108774241808,
    "tech_ema_50": 0.14250138564686418,
    "tech_price_ema_9_pct": -0.04710615240193933,
    "tech_price_ema_21_pct": -0.11288782097801336,
    "tech_adx": 20.40635051196156,
    "tech_adx_7": 24.918319782767316,
    "tech_adx_10": 21.477009130484014,
    "tech_adx_roc_5": -13.18881353019076,
    "tech_adx_slope_3": -2.594915633406849,
    "tech_adx_deceleration": -0.12381535185819814,
    "tech_plus_di": 18.172600575551375,
    "tech_minus_di": 21.385076377639585,
    "tech_di_crossover": 0.0,
    "tech_atr_14": 0.00013785098696579166,
    "tech_atr_pct": 0.09683947099809741,
    "tech_atr_14_avg": 0.00016936365825725595,
    "tech_bb_upper": 0.142934629315543,
    "tech_bb_lower": 0.14213637068445698,
    "tech_bb_width": 0.5600419762697806,
    "tech_bb_position": 0.26761917406692015,
    "tech_volatility_20": 0.012733606235806197,
    "tech_volume_ratio": 0.43934972027014213,
    "tech_obv": 25352900.0,
    "tech_momentum_10": -3.999999999998449e-05,
    "tech_roc_10": -0.028091860383439027,
    "tech_high_low_range": 0.028099754127140494,
    "tech_body_ratio": 0.24999937500121555,
    "tech_swing_high_10": 0.14259,
    "tech_swing_low_10": 0.14223,
    "tech_price_vs_swing_high": -0.16831474857983744,
    "tech_price_vs_swing_low": 0.08437038599452225,
    "tech_swing_break_up": 0.0,
    "tech_swing_break_down": 0.0,
    "tech_volume_spike": 0.0,
    "tech_volume_spike_ratio": 0.43934972027014213,
    "micro_ob_best_bid_price": 0.14236,
    "micro_ob_best_ask_price": 0.14237,
    "micro_ob_best_bid_size": 2365200.0,
    "micro_ob_best_ask_size": 1881900.0,
    "micro_ob_spread_absolute": 1.0000000000010001e-05,
    "micro_ob_spread_percentage": 0.007024198363368807,
    "micro_ob_bid_ask_size_ratio": 1.2568149210903874,
    "micro_ob_orderbook_imbalance_5": -0.007748689009634719,
    "micro_ob_orderbook_imbalance_10": -0.255421741553228,
    "micro_ob_orderbook_imbalance_20": -0.3316215506974303,
    "micro_ob_orderbook_vwap": 0.14238955554228785,
    "micro_ob_buy_impact_0.1": 0.0,
    "micro_ob_sell_impact_0.1": 0.0,
    "micro_ob_buy_impact_1.0": 0.0,
    "micro_ob_sell_impact_1.0": 0.0,
    "micro_ob_buy_impact_10.0": 0.0,
    "micro_ob_sell_impact_10.0": 0.0,
    "micro_ob_bid_depth_concentration": 0.6006136970414487,
    "micro_ob_ask_depth_concentration": 0.30617337100862246,
    "micro_ob_bid_levels": 15,
    "micro_ob_ask_levels": 15,
    "micro_ob_total_bid_volume": 16555400.0,
    "micro_ob_total_ask_volume": 32983600.0,
    "micro_ob_total_orderbook_volume": 49539000.0,
    "micro_ob_order_flow_imbalance": -0.3316215506974303,
    "micro_ob_depth_imbalance_1": 0.11379529561347743,
    "micro_ob_depth_imbalance_5": -0.007748689009634719,
    "micro_ob_depth_imbalance_10": -0.255421741553228,
    "micro_ob_depth_imbalance_20": -0.3316215506974303,
    "micro_fr_funding_rate_current": -1.801e-05,
    "micro_fr_funding_rate_abs": 1.801e-05,
    "micro_fr_funding_rate_mean": 2.050527777777778e-05,
    "micro_fr_funding_rate_std": 2.8738372429955726e-05,
    "micro_fr_funding_rate_min": -1.801e-05,
    "micro_fr_funding_rate_max": 6.934e-05,
    "micro_fr_funding_rate_skew": 0.21144271163684894,
    "micro_fr_funding_rate_kurtosis": -1.4213809708230616,
    "micro_fr_funding_rate_trend": -5.459999999999977e-07,
    "micro_fr_funding_rate_change": -2.699999999999991e-07,
    "micro_fr_funding_rate_change_abs": 2.699999999999991e-07,
    "micro_fr_funding_rate_positive": 0.0,
    "micro_fr_funding_rate_negative": 1.0,
    "micro_fr_funding_rate_high": 0.0,
    "micro_fr_funding_rate_extreme": 0.0,
    "micro_fr_hours_to_next_funding": 0.0,
    "micro_fr_funding_imminent": 1.0,
    "micro_vp_volume_current": 142.39,
    "micro_vp_volume_mean": 310.20012,
    "micro_vp_volume_std": 1143.863161503213,
    "micro_vp_volume_max": 10180.17,
    "micro_vp_volume_sum": 31020.012000000002,
    "micro_vp_volume_ratio": 0.4590262569853293,
    "micro_vp_large_volume_trade": 0.0,
    "micro_vp_recent_vwap": 0.1423589378443825,
    "micro_vp_price_vwap_deviation_pct": 0.021819603382714617,
    "micro_vp_price_clustering": 0.8491579906008997,
    "micro_vp_volume_trend": 189.67146666666665,
    "micro_of_order_flow_imbalance": -0.3316215506974303,
    "micro_of_trade_flow_buy_pressure": 0.33418922465128487,
    "micro_of_trade_flow_sell_pressure": 0.6658107753487151,
    "micro_of_kyles_lambda_buy": 0.0,
    "micro_of_kyles_lambda_sell": 0.0,
    "micro_of_kyles_lambda_avg": 0.0,
    "micro_of_amihud_illiquidity": 0.18291890490995208,
    "micro_of_spread_dynamics_current": 0.007024198363368807,
    "micro_micro_funding_arbitrage": 0.0,
    "micro_micro_orderbook_pressure": -0.5,
    "micro_micro_liquidity_score": 1.0,
    "micro_micro_volume_spike": 0.0,
    "micro_micro_oi_divergence": 0.0,
    "micro_micro_composite_score": 0.35,
    "fee_maker_rate": 0.0002,
    "fee_taker_rate": 0.0008,
    "fee_round_trip_cost": 0.0016,
    "fee_breakeven_move_pct": 0.16,
    "fee_net_profit_threshold": 0.16,
    "time_hour_sin": -1.0,
    "time_hour_cos": -1.8369701987210297e-16,
    "time_day_sin": 0.43388373911755823,
    "time_day_cos": -0.900968867902419,
    "time_day_of_week": 3.0,
    "time_is_asian": 0.0,
    "time_is_london": 0.0,
    "time_is_ny": 1.0,
    "time_is_london_ny_overlap": 0.0,
    "time_is_weekend": 0.0,
    "time_is_us_market_hours": 1.0,
    "cross_btc_return_1m": -0.003947983128958479,
    "cross_btc_return_5m": 0.0053741446610002476,
    "cross_btc_return_15m": -0.10572017349063911,
    "cross_btc_correlation": 0.8021288075101656,
    "cross_btc_lead_indicator": 0.0053741446610002476,
    "cross_eth_btc_ratio_change": -0.02632866950692986,
    "vol_realized_5m": 22.334592048170833,
    "vol_realized_15m": 14.566403549942244,
    "vol_realized_1h": 8.32612337843414,
    "vol_realized_4h": 5.83918965737769,
    "vol_ratio_5m_1h": 2.6824719059557354,
    "vol_ratio_15m_4h": 2.494593326239696,
    "vol_regime": 1.0,
    "vol_expansion": 1.0,
    "vol_contraction": 0.0,
    "vol_percentile": 41.05263157894737,
    "sent_fear_greed": 28.0,
    "sent_fear_greed_change": -14.0,
    "sent_extreme_fear": 0.0,
    "sent_extreme_greed": 0.0,
    "sent_fear": 1.0,
    "sent_greed": 0.0
  },
  "output_prediction": {
    "signal": "SHORT",
    "confidence": 0.5902202459124701,
    "raw_model_outputs": {
      "xgboost": 0.18118548393249512,
      "lightgbm": 0.20242196200877205,
      "lstm": 0.23943042755126953,
      "random_forest": 0.20035566119415893,
      "weighted_average": 0.2048898770437649,
      "model_agreement": 0.9156691596080563
    }
  },
  "regime_info": {
    "regime": "ranging",
    "regime_confidence": 0.579682474401922,
    "atr_ratio": 0.8139348688158475,
    "adx_value": 20.40635051196156,
    "is_exhausted": false,
    "is_weakening": false,
    "leverage_tier": "normal_volatility"
  },