{
  "timestamp": "2026-01-08T12:43:24.686192Z",
  "order_id": "704123815340278701",
  "stage": "Decision Making",
  "model_version": "ollama:qwen2.5:1.5b+ensemble_v1.0",
  "input_features": {
    "tech_returns_1": 0.014926487051258874,
    "tech_returns_5": 0.08215085884988316,
    "tech_returns_15": -0.16389778737987415,
    "tech_returns_60": -1.2308372641509524,
    "tech_returns_240": -1.7521994134897523,
    "tech_returns_1440": -2.883222254419002,
    "tech_rsi_14": 43.59573948969099,
    "tech_rsi_7": 53.19851433053577,
    "tech_rsi_21": 40.40069456421619,
    "tech_rsi_slope": 1.0526595056546135,
    "tech_rsi_divergence": 0.0,
    "tech_rsi_zone": 2.0,
    "tech_macd": -0.14500058236802715,
    "tech_macd_signal": -0.18901438707812465,
    "tech_macd_hist": 0.0440138047100975,
    "tech_stoch_k": 56.06060606060463,
    "tech_stoch_d": 53.030303030303024,
    "tech_ema_cross_9_21": -1.0,
    "tech_ema_cross_50_200": -1.0,
    "tech_ema_9": 133.96819631097824,
    "tech_ema_21": 134.06115687905282,
    "tech_ema_50": 134.43295446835347,
    "tech_price_ema_9_pct": 0.031204188884285396,
    "tech_price_ema_21_pct": -0.03815935968610096,
    "tech_adx": 22.97828597807315,
    "tech_adx_7": 25.14501592312277,
    "tech_adx_10": 18.025219349958032,
    "tech_adx_roc_5": -13.212559311638085,
    "tech_adx_slope_3": -2.4679840012201897,
    "tech_adx_deceleration": 0.3796898463415648,
    "tech_plus_di": 19.457369686903444,
    "tech_minus_di": 22.879105049256925,
    "tech_di_crossover": 0.0,
    "tech_atr_14": 0.11559044763613024,
    "tech_atr_pct": 0.0862550911395644,
    "tech_atr_14_avg": 0.1624599047728319,
    "tech_bb_upper": 134.40111761124192,
    "tech_bb_lower": 133.66888238875808,
    "tech_bb_width": 0.5463015051918059,
    "tech_bb_position": 0.46585796581158384,
    "tech_volatility_20": 0.011753892204568621,
    "tech_volume_ratio": 0.21450541044478796,
    "tech_obv": -16540.20000000004,
    "tech_momentum_10": 0.1799999999999784,
    "tech_roc_10": 0.13449899125754783,
    "tech_high_low_range": 0.014924259383614514,
    "tech_body_ratio": 0.9999999949999999,
    "tech_swing_high_10": 134.03,
    "tech_swing_low_10": 133.64,
    "tech_price_vs_swing_high": -0.014922032380817902,
    "tech_price_vs_swing_low": 0.2768632146064087,
    "tech_swing_break_up": 0.0,
    "tech_swing_break_down": 0.0,
    "tech_volume_spike": 0.0,
    "tech_volume_spike_ratio": 0.21450541044478796,
    "micro_ob_best_bid_price": 134.01,
    "micro_ob_best_ask_price": 134.02,
    "micro_ob_best_bid_size": 2772.4,
    "micro_ob_best_ask_size": 2958.4,
    "micro_ob_spread_absolute": 0.010000000000019327,
    "micro_ob_spread_percentage": 0.007461851285318306,
    "micro_ob_bid_ask_size_ratio": 0.9371281773931855,
    "micro_ob_orderbook_imbalance_5": 0.19971055793531328,
    "micro_ob_orderbook_imbalance_10": 0.44391215208906926,
    "micro_ob_orderbook_imbalance_20": 0.5387635315619289,
    "micro_ob_orderbook_vwap": 133.97011149058676,
    "micro_ob_buy_impact_0.1": 0.0,
    "micro_ob_sell_impact_0.1": 0.0,
    "micro_ob_buy_impact_1.0": 0.0,
    "micro_ob_sell_impact_1.0": 0.0,
    "micro_ob_buy_impact_10.0": 0.0,
    "micro_ob_sell_impact_10.0": 0.0,
    "micro_ob_bid_depth_concentration": 0.3067433515528461,
    "micro_ob_ask_depth_concentration": 0.6826435826900655,
    "micro_ob_bid_levels": 15,
    "micro_ob_ask_levels": 15,
    "micro_ob_total_bid_volume": 43780.9,
    "micro_ob_total_ask_volume": 13123.1,
    "micro_ob_total_orderbook_volume": 56904.0,
    "micro_ob_order_flow_imbalance": 0.5387635315619289,
    "micro_ob_depth_imbalance_1": -0.032456201577441196,
    "micro_ob_depth_imbalance_5": 0.19971055793531328,
    "micro_ob_depth_imbalance_10": 0.44391215208906926,
    "micro_ob_depth_imbalance_20": 0.5387635315619289,
    "micro_fr_funding_rate_current": 3.92e-06,
    "micro_fr_funding_rate_abs": 3.92e-06,
    "micro_fr_funding_rate_positive": 1.0,
    "micro_fr_funding_rate_negative": 0.0,
    "micro_fr_funding_rate_high": 0.0,
    "micro_fr_funding_rate_extreme": 0.0,
    "micro_fr_hours_to_next_funding": 0.0,
    "micro_fr_funding_imminent": 1.0,
    "micro_vp_volume_current": 254.562,
    "micro_vp_volume_mean": 828.1810499999999,
    "micro_vp_volume_std": 930.3501671561454,
    "micro_vp_volume_max": 9378.6,
    "micro_vp_volume_sum": 82818.105,
    "micro_vp_volume_ratio": 0.30737481858586363,
    "micro_vp_large_volume_trade": 0.0,
    "micro_vp_recent_vwap": 133.9881988848936,
    "micro_vp_price_vwap_deviation_pct": -0.006119109714017117,
    "micro_vp_price_clustering": 1.1102230246251565e-16,
    "micro_vp_volume_trend": -47.58319999999993,
    "micro_of_order_flow_imbalance": 0.5387635315619289,
    "micro_of_trade_flow_buy_pressure": 0.7693817657809645,
    "micro_of_trade_flow_sell_pressure": 0.23061823421903557,
    "micro_of_kyles_lambda_buy": 0.0,
    "micro_of_kyles_lambda_sell": 0.0,
    "micro_of_kyles_lambda_avg": 0.0,
    "micro_of_amihud_illiquidity": 0.031046857431896724,
    "micro_of_spread_dynamics_current": 0.007461851285318306,
    "micro_micro_funding_arbitrage": 0.0,
    "micro_micro_orderbook_pressure": 1.0,
    "micro_micro_liquidity_score": 1.0,
    "micro_micro_volume_spike": 0.0,
    "micro_micro_oi_divergence": 0.0,
    "micro_micro_composite_score": 0.5,
    "fee_maker_rate": 0.0002,
    "fee_taker_rate": 0.0008,
    "fee_round_trip_cost": 0.0016,
    "fee_breakeven_move_pct": 0.16,
    "fee_net_profit_threshold": 0.16,
    "time_hour_sin": 1.2246467991473532e-16,
    "time_hour_cos": -1.0,
    "time_day_sin": 0.43388373911755823,
    "time_day_cos": -0.900968867902419,
    "time_day_of_week": 3.0,
    "time_is_asian": 0.0,
    "time_is_london": 1.0,
    "time_is_ny": 0.0,
    "time_is_london_ny_overlap": 0.0,
    "time_is_weekend": 0.0,
    "time_is_us_market_hours": 0.0,
    "cross_btc_return_1m": 0.023684192969467308,
    "cross_btc_return_5m": 0.15598800195067536,
    "cross_btc_return_15m": 0.05761771867203718,
    "cross_btc_correlation": 0.6801185817282168,
    "cross_btc_lead_indicator": 0.15598800195067536,
    "cross_eth_btc_ratio_change": -0.3353758235747217,
    "vol_realized_5m": 13.024957175820331,
    "vol_realized_15m": 14.570188503765483,
    "vol_realized_1h": 13.010203520751023,
    "vol_realized_4h": 4.020754939028924,
    "vol_ratio_5m_1h": 1.0011340064777448,
    "vol_ratio_15m_4h": 3.623744477022122,
    "vol_regime": 0.0,
    "vol_expansion": 0.0,
    "vol_contraction": 0.0,
    "vol_percentile": 14.736842105263156,
    "sent_fear_greed": 28.0,
    "sent_fear_greed_change": -14.0,
    "sent_extreme_fear": 0.0,
    "sent_extreme_greed": 0.0,
    "sent_fear": 1.0,
    "sent_greed": 0.0
  },
  "output_prediction": {
    "signal": "SHORT",
    "confidence": 0.5833596783556634,
    "raw_model_outputs": {
      "xgboost": 0.19765150547027588,
      "lightgbm": 0.18598630950846412,
      "lstm": 0.14079777896404266,
      "random_forest": 0.33664342786421364,
      "weighted_average": 0.2083201608221683,
      "model_agreement": 0.7071139021694834
    }
  },
  "regime_info": {
    "regime": "ranging",
    "regime_confidence": 0.5,
    "atr_ratio": 0.7115013873593036,
    "adx_value": 22.97828597807315,
    "is_exhausted": false,
    "is_weakening": false,
    "leverage_tier": "normal_volatility"
  },