{
  "timestamp": "2026-01-08T22:54:06.903685Z",
  "order_id": "704277517019644845",
  "stage": "Decision Making",
  "model_version": "ollama:qwen2.5:1.5b+ensemble_v1.0",
  "input_features": {
    "tech_returns_1": -0.00021939880339161277,
    "tech_returns_5": -0.00010969952204398226,
    "tech_returns_15": 0.15458599628861425,
    "tech_returns_60": -0.0734447793916182,
    "tech_returns_240": 0.07322323866274516,
    "tech_returns_1440": -2.3040557947612035,
    "tech_rsi_14": 51.37780359495425,
    "tech_rsi_7": 58.56923844725301,
    "tech_rsi_21": 49.872052554029764,
    "tech_rsi_slope": -0.04379228193258555,
    "tech_rsi_divergence": 0.0,
    "tech_rsi_zone": 3.0,
    "tech_macd": -2.7699498587171547,
    "tech_macd_signal": -12.681597964032958,
    "tech_macd_hist": 9.911648105315804,
    "tech_stoch_k": 85.2607709750562,
    "tech_stoch_d": 86.14465456570633,
    "tech_ema_cross_9_21": 1.0,
    "tech_ema_cross_50_200": 1.0,
    "tech_ema_9": 91151.20003237315,
    "tech_ema_21": 91146.66624360111,
    "tech_ema_50": 91160.66181081336,
    "tech_price_ema_9_pct": 0.007460096657462324,
    "tech_price_ema_21_pct": 0.012434636247253309,
    "tech_adx": 16.669022528198777,
    "tech_adx_7": 15.197001467535298,
    "tech_adx_10": 18.12619656451953,
    "tech_adx_roc_5": -16.483818962376507,
    "tech_adx_slope_3": -2.584337081867547,
    "tech_adx_deceleration": 0.42341199903577476,
    "tech_plus_di": 31.38874485452504,
    "tech_minus_di": 32.104696204623664,
    "tech_di_crossover": 0.0,
    "tech_atr_14": 16.963743660423216,
    "tech_atr_pct": 0.018609166129602686,
    "tech_atr_14_avg": 40.86020927550708,
    "tech_bb_upper": 91213.53660790136,
    "tech_bb_lower": 91026.95339209863,
    "tech_bb_width": 0.20476592858451304,
    "tech_bb_position": 0.7023493905256808,
    "tech_volatility_20": 0.00546232806491751,
    "tech_volume_ratio": 0.008282720795753639,
    "tech_obv": 1761.259699999999,
    "tech_momentum_10": 66.30000000000291,
    "tech_roc_10": 0.07278379918258526,
    "tech_high_low_range": 0.00021939928475513902,
    "tech_body_ratio": 0.9999999995,
    "tech_swing_high_10": 91184.0,
    "tech_swing_low_10": 91091.6,
    "tech_price_vs_swing_high": -0.028513774346376558,
    "tech_price_vs_swing_low": 0.07289365869080593,
    "tech_swing_break_up": 0.0,
    "tech_swing_break_down": 0.0,
    "tech_volume_spike": 0.0,
    "tech_volume_spike_ratio": 0.008282720795753639,
    "micro_ob_best_bid_price": 91158.3,
    "micro_ob_best_ask_price": 91158.4,
    "micro_ob_best_bid_size": 2.8035,
    "micro_ob_best_ask_size": 2.9403,
    "micro_ob_spread_absolute": 0.09999999999126885,
    "micro_ob_spread_percentage": 0.00010969922118080115,
    "micro_ob_bid_ask_size_ratio": 0.9534741352923171,
    "micro_ob_orderbook_imbalance_5": -0.03592076061046113,
    "micro_ob_orderbook_imbalance_10": -0.04106662292902638,
    "micro_ob_orderbook_imbalance_20": -0.015593311474643332,
    "micro_ob_orderbook_vwap": 91158.36278840406,
    "micro_ob_buy_impact_0.1": 0.0,
    "micro_ob_sell_impact_0.1": 0.0,
    "micro_ob_buy_impact_1.0": 0.0,
    "micro_ob_sell_impact_1.0": 0.0,
    "micro_ob_buy_impact_10.0": 0.0,
    "micro_ob_sell_impact_10.0": 0.0,
    "micro_ob_bid_depth_concentration": 0.3655829390076649,
    "micro_ob_ask_depth_concentration": 0.38076274551554673,
    "micro_ob_bid_levels": 15,
    "micro_ob_ask_levels": 15,
    "micro_ob_total_bid_volume": 33.6862,
    "micro_ob_total_ask_volume": 34.7534,
    "micro_ob_total_orderbook_volume": 68.4396,
    "micro_ob_order_flow_imbalance": -0.015593311474643332,
    "micro_ob_depth_imbalance_1": -0.023816985271074904,
    "micro_ob_depth_imbalance_5": -0.03592076061046113,
    "micro_ob_depth_imbalance_10": -0.04106662292902638,
    "micro_ob_depth_imbalance_20": -0.015593311474643332,
    "micro_fr_funding_rate_current": -3.328e-05,
    "micro_fr_funding_rate_abs": 3.328e-05,
    "micro_fr_funding_rate_mean": 1.8600100000000002e-05,
    "micro_fr_funding_rate_std": 4.416274127576321e-05,
    "micro_fr_funding_rate_min": -3.74e-05,
    "micro_fr_funding_rate_max": 0.0001,
    "micro_fr_funding_rate_skew": 0.5496266677445181,
    "micro_fr_funding_rate_kurtosis": -0.9724669464082543,
    "micro_fr_funding_rate_trend": 9.049999999999979e-07,
    "micro_fr_funding_rate_change": 1.2500000000000033e-06,
    "micro_fr_funding_rate_change_abs": 1.2500000000000033e-06,
    "micro_fr_funding_rate_positive": 0.0,
    "micro_fr_funding_rate_negative": 1.0,
    "micro_fr_funding_rate_high": 0.0,
    "micro_fr_funding_rate_extreme": 0.0,
    "micro_fr_hours_to_next_funding": 0.0,
    "micro_fr_funding_imminent": 1.0,
    "micro_vp_volume_current": 63.81095,
    "micro_vp_volume_mean": 267.0028199,
    "micro_vp_volume_std": 241.24201032357027,
    "micro_vp_volume_max": 2361.00256,
    "micro_vp_volume_sum": 26700.28199,
    "micro_vp_volume_ratio": 0.2389897980249758,
    "micro_vp_large_volume_trade": 0.0,
    "micro_vp_recent_vwap": 91158.3543531697,
    "micro_vp_price_vwap_deviation_pct": 0.000159773430890213,
    "micro_vp_price_clustering": 0.0,
    "micro_vp_volume_trend": -15.524568787878772,
    "micro_of_order_flow_imbalance": -0.015593311474643332,
    "micro_of_trade_flow_buy_pressure": 0.4922033442626783,
    "micro_of_trade_flow_sell_pressure": 0.5077966557373217,
    "micro_of_kyles_lambda_buy": 0.0,
    "micro_of_kyles_lambda_sell": 0.0,
    "micro_of_kyles_lambda_avg": 0.0,
    "micro_of_amihud_illiquidity": 0.004445961610700384,
    "micro_of_spread_dynamics_current": 0.00010969922118080115,
    "micro_micro_funding_arbitrage": 0.0,
    "micro_micro_orderbook_pressure": 0.0,
    "micro_micro_liquidity_score": 0.5,
    "micro_micro_volume_spike": 0.0,
    "micro_micro_oi_divergence": 0.0,
    "micro_micro_composite_score": 0.1,
    "fee_maker_rate": 0.0002,
    "fee_taker_rate": 0.0008,
    "fee_round_trip_cost": 0.0016,
    "fee_breakeven_move_pct": 0.16,
    "fee_net_profit_threshold": 0.16,
    "time_hour_sin": -0.5000000000000004,
    "time_hour_cos": 0.8660254037844384,
    "time_day_sin": 0.43388373911755823,
    "time_day_cos": -0.900968867902419,
    "time_day_of_week": 3.0,
    "time_is_asian": 0.0,
    "time_is_london": 0.0,
    "time_is_ny": 0.0,
    "time_is_london_ny_overlap": 0.0,
    "time_is_weekend": 0.0,
    "time_is_us_market_hours": 0.0,
    "cross_btc_return_1m": -0.00021939880339573358,
    "cross_btc_return_5m": -0.00010969952204556782,
    "cross_btc_return_15m": 0.15458599628861447,
    "cross_btc_correlation": 1.0,
    "cross_btc_lead_indicator": 0.0,
    "cross_eth_btc_ratio_change": 0.10388657834806958,
    "vol_realized_5m": 0.07595021021778073,
    "vol_realized_15m": 4.734993418862405,
    "vol_realized_1h": 4.547365029366576,
    "vol_realized_4h": 2.2700156626807244,
    "vol_ratio_5m_1h": 0.016702026278361076,
    "vol_ratio_15m_4h": 2.0858857922022973,
    "vol_regime": 0.0,
    "vol_expansion": 0.0,
    "vol_contraction": 1.0,
    "vol_percentile": 0.0,
    "sent_fear_greed": 28.0,
    "sent_fear_greed_change": -14.0,
    "sent_extreme_fear": 0.0,
    "sent_extreme_greed": 0.0,
    "sent_fear": 1.0,
    "sent_greed": 0.0
  },
  "output_prediction": {
    "signal": "SHORT",
    "confidence": 0.5721928246785731,
    "raw_model_outputs": {
      "xgboost": 0.0658423975110054,
      "lightgbm": 0.0907927802234822,
      "lstm": 0.4894915223121643,
      "random_forest": 0.24539895827956545,
      "weighted_average": 0.21390358766071343,
      "model_agreement": 0.3256213243959032
    }
  },
  "regime_info": {
    "regime": "low_volatility",
    "regime_confidence": 0.5739338543663131,
    "atr_ratio": 0.41516536408421745,
    "adx_value": 16.669022528198777,
    "is_exhausted": false,
    "is_weakening": false,
    "leverage_tier": "low_volatility"
  },