{
  "timestamp": "2026-01-08T11:18:13.247062Z",
  "order_id": "704102384959226797",
  "stage": "Decision Making",
  "model_version": "ollama:qwen2.5:1.5b+ensemble_v1.0",
  "input_features": {
    "tech_returns_1": 0.012812381885862756,
    "tech_returns_5": 0.012812381885862756,
    "tech_returns_15": -0.1847731573832445,
    "tech_returns_60": -1.2448841460714566,
    "tech_returns_240": -0.46668494303510055,
    "tech_returns_1440": -3.3702524271844663,
    "tech_rsi_14": 46.268097669420946,
    "tech_rsi_7": 44.67986469217097,
    "tech_rsi_21": 45.99433407487075,
    "tech_rsi_slope": -2.8036916066738335,
    "tech_rsi_divergence": 0.0,
    "tech_rsi_zone": 2.0,
    "tech_macd": -0.497659771729559,
    "tech_macd_signal": -0.38613680021083674,
    "tech_macd_hist": -0.11152297151872226,
    "tech_stoch_k": 21.94199243379789,
    "tech_stoch_d": 24.514962662352474,
    "tech_ema_cross_9_21": -1.0,
    "tech_ema_cross_50_200": -1.0,
    "tech_ema_9": 3122.819397368495,
    "tech_ema_21": 3123.302975467385,
    "tech_ema_50": 3125.4276652201183,
    "tech_price_ema_9_pct": -0.014070534109828187,
    "tech_price_ema_21_pct": -0.029551262706001585,
    "tech_adx": 19.848225580888652,
    "tech_adx_7": 29.87071055711248,
    "tech_adx_10": 24.068069519520684,
    "tech_adx_roc_5": -5.079964150005814,
    "tech_adx_slope_3": -2.174935982913743,
    "tech_adx_deceleration": -1.626473630391386,
    "tech_plus_di": 25.862352929148813,
    "tech_minus_di": 29.589215941241363,
    "tech_di_crossover": 0.0,
    "tech_atr_14": 1.6558587330834114,
    "tech_atr_pct": 0.053031941438371095,
    "tech_atr_14_avg": 2.3002845676827444,
    "tech_bb_upper": 3129.4363541190455,
    "tech_bb_lower": 3118.6306458809545,
    "tech_bb_width": 0.34588964036688563,
    "tech_bb_position": 0.34697902594008895,
    "tech_volatility_20": 0.009287401449500177,
    "tech_volume_ratio": 0.09597519587153404,
    "tech_obv": -9895.798999999992,
    "tech_momentum_10": 0.40000000000009095,
    "tech_roc_10": 0.012812381885862756,
    "tech_high_low_range": 0.01281074052485895,
    "tech_body_ratio": 0.99999999975,
    "tech_swing_high_10": 3124.73,
    "tech_swing_low_10": 3120.73,
    "tech_price_vs_swing_high": -0.07520649784141059,
    "tech_price_vs_swing_low": 0.05287224463507227,
    "tech_swing_break_up": 0.0,
    "tech_swing_break_down": 0.0,
    "tech_volume_spike": 0.0,
    "tech_volume_spike_ratio": 0.09597519587153404,
    "micro_ob_best_bid_price": 3121.98,
    "micro_ob_best_ask_price": 3121.99,
    "micro_ob_best_bid_size": 44.566,
    "micro_ob_best_ask_size": 49.211,
    "micro_ob_spread_absolute": 0.009999999999763531,
    "micro_ob_spread_percentage": 0.0003203090341485796,
    "micro_ob_bid_ask_size_ratio": 0.9056105342301519,
    "micro_ob_orderbook_imbalance_5": 0.011578676522186637,
    "micro_ob_orderbook_imbalance_10": 0.2361158064891862,
    "micro_ob_orderbook_imbalance_20": 0.21900918591132773,
    "micro_ob_orderbook_vwap": 3121.96822849935,
    "micro_ob_buy_impact_0.1": 0.0,
    "micro_ob_sell_impact_0.1": 0.0,
    "micro_ob_buy_impact_1.0": 0.0,
    "micro_ob_sell_impact_1.0": 0.0,
    "micro_ob_buy_impact_10.0": 0.0,
    "micro_ob_sell_impact_10.0": 1.4565991802845122e-14,
    "micro_ob_bid_depth_concentration": 0.3072190727874629,
    "micro_ob_ask_depth_concentration": 0.46854538700788934,
    "micro_ob_bid_levels": 15,
    "micro_ob_ask_levels": 15,
    "micro_ob_total_bid_volume": 281.532,
    "micro_ob_total_ask_volume": 180.37099999999998,
    "micro_ob_total_orderbook_volume": 461.90299999999996,
    "micro_ob_order_flow_imbalance": 0.21900918591132773,
    "micro_ob_depth_imbalance_1": -0.04953240133508212,
    "micro_ob_depth_imbalance_5": 0.011578676522186637,
    "micro_ob_depth_imbalance_10": 0.2361158064891862,
    "micro_ob_depth_imbalance_20": 0.21900918591132773,
    "micro_fr_funding_rate_current": 8.488e-05,
    "micro_fr_funding_rate_abs": 8.488e-05,
    "micro_fr_funding_rate_mean": 8.785454545454544e-05,
    "micro_fr_funding_rate_std": 1.7125863674909074e-06,
    "micro_fr_funding_rate_min": 8.488e-05,
    "micro_fr_funding_rate_max": 9.003e-05,
    "micro_fr_funding_rate_skew": -0.6335603989792998,
    "micro_fr_funding_rate_kurtosis": -1.090616916240709,
    "micro_fr_funding_rate_trend": -1.1780000000000085e-06,
    "micro_fr_funding_rate_change": -2.699999999999957e-07,
    "micro_fr_funding_rate_change_abs": 2.699999999999957e-07,
    "micro_fr_funding_rate_positive": 1.0,
    "micro_fr_funding_rate_negative": 0.0,
    "micro_fr_funding_rate_high": 0.0,
    "micro_fr_funding_rate_extreme": 0.0,
    "micro_fr_hours_to_next_funding": 0.0,
    "micro_fr_funding_imminent": 1.0,
    "micro_vp_volume_current": 21.8533,
    "micro_vp_volume_mean": 1940.3383121,
    "micro_vp_volume_std": 8630.762532233042,
    "micro_vp_volume_max": 68951.07588,
    "micro_vp_volume_sum": 194033.83121,
    "micro_vp_volume_ratio": 0.011262623566066936,
    "micro_vp_large_volume_trade": 0.0,
    "micro_vp_recent_vwap": 3122.074889797899,
    "micro_vp_price_vwap_deviation_pct": -0.005601716937354031,
    "micro_vp_price_clustering": 5.551115123125783e-17,
    "micro_vp_volume_trend": 173.16138666666663,
    "micro_of_order_flow_imbalance": 0.21900918591132773,
    "micro_of_trade_flow_buy_pressure": 0.6095045929556638,
    "micro_of_trade_flow_sell_pressure": 0.39049540704433616,
    "micro_of_kyles_lambda_buy": 0.0,
    "micro_of_kyles_lambda_sell": 1.4565991802845121e-15,
    "micro_of_kyles_lambda_avg": 7.282995901422561e-16,
    "micro_of_amihud_illiquidity": 0.059933635003519316,
    "micro_of_spread_dynamics_current": 0.0003203090341485796,
    "micro_micro_funding_arbitrage": 0.0,
    "micro_micro_orderbook_pressure": 0.5,
    "micro_micro_liquidity_score": 0.75,
    "micro_micro_volume_spike": 0.0,
    "micro_micro_oi_divergence": 0.0,
    "micro_micro_composite_score": 0.30000000000000004,
    "fee_maker_rate": 0.0002,
    "fee_taker_rate": 0.0008,
    "fee_round_trip_cost": 0.0016,
    "fee_breakeven_move_pct": 0.16,
    "fee_net_profit_threshold": 0.16,
    "time_hour_sin": 0.258819045102521,
    "time_hour_cos": -0.9659258262890682,
    "time_day_sin": 0.43388373911755823,
    "time_day_cos": -0.900968867902419,
    "time_day_of_week": 3.0,
    "time_is_asian": 0.0,
    "time_is_london": 1.0,
    "time_is_ny": 0.0,
    "time_is_london_ny_overlap": 0.0,
    "time_is_weekend": 0.0,
    "time_is_us_market_hours": 0.0,
    "cross_btc_return_1m": -0.00920002970612324,
    "cross_btc_return_5m": -0.052849379269079885,
    "cross_btc_return_15m": -0.2239764277252954,
    "cross_btc_correlation": 0.8153113185630922,
    "cross_btc_lead_indicator": -0.052849379269079885,
    "cross_eth_btc_ratio_change": 0.03929127353291872,
    "vol_realized_5m": 14.354018947553099,
    "vol_realized_15m": 11.06667268815086,
    "vol_realized_1h": 20.160462778784975,
    "vol_realized_4h": 6.1632863971851926,
    "vol_ratio_5m_1h": 0.7119885642038909,
    "vol_ratio_15m_4h": 1.7955798213766394,
    "vol_regime": 2.0,
    "vol_expansion": 0.0,
    "vol_contraction": 0.0,
    "vol_percentile": 50.526315789473685,
    "sent_fear_greed": 28.0,
    "sent_fear_greed_change": -14.0,
    "sent_extreme_fear": 0.0,
    "sent_extreme_greed": 0.0,
    "sent_fear": 1.0,
    "sent_greed": 0.0
  },
  "output_prediction": {
    "signal": "SHORT",
    "confidence": 0.5613396390365882,
    "raw_model_outputs": {
      "xgboost": 0.165971577167511,
      "lightgbm": 0.18055882097953999,
      "lstm": 0.2656918168067932,
      "random_forest": 0.2898802356990561,
      "weighted_average": 0.21933018048170588,
      "model_agreement": 0.7871757818335948
    }
  },
  "regime_info": {
    "regime": "ranging",
    "regime_confidence": 0.6075887209555674,
    "atr_ratio": 0.7198495161629009,
    "adx_value": 19.848225580888652,
    "is_exhausted": false,
    "is_weakening": false,
    "leverage_tier": "normal_volatility"
  },