{
  "timestamp": "2026-01-08T05:47:21.077224Z",
  "order_id": "704019111935476653",
  "stage": "Decision Making",
  "model_version": "ollama:qwen2.5:1.5b+ensemble_v1.0",
  "input_features": {
    "tech_returns_1": -0.02351072279586086,
    "tech_returns_5": -0.06256490712127638,
    "tech_returns_15": -0.18271097407787096,
    "tech_returns_60": -0.1941082438913,
    "tech_returns_240": -0.9203429481830727,
    "tech_returns_1440": -2.7824949407786956,
    "tech_rsi_14": 34.11140421054729,
    "tech_rsi_7": 27.087391343368523,
    "tech_rsi_21": 37.93115012587755,
    "tech_rsi_slope": -0.5578626457610554,
    "tech_rsi_divergence": 0.0,
    "tech_rsi_zone": 2.0,
    "tech_macd": -1.8985294909207369,
    "tech_macd_signal": -1.34295915445052,
    "tech_macd_hist": -0.5555703364702169,
    "tech_stoch_k": 6.385169927912907,
    "tech_stoch_d": 11.019567456232336,
    "tech_ema_cross_9_21": -1.0,
    "tech_ema_cross_50_200": -1.0,
    "tech_ema_9": 3148.9425642755414,
    "tech_ema_21": 3150.9886898070345,
    "tech_ema_50": 3152.529395039017,
    "tech_price_ema_9_pct": -0.06931102206506212,
    "tech_price_ema_21_pct": -0.13420199890635617,
    "tech_adx": 34.65026094059221,
    "tech_adx_7": 45.247908170790005,
    "tech_adx_10": 40.99708920007696,
    "tech_adx_roc_5": 7.3918292627312425,
    "tech_adx_slope_3": 0.27319202560128986,
    "tech_adx_deceleration": 0.3592653216058146,
    "tech_plus_di": 18.683419288561968,
    "tech_minus_di": 42.29506255216576,
    "tech_di_crossover": 0.0,
    "tech_atr_14": 1.7001125449166339,
    "tech_atr_pct": 0.054027397860549706,
    "tech_atr_14_avg": 1.6540387764769426,
    "tech_bb_upper": 3156.5836530701813,
    "tech_bb_lower": 3145.7453469298184,
    "tech_bb_width": 0.34394605995221367,
    "tech_bb_position": 0.09361731040269568,
    "tech_volatility_20": 0.007299132377489985,
    "tech_volume_ratio": 0.15617619769922522,
    "tech_obv": -82599.82700000009,
    "tech_momentum_10": -5.669999999999618,
    "tech_roc_10": -0.17986124989293195,
    "tech_high_low_range": 0.02351625163659706,
    "tech_body_ratio": 0.9999999998648649,
    "tech_swing_high_10": 3155.85,
    "tech_swing_low_10": 3146.14,
    "tech_price_vs_swing_high": -0.28803650363609457,
    "tech_price_vs_swing_low": 0.019706688195704758,
    "tech_swing_break_up": 0.0,
    "tech_swing_break_down": 0.0,
    "tech_volume_spike": 0.0,
    "tech_volume_spike_ratio": 0.15617619769922522,
    "micro_ob_best_bid_price": 3146.83,
    "micro_ob_best_ask_price": 3146.84,
    "micro_ob_best_bid_size": 41.941,
    "micro_ob_best_ask_size": 44.84,
    "micro_ob_spread_absolute": 0.010000000000218279,
    "micro_ob_spread_percentage": 0.00031777961031380033,
    "micro_ob_bid_ask_size_ratio": 0.9353479036574487,
    "micro_ob_orderbook_imbalance_5": -0.424704613864055,
    "micro_ob_orderbook_imbalance_10": -0.3433199693579141,
    "micro_ob_orderbook_imbalance_20": -0.28311549818308906,
    "micro_ob_orderbook_vwap": 3146.8508597118066,
    "micro_ob_buy_impact_0.1": 0.0,
    "micro_ob_sell_impact_0.1": 0.0,
    "micro_ob_buy_impact_1.0": 0.0,
    "micro_ob_sell_impact_1.0": 0.0,
    "micro_ob_buy_impact_10.0": 0.0,
    "micro_ob_sell_impact_10.0": 0.0,
    "micro_ob_bid_depth_concentration": 0.4802212569142785,
    "micro_ob_ask_depth_concentration": 0.6644445763652934,
    "micro_ob_bid_levels": 15,
    "micro_ob_ask_levels": 15,
    "micro_ob_total_bid_volume": 159.995,
    "micro_ob_total_ask_volume": 286.367,
    "micro_ob_total_orderbook_volume": 446.362,
    "micro_ob_order_flow_imbalance": -0.28311549818308906,
    "micro_ob_depth_imbalance_1": -0.03340592986944148,
    "micro_ob_depth_imbalance_5": -0.424704613864055,
    "micro_ob_depth_imbalance_10": -0.3433199693579141,
    "micro_ob_depth_imbalance_20": -0.28311549818308906,
    "micro_fr_funding_rate_current": 8.618e-05,
    "micro_fr_funding_rate_abs": 8.618e-05,
    "micro_fr_funding_rate_mean": 7.779184210526318e-05,
    "micro_fr_funding_rate_std": 6.684922884751121e-06,
    "micro_fr_funding_rate_min": 6.502e-05,
    "micro_fr_funding_rate_max": 8.85e-05,
    "micro_fr_funding_rate_skew": -0.0029608357571685056,
    "micro_fr_funding_rate_kurtosis": -1.1563580104148494,
    "micro_fr_funding_rate_trend": 7.899999999999651e-08,
    "micro_fr_funding_rate_change": 5.10000000000007e-07,
    "micro_fr_funding_rate_change_abs": 5.10000000000007e-07,
    "micro_fr_funding_rate_positive": 1.0,
    "micro_fr_funding_rate_negative": 0.0,
    "micro_fr_funding_rate_high": 0.0,
    "micro_fr_funding_rate_extreme": 0.0,
    "micro_fr_hours_to_next_funding": 0.0,
    "micro_fr_funding_imminent": 1.0,
    "micro_vp_volume_current": 50.36016,
    "micro_vp_volume_mean": 104.59154639999998,
    "micro_vp_volume_std": 339.22708054260687,
    "micro_vp_volume_max": 3462.261,
    "micro_vp_volume_sum": 10459.154639999999,
    "micro_vp_volume_ratio": 0.48149359803327285,
    "micro_vp_large_volume_trade": 0.0,
    "micro_vp_recent_vwap": 3147.503653333995,
    "micro_vp_price_vwap_deviation_pct": 0.00020164125937180956,
    "micro_vp_price_clustering": 0.9397972345149579,
    "micro_vp_volume_trend": 60.317750181818155,
    "micro_of_order_flow_imbalance": -0.28311549818308906,
    "micro_of_trade_flow_buy_pressure": 0.35844225090845544,
    "micro_of_trade_flow_sell_pressure": 0.6415577490915445,
    "micro_of_kyles_lambda_buy": 0.0,
    "micro_of_kyles_lambda_sell": 0.0,
    "micro_of_kyles_lambda_avg": 0.0,
    "micro_of_amihud_illiquidity": 0.1110456578681275,
    "micro_of_spread_dynamics_current": 0.00031777961031380033,
    "micro_micro_funding_arbitrage": 0.0,
    "micro_micro_orderbook_pressure": -1.0,
    "micro_micro_liquidity_score": 0.75,
    "micro_micro_volume_spike": 0.0,
    "micro_micro_oi_divergence": 0.0,
    "micro_micro_composite_score": 0.45,
    "fee_maker_rate": 0.0002,
    "fee_taker_rate": 0.0008,
    "fee_round_trip_cost": 0.0016,
    "fee_breakeven_move_pct": 0.16,
    "fee_net_profit_threshold": 0.16,
    "time_hour_sin": 0.9659258262890683,
    "time_hour_cos": 0.25881904510252074,
    "time_day_sin": 0.43388373911755823,
    "time_day_cos": -0.900968867902419,
    "time_day_of_week": 3.0,
    "time_is_asian": 1.0,
    "time_is_london": 0.0,
    "time_is_ny": 0.0,
    "time_is_london_ny_overlap": 0.0,
    "time_is_weekend": 0.0,
    "time_is_us_market_hours": 0.0,
    "cross_btc_return_1m": -0.009795019947716801,
    "cross_btc_return_5m": -0.036638943566111686,
    "cross_btc_return_15m": -0.16987480249031545,
    "cross_btc_correlation": 0.9100996752949108,
    "cross_btc_lead_indicator": -0.036638943566111686,
    "cross_eth_btc_ratio_change": -0.01285801411363699,
    "vol_realized_5m": 5.8650564973808885,
    "vol_realized_15m": 9.123040041689192,
    "vol_realized_1h": 4.193705380564607,
    "vol_realized_4h": 2.598561606090217,
    "vol_ratio_5m_1h": 1.3985380385951824,
    "vol_ratio_15m_4h": 3.510803830976197,
    "vol_regime": 0.0,
    "vol_expansion": 0.0,
    "vol_contraction": 0.0,
    "vol_percentile": 18.947368421052634,
    "sent_fear_greed": 28.0,
    "sent_fear_greed_change": -14.0,
    "sent_extreme_fear": 0.0,
    "sent_extreme_greed": 0.0,
    "sent_fear": 1.0,
    "sent_greed": 0.0
  },
  "output_prediction": {
    "signal": "SHORT",
    "confidence": 0.5656243278595836,
    "raw_model_outputs": {
      "xgboost": 0.21090053021907806,
      "lightgbm": 0.182838366949116,
      "lstm": 0.2000962495803833,
      "random_forest": 0.29092011436054976,
      "weighted_average": 0.2171878360702082,
      "model_agreement": 0.8340607810560949
    }
  },
  "regime_info": {
    "regime": "trending",
    "regime_confidence": 0.7158031312871065,
    "atr_ratio": 1.0278553133668529,
    "adx_value": 34.65026094059221,
    "is_exhausted": false,
    "is_weakening": false,
    "leverage_tier": "elevated_volatility"
  },