{
  "timestamp": "2026-01-08T17:24:10.949727Z",
  "order_id": "704194472790983597",
  "stage": "Decision Making",
  "model_version": "ollama:qwen2.5:1.5b+ensemble_v1.0",
  "input_features": {
    "tech_returns_1": 0.0,
    "tech_returns_5": -0.07374631268436405,
    "tech_returns_15": -0.22091310751105597,
    "tech_returns_60": 0.14781966001478075,
    "tech_returns_240": 0.693584344810505,
    "tech_returns_1440": -2.3896166909267333,
    "tech_rsi_14": 43.69268727301149,
    "tech_rsi_7": 29.569787346112747,
    "tech_rsi_21": 48.44570877625446,
    "tech_rsi_slope": -2.1846592537648135,
    "tech_rsi_divergence": 0.0,
    "tech_rsi_zone": 2.0,
    "tech_macd": 0.004375247748299671,
    "tech_macd_signal": 0.032344000813116065,
    "tech_macd_hist": -0.027968753064816394,
    "tech_stoch_k": 0.0,
    "tech_stoch_d": 6.410256410255934,
    "tech_ema_cross_9_21": -1.0,
    "tech_ema_cross_50_200": 1.0,
    "tech_ema_9": 81.3545369033721,
    "tech_ema_21": 81.37054791736855,
    "tech_ema_50": 81.30322787932326,
    "tech_price_ema_9_pct": -0.06703609343492607,
    "tech_price_ema_21_pct": -0.08669957272525508,
    "tech_adx": 37.10722611726559,
    "tech_adx_7": 55.60096101372331,
    "tech_adx_10": 48.598871623184735,
    "tech_adx_roc_5": 4.147526617412666,
    "tech_adx_slope_3": 0.1352302818252653,
    "tech_adx_deceleration": 0.46915166806109454,
    "tech_plus_di": 13.24269310194037,
    "tech_minus_di": 29.42298476529116,
    "tech_di_crossover": 0.0,
    "tech_atr_14": 0.05820891349102434,
    "tech_atr_pct": 0.07159767957075565,
    "tech_atr_14_avg": 0.08087741434382072,
    "tech_bb_upper": 81.56285240661776,
    "tech_bb_lower": 81.27914759338225,
    "tech_bb_width": 0.34844181873904323,
    "tech_bb_position": 0.07350036250685092,
    "tech_volatility_20": 0.009631497551732846,
    "tech_volume_ratio": 0.08531842053377783,
    "tech_obv": -4909.9,
    "tech_momentum_10": -0.13000000000000966,
    "tech_roc_10": -0.15964632199436668,
    "tech_high_low_range": 0.012300123001236304,
    "tech_body_ratio": 0.0,
    "tech_swing_high_10": 81.46,
    "tech_swing_low_10": 81.3,
    "tech_price_vs_swing_high": -0.19641541861035675,
    "tech_price_vs_swing_low": 0.0,
    "tech_swing_break_up": 0.0,
    "tech_swing_break_down": 0.0,
    "tech_volume_spike": 0.0,
    "tech_volume_spike_ratio": 0.08531842053377783,
    "micro_ob_best_bid_price": 81.29,
    "micro_ob_best_ask_price": 81.3,
    "micro_ob_best_bid_size": 3257.6,
    "micro_ob_best_ask_size": 3424.4,
    "micro_ob_spread_absolute": 0.009999999999990905,
    "micro_ob_spread_percentage": 0.012300879512873984,
    "micro_ob_bid_ask_size_ratio": 0.9512907370634271,
    "micro_ob_orderbook_imbalance_5": -0.3500626965295059,
    "micro_ob_orderbook_imbalance_10": -0.23989316623436654,
    "micro_ob_orderbook_imbalance_20": -0.13616003151018424,
    "micro_ob_orderbook_vwap": 81.31660623025756,
    "micro_ob_buy_impact_0.1": 0.0,
    "micro_ob_sell_impact_0.1": 0.0,
    "micro_ob_buy_impact_1.0": 0.0,
    "micro_ob_sell_impact_1.0": 0.0,
    "micro_ob_buy_impact_10.0": 0.0,
    "micro_ob_sell_impact_10.0": 0.0,
    "micro_ob_bid_depth_concentration": 0.40855557388022784,
    "micro_ob_ask_depth_concentration": 0.645249089058374,
    "micro_ob_bid_levels": 15,
    "micro_ob_ask_levels": 15,
    "micro_ob_total_bid_volume": 20615.8,
    "micro_ob_total_ask_volume": 27114.8,
    "micro_ob_total_orderbook_volume": 47730.6,
    "micro_ob_order_flow_imbalance": -0.13616003151018424,
    "micro_ob_depth_imbalance_1": -0.02496258605208024,
    "micro_ob_depth_imbalance_5": -0.3500626965295059,
    "micro_ob_depth_imbalance_10": -0.23989316623436654,
    "micro_ob_depth_imbalance_20": -0.13616003151018424,
    "micro_fr_funding_rate_current": 5.473e-05,
    "micro_fr_funding_rate_abs": 5.473e-05,
    "micro_fr_funding_rate_mean": 2.963311475409836e-05,
    "micro_fr_funding_rate_std": 8.795426445822891e-06,
    "micro_fr_funding_rate_min": 1.564e-05,
    "micro_fr_funding_rate_max": 5.473e-05,
    "micro_fr_funding_rate_skew": 0.7700116729287342,
    "micro_fr_funding_rate_kurtosis": 0.7893134143047913,
    "micro_fr_funding_rate_trend": 3.0999999999999974e-06,
    "micro_fr_funding_rate_change": 6.199999999999975e-07,
    "micro_fr_funding_rate_change_abs": 6.199999999999975e-07,
    "micro_fr_funding_rate_positive": 1.0,
    "micro_fr_funding_rate_negative": 0.0,
    "micro_fr_funding_rate_high": 0.0,
    "micro_fr_funding_rate_extreme": 0.0,
    "micro_fr_hours_to_next_funding": 0.0,
    "micro_fr_funding_imminent": 1.0,
    "micro_vp_volume_current": 610.2,
    "micro_vp_volume_mean": 406.52887000000004,
    "micro_vp_volume_std": 259.36135940338744,
    "micro_vp_volume_max": 2155.775,
    "micro_vp_volume_sum": 40652.887,
    "micro_vp_volume_ratio": 1.5010004086548638,
    "micro_vp_large_volume_trade": 0.0,
    "micro_vp_recent_vwap": 81.3383125732251,
    "micro_vp_price_vwap_deviation_pct": 0.026663236657853272,
    "micro_vp_price_clustering": 0.588247410064749,
    "micro_vp_volume_trend": 16.183418181818205,
    "micro_of_order_flow_imbalance": -0.13616003151018424,
    "micro_of_trade_flow_buy_pressure": 0.43191998424490785,
    "micro_of_trade_flow_sell_pressure": 0.5680800157550921,
    "micro_of_kyles_lambda_buy": 0.0,
    "micro_of_kyles_lambda_sell": 0.0,
    "micro_of_kyles_lambda_avg": 0.0,
    "micro_of_amihud_illiquidity": 0.08587595983746109,
    "micro_of_spread_dynamics_current": 0.012300879512873984,
    "micro_micro_funding_arbitrage": 0.0,
    "micro_micro_orderbook_pressure": -1.0,
    "micro_micro_liquidity_score": 1.0,
    "micro_micro_volume_spike": 0.5,
    "micro_micro_oi_divergence": 0.0,
    "micro_micro_composite_score": 0.55,
    "fee_maker_rate": 0.0002,
    "fee_taker_rate": 0.0008,
    "fee_round_trip_cost": 0.0016,
    "fee_breakeven_move_pct": 0.16,
    "fee_net_profit_threshold": 0.16,
    "time_hour_sin": -0.9659258262890683,
    "time_hour_cos": -0.25881904510252063,
    "time_day_sin": 0.43388373911755823,
    "time_day_cos": -0.900968867902419,
    "time_day_of_week": 3.0,
    "time_is_asian": 0.0,
    "time_is_london": 0.0,
    "time_is_ny": 1.0,
    "time_is_london_ny_overlap": 0.0,
    "time_is_weekend": 0.0,
    "time_is_us_market_hours": 1.0,
    "cross_btc_return_1m": 0.017247914046060818,
    "cross_btc_return_5m": 0.011864168453618694,
    "cross_btc_return_15m": -0.07518409126580375,
    "cross_btc_correlation": 0.8613436945771993,
    "cross_btc_lead_indicator": 0.011864168453618694,
    "cross_eth_btc_ratio_change": -0.05932376227928593,
    "vol_realized_5m": 8.129015371795354,
    "vol_realized_15m": 6.983985025153016,
    "vol_realized_1h": 6.998378406228743,
    "vol_realized_4h": 4.320309395850331,
    "vol_ratio_5m_1h": 1.1615569921969802,
    "vol_ratio_15m_4h": 1.6165474240944764,
    "vol_regime": 0.0,
    "vol_expansion": 0.0,
    "vol_contraction": 0.0,
    "vol_percentile": 1.0526315789473684,
    "sent_fear_greed": 28.0,
    "sent_fear_greed_change": -14.0,
    "sent_extreme_fear": 0.0,
    "sent_extreme_greed": 0.0,
    "sent_fear": 1.0,
    "sent_greed": 0.0
  },
  "output_prediction": {
    "signal": "SHORT",
    "confidence": 0.554820761605572,
    "raw_model_outputs": {
      "xgboost": 0.2609631419181824,
      "lightgbm": 0.19235128277819502,
      "lstm": 0.21221096813678741,
      "random_forest": 0.21580056946506831,
      "weighted_average": 0.22258961919721398,
      "model_agreement": 0.8995949154673877
    }
  },
  "regime_info": {
    "regime": "trending",
    "regime_confidence": 0.745286713407187,
    "atr_ratio": 0.7197177847893412,
    "adx_value": 37.10722611726559,
    "is_exhausted": false,
    "is_weakening": false,
    "leverage_tier": "normal_volatility"
  },