{
  "timestamp": "2026-01-08T02:55:13.340064Z",
  "order_id": "703975793205707693",
  "stage": "Decision Making",
  "model_version": "ollama:qwen2.5:1.5b+ensemble_v1.0",
  "input_features": {
    "tech_returns_1": -0.012221950623303446,
    "tech_returns_5": 0.03668378576668907,
    "tech_returns_15": 0.03668378576668907,
    "tech_returns_60": -0.2925045703839113,
    "tech_returns_240": -1.2791118619524533,
    "tech_returns_1440": -1.5071135760790932,
    "tech_rsi_14": 48.372136743393,
    "tech_rsi_7": 52.875994104591435,
    "tech_rsi_21": 46.74886700121739,
    "tech_rsi_slope": -0.005106524450834371,
    "tech_rsi_divergence": 0.0,
    "tech_rsi_zone": 2.0,
    "tech_macd": -0.01923185774371916,
    "tech_macd_signal": -0.03309417556468204,
    "tech_macd_hist": 0.01386231782096288,
    "tech_stoch_k": 62.50000000000111,
    "tech_stoch_d": 64.5833333333324,
    "tech_ema_cross_9_21": -1.0,
    "tech_ema_cross_50_200": -1.0,
    "tech_ema_9": 81.8040199809561,
    "tech_ema_21": 81.81043982958789,
    "tech_ema_50": 81.8705187584166,
    "tech_price_ema_9_pct": 0.007310177476969448,
    "tech_price_ema_21_pct": -0.0005376203682637416,
    "tech_adx": 13.624244909810676,
    "tech_adx_7": 30.02868912538748,
    "tech_adx_10": 18.740904759703508,
    "tech_adx_roc_5": -7.196626788965533,
    "tech_adx_slope_3": -0.8539351761177256,
    "tech_adx_deceleration": 0.13137464247965003,
    "tech_plus_di": 22.71089299426122,
    "tech_minus_di": 19.164029996589296,
    "tech_di_crossover": 0.0,
    "tech_atr_14": 0.042478618637017435,
    "tech_atr_pct": 0.05192350401786754,
    "tech_atr_14_avg": 0.06456106466294047,
    "tech_bb_upper": 81.88962606579209,
    "tech_bb_lower": 81.65737393420791,
    "tech_bb_width": 0.28401882221523533,
    "tech_bb_position": 0.657156792280182,
    "tech_volatility_20": 0.008125907253855645,
    "tech_volume_ratio": 0.1285584855276334,
    "tech_obv": -4738.699999999994,
    "tech_momentum_10": -0.030000000000001137,
    "tech_roc_10": -0.03665689149560114,
    "tech_high_low_range": 0.012223444566667772,
    "tech_body_ratio": 0.9999999900000002,
    "tech_swing_high_10": 81.84,
    "tech_swing_low_10": 81.71,
    "tech_price_vs_swing_high": -0.03665689149560256,
    "tech_price_vs_swing_low": 0.12238404112104827,
    "tech_swing_break_up": 0.0,
    "tech_swing_break_down": 0.0,
    "tech_volume_spike": 0.0,
    "tech_volume_spike_ratio": 0.1285584855276334,
    "micro_ob_best_bid_price": 81.82,
    "micro_ob_best_ask_price": 81.83,
    "micro_ob_best_bid_size": 3605.4,
    "micro_ob_best_ask_size": 3359.1,
    "micro_ob_spread_absolute": 0.010000000000005116,
    "micro_ob_spread_percentage": 0.012221203788579429,
    "micro_ob_bid_ask_size_ratio": 1.073323211574529,
    "micro_ob_orderbook_imbalance_5": 0.16332964524954752,
    "micro_ob_orderbook_imbalance_10": 0.22902291316275825,
    "micro_ob_orderbook_imbalance_20": 0.19373955641352972,
    "micro_ob_orderbook_vwap": 81.79969671874302,
    "micro_ob_buy_impact_0.1": 0.0,
    "micro_ob_sell_impact_0.1": 0.0,
    "micro_ob_buy_impact_1.0": 0.0,
    "micro_ob_sell_impact_1.0": 0.0,
    "micro_ob_buy_impact_10.0": 1.7366313962119032e-14,
    "micro_ob_sell_impact_10.0": 0.0,
    "micro_ob_bid_depth_concentration": 0.5462014641186598,
    "micro_ob_ask_depth_concentration": 0.5816191236290613,
    "micro_ob_bid_levels": 15,
    "micro_ob_ask_levels": 15,
    "micro_ob_total_bid_volume": 23003.6,
    "micro_ob_total_ask_volume": 15536.8,
    "micro_ob_total_orderbook_volume": 38540.399999999994,
    "micro_ob_order_flow_imbalance": 0.19373955641352972,
    "micro_ob_depth_imbalance_1": 0.03536506569028648,
    "micro_ob_depth_imbalance_5": 0.16332964524954752,
    "micro_ob_depth_imbalance_10": 0.22902291316275825,
    "micro_ob_depth_imbalance_20": 0.19373955641352972,
    "micro_fr_funding_rate_current": 4.598e-05,
    "micro_fr_funding_rate_abs": 4.598e-05,
    "micro_fr_funding_rate_mean": 3.290883720930232e-05,
    "micro_fr_funding_rate_std": 7.243004390541687e-06,
    "micro_fr_funding_rate_min": 2.082e-05,
    "micro_fr_funding_rate_max": 4.598e-05,
    "micro_fr_funding_rate_skew": 0.14440869289229888,
    "micro_fr_funding_rate_kurtosis": -1.026724062659759,
    "micro_fr_funding_rate_trend": 5.359999999999984e-07,
    "micro_fr_funding_rate_change": 7.099999999999983e-07,
    "micro_fr_funding_rate_change_abs": 7.099999999999983e-07,
    "micro_fr_funding_rate_positive": 1.0,
    "micro_fr_funding_rate_negative": 0.0,
    "micro_fr_funding_rate_high": 0.0,
    "micro_fr_funding_rate_extreme": 0.0,
    "micro_fr_hours_to_next_funding": 0.0,
    "micro_fr_funding_imminent": 1.0,
    "micro_vp_volume_current": 564.627,
    "micro_vp_volume_mean": 409.64644999999996,
    "micro_vp_volume_std": 188.21626428974596,
    "micro_vp_volume_max": 728.109,
    "micro_vp_volume_sum": 40964.645,
    "micro_vp_volume_ratio": 1.378327579794723,
    "micro_vp_large_volume_trade": 0.0,
    "micro_vp_recent_vwap": 81.81474971136697,
    "micro_vp_price_vwap_deviation_pct": 0.018640023573778645,
    "micro_vp_price_clustering": 0.5605763195646617,
    "micro_vp_volume_trend": 6.152660606060617,
    "micro_of_order_flow_imbalance": 0.19373955641352972,
    "micro_of_trade_flow_buy_pressure": 0.5968697782067649,
    "micro_of_trade_flow_sell_pressure": 0.4031302217932352,
    "micro_of_kyles_lambda_buy": 1.7366313962119033e-15,
    "micro_of_kyles_lambda_sell": 0.0,
    "micro_of_kyles_lambda_avg": 8.683156981059516e-16,
    "micro_of_amihud_illiquidity": 0.04406259937772325,
    "micro_of_spread_dynamics_current": 0.012221203788579429,
    "micro_micro_funding_arbitrage": 0.0,
    "micro_micro_orderbook_pressure": 0.5,
    "micro_micro_liquidity_score": 1.0,
    "micro_micro_volume_spike": 0.0,
    "micro_micro_oi_divergence": 0.0,
    "micro_micro_composite_score": 0.35,
    "fee_maker_rate": 0.0002,
    "fee_taker_rate": 0.0008,
    "fee_round_trip_cost": 0.0016,
    "fee_breakeven_move_pct": 0.16,
    "fee_net_profit_threshold": 0.16,
    "time_hour_sin": 0.49999999999999994,
    "time_hour_cos": 0.8660254037844387,
    "time_day_sin": 0.43388373911755823,
    "time_day_cos": -0.900968867902419,
    "time_day_of_week": 3.0,
    "time_is_asian": 1.0,
    "time_is_london": 0.0,
    "time_is_ny": 0.0,
    "time_is_london_ny_overlap": 0.0,
    "time_is_weekend": 0.0,
    "time_is_us_market_hours": 0.0,
    "cross_btc_return_1m": -0.0071476562835046395,
    "cross_btc_return_5m": 0.05050254988363969,
    "cross_btc_return_15m": 0.003959141658078924,
    "cross_btc_correlation": 0.7463628586436851,
    "cross_btc_lead_indicator": 0.05050254988363969,
    "cross_eth_btc_ratio_change": 0.016317440034118776,
    "vol_realized_5m": 7.3524416939655115,
    "vol_realized_15m": 8.021843287165124,
    "vol_realized_1h": 5.79093992235382,
    "vol_realized_4h": 4.903216696653785,
    "vol_ratio_5m_1h": 1.2696456520959718,
    "vol_ratio_15m_4h": 1.6360368679278758,
    "vol_regime": 0.0,
    "vol_expansion": 0.0,
    "vol_contraction": 0.0,
    "vol_percentile": 5.263157894736842,
    "sent_fear_greed": 28.0,
    "sent_fear_greed_change": -14.0,
    "sent_extreme_fear": 0.0,
    "sent_extreme_greed": 0.0,
    "sent_fear": 1.0,
    "sent_greed": 0.0
  },
  "output_prediction": {
    "signal": "SHORT",
    "confidence": 0.5551750349841711,
    "raw_model_outputs": {
      "xgboost": 0.1762876659631729,
      "lightgbm": 0.17412991823156068,
      "lstm": 0.3457092344760895,
      "random_forest": 0.1978319540837986,
      "weighted_average": 0.22241248250791443,
      "model_agreement": 0.715322255127002
    }
  },
  "regime_info": {
    "regime": "ranging",
    "regime_confidence": 0.9,
    "atr_ratio": 0.6579603180150332,
    "adx_value": 13.624244909810676,
    "is_exhausted": false,
    "is_weakening": false,
    "leverage_tier": "normal_volatility"
  },