{
  "timestamp": "2026-01-08T22:25:51.464312Z",
  "order_id": "704270391396271021",
  "stage": "Decision Making",
  "model_version": "ollama:qwen2.5:1.5b+ensemble_v1.0",
  "input_features": {
    "tech_returns_1": -0.08405715886803389,
    "tech_returns_5": -0.13302527480223425,
    "tech_returns_15": -0.021027546085372606,
    "tech_returns_60": 0.21076296192215072,
    "tech_returns_240": 0.18260991712317765,
    "tech_returns_1440": -5.355087671789317,
    "tech_rsi_14": 43.60188970119958,
    "tech_rsi_7": 36.117834362026045,
    "tech_rsi_21": 46.654924639549286,
    "tech_rsi_slope": -2.1369547562577473,
    "tech_rsi_divergence": 0.0,
    "tech_rsi_zone": 2.0,
    "tech_macd": -6.738204971767914e-06,
    "tech_macd_signal": 1.642782445905674e-05,
    "tech_macd_hist": -2.3166029430824654e-05,
    "tech_stoch_k": 2.5641025641015602,
    "tech_stoch_d": 13.090987774532081,
    "tech_ema_cross_9_21": -1.0,
    "tech_ema_cross_50_200": 1.0,
    "tech_ema_9": 0.14276878901198853,
    "tech_ema_21": 0.1427909227479374,
    "tech_ema_50": 0.14272199168162247,
    "tech_price_ema_9_pct": -0.09020810001948304,
    "tech_price_ema_21_pct": -0.10569491745901917,
    "tech_adx": 17.07644321067813,
    "tech_adx_7": 37.80395876508846,
    "tech_adx_10": 24.009643770905477,
    "tech_adx_roc_5": 0.7264100197262664,
    "tech_adx_slope_3": 1.127960327244228,
    "tech_adx_deceleration": 1.621182341298642,
    "tech_plus_di": 17.31918832911935,
    "tech_minus_di": 35.73951015874355,
    "tech_di_crossover": 0.0,
    "tech_atr_14": 0.00012407694906900138,
    "tech_atr_pct": 0.08698608319475701,
    "tech_atr_14_avg": 0.0001300323223793674,
    "tech_bb_upper": 0.14310856799250715,
    "tech_bb_lower": 0.14247743200749285,
    "tech_bb_width": 0.44199364465645885,
    "tech_bb_position": 0.25757997700519597,
    "tech_volatility_20": 0.019161473483946145,
    "tech_volume_ratio": 0.4835073973088167,
    "tech_obv": 22827900.0,
    "tech_momentum_10": -2.0000000000020002e-05,
    "tech_roc_10": -0.01401934669845728,
    "tech_high_low_range": 0.09814918676388197,
    "tech_body_ratio": 0.8571422448984531,
    "tech_swing_high_10": 0.14293,
    "tech_swing_low_10": 0.14262,
    "tech_price_vs_swing_high": -0.2028965227733943,
    "tech_price_vs_swing_low": 0.014023278642541192,
    "tech_swing_break_up": 0.0,
    "tech_swing_break_down": 1.0,
    "tech_volume_spike": 0.0,
    "tech_volume_spike_ratio": 0.4835073973088167,
    "micro_ob_best_bid_price": 0.14265,
    "micro_ob_best_ask_price": 0.14266,
    "micro_ob_best_bid_size": 2408300.0,
    "micro_ob_best_ask_size": 2946700.0,
    "micro_ob_spread_absolute": 1.0000000000010001e-05,
    "micro_ob_spread_percentage": 0.007009919035442151,
    "micro_ob_bid_ask_size_ratio": 0.817287134760919,
    "micro_ob_orderbook_imbalance_5": -0.4145184700615328,
    "micro_ob_orderbook_imbalance_10": -0.48654515959730904,
    "micro_ob_orderbook_imbalance_20": -0.5036310464385686,
    "micro_ob_orderbook_vwap": 0.14267699887279928,
    "micro_ob_buy_impact_0.1": 0.0,
    "micro_ob_sell_impact_0.1": 0.0,
    "micro_ob_buy_impact_1.0": 0.0,
    "micro_ob_sell_impact_1.0": 0.0,
    "micro_ob_buy_impact_10.0": 0.0,
    "micro_ob_sell_impact_10.0": 0.0,
    "micro_ob_bid_depth_concentration": 0.4817655766384067,
    "micro_ob_ask_depth_concentration": 0.3842328697520872,
    "micro_ob_bid_levels": 15,
    "micro_ob_ask_levels": 15,
    "micro_ob_total_bid_volume": 11889600.0,
    "micro_ob_total_ask_volume": 36016700.0,
    "micro_ob_total_orderbook_volume": 47906300.0,
    "micro_ob_order_flow_imbalance": -0.5036310464385686,
    "micro_ob_depth_imbalance_1": -0.10054154995331466,
    "micro_ob_depth_imbalance_5": -0.4145184700615328,
    "micro_ob_depth_imbalance_10": -0.48654515959730904,
    "micro_ob_depth_imbalance_20": -0.5036310464385686,
    "micro_fr_funding_rate_current": 4.781e-05,
    "micro_fr_funding_rate_abs": 4.781e-05,
    "micro_fr_funding_rate_mean": 8.741500000000001e-06,
    "micro_fr_funding_rate_std": 2.1140412312677345e-05,
    "micro_fr_funding_rate_min": -1.935e-05,
    "micro_fr_funding_rate_max": 4.782e-05,
    "micro_fr_funding_rate_skew": 0.3365751500439196,
    "micro_fr_funding_rate_kurtosis": -1.2642920727569757,
    "micro_fr_funding_rate_trend": 1.5149999999999984e-06,
    "micro_fr_funding_rate_change": 2.1999999999999993e-06,
    "micro_fr_funding_rate_change_abs": 2.1999999999999993e-06,
    "micro_fr_funding_rate_positive": 1.0,
    "micro_fr_funding_rate_negative": 0.0,
    "micro_fr_funding_rate_high": 0.0,
    "micro_fr_funding_rate_extreme": 0.0,
    "micro_fr_hours_to_next_funding": 0.0,
    "micro_fr_funding_imminent": 1.0,
    "micro_vp_volume_current": 142.67,
    "micro_vp_volume_mean": 207.68966999999998,
    "micro_vp_volume_std": 312.0306818029616,
    "micro_vp_volume_max": 2253.712,
    "micro_vp_volume_sum": 20768.966999999997,
    "micro_vp_volume_ratio": 0.6869383537467222,
    "micro_vp_large_volume_trade": 0.0,
    "micro_vp_recent_vwap": 0.14264400526660764,
    "micro_vp_price_vwap_deviation_pct": 0.018223502168046253,
    "micro_vp_price_clustering": 0.28946015366716377,
    "micro_vp_volume_trend": -0.17212121212120537,
    "micro_of_order_flow_imbalance": -0.5036310464385686,
    "micro_of_trade_flow_buy_pressure": 0.2481844767807157,
    "micro_of_trade_flow_sell_pressure": 0.7518155232192844,
    "micro_of_kyles_lambda_buy": 0.0,
    "micro_of_kyles_lambda_sell": 0.0,
    "micro_of_kyles_lambda_avg": 0.0,
    "micro_of_amihud_illiquidity": 0.14492879661633545,
    "micro_of_spread_dynamics_current": 0.007009919035442151,
    "micro_micro_funding_arbitrage": 0.0,
    "micro_micro_orderbook_pressure": -1.0,
    "micro_micro_liquidity_score": 1.0,
    "micro_micro_volume_spike": 0.0,
    "micro_micro_oi_divergence": 0.0,
    "micro_micro_composite_score": 0.5,
    "fee_maker_rate": 0.0002,
    "fee_taker_rate": 0.0008,
    "fee_round_trip_cost": 0.0016,
    "fee_breakeven_move_pct": 0.16,
    "fee_net_profit_threshold": 0.16,
    "time_hour_sin": -0.5000000000000004,
    "time_hour_cos": 0.8660254037844384,
    "time_day_sin": 0.43388373911755823,
    "time_day_cos": -0.900968867902419,
    "time_day_of_week": 3.0,
    "time_is_asian": 0.0,
    "time_is_london": 0.0,
    "time_is_ny": 0.0,
    "time_is_london_ny_overlap": 0.0,
    "time_is_weekend": 0.0,
    "time_is_us_market_hours": 0.0,
    "cross_btc_return_1m": -0.016433907753189002,
    "cross_btc_return_5m": -0.040636692633264054,
    "cross_btc_return_15m": 0.0851044229075567,
    "cross_btc_correlation": 0.9111580822000793,
    "cross_btc_lead_indicator": -0.040636692633264054,
    "cross_eth_btc_ratio_change": -0.049800318515489536,
    "vol_realized_5m": 14.67512450345348,
    "vol_realized_15m": 25.02526388223159,
    "vol_realized_1h": 7.451014225130012,
    "vol_realized_4h": 3.8943327709765434,
    "vol_ratio_5m_1h": 1.969547240154063,
    "vol_ratio_15m_4h": 6.426072283482917,
    "vol_regime": 1.0,
    "vol_expansion": 1.0,
    "vol_contraction": 0.0,
    "vol_percentile": 37.89473684210527,
    "sent_fear_greed": 28.0,
    "sent_fear_greed_change": -14.0,
    "sent_extreme_fear": 0.0,
    "sent_extreme_greed": 0.0,
    "sent_fear": 1.0,
    "sent_greed": 0.0
  },
  "output_prediction": {
    "signal": "SHORT",
    "confidence": 0.5749220946926674,
    "raw_model_outputs": {
      "xgboost": 0.204280287027359,
      "lightgbm": 0.15379150645985865,
      "lstm": 0.29238060116767883,
      "random_forest": 0.19855919074229064,
      "weighted_average": 0.21253895265366632,
      "model_agreement": 0.7991093505419601
    }
  },
  "regime_info": {
    "regime": "ranging",
    "regime_confidence": 0.7461778394660936,
    "atr_ratio": 0.9542008232922942,
    "adx_value": 17.07644321067813,
    "is_exhausted": false,
    "is_weakening": false,
    "leverage_tier": "normal_volatility"
  },