{
  "timestamp": "2026-01-13T07:53:57.925897Z",
  "order_id": "705862921598534573",
  "stage": "Decision Making",
  "model_version": "ollama:qwen2.5:1.5b+ensemble_v1.0",
  "input_features": {
    "tech_returns_1": 0.028887123564658168,
    "tech_returns_5": 0.021663778162905878,
    "tech_returns_15": 0.05056342097657929,
    "tech_returns_60": -0.48139100445466765,
    "tech_returns_240": 1.198217286476222,
    "tech_returns_1440": -0.7612005219660688,
    "tech_rsi_14": 49.377498405878065,
    "tech_rsi_7": 54.72549031559608,
    "tech_rsi_21": 47.37525964074526,
    "tech_rsi_slope": 2.629423117724386,
    "tech_rsi_divergence": 0.0,
    "tech_rsi_zone": 2.0,
    "tech_macd": -2.122038716140251e-05,
    "tech_macd_signal": -2.438057590917813e-05,
    "tech_macd_hist": 3.160188747775622e-06,
    "tech_stoch_k": 37.03703703703399,
    "tech_stoch_d": 24.881291547959336,
    "tech_ema_cross_9_21": -1.0,
    "tech_ema_cross_50_200": 1.0,
    "tech_ema_9": 0.13848935888540753,
    "tech_ema_21": 0.1385035357149969,
    "tech_ema_50": 0.1385817411972519,
    "tech_price_ema_9_pct": 0.014904476963852309,
    "tech_price_ema_21_pct": 0.004667234644745842,
    "tech_adx": 23.555369645365833,
    "tech_adx_7": 39.52408785957228,
    "tech_adx_10": 29.60507968911604,
    "tech_adx_roc_5": -0.5202474443738012,
    "tech_adx_slope_3": -0.6814369450279667,
    "tech_adx_deceleration": -1.7993739732935463,
    "tech_plus_di": 22.823433694404,
    "tech_minus_di": 24.740458984181384,
    "tech_di_crossover": 0.0,
    "tech_atr_14": 8.111865584944526e-05,
    "tech_atr_pct": 0.05856519807194084,
    "tech_atr_14_avg": 8.845745006360198e-05,
    "tech_bb_upper": 0.13860738474375098,
    "tech_bb_lower": 0.13839561525624902,
    "tech_bb_width": 0.15290050107901793,
    "tech_bb_position": 0.5401379825784208,
    "tech_volatility_20": 0.005760942231344192,
    "tech_volume_ratio": 0.8343245295997478,
    "tech_obv": 43494500.0,
    "tech_momentum_10": 0.0,
    "tech_roc_10": 0.0,
    "tech_high_low_range": 0.08663634394629197,
    "tech_body_ratio": 0.33333305555563286,
    "tech_swing_high_10": 0.13868,
    "tech_swing_low_10": 0.13841,
    "tech_price_vs_swing_high": -0.12258436688780175,
    "tech_price_vs_swing_low": 0.07224911494833393,
    "tech_swing_break_up": 0.0,
    "tech_swing_break_down": 0.0,
    "tech_volume_spike": 0.0,
    "tech_volume_spike_ratio": 0.8343245295997478,
    "micro_ob_best_bid_price": 0.1385,
    "micro_ob_best_ask_price": 0.13852,
    "micro_ob_best_bid_size": 1607300.0,
    "micro_ob_best_ask_size": 4000.0,
    "micro_ob_spread_absolute": 1.9999999999992246e-05,
    "micro_ob_spread_percentage": 0.014439390657708644,
    "micro_ob_bid_ask_size_ratio": 401.825,
    "micro_ob_orderbook_imbalance_5": -0.07059385358728018,
    "micro_ob_orderbook_imbalance_10": -0.12260470607174478,
    "micro_ob_orderbook_imbalance_20": -0.11404951311362167,
    "micro_ob_orderbook_vwap": 0.13851888551420677,
    "micro_ob_buy_impact_0.1": 0.0,
    "micro_ob_sell_impact_0.1": 0.0,
    "micro_ob_buy_impact_1.0": 0.003219462893449564,
    "micro_ob_sell_impact_1.0": 0.0,
    "micro_ob_buy_impact_10.0": 0.006819203003171369,
    "micro_ob_sell_impact_10.0": 0.0,
    "micro_ob_bid_depth_concentration": 0.4992856927271447,
    "micro_ob_ask_depth_concentration": 0.4573759080871764,
    "micro_ob_bid_levels": 15,
    "micro_ob_ask_levels": 15,
    "micro_ob_total_bid_volume": 19879400.0,
    "micro_ob_total_ask_volume": 24997600.0,
    "micro_ob_total_orderbook_volume": 44877000.0,
    "micro_ob_order_flow_imbalance": -0.11404951311362167,
    "micro_ob_depth_imbalance_1": 0.9950350648544654,
    "micro_ob_depth_imbalance_5": -0.07059385358728018,
    "micro_ob_depth_imbalance_10": -0.12260470607174478,
    "micro_ob_depth_imbalance_20": -0.11404951311362167,
    "micro_fr_funding_rate_current": 6.981e-05,
    "micro_fr_funding_rate_abs": 6.981e-05,
    "micro_fr_funding_rate_mean": -2.7671000000000006e-06,
    "micro_fr_funding_rate_std": 3.31604290772903e-05,
    "micro_fr_funding_rate_min": -3.825e-05,
    "micro_fr_funding_rate_max": 6.981e-05,
    "micro_fr_funding_rate_skew": 0.6480202373414908,
    "micro_fr_funding_rate_kurtosis": -0.9357725704989734,
    "micro_fr_funding_rate_trend": 2.8389999999999926e-06,
    "micro_fr_funding_rate_change": 2.610000000000004e-06,
    "micro_fr_funding_rate_change_abs": 2.610000000000004e-06,
    "micro_fr_funding_rate_positive": 1.0,
    "micro_fr_funding_rate_negative": 0.0,
    "micro_fr_funding_rate_high": 0.0,
    "micro_fr_funding_rate_extreme": 0.0,
    "micro_fr_hours_to_next_funding": 0.0,
    "micro_fr_funding_imminent": 1.0,
    "micro_vp_volume_current": 138.55,
    "micro_vp_volume_mean": 137.81419,
    "micro_vp_volume_std": 92.89929927816408,
    "micro_vp_volume_max": 540.15,
    "micro_vp_volume_sum": 13781.419,
    "micro_vp_volume_ratio": 1.0053391454102079,
    "micro_vp_large_volume_trade": 0.0,
    "micro_vp_recent_vwap": 0.1385067276069322,
    "micro_vp_price_vwap_deviation_pct": 0.031242087525606678,
    "micro_vp_price_clustering": 2.220446049250313e-16,
    "micro_vp_volume_trend": 4.114515151515156,
    "micro_of_order_flow_imbalance": -0.11404951311362167,
    "micro_of_trade_flow_buy_pressure": 0.44297524344318917,
    "micro_of_trade_flow_sell_pressure": 0.5570247565568108,
    "micro_of_kyles_lambda_buy": 0.0006819203003171369,
    "micro_of_kyles_lambda_sell": 0.0,
    "micro_of_kyles_lambda_avg": 0.00034096015015856843,
    "micro_of_amihud_illiquidity": 0.12086589099612831,
    "micro_of_spread_dynamics_current": 0.014439390657708644,
    "micro_micro_funding_arbitrage": 0.0,
    "micro_micro_orderbook_pressure": 0.0,
    "micro_micro_liquidity_score": 1.0,
    "micro_micro_volume_spike": 0.0,
    "micro_micro_oi_divergence": 0.0,
    "micro_micro_composite_score": 0.2,
    "fee_maker_rate": 0.0002,
    "fee_taker_rate": 0.0008,
    "fee_round_trip_cost": 0.0016,
    "fee_breakeven_move_pct": 0.16,
    "fee_net_profit_threshold": 0.16,
    "time_hour_sin": 0.9659258262890683,
    "time_hour_cos": -0.25881904510252063,
    "time_day_sin": 0.7818314824680298,
    "time_day_cos": 0.6234898018587336,
    "time_day_of_week": 1.0,
    "time_is_asian": 1.0,
    "time_is_london": 0.0,
    "time_is_ny": 0.0,
    "time_is_london_ny_overlap": 0.0,
    "time_is_weekend": 0.0,
    "time_is_us_market_hours": 0.0,
    "cross_btc_return_1m": 0.002502627759150271,
    "cross_btc_return_5m": 0.02601168022393355,
    "cross_btc_return_15m": -0.028064374017614104,
    "cross_btc_correlation": 0.5922460132876967,
    "cross_btc_lead_indicator": 0.02601168022393355,
    "cross_eth_btc_ratio_change": -0.02891814480782858,
    "vol_realized_5m": 5.256422978383819,
    "vol_realized_15m": 6.080050227514526,
    "vol_realized_1h": 4.181084620264163,
    "vol_realized_4h": 3.5833238197923745,
    "vol_ratio_5m_1h": 1.257191244804731,
    "vol_ratio_15m_4h": 1.6967627078333147,
    "vol_regime": 0.0,
    "vol_expansion": 0.0,
    "vol_contraction": 0.0,
    "vol_percentile": 4.2105263157894735,
    "sent_fear_greed": 26.0,
    "sent_fear_greed_change": -1.0,
    "sent_extreme_fear": 0.0,
    "sent_extreme_greed": 0.0,
    "sent_fear": 1.0,
    "sent_greed": 0.0
  },
  "output_prediction": {
    "signal": "SHORT",
    "confidence": 0.5869172849960692,
    "raw_model_outputs": {
      "xgboost": 0.3200123906135559,
      "lightgbm": 0.0344774507665664,
      "lstm": 0.2582518458366394,
      "random_forest": 0.18677657338490528,
      "weighted_average": 0.2065413575019654,
      "model_agreement": 0.5740010951088086
    }
  },
  "regime_info": {
    "regime": "trending",
    "regime_confidence": 0.58266443574439,
    "atr_ratio": 0.9170358832536994,
    "adx_value": 23.555369645365833,
    "is_exhausted": false,
    "is_weakening": false,
    "leverage_tier": "normal_volatility"
  },