{
  "timestamp": "2026-01-13T22:58:48.459249Z",
  "order_id": "706090627699311533",
  "stage": "Decision Making",
  "model_version": "ollama:qwen2.5:1.5b+ensemble_v1.0",
  "input_features": {
    "tech_returns_1": 0.020062863639402906,
    "tech_returns_5": 0.03344257909170256,
    "tech_returns_15": -0.0066858327204766255,
    "tech_returns_60": 3.437305484473341,
    "tech_returns_240": 7.349985644559287,
    "tech_returns_1440": 5.325832846288713,
    "tech_rsi_14": 53.211644922873575,
    "tech_rsi_7": 49.670620483134655,
    "tech_rsi_21": 56.435238404499806,
    "tech_rsi_slope": 0.5240975991048344,
    "tech_rsi_divergence": 0.0,
    "tech_rsi_zone": 3.0,
    "tech_macd": 0.00014468444290938187,
    "tech_macd_signal": 0.00022513607241710432,
    "tech_macd_hist": -8.045162950772244e-05,
    "tech_stoch_k": 25.0,
    "tech_stoch_d": 22.321428571428402,
    "tech_ema_cross_9_21": 1.0,
    "tech_ema_cross_50_200": 1.0,
    "tech_ema_9": 0.14956150206295377,
    "tech_ema_21": 0.149504434732776,
    "tech_ema_50": 0.1487405012183949,
    "tech_price_ema_9_pct": -0.0010043112251810597,
    "tech_price_ema_21_pct": 0.03716630033304204,
    "tech_adx": 16.610477843809097,
    "tech_adx_7": 19.764290821358674,
    "tech_adx_10": 17.179230519715833,
    "tech_adx_roc_5": -10.7086040588738,
    "tech_adx_slope_3": -2.2947911202376243,
    "tech_adx_deceleration": 0.13502725580346997,
    "tech_plus_di": 21.865006647002716,
    "tech_minus_di": 20.453399671885425,
    "tech_di_crossover": 0.0,
    "tech_atr_14": 0.000248683185834564,
    "tech_atr_pct": 0.16627653505921638,
    "tech_atr_14_avg": 0.00036055141779135254,
    "tech_bb_upper": 0.15013075082991464,
    "tech_bb_lower": 0.14909624917008538,
    "tech_bb_width": 0.6914494078604322,
    "tech_bb_position": 0.44828427823997746,
    "tech_volatility_20": 0.02479984579635888,
    "tech_volume_ratio": 0.3019763334647282,
    "tech_obv": 66486700.0,
    "tech_momentum_10": -0.0007900000000000129,
    "tech_roc_10": -0.5254406385101551,
    "tech_high_low_range": 0.06017651778550866,
    "tech_body_ratio": 0.3333329629633745,
    "tech_swing_high_10": 0.15038,
    "tech_swing_low_10": 0.14928,
    "tech_price_vs_swing_high": -0.545285277297523,
    "tech_price_vs_swing_low": 0.1875669882100767,
    "tech_swing_break_up": 0.0,
    "tech_swing_break_down": 0.0,
    "tech_volume_spike": 0.0,
    "tech_volume_spike_ratio": 0.3019763334647282,
    "micro_ob_best_bid_price": 0.14962,
    "micro_ob_best_ask_price": 0.14963,
    "micro_ob_best_bid_size": 2992900.0,
    "micro_ob_best_ask_size": 2304600.0,
    "micro_ob_spread_absolute": 1.0000000000010001e-05,
    "micro_ob_spread_percentage": 0.006683375104434419,
    "micro_ob_bid_ask_size_ratio": 1.2986635424802568,
    "micro_ob_orderbook_imbalance_5": 0.44080420543401466,
    "micro_ob_orderbook_imbalance_10": 0.38854115403543305,
    "micro_ob_orderbook_imbalance_20": 0.320818222896801,
    "micro_ob_orderbook_vwap": 0.14960927426796258,
    "micro_ob_buy_impact_0.1": 0.0,
    "micro_ob_sell_impact_0.1": 0.0,
    "micro_ob_buy_impact_1.0": 0.0,
    "micro_ob_sell_impact_1.0": 0.0,
    "micro_ob_buy_impact_10.0": 0.0,
    "micro_ob_sell_impact_10.0": 0.0,
    "micro_ob_bid_depth_concentration": 0.5277394000798256,
    "micro_ob_ask_depth_concentration": 0.39832308361552043,
    "micro_ob_bid_levels": 15,
    "micro_ob_ask_levels": 15,
    "micro_ob_total_bid_volume": 22799700.0,
    "micro_ob_total_ask_volume": 11723900.0,
    "micro_ob_total_orderbook_volume": 34523600.0,
    "micro_ob_order_flow_imbalance": 0.320818222896801,
    "micro_ob_depth_imbalance_1": 0.12992921189240209,
    "micro_ob_depth_imbalance_5": 0.44080420543401466,
    "micro_ob_depth_imbalance_10": 0.38854115403543305,
    "micro_ob_depth_imbalance_20": 0.320818222896801,
    "micro_fr_funding_rate_current": 0.0001,
    "micro_fr_funding_rate_abs": 0.0001,
    "micro_fr_funding_rate_mean": 8.593869565217393e-05,
    "micro_fr_funding_rate_std": 8.143145052260521e-06,
    "micro_fr_funding_rate_min": 7.708e-05,
    "micro_fr_funding_rate_max": 0.0001,
    "micro_fr_funding_rate_skew": 0.6036855123057644,
    "micro_fr_funding_rate_kurtosis": -1.2838954859562013,
    "micro_fr_funding_rate_trend": 1.123999999999977e-06,
    "micro_fr_funding_rate_change": 0.0,
    "micro_fr_funding_rate_change_abs": 0.0,
    "micro_fr_funding_rate_positive": 1.0,
    "micro_fr_funding_rate_negative": 0.0,
    "micro_fr_funding_rate_high": 0.0,
    "micro_fr_funding_rate_extreme": 0.0,
    "micro_fr_hours_to_next_funding": 0.0,
    "micro_fr_funding_imminent": 1.0,
    "micro_vp_volume_current": 254.201,
    "micro_vp_volume_mean": 397.76227,
    "micro_vp_volume_std": 1675.1091422104464,
    "micro_vp_volume_max": 15885.396,
    "micro_vp_volume_sum": 39776.227,
    "micro_vp_volume_ratio": 0.6390777084010507,
    "micro_vp_large_volume_trade": 0.0,
    "micro_vp_recent_vwap": 0.14959092829317375,
    "micro_vp_price_vwap_deviation_pct": -0.0407299385523843,
    "micro_vp_price_clustering": 0.0,
    "micro_vp_volume_trend": 19.393587878787883,
    "micro_of_order_flow_imbalance": 0.320818222896801,
    "micro_of_trade_flow_buy_pressure": 0.6604091114484005,
    "micro_of_trade_flow_sell_pressure": 0.33959088855159947,
    "micro_of_kyles_lambda_buy": 0.0,
    "micro_of_kyles_lambda_sell": 0.0,
    "micro_of_kyles_lambda_avg": 0.0,
    "micro_of_amihud_illiquidity": 0.18894692737645802,
    "micro_of_spread_dynamics_current": 0.006683375104434419,
    "micro_micro_funding_arbitrage": 0.0,
    "micro_micro_orderbook_pressure": 1.0,
    "micro_micro_liquidity_score": 1.0,
    "micro_micro_volume_spike": 0.0,
    "micro_micro_oi_divergence": 0.0,
    "micro_micro_composite_score": 0.5,
    "fee_maker_rate": 0.0002,
    "fee_taker_rate": 0.0008,
    "fee_round_trip_cost": 0.0016,
    "fee_breakeven_move_pct": 0.16,
    "fee_net_profit_threshold": 0.16,
    "time_hour_sin": -0.5000000000000004,
    "time_hour_cos": 0.8660254037844384,
    "time_day_sin": 0.7818314824680298,
    "time_day_cos": 0.6234898018587336,
    "time_day_of_week": 1.0,
    "time_is_asian": 0.0,
    "time_is_london": 0.0,
    "time_is_ny": 0.0,
    "time_is_london_ny_overlap": 0.0,
    "time_is_weekend": 0.0,
    "time_is_us_market_hours": 0.0,
    "cross_btc_return_1m": 0.030006262631117532,
    "cross_btc_return_5m": 0.10819068346376991,
    "cross_btc_return_15m": 0.09886912552612499,
    "cross_btc_correlation": 0.7484431557042346,
    "cross_btc_lead_indicator": 0.10819068346376991,
    "cross_eth_btc_ratio_change": -0.2731233473337157,
    "vol_realized_5m": 29.080122261040227,
    "vol_realized_15m": 29.260736976136887,
    "vol_realized_1h": 27.479680725450727,
    "vol_realized_4h": 16.35551359804327,
    "vol_ratio_5m_1h": 1.058240907220848,
    "vol_ratio_15m_4h": 1.7890442144010423,
    "vol_regime": 2.0,
    "vol_expansion": 0.0,
    "vol_contraction": 0.0,
    "vol_percentile": 50.526315789473685,
    "sent_fear_greed": 26.0,
    "sent_fear_greed_change": -1.0,
    "sent_extreme_fear": 0.0,
    "sent_extreme_greed": 0.0,
    "sent_fear": 1.0,
    "sent_greed": 0.0
  },
  "output_prediction": {
    "signal": "SHORT",
    "confidence": 0.5963649870676646,
    "raw_model_outputs": {
      "xgboost": 0.09472885727882385,
      "lightgbm": 0.011198786096432075,
      "lstm": 0.3623069226741791,
      "random_forest": 0.4001121048614032,
      "weighted_average": 0.2018175064661677,
      "model_agreement": 0.3308259220048714
    }
  },
  "regime_info": {
    "regime": "ranging",
    "regime_confidence": 0.7694761078095451,
    "atr_ratio": 0.6897301565417071,
    "adx_value": 16.610477843809097,
    "is_exhausted": false,
    "is_weakening": false,
    "leverage_tier": "normal_volatility"
  },