{
  "timestamp": "2026-01-13T07:32:48.262665Z",
  "order_id": "705857590940140461",
  "stage": "Decision Making",
  "model_version": "ollama:qwen2.5:1.5b+ensemble_v1.0",
  "input_features": {
    "tech_returns_1": 0.007223345853790697,
    "tech_returns_5": -0.07217610970770005,
    "tech_returns_15": -0.06496318752706731,
    "tech_returns_60": -0.45297670405523016,
    "tech_returns_240": 1.036269430051795,
    "tech_returns_1440": -0.7612005219660688,
    "tech_rsi_14": 40.562024564187446,
    "tech_rsi_7": 40.72509382753099,
    "tech_rsi_21": 41.40423948273724,
    "tech_rsi_slope": -1.159588941514265,
    "tech_rsi_divergence": 0.0,
    "tech_rsi_zone": 2.0,
    "tech_macd": -8.149939680465734e-05,
    "tech_macd_signal": -9.010423099917276e-05,
    "tech_macd_hist": 8.604834194515413e-06,
    "tech_stoch_k": 34.78260869564955,
    "tech_stoch_d": 35.28079710145152,
    "tech_ema_cross_9_21": -1.0,
    "tech_ema_cross_50_200": 1.0,
    "tech_ema_9": 0.1384864825566445,
    "tech_ema_21": 0.13855143628374225,
    "tech_ema_50": 0.1386918792188169,
    "tech_price_ema_9_pct": -0.026343767255111207,
    "tech_price_ema_21_pct": -0.07321200448224068,
    "tech_adx": 40.78200755372649,
    "tech_adx_7": 56.08712932630242,
    "tech_adx_10": 45.61644506785572,
    "tech_adx_roc_5": 5.019608665394777,
    "tech_adx_slope_3": 2.26821293918535,
    "tech_adx_deceleration": 0.8350885112889017,
    "tech_plus_di": 7.077287889402174,
    "tech_minus_di": 24.01273760803759,
    "tech_di_crossover": 0.0,
    "tech_atr_14": 8.826155975153434e-05,
    "tech_atr_pct": 0.06374977230157772,
    "tech_atr_14_avg": 0.00011211037556598091,
    "tech_bb_upper": 0.13873752075644288,
    "tech_bb_lower": 0.13831847924355714,
    "tech_bb_width": 0.30249589461029014,
    "tech_bb_position": 0.31386092403381943,
    "tech_volatility_20": 0.008586405103059108,
    "tech_volume_ratio": 0.45669969840585956,
    "tech_obv": 40699300.0,
    "tech_momentum_10": -9.000000000000674e-05,
    "tech_roc_10": -0.06496318752706731,
    "tech_high_low_range": 0.021668472372699348,
    "tech_body_ratio": 0.3333322222253091,
    "tech_swing_high_10": 0.1386,
    "tech_swing_low_10": 0.13841,
    "tech_price_vs_swing_high": -0.10822510822511633,
    "tech_price_vs_swing_low": 0.028899645979325546,
    "tech_swing_break_up": 0.0,
    "tech_swing_break_down": 0.0,
    "tech_volume_spike": 0.0,
    "tech_volume_spike_ratio": 0.45669969840585956,
    "micro_ob_best_bid_price": 0.13841,
    "micro_ob_best_ask_price": 0.13842,
    "micro_ob_best_bid_size": 1504900.0,
    "micro_ob_best_ask_size": 1604000.0,
    "micro_ob_spread_absolute": 9.999999999982245e-06,
    "micro_ob_spread_percentage": 0.007224650507518871,
    "micro_ob_bid_ask_size_ratio": 0.938216957605985,
    "micro_ob_orderbook_imbalance_5": -0.09578428953100356,
    "micro_ob_orderbook_imbalance_10": -0.3209985044908497,
    "micro_ob_orderbook_imbalance_20": -0.36249069334084877,
    "micro_ob_orderbook_vwap": 0.13845095260186893,
    "micro_ob_buy_impact_0.1": 0.0,
    "micro_ob_sell_impact_0.1": 0.0,
    "micro_ob_buy_impact_1.0": 0.0,
    "micro_ob_sell_impact_1.0": 0.0,
    "micro_ob_buy_impact_10.0": 0.0,
    "micro_ob_sell_impact_10.0": 0.0,
    "micro_ob_bid_depth_concentration": 0.5560416213041958,
    "micro_ob_ask_depth_concentration": 0.31529225801073757,
    "micro_ob_bid_levels": 15,
    "micro_ob_ask_levels": 15,
    "micro_ob_total_bid_volume": 15155700.0,
    "micro_ob_total_ask_volume": 32390900.0,
    "micro_ob_total_orderbook_volume": 47546600.0,
    "micro_ob_order_flow_imbalance": -0.36249069334084877,
    "micro_ob_depth_imbalance_1": -0.03187622631799029,
    "micro_ob_depth_imbalance_5": -0.09578428953100356,
    "micro_ob_depth_imbalance_10": -0.3209985044908497,
    "micro_ob_depth_imbalance_20": -0.36249069334084877,
    "micro_fr_funding_rate_current": 5.853e-05,
    "micro_fr_funding_rate_abs": 5.853e-05,
    "micro_fr_funding_rate_mean": -4.633e-06,
    "micro_fr_funding_rate_std": 3.046109211765067e-05,
    "micro_fr_funding_rate_min": -3.825e-05,
    "micro_fr_funding_rate_max": 5.853e-05,
    "micro_fr_funding_rate_skew": 0.580040919359302,
    "micro_fr_funding_rate_kurtosis": -0.9977208541812459,
    "micro_fr_funding_rate_trend": 1.921999999999988e-06,
    "micro_fr_funding_rate_change": 2.9699999999999936e-06,
    "micro_fr_funding_rate_change_abs": 2.9699999999999936e-06,
    "micro_fr_funding_rate_positive": 1.0,
    "micro_fr_funding_rate_negative": 0.0,
    "micro_fr_funding_rate_high": 0.0,
    "micro_fr_funding_rate_extreme": 0.0,
    "micro_fr_hours_to_next_funding": 0.0,
    "micro_fr_funding_imminent": 1.0,
    "micro_vp_volume_current": 512.154,
    "micro_vp_volume_mean": 146.58936,
    "micro_vp_volume_std": 95.02283395842495,
    "micro_vp_volume_max": 567.563,
    "micro_vp_volume_sum": 14658.936,
    "micro_vp_volume_ratio": 3.4938006414653833,
    "micro_vp_large_volume_trade": 1.0,
    "micro_vp_recent_vwap": 0.13842243650425926,
    "micro_vp_price_vwap_deviation_pct": -0.0017601946048629252,
    "micro_vp_price_clustering": 1.6869980115577032,
    "micro_vp_volume_trend": 20.633806060606055,
    "micro_of_order_flow_imbalance": -0.36249069334084877,
    "micro_of_trade_flow_buy_pressure": 0.31875465332957564,
    "micro_of_trade_flow_sell_pressure": 0.6812453466704244,
    "micro_of_kyles_lambda_buy": 0.0,
    "micro_of_kyles_lambda_sell": 0.0,
    "micro_of_kyles_lambda_avg": 0.0,
    "micro_of_amihud_illiquidity": 0.10998700304237619,
    "micro_of_spread_dynamics_current": 0.007224650507518871,
    "micro_micro_funding_arbitrage": 0.0,
    "micro_micro_orderbook_pressure": -1.0,
    "micro_micro_liquidity_score": 1.0,
    "micro_micro_volume_spike": 1.0,
    "micro_micro_oi_divergence": 0.0,
    "micro_micro_composite_score": 0.6,
    "fee_maker_rate": 0.0002,
    "fee_taker_rate": 0.0008,
    "fee_round_trip_cost": 0.0016,
    "fee_breakeven_move_pct": 0.16,
    "fee_net_profit_threshold": 0.16,
    "time_hour_sin": 0.9659258262890683,
    "time_hour_cos": -0.25881904510252063,
    "time_day_sin": 0.7818314824680298,
    "time_day_cos": 0.6234898018587336,
    "time_day_of_week": 1.0,
    "time_is_asian": 1.0,
    "time_is_london": 0.0,
    "time_is_ny": 0.0,
    "time_is_london_ny_overlap": 0.0,
    "time_is_weekend": 0.0,
    "time_is_us_market_hours": 0.0,
    "cross_btc_return_1m": 0.034040202240115405,
    "cross_btc_return_5m": -0.03075762664154204,
    "cross_btc_return_15m": 0.08868344796893142,
    "cross_btc_correlation": 0.6045303564803712,
    "cross_btc_lead_indicator": -0.03075762664154204,
    "cross_eth_btc_ratio_change": -0.06431092777513955,
    "vol_realized_5m": 7.1003654829192335,
    "vol_realized_15m": 9.856239429575513,
    "vol_realized_1h": 6.195636719132978,
    "vol_realized_4h": 3.656938786142038,
    "vol_ratio_5m_1h": 1.1460267612192834,
    "vol_ratio_15m_4h": 2.6952158638601533,
    "vol_regime": 0.0,
    "vol_expansion": 0.0,
    "vol_contraction": 0.0,
    "vol_percentile": 3.1578947368421053,
    "sent_fear_greed": 26.0,
    "sent_fear_greed_change": -1.0,
    "sent_extreme_fear": 0.0,
    "sent_extreme_greed": 0.0,
    "sent_fear": 1.0,
    "sent_greed": 0.0
  },
  "output_prediction": {
    "signal": "SHORT",
    "confidence": 0.667016648206654,
    "raw_model_outputs": {
      "xgboost": 0.2105615735054016,
      "lightgbm": 0.04140415877605377,
      "lstm": 0.22214463353157043,
      "random_forest": 0.1871800213901519,
      "weighted_average": 0.16649167589667302,
      "model_agreement": 0.7094224016639645
    }
  },
  "regime_info": {
    "regime": "trending",
    "regime_confidence": 0.7893840906447178,
    "atr_ratio": 0.7872737853740334,
    "adx_value": 40.78200755372649,
    "is_exhausted": false,
    "is_weakening": false,
    "leverage_tier": "normal_volatility"
  },