{
  "timestamp": "2026-01-13T09:09:04.463971Z",
  "order_id": "705881817537840045",
  "stage": "Decision Making",
  "model_version": "ollama:qwen2.5:1.5b+ensemble_v1.0",
  "input_features": {
    "tech_returns_1": -0.14321518080917528,
    "tech_returns_5": -0.1360641649956973,
    "tech_returns_15": -0.17180900565538781,
    "tech_returns_60": 0.08612646235555133,
    "tech_returns_240": 0.99949301079163,
    "tech_returns_1440": -0.7612005219660688,
    "tech_rsi_14": 41.44292523438986,
    "tech_rsi_7": 27.88555410573963,
    "tech_rsi_21": 47.76908123190111,
    "tech_rsi_slope": -6.189811660741018,
    "tech_rsi_divergence": 0.0,
    "tech_rsi_zone": 2.0,
    "tech_macd": 4.240385490208998e-05,
    "tech_macd_signal": 7.841732345118351e-05,
    "tech_macd_hist": -3.6013468549093535e-05,
    "tech_stoch_k": 0.0,
    "tech_stoch_d": 17.20430107526786,
    "tech_ema_cross_9_21": 1.0,
    "tech_ema_cross_50_200": 1.0,
    "tech_ema_9": 0.13962872148702743,
    "tech_ema_21": 0.13961775520020492,
    "tech_ema_50": 0.13944905004218008,
    "tech_price_ema_9_pct": -0.1279976534369711,
    "tech_price_ema_21_pct": -0.12015319968751467,
    "tech_adx": 27.99153331194238,
    "tech_adx_7": 35.66136154617156,
    "tech_adx_10": 29.861395787018047,
    "tech_adx_roc_5": -0.8279877915616503,
    "tech_adx_slope_3": -1.6721413197820958,
    "tech_adx_deceleration": -0.011806502617991654,
    "tech_plus_di": 15.47369693732081,
    "tech_minus_di": 23.039946638553772,
    "tech_di_crossover": -1.0,
    "tech_atr_14": 0.00014679247204238502,
    "tech_atr_pct": 0.10526530802609181,
    "tech_atr_14_avg": 0.00011074680344940321,
    "tech_bb_upper": 0.13984443090617626,
    "tech_bb_lower": 0.1395245690938237,
    "tech_bb_width": 0.22898876564869472,
    "tech_bb_position": -0.23312909182648298,
    "tech_volatility_20": 0.008432083062480394,
    "tech_volume_ratio": 0.7708603278418791,
    "tech_obv": 49536000.0,
    "tech_momentum_10": -0.00018999999999999573,
    "tech_roc_10": -0.1360641649956973,
    "tech_high_low_range": 0.15059160989603138,
    "tech_body_ratio": 0.952380498866385,
    "tech_swing_high_10": 0.13988,
    "tech_swing_low_10": 0.13945,
    "tech_price_vs_swing_high": -0.3074063482985514,
    "tech_price_vs_swing_low": 0.0,
    "tech_swing_break_up": 0.0,
    "tech_swing_break_down": 1.0,
    "tech_volume_spike": 0.0,
    "tech_volume_spike_ratio": 0.7708603278418791,
    "micro_ob_best_bid_price": 0.13944,
    "micro_ob_best_ask_price": 0.13945,
    "micro_ob_best_bid_size": 2456100.0,
    "micro_ob_best_ask_size": 2437200.0,
    "micro_ob_spread_absolute": 9.999999999982245e-06,
    "micro_ob_spread_percentage": 0.00717128617016189,
    "micro_ob_bid_ask_size_ratio": 1.0077548005908419,
    "micro_ob_orderbook_imbalance_5": -0.39594872786415386,
    "micro_ob_orderbook_imbalance_10": -0.4487545648839284,
    "micro_ob_orderbook_imbalance_20": -0.47495882136632556,
    "micro_ob_orderbook_vwap": 0.13948410608501433,
    "micro_ob_buy_impact_0.1": 0.0,
    "micro_ob_sell_impact_0.1": 0.0,
    "micro_ob_buy_impact_1.0": 0.0,
    "micro_ob_sell_impact_1.0": 0.0,
    "micro_ob_buy_impact_10.0": 0.0,
    "micro_ob_sell_impact_10.0": 0.0,
    "micro_ob_bid_depth_concentration": 0.44019892250310816,
    "micro_ob_ask_depth_concentration": 0.362124667707187,
    "micro_ob_bid_levels": 15,
    "micro_ob_ask_levels": 15,
    "micro_ob_total_bid_volume": 12065000.0,
    "micro_ob_total_ask_volume": 33893300.0,
    "micro_ob_total_orderbook_volume": 45958300.0,
    "micro_ob_order_flow_imbalance": -0.47495882136632556,
    "micro_ob_depth_imbalance_1": 0.0038624241309545707,
    "micro_ob_depth_imbalance_5": -0.39594872786415386,
    "micro_ob_depth_imbalance_10": -0.4487545648839284,
    "micro_ob_depth_imbalance_20": -0.47495882136632556,
    "micro_fr_funding_rate_current": 9.827e-05,
    "micro_fr_funding_rate_abs": 9.827e-05,
    "micro_fr_funding_rate_mean": 9.982699999999998e-06,
    "micro_fr_funding_rate_std": 4.559515019944556e-05,
    "micro_fr_funding_rate_min": -3.825e-05,
    "micro_fr_funding_rate_max": 9.827e-05,
    "micro_fr_funding_rate_skew": 0.4749765206878673,
    "micro_fr_funding_rate_kurtosis": -1.2852593574150413,
    "micro_fr_funding_rate_trend": 1.940999999999998e-06,
    "micro_fr_funding_rate_change": 1.5400000000000022e-06,
    "micro_fr_funding_rate_change_abs": 1.5400000000000022e-06,
    "micro_fr_funding_rate_positive": 1.0,
    "micro_fr_funding_rate_negative": 0.0,
    "micro_fr_funding_rate_high": 0.0,
    "micro_fr_funding_rate_extreme": 0.0,
    "micro_fr_hours_to_next_funding": 0.0,
    "micro_fr_funding_imminent": 1.0,
    "micro_vp_volume_current": 27.902,
    "micro_vp_volume_mean": 140.17959,
    "micro_vp_volume_std": 121.8270668726039,
    "micro_vp_volume_max": 585.858,
    "micro_vp_volume_sum": 14017.958999999999,
    "micro_vp_volume_ratio": 0.19904466834294496,
    "micro_vp_large_volume_trade": 0.0,
    "micro_vp_recent_vwap": 0.13948218126690198,
    "micro_vp_price_vwap_deviation_pct": 0.019944291697575365,
    "micro_vp_price_clustering": 0.2810728413255033,
    "micro_vp_volume_trend": -2.536375757575754,
    "micro_of_order_flow_imbalance": -0.47495882136632556,
    "micro_of_trade_flow_buy_pressure": 0.2625205893168372,
    "micro_of_trade_flow_sell_pressure": 0.7374794106831628,
    "micro_of_kyles_lambda_buy": 0.0,
    "micro_of_kyles_lambda_sell": 0.0,
    "micro_of_kyles_lambda_avg": 0.0,
    "micro_of_amihud_illiquidity": 0.2056223313304488,
    "micro_of_spread_dynamics_current": 0.00717128617016189,
    "micro_micro_funding_arbitrage": 0.0,
    "micro_micro_orderbook_pressure": -1.0,
    "micro_micro_liquidity_score": 1.0,
    "micro_micro_volume_spike": 0.0,
    "micro_micro_oi_divergence": 0.0,
    "micro_micro_composite_score": 0.5,
    "fee_maker_rate": 0.0002,
    "fee_taker_rate": 0.0008,
    "fee_round_trip_cost": 0.0016,
    "fee_breakeven_move_pct": 0.16,
    "fee_net_profit_threshold": 0.16,
    "time_hour_sin": 0.7071067811865476,
    "time_hour_cos": -0.7071067811865475,
    "time_day_sin": 0.7818314824680298,
    "time_day_cos": 0.6234898018587336,
    "time_day_of_week": 1.0,
    "time_is_asian": 0.0,
    "time_is_london": 1.0,
    "time_is_ny": 0.0,
    "time_is_london_ny_overlap": 0.0,
    "time_is_weekend": 0.0,
    "time_is_us_market_hours": 0.0,
    "cross_btc_return_1m": -0.027729966453230347,
    "cross_btc_return_5m": 0.019723630751954848,
    "cross_btc_return_15m": 0.14409644044900247,
    "cross_btc_correlation": 0.5479700998974568,
    "cross_btc_lead_indicator": 0.019723630751954848,
    "cross_eth_btc_ratio_change": -0.008463116584697502,
    "vol_realized_5m": 23.69115430438843,
    "vol_realized_15m": 9.52470200809409,
    "vol_realized_1h": 5.092614346894513,
    "vol_realized_4h": 3.4473806797601703,
    "vol_ratio_5m_1h": 4.652061336400889,
    "vol_ratio_15m_4h": 2.7628808341400553,
    "vol_regime": 3.0,
    "vol_expansion": 1.0,
    "vol_contraction": 0.0,
    "vol_percentile": 90.52631578947368,
    "sent_fear_greed": 26.0,
    "sent_fear_greed_change": -1.0,
    "sent_extreme_fear": 0.0,
    "sent_extreme_greed": 0.0,
    "sent_fear": 1.0,
    "sent_greed": 0.0
  },
  "output_prediction": {
    "signal": "SHORT",
    "confidence": 0.6065093574569771,
    "raw_model_outputs": {
      "xgboost": 0.24954672157764435,
      "lightgbm": 0.057916283567576686,
      "lstm": 0.2573184370994568,
      "random_forest": 0.21536309335497658,
      "weighted_average": 0.19674532127151145,
      "model_agreement": 0.6771035577980975
    }
  },
  "regime_info": {
    "regime": "trending",
    "regime_confidence": 0.6358983997433085,
    "atr_ratio": 1.3254781851058117,
    "adx_value": 27.99153331194238,
    "is_exhausted": false,
    "is_weakening": false,
    "leverage_tier": "elevated_volatility"
  },