{
  "timestamp": "2026-01-13T04:35:55.609787Z",
  "order_id": "705813088292570029",
  "stage": "Decision Making",
  "model_version": "ollama:qwen2.5:1.5b+ensemble_v1.0",
  "input_features": {
    "tech_returns_1": -0.008428722019648838,
    "tech_returns_5": -0.0784306861973949,
    "tech_returns_15": -0.14997190759457046,
    "tech_returns_60": -0.02364061019041186,
    "tech_returns_240": -0.12377022473261112,
    "tech_returns_1440": 0.30505869769067817,
    "tech_rsi_14": 40.94548722358375,
    "tech_rsi_7": 32.45646964968556,
    "tech_rsi_21": 44.916107524002975,
    "tech_rsi_slope": -0.844335157986567,
    "tech_rsi_divergence": 0.0,
    "tech_rsi_zone": 2.0,
    "tech_macd": -12.204596282404964,
    "tech_macd_signal": 2.7121350454962565,
    "tech_macd_hist": -14.916731327901221,
    "tech_stoch_k": 0.9396458258062335,
    "tech_stoch_d": 0.38812164231065066,
    "tech_ema_cross_9_21": -1.0,
    "tech_ema_cross_50_200": 1.0,
    "tech_ema_9": 91382.75807944484,
    "tech_ema_21": 91404.06733927615,
    "tech_ema_50": 91386.92515453369,
    "tech_price_ema_9_pct": -0.03956772612772718,
    "tech_price_ema_21_pct": -0.06287175281034059,
    "tech_adx": 21.786969495595084,
    "tech_adx_7": 34.06570830412,
    "tech_adx_10": 24.517025074793402,
    "tech_adx_roc_5": -8.688268103828268,
    "tech_adx_slope_3": -0.5449097390789106,
    "tech_adx_deceleration": 0.7637404214476504,
    "tech_plus_di": 27.347746676613987,
    "tech_minus_di": 41.828302282651784,
    "tech_di_crossover": 0.0,
    "tech_atr_14": 30.057542965712862,
    "tech_atr_pct": 0.03290493895307856,
    "tech_atr_14_avg": 30.90125976602006,
    "tech_bb_upper": 91547.90388835869,
    "tech_bb_lower": 91312.88611164129,
    "tech_bb_width": 0.2570455664305101,
    "tech_bb_position": 0.14345250316641772,
    "tech_volatility_20": 0.006394874119104897,
    "tech_volume_ratio": 0.3309948027628133,
    "tech_obv": 886.4648000000016,
    "tech_momentum_10": -113.09999999999127,
    "tech_roc_10": -0.12366102228631437,
    "tech_high_low_range": 0.017077811325222635,
    "tech_body_ratio": 0.49358974358620883,
    "tech_swing_high_10": 91459.7,
    "tech_swing_low_10": 91344.0,
    "tech_price_vs_swing_high": -0.1236610222863089,
    "tech_price_vs_swing_low": 0.0028463829041927447,
    "tech_swing_break_up": 0.0,
    "tech_swing_break_down": 1.0,
    "tech_volume_spike": 0.0,
    "tech_volume_spike_ratio": 0.3309948027628133,
    "micro_ob_best_bid_price": 91354.6,
    "micro_ob_best_ask_price": 91354.7,
    "micro_ob_best_bid_size": 2.938,
    "micro_ob_best_ask_size": 2.7647,
    "micro_ob_spread_absolute": 0.09999999999126885,
    "micro_ob_spread_percentage": 0.00010946350294294692,
    "micro_ob_bid_ask_size_ratio": 1.062683112091728,
    "micro_ob_orderbook_imbalance_5": -0.10389373170987636,
    "micro_ob_orderbook_imbalance_10": -0.08322542146519285,
    "micro_ob_orderbook_imbalance_20": -0.04761784614435761,
    "micro_ob_orderbook_vwap": 91354.38975128176,
    "micro_ob_buy_impact_0.1": 0.0,
    "micro_ob_sell_impact_0.1": 0.0,
    "micro_ob_buy_impact_1.0": 0.0,
    "micro_ob_sell_impact_1.0": 0.0,
    "micro_ob_buy_impact_10.0": 0.0,
    "micro_ob_sell_impact_10.0": 0.0,
    "micro_ob_bid_depth_concentration": 0.3393657699451606,
    "micro_ob_ask_depth_concentration": 0.3800529850945971,
    "micro_ob_bid_levels": 15,
    "micro_ob_ask_levels": 15,
    "micro_ob_total_bid_volume": 33.9719,
    "micro_ob_total_ask_volume": 37.369,
    "micro_ob_total_orderbook_volume": 71.3409,
    "micro_ob_order_flow_imbalance": -0.04761784614435761,
    "micro_ob_depth_imbalance_1": 0.030389113928490055,
    "micro_ob_depth_imbalance_5": -0.10389373170987636,
    "micro_ob_depth_imbalance_10": -0.08322542146519285,
    "micro_ob_depth_imbalance_20": -0.04761784614435761,
    "micro_fr_funding_rate_current": 7.966e-05,
    "micro_fr_funding_rate_abs": 7.966e-05,
    "micro_fr_funding_rate_mean": 3.83225e-05,
    "micro_fr_funding_rate_std": 2.0240305289784642e-05,
    "micro_fr_funding_rate_min": 1.509e-05,
    "micro_fr_funding_rate_max": 7.966e-05,
    "micro_fr_funding_rate_skew": 0.6315621410135992,
    "micro_fr_funding_rate_kurtosis": -1.0544566198139445,
    "micro_fr_funding_rate_trend": 1.7569999999999908e-06,
    "micro_fr_funding_rate_change": 3.500000000000085e-07,
    "micro_fr_funding_rate_change_abs": 3.500000000000085e-07,
    "micro_fr_funding_rate_positive": 1.0,
    "micro_fr_funding_rate_negative": 0.0,
    "micro_fr_funding_rate_high": 0.0,
    "micro_fr_funding_rate_extreme": 0.0,
    "micro_fr_hours_to_next_funding": 0.0,
    "micro_fr_funding_imminent": 1.0,
    "micro_vp_volume_current": 228.36025,
    "micro_vp_volume_mean": 6512.8486764,
    "micro_vp_volume_std": 36345.474036101994,
    "micro_vp_volume_max": 339999.04928,
    "micro_vp_volume_sum": 651284.86764,
    "micro_vp_volume_ratio": 0.0350630363680163,
    "micro_vp_large_volume_trade": 0.0,
    "micro_vp_recent_vwap": 91354.55166312176,
    "micro_vp_price_vwap_deviation_pct": -0.011440768885054749,
    "micro_vp_price_clustering": 0.01826007782204943,
    "micro_vp_volume_trend": 1298.964525393939,
    "micro_of_order_flow_imbalance": -0.04761784614435761,
    "micro_of_trade_flow_buy_pressure": 0.47619107692782114,
    "micro_of_trade_flow_sell_pressure": 0.5238089230721787,
    "micro_of_kyles_lambda_buy": 0.0,
    "micro_of_kyles_lambda_sell": 0.0,
    "micro_of_kyles_lambda_avg": 0.0,
    "micro_of_amihud_illiquidity": 0.049560342971409814,
    "micro_of_spread_dynamics_current": 0.00010946350294294692,
    "micro_micro_funding_arbitrage": 0.0,
    "micro_micro_orderbook_pressure": 0.0,
    "micro_micro_liquidity_score": 0.5,
    "micro_micro_volume_spike": 0.0,
    "micro_micro_oi_divergence": 0.0,
    "micro_micro_composite_score": 0.1,
    "fee_maker_rate": 0.0002,
    "fee_taker_rate": 0.0008,
    "fee_round_trip_cost": 0.0016,
    "fee_breakeven_move_pct": 0.16,
    "fee_net_profit_threshold": 0.16,
    "time_hour_sin": 0.8660254037844386,
    "time_hour_cos": 0.5000000000000001,
    "time_day_sin": 0.7818314824680298,
    "time_day_cos": 0.6234898018587336,
    "time_day_of_week": 1.0,
    "time_is_asian": 1.0,
    "time_is_london": 0.0,
    "time_is_ny": 0.0,
    "time_is_london_ny_overlap": 0.0,
    "time_is_weekend": 0.0,
    "time_is_us_market_hours": 0.0,
    "cross_btc_return_1m": -0.008428722019649967,
    "cross_btc_return_5m": -0.0784306861973993,
    "cross_btc_return_15m": -0.14997190759456547,
    "cross_btc_correlation": 1.0,
    "cross_btc_lead_indicator": 0.0,
    "cross_eth_btc_ratio_change": -0.024253668288646474,
    "vol_realized_5m": 2.897478302891876,
    "vol_realized_15m": 7.934994242168308,
    "vol_realized_1h": 2.922150144574451,
    "vol_realized_4h": 1.5506540675153775,
    "vol_ratio_5m_1h": 0.9915569561925547,
    "vol_ratio_15m_4h": 5.117191776295146,
    "vol_regime": 0.0,
    "vol_expansion": 0.0,
    "vol_contraction": 0.0,
    "vol_percentile": 4.2105263157894735,
    "sent_fear_greed": 26.0,
    "sent_fear_greed_change": -1.0,
    "sent_extreme_fear": 0.0,
    "sent_extreme_greed": 0.0,
    "sent_fear": 1.0,
    "sent_greed": 0.0
  },
  "output_prediction": {
    "signal": "SHORT",
    "confidence": 0.5656025421083879,
    "raw_model_outputs": {
      "xgboost": 0.08229802548885345,
      "lightgbm": 0.013616410234145955,
      "lstm": 0.6257772445678711,
      "random_forest": 0.16330453613058363,
      "weighted_average": 0.21719872894580605,
      "model_agreement": 0.04204524700435164
    }
  },
  "regime_info": {
    "regime": "ranging",
    "regime_confidence": 0.5106515252202458,
    "atr_ratio": 0.972696362326465,
    "adx_value": 21.786969495595084,
    "is_exhausted": false,
    "is_weakening": false,
    "leverage_tier": "normal_volatility"
  },