{
  "timestamp": "2026-01-13T17:57:37.460447Z",
  "order_id": "706014830380712877",
  "stage": "Decision Making",
  "model_version": "ollama:qwen2.5:1.5b+ensemble_v1.0",
  "input_features": {
    "tech_returns_1": 0.0,
    "tech_returns_5": -0.04922471080481827,
    "tech_returns_15": 0.0,
    "tech_returns_60": -0.9270553793608083,
    "tech_returns_240": 3.1234128999492183,
    "tech_returns_1440": -0.9214230867673386,
    "tech_rsi_14": 46.404697756002555,
    "tech_rsi_7": 45.62944145441813,
    "tech_rsi_21": 46.06289615775747,
    "tech_rsi_slope": 3.552713678800501e-15,
    "tech_rsi_divergence": 0.0,
    "tech_rsi_zone": 2.0,
    "tech_macd": -0.0001232617054671148,
    "tech_macd_signal": -0.00016156204661548092,
    "tech_macd_hist": 3.830034114836613e-05,
    "tech_stoch_k": 50.000000000001734,
    "tech_stoch_d": 50.000000000001734,
    "tech_ema_cross_9_21": -1.0,
    "tech_ema_cross_50_200": 1.0,
    "tech_ema_9": 0.4062048633464127,
    "tech_ema_21": 0.40627324533666753,
    "tech_ema_50": 0.4066723219996894,
    "tech_price_ema_9_pct": -0.025815384274032963,
    "tech_price_ema_21_pct": -0.04264256597156725,
    "tech_adx": 19.456071697090938,
    "tech_adx_7": 34.793695667561344,
    "tech_adx_10": 23.960065753448035,
    "tech_adx_roc_5": -12.99265417274302,
    "tech_adx_slope_3": -2.3417243017493465,
    "tech_adx_deceleration": 0.360265277192207,
    "tech_plus_di": 12.51614068804994,
    "tech_minus_di": 13.923270718950123,
    "tech_di_crossover": 0.0,
    "tech_atr_14": 0.0005235538455657802,
    "tech_atr_pct": 0.1289223948696824,
    "tech_atr_14_avg": 0.0006807817290248093,
    "tech_bb_upper": 0.40698245572773856,
    "tech_bb_lower": 0.4051175442722615,
    "tech_bb_width": 0.45928123518706304,
    "tech_bb_position": 0.5268109243756046,
    "tech_volatility_20": 0.013771816738165623,
    "tech_volume_ratio": 0.25092135183878306,
    "tech_obv": 761050.0,
    "tech_momentum_10": -0.0005999999999999894,
    "tech_roc_10": -0.14752889107449985,
    "tech_high_low_range": 0.04924895345973355,
    "tech_body_ratio": 0.0,
    "tech_swing_high_10": 0.4069,
    "tech_swing_low_10": 0.4058,
    "tech_price_vs_swing_high": -0.1966085033177605,
    "tech_price_vs_swing_low": 0.07392804337112431,
    "tech_swing_break_up": 0.0,
    "tech_swing_break_down": 0.0,
    "tech_volume_spike": 0.0,
    "tech_volume_spike_ratio": 0.25092135183878306,
    "micro_ob_best_bid_price": 0.4061,
    "micro_ob_best_ask_price": 0.4062,
    "micro_ob_best_bid_size": 961350.0,
    "micro_ob_best_ask_size": 838800.0,
    "micro_ob_spread_absolute": 9.999999999998899e-05,
    "micro_ob_spread_percentage": 0.024621445278835155,
    "micro_ob_bid_ask_size_ratio": 1.1461015736766809,
    "micro_ob_orderbook_imbalance_5": 0.034827914120015895,
    "micro_ob_orderbook_imbalance_10": 0.05969180784512296,
    "micro_ob_orderbook_imbalance_20": 0.024339374125066194,
    "micro_ob_orderbook_vwap": 0.4060048187612757,
    "micro_ob_buy_impact_0.1": 0.0,
    "micro_ob_sell_impact_0.1": 0.0,
    "micro_ob_buy_impact_1.0": 0.0,
    "micro_ob_sell_impact_1.0": 0.0,
    "micro_ob_buy_impact_10.0": 0.0,
    "micro_ob_sell_impact_10.0": 1.3669330517423743e-14,
    "micro_ob_bid_depth_concentration": 0.42081527649430744,
    "micro_ob_ask_depth_concentration": 0.41207209250683574,
    "micro_ob_bid_levels": 15,
    "micro_ob_ask_levels": 15,
    "micro_ob_total_bid_volume": 11016140.0,
    "micro_ob_total_ask_volume": 10492630.0,
    "micro_ob_total_orderbook_volume": 21508770.0,
    "micro_ob_order_flow_imbalance": 0.024339374125066194,
    "micro_ob_depth_imbalance_1": 0.06807766019498375,
    "micro_ob_depth_imbalance_5": 0.034827914120015895,
    "micro_ob_depth_imbalance_10": 0.05969180784512296,
    "micro_ob_depth_imbalance_20": 0.024339374125066194,
    "micro_fr_funding_rate_current": 0.0001,
    "micro_fr_funding_rate_abs": 0.0001,
    "micro_fr_funding_rate_mean": 0.0001,
    "micro_fr_funding_rate_std": 0.0,
    "micro_fr_funding_rate_min": 0.0001,
    "micro_fr_funding_rate_max": 0.0001,
    "micro_fr_funding_rate_skew": 0.0,
    "micro_fr_funding_rate_kurtosis": 0.0,
    "micro_fr_funding_rate_trend": -9.234190815370753e-21,
    "micro_fr_funding_rate_change": 0.0,
    "micro_fr_funding_rate_change_abs": 0.0,
    "micro_fr_funding_rate_positive": 1.0,
    "micro_fr_funding_rate_negative": 0.0,
    "micro_fr_funding_rate_high": 0.0,
    "micro_fr_funding_rate_extreme": 0.0,
    "micro_fr_hours_to_next_funding": 0.0,
    "micro_fr_funding_imminent": 1.0,
    "micro_vp_volume_current": 81.16,
    "micro_vp_volume_mean": 63.789249999999996,
    "micro_vp_volume_std": 79.08308284448387,
    "micro_vp_volume_max": 381.734,
    "micro_vp_volume_sum": 6378.924999999999,
    "micro_vp_volume_ratio": 1.272314692522643,
    "micro_vp_large_volume_trade": 0.0,
    "micro_vp_recent_vwap": 0.4060423633605977,
    "micro_vp_price_vwap_deviation_pct": -0.05968918085092718,
    "micro_vp_price_clustering": 2.220446049250313e-16,
    "micro_vp_volume_trend": 3.762872727272725,
    "micro_of_order_flow_imbalance": 0.024339374125066194,
    "micro_of_trade_flow_buy_pressure": 0.5121696870625331,
    "micro_of_trade_flow_sell_pressure": 0.4878303129374669,
    "micro_of_kyles_lambda_buy": 0.0,
    "micro_of_kyles_lambda_sell": 1.3669330517423744e-15,
    "micro_of_kyles_lambda_avg": 6.834665258711872e-16,
    "micro_of_amihud_illiquidity": 1.3332572369614692,
    "micro_of_spread_dynamics_current": 0.024621445278835155,
    "micro_micro_funding_arbitrage": 0.0,
    "micro_micro_orderbook_pressure": 0.0,
    "micro_micro_liquidity_score": 1.0,
    "micro_micro_volume_spike": 0.0,
    "micro_micro_oi_divergence": 0.0,
    "micro_micro_composite_score": 0.2,
    "fee_maker_rate": 0.0002,
    "fee_taker_rate": 0.0008,
    "fee_round_trip_cost": 0.0016,
    "fee_breakeven_move_pct": 0.16,
    "fee_net_profit_threshold": 0.16,
    "time_hour_sin": -0.9659258262890683,
    "time_hour_cos": -0.25881904510252063,
    "time_day_sin": 0.7818314824680298,
    "time_day_cos": 0.6234898018587336,
    "time_day_of_week": 1.0,
    "time_is_asian": 0.0,
    "time_is_london": 0.0,
    "time_is_ny": 1.0,
    "time_is_london_ny_overlap": 0.0,
    "time_is_weekend": 0.0,
    "time_is_us_market_hours": 1.0,
    "cross_btc_return_1m": 0.03732491878076534,
    "cross_btc_return_5m": -0.0743522302990633,
    "cross_btc_return_15m": -0.026046579430264154,
    "cross_btc_correlation": 0.7225531846082744,
    "cross_btc_lead_indicator": -0.0743522302990633,
    "cross_eth_btc_ratio_change": 0.08929806410466065,
    "vol_realized_5m": 16.437401608279693,
    "vol_realized_15m": 14.662777707963615,
    "vol_realized_1h": 9.300720744023092,
    "vol_realized_4h": 6.736280923973545,
    "vol_ratio_5m_1h": 1.7673255719286953,
    "vol_ratio_15m_4h": 2.1766873848417907,
    "vol_regime": 0.0,
    "vol_expansion": 1.0,
    "vol_contraction": 0.0,
    "vol_percentile": 6.315789473684211,
    "sent_fear_greed": 26.0,
    "sent_fear_greed_change": -1.0,
    "sent_extreme_fear": 0.0,
    "sent_extreme_greed": 0.0,
    "sent_fear": 1.0,
    "sent_greed": 0.0
  },
  "output_prediction": {
    "signal": "SHORT",
    "confidence": 0.5801266380519053,
    "raw_model_outputs": {
      "xgboost": 0.25055769085884094,
      "lightgbm": 0.10042653494507378,
      "lstm": 0.17515915632247925,
      "random_forest": 0.3293647246952116,
      "weighted_average": 0.20993668097404733,
      "model_agreement": 0.659101381185714
    }
  },
  "regime_info": {
    "regime": "ranging",
    "regime_confidence": 0.6271964151454531,
    "atr_ratio": 0.7690480270611092,
    "adx_value": 19.456071697090938,
    "is_exhausted": false,
    "is_weakening": false,
    "leverage_tier": "normal_volatility"
  },