{
  "timestamp": "2026-01-13T17:58:28.939036Z",
  "order_id": "706015050434872237",
  "stage": "Decision Making",
  "model_version": "ollama:qwen2.5:1.5b+ensemble_v1.0",
  "input_features": {
    "tech_returns_1": 0.014060742407195903,
    "tech_returns_5": 0.028125439459980583,
    "tech_returns_15": 0.049229903650038764,
    "tech_returns_60": -0.42696157345838426,
    "tech_returns_240": 1.9200458518412233,
    "tech_returns_1440": -0.7612005219660688,
    "tech_rsi_14": 48.07935659321178,
    "tech_rsi_7": 49.97605699411658,
    "tech_rsi_21": 47.407737587258815,
    "tech_rsi_slope": 1.4876311315520745,
    "tech_rsi_divergence": 0.0,
    "tech_rsi_zone": 2.0,
    "tech_macd": -3.554413747353102e-05,
    "tech_macd_signal": -4.135062559196234e-05,
    "tech_macd_hist": 5.80648811843132e-06,
    "tech_stoch_k": 42.49999999999965,
    "tech_stoch_d": 35.83333333333345,
    "tech_ema_cross_9_21": -1.0,
    "tech_ema_cross_50_200": 1.0,
    "tech_ema_9": 0.14225357792712318,
    "tech_ema_21": 0.14227806636357432,
    "tech_ema_50": 0.14237197937776044,
    "tech_price_ema_9_pct": 0.004514524675162588,
    "tech_price_ema_21_pct": -0.012697925995250854,
    "tech_adx": 15.733067936154288,
    "tech_adx_7": 27.46495642924291,
    "tech_adx_10": 19.828977763060294,
    "tech_adx_roc_5": -4.477908459563832,
    "tech_adx_slope_3": -2.4279522978773276,
    "tech_adx_deceleration": -2.1319036704699617,
    "tech_plus_di": 16.99479464477406,
    "tech_minus_di": 17.365418182781013,
    "tech_di_crossover": 0.0,
    "tech_atr_14": 0.00015179864042665016,
    "tech_atr_pct": 0.10670507551430491,
    "tech_atr_14_avg": 0.0002079584428149815,
    "tech_bb_upper": 0.14246341549146396,
    "tech_bb_lower": 0.14202458450853606,
    "tech_bb_width": 0.3085057949213372,
    "tech_bb_position": 0.5364605067154449,
    "tech_volatility_20": 0.01025419894137817,
    "tech_volume_ratio": 0.2416051708345575,
    "tech_obv": 59559700.0,
    "tech_momentum_10": -1.0000000000010001e-05,
    "tech_roc_10": -0.007028888732696359,
    "tech_high_low_range": 0.03514691410093807,
    "tech_body_ratio": 0.399999200001489,
    "tech_swing_high_10": 0.14241,
    "tech_swing_low_10": 0.14209,
    "tech_price_vs_swing_high": -0.10532968190436853,
    "tech_price_vs_swing_low": 0.11964248011823736,
    "tech_swing_break_up": 0.0,
    "tech_swing_break_down": 0.0,
    "tech_volume_spike": 0.0,
    "tech_volume_spike_ratio": 0.2416051708345575,
    "micro_ob_best_bid_price": 0.14225,
    "micro_ob_best_ask_price": 0.14226,
    "micro_ob_best_bid_size": 1867600.0,
    "micro_ob_best_ask_size": 1655000.0,
    "micro_ob_spread_absolute": 1.0000000000010001e-05,
    "micro_ob_spread_percentage": 0.007029629889993323,
    "micro_ob_bid_ask_size_ratio": 1.1284592145015107,
    "micro_ob_orderbook_imbalance_5": -0.10859267025687461,
    "micro_ob_orderbook_imbalance_10": 0.1143266875136933,
    "micro_ob_orderbook_imbalance_20": 0.1906703028016153,
    "micro_ob_orderbook_vwap": 0.14223756622582504,
    "micro_ob_buy_impact_0.1": 0.0,
    "micro_ob_sell_impact_0.1": 0.0,
    "micro_ob_buy_impact_1.0": 0.0,
    "micro_ob_sell_impact_1.0": 0.0,
    "micro_ob_buy_impact_10.0": 0.0,
    "micro_ob_sell_impact_10.0": 0.0,
    "micro_ob_bid_depth_concentration": 0.29937386360726265,
    "micro_ob_ask_depth_concentration": 0.5477416043062809,
    "micro_ob_bid_levels": 15,
    "micro_ob_ask_levels": 15,
    "micro_ob_total_bid_volume": 31239200.0,
    "micro_ob_total_ask_volume": 21234100.0,
    "micro_ob_total_orderbook_volume": 52473300.0,
    "micro_ob_order_flow_imbalance": 0.1906703028016153,
    "micro_ob_depth_imbalance_1": 0.060353148242775226,
    "micro_ob_depth_imbalance_5": -0.10859267025687461,
    "micro_ob_depth_imbalance_10": 0.1143266875136933,
    "micro_ob_depth_imbalance_20": 0.1906703028016153,
    "micro_fr_funding_rate_current": 0.0001,
    "micro_fr_funding_rate_abs": 0.0001,
    "micro_fr_funding_rate_mean": 0.0001,
    "micro_fr_funding_rate_std": 0.0,
    "micro_fr_funding_rate_min": 0.0001,
    "micro_fr_funding_rate_max": 0.0001,
    "micro_fr_funding_rate_skew": 0.0,
    "micro_fr_funding_rate_kurtosis": 0.0,
    "micro_fr_funding_rate_trend": -9.234190815370753e-21,
    "micro_fr_funding_rate_change": 0.0,
    "micro_fr_funding_rate_change_abs": 0.0,
    "micro_fr_funding_rate_positive": 1.0,
    "micro_fr_funding_rate_negative": 0.0,
    "micro_fr_funding_rate_high": 0.0,
    "micro_fr_funding_rate_extreme": 0.0,
    "micro_fr_hours_to_next_funding": 0.0,
    "micro_fr_funding_imminent": 1.0,
    "micro_vp_volume_current": 170.64,
    "micro_vp_volume_mean": 172.51029,
    "micro_vp_volume_std": 136.14671390924536,
    "micro_vp_volume_max": 597.282,
    "micro_vp_volume_sum": 17251.029,
    "micro_vp_volume_ratio": 0.9891583858562871,
    "micro_vp_large_volume_trade": 0.0,
    "micro_vp_recent_vwap": 0.14221788243646222,
    "micro_vp_price_vwap_deviation_pct": -0.012573971821169212,
    "micro_vp_price_clustering": 2.220446049250313e-16,
    "micro_vp_volume_trend": -3.3610909090908994,
    "micro_of_order_flow_imbalance": 0.1906703028016153,
    "micro_of_trade_flow_buy_pressure": 0.5953351514008076,
    "micro_of_trade_flow_sell_pressure": 0.40466484859919233,
    "micro_of_kyles_lambda_buy": 0.0,
    "micro_of_kyles_lambda_sell": 0.0,
    "micro_of_kyles_lambda_avg": 0.0,
    "micro_of_amihud_illiquidity": 0.22061826732260714,
    "micro_of_spread_dynamics_current": 0.007029629889993323,
    "micro_micro_funding_arbitrage": 0.0,
    "micro_micro_orderbook_pressure": 0.0,
    "micro_micro_liquidity_score": 1.0,
    "micro_micro_volume_spike": 0.0,
    "micro_micro_oi_divergence": 0.0,
    "micro_micro_composite_score": 0.2,
    "fee_maker_rate": 0.0002,
    "fee_taker_rate": 0.0008,
    "fee_round_trip_cost": 0.0016,
    "fee_breakeven_move_pct": 0.16,
    "fee_net_profit_threshold": 0.16,
    "time_hour_sin": -0.9659258262890683,
    "time_hour_cos": -0.25881904510252063,
    "time_day_sin": 0.7818314824680298,
    "time_day_cos": 0.6234898018587336,
    "time_day_of_week": 1.0,
    "time_is_asian": 0.0,
    "time_is_london": 0.0,
    "time_is_ny": 1.0,
    "time_is_london_ny_overlap": 0.0,
    "time_is_weekend": 0.0,
    "time_is_us_market_hours": 1.0,
    "cross_btc_return_1m": 0.018552199239899144,
    "cross_btc_return_5m": -0.03997642141364655,
    "cross_btc_return_15m": -0.06461083490485482,
    "cross_btc_correlation": 0.8645194284465925,
    "cross_btc_lead_indicator": -0.03997642141364655,
    "cross_eth_btc_ratio_change": 0.07094857549420416,
    "vol_realized_5m": 14.078153128337048,
    "vol_realized_15m": 10.69387343916578,
    "vol_realized_1h": 8.333095699161149,
    "vol_realized_4h": 5.872771991269108,
    "vol_ratio_5m_1h": 1.6894265512580429,
    "vol_ratio_15m_4h": 1.8209243360825302,
    "vol_regime": 0.0,
    "vol_expansion": 1.0,
    "vol_contraction": 0.0,
    "vol_percentile": 5.263157894736842,
    "sent_fear_greed": 26.0,
    "sent_fear_greed_change": -1.0,
    "sent_extreme_fear": 0.0,
    "sent_extreme_greed": 0.0,
    "sent_fear": 1.0,
    "sent_greed": 0.0
  },
  "output_prediction": {
    "signal": "SHORT",
    "confidence": 0.5721476693042516,
    "raw_model_outputs": {
      "xgboost": 0.31807562708854675,
      "lightgbm": 0.060505523292940774,
      "lstm": 0.2270735651254654,
      "random_forest": 0.2330435032318012,
      "weighted_average": 0.21392616534787418,
      "model_agreement": 0.6266314113631164
    }
  },
  "regime_info": {
    "regime": "ranging",
    "regime_confidence": 0.8133466031922856,
    "atr_ratio": 0.7299469950431581,
    "adx_value": 15.733067936154288,
    "is_exhausted": false,
    "is_weakening": false,
    "leverage_tier": "normal_volatility"
  },