{
  "timestamp": "2026-01-13T23:08:15.025927Z",
  "order_id": "706093001889285037",
  "stage": "Decision Making",
  "model_version": "ollama:qwen2.5:1.5b+ensemble_v1.0",
  "input_features": {
    "tech_returns_1": 0.0092978057178561,
    "tech_returns_5": -0.06383820461793865,
    "tech_returns_15": 0.1504766595983531,
    "tech_returns_60": 2.420107874334998,
    "tech_returns_240": 6.637265781655244,
    "tech_returns_1440": 3.5415104584119743,
    "tech_rsi_14": 53.42177496187578,
    "tech_rsi_7": 50.40377194987508,
    "tech_rsi_21": 56.038733185002705,
    "tech_rsi_slope": 1.6455114051137478,
    "tech_rsi_divergence": 0.0,
    "tech_rsi_zone": 3.0,
    "tech_macd": 2.9380399190335993,
    "tech_macd_signal": 3.7302006509478365,
    "tech_macd_hist": -0.7921607319142372,
    "tech_stoch_k": 43.79934974454133,
    "tech_stoch_d": 37.651731300128546,
    "tech_ema_cross_9_21": 1.0,
    "tech_ema_cross_50_200": 1.0,
    "tech_ema_9": 3334.6476567061322,
    "tech_ema_21": 3332.8600159616685,
    "tech_ema_50": 3319.2458185901223,
    "tech_price_ema_9_pct": -0.006527127557080412,
    "tech_price_ema_21_pct": 0.04710621000619216,
    "tech_adx": 22.207175277026703,
    "tech_adx_7": 43.875210867725215,
    "tech_adx_10": 30.775217973932328,
    "tech_adx_roc_5": -3.304336510153451,
    "tech_adx_slope_3": 0.21869888066824572,
    "tech_adx_deceleration": 0.28018991676582594,
    "tech_plus_di": 14.408888688805185,
    "tech_minus_di": 21.863312266870203,
    "tech_di_crossover": 0.0,
    "tech_atr_14": 6.626007970726835,
    "tech_atr_pct": 0.19871486193222937,
    "tech_atr_14_avg": 6.598077038974404,
    "tech_bb_upper": 3341.629554718087,
    "tech_bb_lower": 3323.8204452819127,
    "tech_bb_width": 0.5343708057572817,
    "tech_bb_position": 0.5957375216380378,
    "tech_volatility_20": 0.021261797241415414,
    "tech_volume_ratio": 0.06732958356462784,
    "tech_obv": 525505.3030000002,
    "tech_momentum_10": 3.0099999999997635,
    "tech_roc_10": 0.09035186196877376,
    "tech_high_low_range": 0.047684311861401964,
    "tech_body_ratio": 0.19496855344680517,
    "tech_swing_high_10": 3346.53,
    "tech_swing_low_10": 3325.56,
    "tech_price_vs_swing_high": -0.3615685501101249,
    "tech_price_vs_swing_low": 0.26672199569395505,
    "tech_swing_break_up": 0.0,
    "tech_swing_break_down": 0.0,
    "tech_volume_spike": 0.0,
    "tech_volume_spike_ratio": 0.06732958356462784,
    "micro_ob_best_bid_price": 3331.01,
    "micro_ob_best_ask_price": 3331.02,
    "micro_ob_best_bid_size": 45.308,
    "micro_ob_best_ask_size": 43.073,
    "micro_ob_spread_absolute": 0.009999999999763531,
    "micro_ob_spread_percentage": 0.0003002087952099744,
    "micro_ob_bid_ask_size_ratio": 1.0518886541452883,
    "micro_ob_orderbook_imbalance_5": 0.11452774346904057,
    "micro_ob_orderbook_imbalance_10": 0.2908962958224042,
    "micro_ob_orderbook_imbalance_20": 0.21138316322579284,
    "micro_ob_orderbook_vwap": 3330.991329714152,
    "micro_ob_buy_impact_0.1": 0.0,
    "micro_ob_sell_impact_0.1": 0.0,
    "micro_ob_buy_impact_1.0": 0.0,
    "micro_ob_sell_impact_1.0": 0.0,
    "micro_ob_buy_impact_10.0": 0.0,
    "micro_ob_sell_impact_10.0": 0.0,
    "micro_ob_bid_depth_concentration": 0.370615335138926,
    "micro_ob_ask_depth_concentration": 0.45229620988477287,
    "micro_ob_bid_levels": 15,
    "micro_ob_ask_levels": 15,
    "micro_ob_total_bid_volume": 258.087,
    "micro_ob_total_ask_volume": 168.016,
    "micro_ob_total_orderbook_volume": 426.10299999999995,
    "micro_ob_order_flow_imbalance": 0.21138316322579284,
    "micro_ob_depth_imbalance_1": 0.02528824068521514,
    "micro_ob_depth_imbalance_5": 0.11452774346904057,
    "micro_ob_depth_imbalance_10": 0.2908962958224042,
    "micro_ob_depth_imbalance_20": 0.21138316322579284,
    "micro_fr_funding_rate_current": 0.0001,
    "micro_fr_funding_rate_abs": 0.0001,
    "micro_fr_funding_rate_mean": 6.79592e-05,
    "micro_fr_funding_rate_std": 2.091731663861309e-05,
    "micro_fr_funding_rate_min": 4.879e-05,
    "micro_fr_funding_rate_max": 0.0001,
    "micro_fr_funding_rate_skew": 0.497771710157765,
    "micro_fr_funding_rate_kurtosis": -1.5197386009430798,
    "micro_fr_funding_rate_trend": 6.299999999999946e-07,
    "micro_fr_funding_rate_change": 0.0,
    "micro_fr_funding_rate_change_abs": 0.0,
    "micro_fr_funding_rate_positive": 1.0,
    "micro_fr_funding_rate_negative": 0.0,
    "micro_fr_funding_rate_high": 0.0,
    "micro_fr_funding_rate_extreme": 0.0,
    "micro_fr_hours_to_next_funding": 0.0,
    "micro_fr_funding_imminent": 1.0,
    "micro_vp_volume_current": 119.90232,
    "micro_vp_volume_mean": 8269.0562617,
    "micro_vp_volume_std": 26662.62164481684,
    "micro_vp_volume_max": 153128.60672,
    "micro_vp_volume_sum": 826905.62617,
    "micro_vp_volume_ratio": 0.014500121441349318,
    "micro_vp_large_volume_trade": 0.0,
    "micro_vp_recent_vwap": 3331.771326386957,
    "micro_vp_price_vwap_deviation_pct": -0.03455598461511089,
    "micro_vp_price_clustering": 0.1578041484072846,
    "micro_vp_volume_trend": 121.24198660606089,
    "micro_of_order_flow_imbalance": 0.21138316322579284,
    "micro_of_trade_flow_buy_pressure": 0.6056915816128965,
    "micro_of_trade_flow_sell_pressure": 0.3943084183871036,
    "micro_of_kyles_lambda_buy": 0.0,
    "micro_of_kyles_lambda_sell": 0.0,
    "micro_of_kyles_lambda_avg": 0.0,
    "micro_of_amihud_illiquidity": 0.3737044525156231,
    "micro_of_spread_dynamics_current": 0.0003002087952099744,
    "micro_micro_funding_arbitrage": 0.0,
    "micro_micro_orderbook_pressure": 0.5,
    "micro_micro_liquidity_score": 0.75,
    "micro_micro_volume_spike": 0.0,
    "micro_micro_oi_divergence": 0.0,
    "micro_micro_composite_score": 0.30000000000000004,
    "fee_maker_rate": 0.0002,
    "fee_taker_rate": 0.0008,
    "fee_round_trip_cost": 0.0016,
    "fee_breakeven_move_pct": 0.16,
    "fee_net_profit_threshold": 0.16,
    "time_hour_sin": -0.25881904510252157,
    "time_hour_cos": 0.9659258262890681,
    "time_day_sin": 0.7818314824680298,
    "time_day_cos": 0.6234898018587336,
    "time_day_of_week": 1.0,
    "time_is_asian": 0.0,
    "time_is_london": 0.0,
    "time_is_ny": 0.0,
    "time_is_london_ny_overlap": 0.0,
    "time_is_weekend": 0.0,
    "time_is_us_market_hours": 0.0,
    "cross_btc_return_1m": 0.0032378413833638337,
    "cross_btc_return_5m": -0.002819884572736981,
    "cross_btc_return_15m": 0.1819570585527081,
    "cross_btc_correlation": 0.733861786771923,
    "cross_btc_lead_indicator": -0.002819884572736981,
    "cross_eth_btc_ratio_change": -0.03142322218357166,
    "vol_realized_5m": 40.33615483549301,
    "vol_realized_15m": 22.353600607663363,
    "vol_realized_1h": 30.892141573863334,
    "vol_realized_4h": 11.850010676340055,
    "vol_ratio_5m_1h": 1.305709244503136,
    "vol_ratio_15m_4h": 1.886378098569562,
    "vol_regime": 2.0,
    "vol_expansion": 0.0,
    "vol_contraction": 0.0,
    "vol_percentile": 60.0,
    "sent_fear_greed": 26.0,
    "sent_fear_greed_change": -1.0,
    "sent_extreme_fear": 0.0,
    "sent_extreme_greed": 0.0,
    "sent_fear": 1.0,
    "sent_greed": 0.0
  },
  "output_prediction": {
    "signal": "SHORT",
    "confidence": 0.6097148185079859,
    "raw_model_outputs": {
      "xgboost": 0.11507873982191086,
      "lightgbm": 0.011157703703727817,
      "lstm": 0.2547956109046936,
      "random_forest": 0.47065318583548105,
      "weighted_average": 0.19514259074600707,
      "model_agreement": 0.3116370194071617
    }
  },
  "regime_info": {
    "regime": "ranging",
    "regime_confidence": 0.5,
    "atr_ratio": 1.0042331927298582,
    "adx_value": 22.207175277026703,
    "is_exhausted": false,
    "is_weakening": false,
    "leverage_tier": "elevated_volatility"
  },