{
  "timestamp": "2026-01-13T06:45:23.883212Z",
  "order_id": "705845665388823469",
  "stage": "Decision Making",
  "model_version": "ollama:qwen2.5:1.5b+ensemble_v1.0",
  "input_features": {
    "tech_returns_1": 0.03600489666595319,
    "tech_returns_5": -0.14376078205865506,
    "tech_returns_15": -0.13658256056360285,
    "tech_returns_60": 0.07203572972194205,
    "tech_returns_240": 1.6314287804521044,
    "tech_returns_1440": -0.7612005219660688,
    "tech_rsi_14": 43.76060368198984,
    "tech_rsi_7": 37.54723713094681,
    "tech_rsi_21": 46.665282660195366,
    "tech_rsi_slope": 0.5075564024295751,
    "tech_rsi_divergence": 0.0,
    "tech_rsi_zone": 2.0,
    "tech_macd": -2.4866605202678027e-05,
    "tech_macd_signal": 1.0856021541201493e-05,
    "tech_macd_hist": -3.572262674387952e-05,
    "tech_stoch_k": 33.99999999999512,
    "tech_stoch_d": 20.285714285712316,
    "tech_ema_cross_9_21": -1.0,
    "tech_ema_cross_50_200": 1.0,
    "tech_ema_9": 0.1390197036715219,
    "tech_ema_21": 0.13906592516898264,
    "tech_ema_50": 0.1390128838082463,
    "tech_price_ema_9_pct": -0.07171909368867718,
    "tech_price_ema_21_pct": -0.10493236844707639,
    "tech_adx": 24.995967722873612,
    "tech_adx_7": 51.23949768515082,
    "tech_adx_10": 36.24440615692896,
    "tech_adx_roc_5": 10.871264384122618,
    "tech_adx_slope_3": 4.483427030061838,
    "tech_adx_deceleration": -0.19308390362016858,
    "tech_plus_di": 14.059861835054473,
    "tech_minus_di": 39.88583694130343,
    "tech_di_crossover": 0.0,
    "tech_atr_14": 0.0001291261291358215,
    "tech_atr_pct": 0.09294999217954326,
    "tech_atr_14_avg": 0.00014470121920259592,
    "tech_bb_upper": 0.1394167647954423,
    "tech_bb_lower": 0.13881623520455771,
    "tech_bb_width": 0.43167387828516374,
    "tech_bb_position": 0.17278881343620103,
    "tech_volatility_20": 0.015320524399253074,
    "tech_volume_ratio": 0.3717101424676716,
    "tech_obv": 39954400.0,
    "tech_momentum_10": -0.00021000000000001573,
    "tech_roc_10": -0.1509379716811754,
    "tech_high_low_range": 0.050388712928314504,
    "tech_body_ratio": 0.7142846938787822,
    "tech_swing_high_10": 0.13925,
    "tech_swing_low_10": 0.13875,
    "tech_price_vs_swing_high": -0.23698384201078973,
    "tech_price_vs_swing_low": 0.122522522522505,
    "tech_swing_break_up": 0.0,
    "tech_swing_break_down": 0.0,
    "tech_volume_spike": 0.0,
    "tech_volume_spike_ratio": 0.3717101424676716,
    "micro_ob_best_bid_price": 0.13886,
    "micro_ob_best_ask_price": 0.13887,
    "micro_ob_best_bid_size": 2799100.0,
    "micro_ob_best_ask_size": 1516400.0,
    "micro_ob_spread_absolute": 9.999999999982245e-06,
    "micro_ob_spread_percentage": 0.007201238613028657,
    "micro_ob_bid_ask_size_ratio": 1.8458849907676076,
    "micro_ob_orderbook_imbalance_5": -0.03994306644901859,
    "micro_ob_orderbook_imbalance_10": -0.010906821393505633,
    "micro_ob_orderbook_imbalance_20": -0.02086187981618635,
    "micro_ob_orderbook_vwap": 0.13886254563536862,
    "micro_ob_buy_impact_0.1": 0.0,
    "micro_ob_sell_impact_0.1": 0.0,
    "micro_ob_buy_impact_1.0": 0.0,
    "micro_ob_sell_impact_1.0": 0.0,
    "micro_ob_buy_impact_10.0": 0.0,
    "micro_ob_sell_impact_10.0": 0.0,
    "micro_ob_bid_depth_concentration": 0.4340244967016748,
    "micro_ob_ask_depth_concentration": 0.45092445533957115,
    "micro_ob_bid_levels": 15,
    "micro_ob_ask_levels": 15,
    "micro_ob_total_bid_volume": 22223400.0,
    "micro_ob_total_ask_volume": 23170400.0,
    "micro_ob_total_orderbook_volume": 45393800.0,
    "micro_ob_order_flow_imbalance": -0.02086187981618635,
    "micro_ob_depth_imbalance_1": 0.297230911829452,
    "micro_ob_depth_imbalance_5": -0.03994306644901859,
    "micro_ob_depth_imbalance_10": -0.010906821393505633,
    "micro_ob_depth_imbalance_20": -0.02086187981618635,
    "micro_fr_funding_rate_current": 4.634e-05,
    "micro_fr_funding_rate_abs": 4.634e-05,
    "micro_fr_funding_rate_mean": -6.383899999999998e-06,
    "micro_fr_funding_rate_std": 2.7650848880097696e-05,
    "micro_fr_funding_rate_min": -3.825e-05,
    "micro_fr_funding_rate_max": 4.634e-05,
    "micro_fr_funding_rate_skew": 0.430495147945253,
    "micro_fr_funding_rate_kurtosis": -1.2116252403684438,
    "micro_fr_funding_rate_trend": 1.3019999999999955e-06,
    "micro_fr_funding_rate_change": 9.699999999999992e-07,
    "micro_fr_funding_rate_change_abs": 9.699999999999992e-07,
    "micro_fr_funding_rate_positive": 1.0,
    "micro_fr_funding_rate_negative": 0.0,
    "micro_fr_funding_rate_high": 0.0,
    "micro_fr_funding_rate_extreme": 0.0,
    "micro_fr_hours_to_next_funding": 0.0,
    "micro_fr_funding_imminent": 1.0,
    "micro_vp_volume_current": 138.86,
    "micro_vp_volume_mean": 183.88352999999998,
    "micro_vp_volume_std": 512.2528809371296,
    "micro_vp_volume_max": 5223.016,
    "micro_vp_volume_sum": 18388.353,
    "micro_vp_volume_ratio": 0.7551519159981323,
    "micro_vp_large_volume_trade": 0.0,
    "micro_vp_recent_vwap": 0.13888484515225483,
    "micro_vp_price_vwap_deviation_pct": -0.017889030460867428,
    "micro_vp_price_clustering": 0.0,
    "micro_vp_volume_trend": -0.8415757575757569,
    "micro_of_order_flow_imbalance": -0.02086187981618635,
    "micro_of_trade_flow_buy_pressure": 0.4895690600919068,
    "micro_of_trade_flow_sell_pressure": 0.5104309399080932,
    "micro_of_kyles_lambda_buy": 0.0,
    "micro_of_kyles_lambda_sell": 0.0,
    "micro_of_kyles_lambda_avg": 0.0,
    "micro_of_amihud_illiquidity": 0.135963514055668,
    "micro_of_spread_dynamics_current": 0.007201238613028657,
    "micro_micro_funding_arbitrage": 0.0,
    "micro_micro_orderbook_pressure": 0.0,
    "micro_micro_liquidity_score": 1.0,
    "micro_micro_volume_spike": 0.0,
    "micro_micro_oi_divergence": 0.0,
    "micro_micro_composite_score": 0.2,
    "fee_maker_rate": 0.0002,
    "fee_taker_rate": 0.0008,
    "fee_round_trip_cost": 0.0016,
    "fee_breakeven_move_pct": 0.16,
    "fee_net_profit_threshold": 0.16,
    "time_hour_sin": 1.0,
    "time_hour_cos": 6.123233995736766e-17,
    "time_day_sin": 0.7818314824680298,
    "time_day_cos": 0.6234898018587336,
    "time_day_of_week": 1.0,
    "time_is_asian": 1.0,
    "time_is_london": 0.0,
    "time_is_ny": 0.0,
    "time_is_london_ny_overlap": 0.0,
    "time_is_weekend": 0.0,
    "time_is_us_market_hours": 0.0,
    "cross_btc_return_1m": 0.03382000796021399,
    "cross_btc_return_5m": -0.08493841964575366,
    "cross_btc_return_15m": 0.03795392458804677,
    "cross_btc_correlation": 0.8487249138624292,
    "cross_btc_lead_indicator": -0.08493841964575366,
    "cross_eth_btc_ratio_change": -0.12477034012909434,
    "vol_realized_5m": 18.94101534034927,
    "vol_realized_15m": 13.26502286632697,
    "vol_realized_1h": 8.370464123861833,
    "vol_realized_4h": 3.7092327796566598,
    "vol_ratio_5m_1h": 2.2628393193101175,
    "vol_ratio_15m_4h": 3.57621741592471,
    "vol_regime": 1.0,
    "vol_expansion": 1.0,
    "vol_contraction": 0.0,
    "vol_percentile": 38.94736842105263,
    "sent_fear_greed": 26.0,
    "sent_fear_greed_change": -1.0,
    "sent_extreme_fear": 0.0,
    "sent_extreme_greed": 0.0,
    "sent_fear": 1.0,
    "sent_greed": 0.0
  },
  "output_prediction": {
    "signal": "SHORT",
    "confidence": 0.6072966044258065,
    "raw_model_outputs": {
      "xgboost": 0.27959316968917847,
      "lightgbm": 0.07177875991964584,
      "lstm": 0.21660402417182922,
      "random_forest": 0.2018902542873723,
      "weighted_average": 0.19635169778709677,
      "model_agreement": 0.6978211496822856
    }
  },
  "regime_info": {
    "regime": "ranging",
    "regime_confidence": 0.5,
    "atr_ratio": 0.8923637951870484,
    "adx_value": 24.995967722873612,
    "is_exhausted": false,
    "is_weakening": false,
    "leverage_tier": "normal_volatility"
  },