{
  "timestamp": "2026-01-13T07:03:18.808274Z",
  "order_id": "705850175012209581",
  "stage": "Decision Making",
  "model_version": "ollama:qwen2.5:1.5b+ensemble_v1.0",
  "input_features": {
    "tech_returns_1": -0.03128651423536244,
    "tech_returns_5": -0.07403436215566161,
    "tech_returns_15": 0.09045781884782222,
    "tech_returns_60": -0.07371548376184922,
    "tech_returns_240": 0.9377004580516823,
    "tech_returns_1440": -0.6793743733964421,
    "tech_rsi_14": 47.589167339687414,
    "tech_rsi_7": 39.838368865334196,
    "tech_rsi_21": 49.305315381247325,
    "tech_rsi_slope": -0.7487362653311678,
    "tech_rsi_divergence": 0.0,
    "tech_rsi_zone": 2.0,
    "tech_macd": 0.47795322805131946,
    "tech_macd_signal": 0.7201442788205792,
    "tech_macd_hist": -0.24219105076925973,
    "tech_stoch_k": 15.763546798030955,
    "tech_stoch_d": 39.160541115595855,
    "tech_ema_cross_9_21": 1.0,
    "tech_ema_cross_50_200": 1.0,
    "tech_ema_9": 3132.567779044527,
    "tech_ema_21": 3132.282557618394,
    "tech_ema_50": 3131.5011829072682,
    "tech_price_ema_9_pct": -0.03855555983836607,
    "tech_price_ema_21_pct": -0.02945320549546545,
    "tech_adx": 22.623029370889153,
    "tech_adx_7": 38.66601401712655,
    "tech_adx_10": 29.376236609655866,
    "tech_adx_roc_5": -13.408779893193984,
    "tech_adx_slope_3": -2.497163137851313,
    "tech_adx_deceleration": 0.10038236277474155,
    "tech_plus_di": 19.774881851747,
    "tech_minus_di": 22.13114748387803,
    "tech_di_crossover": 0.0,
    "tech_atr_14": 1.6820823900676325,
    "tech_atr_pct": 0.05371731101079507,
    "tech_atr_14_avg": 1.8337693521716376,
    "tech_bb_upper": 3137.516138179968,
    "tech_bb_lower": 3126.094861820031,
    "tech_bb_width": 0.36468664353316677,
    "tech_bb_position": 0.4609938516537385,
    "tech_volatility_20": 0.00754110644744352,
    "tech_volume_ratio": 0.262136083151531,
    "tech_obv": 11003.78,
    "tech_momentum_10": -4.819999999999709,
    "tech_roc_10": -0.15369015809040265,
    "tech_high_low_range": 0.03832200705125801,
    "tech_body_ratio": 0.8166666665984406,
    "tech_swing_high_10": 3136.47,
    "tech_swing_low_10": 3131.01,
    "tech_price_vs_swing_high": -0.16292201105062928,
    "tech_price_vs_swing_low": 0.011178501505900941,
    "tech_swing_break_up": 0.0,
    "tech_swing_break_down": 0.0,
    "tech_volume_spike": 0.0,
    "tech_volume_spike_ratio": 0.262136083151531,
    "micro_ob_best_bid_price": 3131.36,
    "micro_ob_best_ask_price": 3131.37,
    "micro_ob_best_bid_size": 49.422,
    "micro_ob_best_ask_size": 40.345,
    "micro_ob_spread_absolute": 0.009999999999763531,
    "micro_ob_spread_percentage": 0.0003193495488313733,
    "micro_ob_bid_ask_size_ratio": 1.224984508613211,
    "micro_ob_orderbook_imbalance_5": 0.035444296214915356,
    "micro_ob_orderbook_imbalance_10": 0.024049376589541566,
    "micro_ob_orderbook_imbalance_20": 0.03149156764074611,
    "micro_ob_orderbook_vwap": 3131.362740090564,
    "micro_ob_buy_impact_0.1": 0.0,
    "micro_ob_sell_impact_0.1": 0.0,
    "micro_ob_buy_impact_1.0": 0.0,
    "micro_ob_sell_impact_1.0": 0.0,
    "micro_ob_buy_impact_10.0": 0.0,
    "micro_ob_sell_impact_10.0": 0.0,
    "micro_ob_bid_depth_concentration": 0.5546567024754787,
    "micro_ob_ask_depth_concentration": 0.5502842901699772,
    "micro_ob_bid_levels": 15,
    "micro_ob_ask_levels": 15,
    "micro_ob_total_bid_volume": 214.1,
    "micro_ob_total_ask_volume": 201.027,
    "micro_ob_total_orderbook_volume": 415.12699999999995,
    "micro_ob_order_flow_imbalance": 0.03149156764074611,
    "micro_ob_depth_imbalance_1": 0.10111733710606347,
    "micro_ob_depth_imbalance_5": 0.035444296214915356,
    "micro_ob_depth_imbalance_10": 0.024049376589541566,
    "micro_ob_depth_imbalance_20": 0.03149156764074611,
    "micro_fr_funding_rate_current": 8.739e-05,
    "micro_fr_funding_rate_abs": 8.739e-05,
    "micro_fr_funding_rate_mean": 5.00054e-05,
    "micro_fr_funding_rate_std": 1.4012100372178328e-05,
    "micro_fr_funding_rate_min": 3.461e-05,
    "micro_fr_funding_rate_max": 8.739e-05,
    "micro_fr_funding_rate_skew": 1.2246364244594463,
    "micro_fr_funding_rate_kurtosis": 0.575959387492722,
    "micro_fr_funding_rate_trend": 8.839999999999923e-07,
    "micro_fr_funding_rate_change": 3.500000000000085e-07,
    "micro_fr_funding_rate_change_abs": 3.500000000000085e-07,
    "micro_fr_funding_rate_positive": 1.0,
    "micro_fr_funding_rate_negative": 0.0,
    "micro_fr_funding_rate_high": 0.0,
    "micro_fr_funding_rate_extreme": 0.0,
    "micro_fr_hours_to_next_funding": 0.0,
    "micro_fr_funding_imminent": 1.0,
    "micro_vp_volume_current": 21.92071,
    "micro_vp_volume_mean": 1138.7170675999998,
    "micro_vp_volume_std": 5541.846258970709,
    "micro_vp_volume_max": 39691.58254,
    "micro_vp_volume_sum": 113871.70675999999,
    "micro_vp_volume_ratio": 0.019250356935635347,
    "micro_vp_large_volume_trade": 0.0,
    "micro_vp_recent_vwap": 3131.9573929640355,
    "micro_vp_price_vwap_deviation_pct": -0.013646193431477572,
    "micro_vp_price_clustering": 1.1344963634706893,
    "micro_vp_volume_trend": -1995.677676424241,
    "micro_of_order_flow_imbalance": 0.03149156764074611,
    "micro_of_trade_flow_buy_pressure": 0.5157457838203731,
    "micro_of_trade_flow_sell_pressure": 0.484254216179627,
    "micro_of_kyles_lambda_buy": 0.0,
    "micro_of_kyles_lambda_sell": 0.0,
    "micro_of_kyles_lambda_avg": 0.0,
    "micro_of_amihud_illiquidity": 0.0856651176343262,
    "micro_of_spread_dynamics_current": 0.0003193495488313733,
    "micro_micro_funding_arbitrage": 0.0,
    "micro_micro_orderbook_pressure": 0.0,
    "micro_micro_liquidity_score": 0.75,
    "micro_micro_volume_spike": 0.0,
    "micro_micro_oi_divergence": 0.0,
    "micro_micro_composite_score": 0.15000000000000002,
    "fee_maker_rate": 0.0002,
    "fee_taker_rate": 0.0008,
    "fee_round_trip_cost": 0.0016,
    "fee_breakeven_move_pct": 0.16,
    "fee_net_profit_threshold": 0.16,
    "time_hour_sin": 0.9659258262890683,
    "time_hour_cos": -0.25881904510252063,
    "time_day_sin": 0.7818314824680298,
    "time_day_cos": 0.6234898018587336,
    "time_day_of_week": 1.0,
    "time_is_asian": 1.0,
    "time_is_london": 0.0,
    "time_is_ny": 0.0,
    "time_is_london_ny_overlap": 0.0,
    "time_is_weekend": 0.0,
    "time_is_us_market_hours": 0.0,
    "cross_btc_return_1m": -0.024747021402920486,
    "cross_btc_return_5m": -0.07864876006161724,
    "cross_btc_return_15m": 0.12707543867658286,
    "cross_btc_correlation": 0.8682430335084569,
    "cross_btc_lead_indicator": -0.07864876006161724,
    "cross_eth_btc_ratio_change": -0.036571146883424555,
    "vol_realized_5m": 5.510038390608303,
    "vol_realized_15m": 8.466187222508081,
    "vol_realized_1h": 4.722486176584887,
    "vol_realized_4h": 2.461337331472889,
    "vol_ratio_5m_1h": 1.1667664413563072,
    "vol_ratio_15m_4h": 3.439669611414795,
    "vol_regime": 0.0,
    "vol_expansion": 0.0,
    "vol_contraction": 0.0,
    "vol_percentile": 5.263157894736842,
    "sent_fear_greed": 26.0,
    "sent_fear_greed_change": -1.0,
    "sent_extreme_fear": 0.0,
    "sent_extreme_greed": 0.0,
    "sent_fear": 1.0,
    "sent_greed": 0.0
  },
  "output_prediction": {
    "signal": "SHORT",
    "confidence": 0.565872883376162,
    "raw_model_outputs": {
      "xgboost": 0.3145914673805237,
      "lightgbm": 0.06327300800451481,
      "lstm": 0.2453034222126007,
      "random_forest": 0.22771003781625387,
      "weighted_average": 0.21706355831191898,
      "model_agreement": 0.6312259232618898
    }
  },
  "regime_info": {
    "regime": "ranging",
    "regime_confidence": 0.5,
    "atr_ratio": 0.9172813298878781,
    "adx_value": 22.623029370889153,
    "is_exhausted": false,
    "is_weakening": false,
    "leverage_tier": "normal_volatility"
  },