{
  "timestamp": "2026-01-13T23:24:28.824173Z",
  "order_id": "706097091151135661",
  "stage": "Decision Making",
  "model_version": "ollama:qwen2.5:1.5b+ensemble_v1.0",
  "input_features": {
    "tech_returns_1": 0.035185006976834465,
    "tech_returns_5": -0.18274349295133163,
    "tech_returns_15": -0.1503845160980566,
    "tech_returns_60": 0.021649382240895854,
    "tech_returns_240": 6.325953959354846,
    "tech_returns_1440": 3.5415104584119743,
    "tech_rsi_14": 43.33772559881594,
    "tech_rsi_7": 34.0375689252767,
    "tech_rsi_21": 48.62542229764166,
    "tech_rsi_slope": -0.6432940411315116,
    "tech_rsi_divergence": 0.0,
    "tech_rsi_zone": 2.0,
    "tech_macd": -0.8004765039640915,
    "tech_macd_signal": 0.3771114947569526,
    "tech_macd_hist": -1.177587998721044,
    "tech_stoch_k": 14.110429447850072,
    "tech_stoch_d": 10.494765981060628,
    "tech_ema_cross_9_21": -1.0,
    "tech_ema_cross_50_200": 1.0,
    "tech_ema_9": 3329.465923690562,
    "tech_ema_21": 3331.0893846918398,
    "tech_ema_50": 3324.8678674131133,
    "tech_price_ema_9_pct": -0.09058280696319491,
    "tech_price_ema_21_pct": -0.13927529874041916,
    "tech_adx": 35.38859937553046,
    "tech_adx_7": 67.1341414868748,
    "tech_adx_10": 49.98613199155089,
    "tech_adx_roc_5": 17.859812820990044,
    "tech_adx_slope_3": 4.2065839308207185,
    "tech_adx_deceleration": -0.22040672242086323,
    "tech_plus_di": 8.721769711957798,
    "tech_minus_di": 35.99803807974852,
    "tech_di_crossover": 0.0,
    "tech_atr_14": 3.551721171866282,
    "tech_atr_pct": 0.1067721195829272,
    "tech_atr_14_avg": 5.62645251658439,
    "tech_bb_upper": 3338.0620267077247,
    "tech_bb_lower": 3325.7339732922746,
    "tech_bb_width": 0.37000092486174807,
    "tech_bb_position": 0.05808108414162285,
    "tech_volatility_20": 0.013990995182423957,
    "tech_volume_ratio": 0.12187108709513933,
    "tech_obv": 529979.4510000002,
    "tech_momentum_10": -9.240000000000236,
    "tech_roc_10": -0.2770041580602567,
    "tech_high_low_range": 0.04839994588824942,
    "tech_body_ratio": 0.7267080744889348,
    "tech_swing_high_10": 3336.25,
    "tech_swing_low_10": 3324.84,
    "tech_price_vs_swing_high": -0.2937429748969706,
    "tech_price_vs_swing_low": 0.04842338277931186,
    "tech_swing_break_up": 0.0,
    "tech_swing_break_down": 0.0,
    "tech_volume_spike": 0.0,
    "tech_volume_spike_ratio": 0.12187108709513933,
    "micro_ob_best_bid_price": 3326.06,
    "micro_ob_best_ask_price": 3326.07,
    "micro_ob_best_bid_size": 45.683,
    "micro_ob_best_ask_size": 45.395,
    "micro_ob_spread_absolute": 0.010000000000218279,
    "micro_ob_spread_percentage": 0.00030065557949764295,
    "micro_ob_bid_ask_size_ratio": 1.0063443110474721,
    "micro_ob_orderbook_imbalance_5": 0.006506076827256474,
    "micro_ob_orderbook_imbalance_10": 0.01340747159637971,
    "micro_ob_orderbook_imbalance_20": 0.10287974921002821,
    "micro_ob_orderbook_vwap": 3326.05807138215,
    "micro_ob_buy_impact_0.1": 0.0,
    "micro_ob_sell_impact_0.1": 0.0,
    "micro_ob_buy_impact_1.0": 0.0,
    "micro_ob_sell_impact_1.0": 0.0,
    "micro_ob_buy_impact_10.0": 1.3672212277145825e-14,
    "micro_ob_sell_impact_10.0": 0.0,
    "micro_ob_bid_depth_concentration": 0.4520129573141922,
    "micro_ob_ask_depth_concentration": 0.5485007179267947,
    "micro_ob_bid_levels": 15,
    "micro_ob_ask_levels": 15,
    "micro_ob_total_bid_volume": 264.561,
    "micro_ob_total_ask_volume": 215.203,
    "micro_ob_total_orderbook_volume": 479.764,
    "micro_ob_order_flow_imbalance": 0.10287974921002821,
    "micro_ob_depth_imbalance_1": 0.0031621247721732655,
    "micro_ob_depth_imbalance_5": 0.006506076827256474,
    "micro_ob_depth_imbalance_10": 0.01340747159637971,
    "micro_ob_depth_imbalance_20": 0.10287974921002821,
    "micro_fr_funding_rate_current": 0.0001,
    "micro_fr_funding_rate_abs": 0.0001,
    "micro_fr_funding_rate_mean": 7.139214285714286e-05,
    "micro_fr_funding_rate_std": 2.2110283056458928e-05,
    "micro_fr_funding_rate_min": 4.879e-05,
    "micro_fr_funding_rate_max": 0.0001,
    "micro_fr_funding_rate_skew": 0.23282928569573763,
    "micro_fr_funding_rate_kurtosis": -1.7586409979090454,
    "micro_fr_funding_rate_trend": -9.234190815370753e-21,
    "micro_fr_funding_rate_change": 0.0,
    "micro_fr_funding_rate_change_abs": 0.0,
    "micro_fr_funding_rate_positive": 1.0,
    "micro_fr_funding_rate_negative": 0.0,
    "micro_fr_funding_rate_high": 0.0,
    "micro_fr_funding_rate_extreme": 0.0,
    "micro_fr_hours_to_next_funding": 0.0,
    "micro_fr_funding_imminent": 1.0,
    "micro_vp_volume_current": 69.84726,
    "micro_vp_volume_mean": 2150.8848993,
    "micro_vp_volume_std": 8100.048568358829,
    "micro_vp_volume_max": 63461.57986,
    "micro_vp_volume_sum": 215088.48993,
    "micro_vp_volume_ratio": 0.03247373210102113,
    "micro_vp_large_volume_trade": 0.0,
    "micro_vp_recent_vwap": 3325.733535268631,
    "micro_vp_price_vwap_deviation_pct": 0.009816322561832817,
    "micro_vp_price_clustering": 0.01422638557597705,
    "micro_vp_volume_trend": -154.63197733333325,
    "micro_of_order_flow_imbalance": 0.10287974921002821,
    "micro_of_trade_flow_buy_pressure": 0.5514398746050141,
    "micro_of_trade_flow_sell_pressure": 0.44856012539498585,
    "micro_of_kyles_lambda_buy": 1.3672212277145825e-15,
    "micro_of_kyles_lambda_sell": 0.0,
    "micro_of_kyles_lambda_avg": 6.836106138572913e-16,
    "micro_of_amihud_illiquidity": 0.17457971651118875,
    "micro_of_spread_dynamics_current": 0.00030065557949764295,
    "micro_micro_funding_arbitrage": 0.0,
    "micro_micro_orderbook_pressure": 0.0,
    "micro_micro_liquidity_score": 0.75,
    "micro_micro_volume_spike": 0.0,
    "micro_micro_oi_divergence": 0.0,
    "micro_micro_composite_score": 0.15000000000000002,
    "fee_maker_rate": 0.0002,
    "fee_taker_rate": 0.0008,
    "fee_round_trip_cost": 0.0016,
    "fee_breakeven_move_pct": 0.16,
    "fee_net_profit_threshold": 0.16,
    "time_hour_sin": -0.25881904510252157,
    "time_hour_cos": 0.9659258262890681,
    "time_day_sin": 0.7818314824680298,
    "time_day_cos": 0.6234898018587336,
    "time_day_of_week": 1.0,
    "time_is_asian": 0.0,
    "time_is_london": 0.0,
    "time_is_ny": 0.0,
    "time_is_london_ny_overlap": 0.0,
    "time_is_weekend": 0.0,
    "time_is_us_market_hours": 0.0,
    "cross_btc_return_1m": 0.0012571105314404282,
    "cross_btc_return_5m": -0.10454372784725599,
    "cross_btc_return_15m": -0.259022152193025,
    "cross_btc_correlation": 0.8653521066649911,
    "cross_btc_lead_indicator": -0.10454372784725599,
    "cross_eth_btc_ratio_change": 0.1089197624077249,
    "vol_realized_5m": 13.027359339481595,
    "vol_realized_15m": 13.328973392579663,
    "vol_realized_1h": 12.560138110683067,
    "vol_realized_4h": 11.871233087154192,
    "vol_ratio_5m_1h": 1.037198733380259,
    "vol_ratio_15m_4h": 1.1227960309365743,
    "vol_regime": 0.0,
    "vol_expansion": 0.0,
    "vol_contraction": 0.0,
    "vol_percentile": 11.578947368421053,
    "sent_fear_greed": 26.0,
    "sent_fear_greed_change": -1.0,
    "sent_extreme_fear": 0.0,
    "sent_extreme_greed": 0.0,
    "sent_fear": 1.0,
    "sent_greed": 0.0
  },
  "output_prediction": {
    "signal": "SHORT",
    "confidence": 0.605341528637617,
    "raw_model_outputs": {
      "xgboost": 0.21333535015583038,
      "lightgbm": 0.04495915046627914,
      "lstm": 0.21689783036708832,
      "random_forest": 0.3393219196799218,
      "weighted_average": 0.19732923568119148,
      "model_agreement": 0.5811493598228197
    }
  },
  "regime_info": {
    "regime": "trending",
    "regime_confidence": 0.7246631925063656,
    "atr_ratio": 0.6312540915252226,
    "adx_value": 35.38859937553046,
    "is_exhausted": false,
    "is_weakening": false,
    "leverage_tier": "normal_volatility"
  },