{
  "timestamp": "2026-01-13T06:00:05.942071Z",
  "order_id": "705834261923496877",
  "stage": "Decision Making",
  "model_version": "ollama:qwen2.5:1.5b+ensemble_v1.0",
  "input_features": {
    "tech_returns_1": 0.0,
    "tech_returns_5": -0.05757466714645387,
    "tech_returns_15": 0.036017864860959925,
    "tech_returns_60": 0.6523157208088604,
    "tech_returns_240": 1.6543444842983535,
    "tech_returns_1440": -0.7612005219660688,
    "tech_rsi_14": 50.40693700427471,
    "tech_rsi_7": 47.415345230446896,
    "tech_rsi_21": 52.84377776646544,
    "tech_rsi_slope": 1.60209922504583,
    "tech_rsi_divergence": 0.0,
    "tech_rsi_zone": 3.0,
    "tech_macd": 2.3610857344313896e-05,
    "tech_macd_signal": 4.796135269363151e-05,
    "tech_macd_hist": -2.4350495349317617e-05,
    "tech_stoch_k": 28.30188679244957,
    "tech_stoch_d": 23.899371069179995,
    "tech_ema_cross_9_21": 1.0,
    "tech_ema_cross_50_200": 1.0,
    "tech_ema_9": 0.1388837527780975,
    "tech_ema_21": 0.13888285299958505,
    "tech_ema_50": 0.13871327796666,
    "tech_price_ema_9_pct": -0.00990236641969378,
    "tech_price_ema_21_pct": -0.00925456188972418,
    "tech_adx": 12.902035907923846,
    "tech_adx_7": 26.516999813878478,
    "tech_adx_10": 16.96534397051068,
    "tech_adx_roc_5": -4.343873166826313,
    "tech_adx_slope_3": 0.09661503392515058,
    "tech_adx_deceleration": 0.2759661427459692,
    "tech_plus_di": 24.37445275202858,
    "tech_minus_di": 31.973007273335924,
    "tech_di_crossover": 0.0,
    "tech_atr_14": 9.795589715689641e-05,
    "tech_atr_pct": 0.0705378390990829,
    "tech_atr_14_avg": 0.00015288969901934403,
    "tech_bb_upper": 0.1391232461332173,
    "tech_bb_lower": 0.13869875386678265,
    "tech_bb_width": 0.3055857825763624,
    "tech_bb_position": 0.4034140236656177,
    "tech_volatility_20": 0.012488934720722142,
    "tech_volume_ratio": 0.004314867661047532,
    "tech_obv": 35501300.0,
    "tech_momentum_10": -4.000000000001225e-05,
    "tech_roc_10": -0.028795623065303033,
    "tech_high_low_range": 0.0,
    "tech_body_ratio": 0.0,
    "tech_swing_high_10": 0.13911,
    "tech_swing_low_10": 0.13872,
    "tech_price_vs_swing_high": -0.17252533965927536,
    "tech_price_vs_swing_low": 0.10813148788926144,
    "tech_swing_break_up": 0.0,
    "tech_swing_break_down": 0.0,
    "tech_volume_spike": 0.0,
    "tech_volume_spike_ratio": 0.004314867661047532,
    "micro_ob_best_bid_price": 0.13887,
    "micro_ob_best_ask_price": 0.13888,
    "micro_ob_best_bid_size": 2302200.0,
    "micro_ob_best_ask_size": 4454200.0,
    "micro_ob_spread_absolute": 1.0000000000010001e-05,
    "micro_ob_spread_percentage": 0.007200720072014403,
    "micro_ob_bid_ask_size_ratio": 0.5168604912217682,
    "micro_ob_orderbook_imbalance_5": -0.1962898385700222,
    "micro_ob_orderbook_imbalance_10": -0.2210998823318629,
    "micro_ob_orderbook_imbalance_20": -0.2107508394679065,
    "micro_ob_orderbook_vwap": 0.1388881687593517,
    "micro_ob_buy_impact_0.1": 0.0,
    "micro_ob_sell_impact_0.1": 0.0,
    "micro_ob_buy_impact_1.0": 0.0,
    "micro_ob_sell_impact_1.0": 0.0,
    "micro_ob_buy_impact_10.0": 0.0,
    "micro_ob_sell_impact_10.0": 0.0,
    "micro_ob_bid_depth_concentration": 0.5197461609658565,
    "micro_ob_ask_depth_concentration": 0.5042984049734163,
    "micro_ob_bid_levels": 15,
    "micro_ob_ask_levels": 15,
    "micro_ob_total_bid_volume": 19555700.0,
    "micro_ob_total_ask_volume": 29999500.0,
    "micro_ob_total_orderbook_volume": 49555200.0,
    "micro_ob_order_flow_imbalance": -0.2107508394679065,
    "micro_ob_depth_imbalance_1": -0.3185128174767628,
    "micro_ob_depth_imbalance_5": -0.1962898385700222,
    "micro_ob_depth_imbalance_10": -0.2210998823318629,
    "micro_ob_depth_imbalance_20": -0.2107508394679065,
    "micro_fr_funding_rate_current": 3.147e-05,
    "micro_fr_funding_rate_abs": 3.147e-05,
    "micro_fr_funding_rate_mean": -1.0391086956521737e-05,
    "micro_fr_funding_rate_std": 2.5074364982055044e-05,
    "micro_fr_funding_rate_min": -3.825e-05,
    "micro_fr_funding_rate_max": 4.662e-05,
    "micro_fr_funding_rate_skew": 0.5572079105602326,
    "micro_fr_funding_rate_kurtosis": -0.9663905469214567,
    "micro_fr_funding_rate_trend": 3.6459999999999978e-06,
    "micro_fr_funding_rate_change": 1.730000000000002e-06,
    "micro_fr_funding_rate_change_abs": 1.730000000000002e-06,
    "micro_fr_funding_rate_positive": 1.0,
    "micro_fr_funding_rate_negative": 0.0,
    "micro_fr_funding_rate_high": 0.0,
    "micro_fr_funding_rate_extreme": 0.0,
    "micro_fr_hours_to_next_funding": 0.0,
    "micro_fr_funding_imminent": 1.0,
    "micro_vp_volume_current": 152.724,
    "micro_vp_volume_mean": 141.76939000000002,
    "micro_vp_volume_std": 87.53915704013775,
    "micro_vp_volume_max": 569.285,
    "micro_vp_volume_sum": 14176.939,
    "micro_vp_volume_ratio": 1.0772706294355923,
    "micro_vp_large_volume_trade": 0.0,
    "micro_vp_recent_vwap": 0.13885346765123274,
    "micro_vp_price_vwap_deviation_pct": -0.00969918249832908,
    "micro_vp_price_clustering": 0.0,
    "micro_vp_volume_trend": -2.356072727272731,
    "micro_of_order_flow_imbalance": -0.2107508394679065,
    "micro_of_trade_flow_buy_pressure": 0.39462458026604674,
    "micro_of_trade_flow_sell_pressure": 0.6053754197339533,
    "micro_of_kyles_lambda_buy": 0.0,
    "micro_of_kyles_lambda_sell": 0.0,
    "micro_of_kyles_lambda_avg": 0.0,
    "micro_of_amihud_illiquidity": 0.09681702035593845,
    "micro_of_spread_dynamics_current": 0.007200720072014403,
    "micro_micro_funding_arbitrage": 0.0,
    "micro_micro_orderbook_pressure": -0.5,
    "micro_micro_liquidity_score": 1.0,
    "micro_micro_volume_spike": 0.0,
    "micro_micro_oi_divergence": 0.0,
    "micro_micro_composite_score": 0.35,
    "fee_maker_rate": 0.0002,
    "fee_taker_rate": 0.0008,
    "fee_round_trip_cost": 0.0016,
    "fee_breakeven_move_pct": 0.16,
    "fee_net_profit_threshold": 0.16,
    "time_hour_sin": 1.0,
    "time_hour_cos": 6.123233995736766e-17,
    "time_day_sin": 0.7818314824680298,
    "time_day_cos": 0.6234898018587336,
    "time_day_of_week": 1.0,
    "time_is_asian": 1.0,
    "time_is_london": 0.0,
    "time_is_ny": 0.0,
    "time_is_london_ny_overlap": 0.0,
    "time_is_weekend": 0.0,
    "time_is_us_market_hours": 0.0,
    "cross_btc_return_1m": 0.0,
    "cross_btc_return_5m": -0.09850599244788022,
    "cross_btc_return_15m": -0.03176927671583697,
    "cross_btc_correlation": 0.820502141200448,
    "cross_btc_lead_indicator": -0.09850599244788022,
    "cross_eth_btc_ratio_change": -0.08439191805914907,
    "vol_realized_5m": 11.400569328441708,
    "vol_realized_15m": 16.458224869728834,
    "vol_realized_1h": 9.165424776572902,
    "vol_realized_4h": 3.52444147326055,
    "vol_ratio_5m_1h": 1.2438669899492167,
    "vol_ratio_15m_4h": 4.669739870727067,
    "vol_regime": 0.0,
    "vol_expansion": 0.0,
    "vol_contraction": 0.0,
    "vol_percentile": 11.578947368421053,
    "sent_fear_greed": 26.0,
    "sent_fear_greed_change": -1.0,
    "sent_extreme_fear": 0.0,
    "sent_extreme_greed": 0.0,
    "sent_fear": 1.0,
    "sent_greed": 0.0
  },
  "output_prediction": {
    "signal": "SHORT",
    "confidence": 0.627598784433992,
    "raw_model_outputs": {
      "xgboost": 0.22376351058483124,
      "lightgbm": 0.0485390193694177,
      "lstm": 0.22602522373199463,
      "random_forest": 0.25215246916100775,
      "weighted_average": 0.186200607783004,
      "model_agreement": 0.6757206555053574
    }
  },
  "regime_info": {
    "regime": "ranging",
    "regime_confidence": 0.9,
    "atr_ratio": 0.6406965137952346,
    "adx_value": 12.902035907923846,
    "is_exhausted": false,
    "is_weakening": false,
    "leverage_tier": "normal_volatility"
  },