{
  "timestamp": "2026-01-13T06:17:13.847781Z",
  "order_id": "705838565359092653",
  "stage": "Decision Making",
  "model_version": "ollama:qwen2.5:1.5b+ensemble_v1.0",
  "input_features": {
    "tech_returns_1": 0.025542784163468113,
    "tech_returns_5": 0.025542784163468113,
    "tech_returns_15": -0.3054989816700604,
    "tech_returns_60": -0.22929936305732257,
    "tech_returns_240": 0.979886539453334,
    "tech_returns_1440": -0.9214230867673386,
    "tech_rsi_14": 46.07663299069468,
    "tech_rsi_7": 46.64755878250995,
    "tech_rsi_21": 47.41243656560128,
    "tech_rsi_slope": 1.4571887265655015,
    "tech_rsi_divergence": 0.0,
    "tech_rsi_zone": 2.0,
    "tech_macd": -0.00018880714834140777,
    "tech_macd_signal": -0.00015494405072216381,
    "tech_macd_hist": -3.386309761924396e-05,
    "tech_stoch_k": 26.315789473684056,
    "tech_stoch_d": 19.883040935673073,
    "tech_ema_cross_9_21": -1.0,
    "tech_ema_cross_50_200": 1.0,
    "tech_ema_9": 0.39162148833804883,
    "tech_ema_21": 0.39181400336613337,
    "tech_ema_50": 0.3918186635727645,
    "tech_price_ema_9_pct": -0.005487017104198406,
    "tech_price_ema_21_pct": -0.05461861094673206,
    "tech_adx": 33.76684689388867,
    "tech_adx_7": 57.67208689041103,
    "tech_adx_10": 45.377637026709024,
    "tech_adx_roc_5": 10.216838032734785,
    "tech_adx_slope_3": 1.1575228018151442,
    "tech_adx_deceleration": -1.3127417887116568,
    "tech_plus_di": 10.764221523419364,
    "tech_minus_di": 21.807664910888644,
    "tech_di_crossover": 0.0,
    "tech_atr_14": 0.00041254087397797384,
    "tech_atr_pct": 0.10534751633758269,
    "tech_atr_14_avg": 0.0004842248066586903,
    "tech_bb_upper": 0.3927239347619491,
    "tech_bb_lower": 0.3909660652380509,
    "tech_bb_width": 0.4486134884707539,
    "tech_bb_position": 0.36062674352719487,
    "tech_volatility_20": 0.015456935273782526,
    "tech_volume_ratio": 0.06889292890632476,
    "tech_obv": -371210.0,
    "tech_momentum_10": -0.00019999999999997797,
    "tech_roc_10": -0.05104645227156368,
    "tech_high_low_range": 0.051072522982629716,
    "tech_body_ratio": 0.499999750000125,
    "tech_swing_high_10": 0.3923,
    "tech_swing_low_10": 0.3911,
    "tech_price_vs_swing_high": -0.17843487127198024,
    "tech_price_vs_swing_low": 0.12784454103809778,
    "tech_swing_break_up": 0.0,
    "tech_swing_break_down": 0.0,
    "tech_volume_spike": 0.0,
    "tech_volume_spike_ratio": 0.06889292890632476,
    "micro_ob_best_bid_price": 0.3913,
    "micro_ob_best_ask_price": 0.3914,
    "micro_ob_best_bid_size": 932190.0,
    "micro_ob_best_ask_size": 990550.0,
    "micro_ob_spread_absolute": 0.0001000000000000445,
    "micro_ob_spread_percentage": 0.025552574421884376,
    "micro_ob_bid_ask_size_ratio": 0.9410832365857352,
    "micro_ob_orderbook_imbalance_5": -0.18248002641618405,
    "micro_ob_orderbook_imbalance_10": -0.24371317182510685,
    "micro_ob_orderbook_imbalance_20": -0.28988080665389093,
    "micro_ob_orderbook_vwap": 0.391497032981806,
    "micro_ob_buy_impact_0.1": 0.0,
    "micro_ob_sell_impact_0.1": 0.0,
    "micro_ob_buy_impact_1.0": 0.0,
    "micro_ob_sell_impact_1.0": 0.0,
    "micro_ob_buy_impact_10.0": 1.4182716206248805e-14,
    "micro_ob_sell_impact_10.0": 0.0,
    "micro_ob_bid_depth_concentration": 0.4431342349077863,
    "micro_ob_ask_depth_concentration": 0.3528681133282913,
    "micro_ob_bid_levels": 15,
    "micro_ob_ask_levels": 15,
    "micro_ob_total_bid_volume": 7570460.0,
    "micro_ob_total_ask_volume": 13751200.0,
    "micro_ob_total_orderbook_volume": 21321660.0,
    "micro_ob_order_flow_imbalance": -0.28988080665389093,
    "micro_ob_depth_imbalance_1": -0.030352517761111746,
    "micro_ob_depth_imbalance_5": -0.18248002641618405,
    "micro_ob_depth_imbalance_10": -0.24371317182510685,
    "micro_ob_depth_imbalance_20": -0.28988080665389093,
    "micro_fr_funding_rate_current": 6.143e-05,
    "micro_fr_funding_rate_abs": 6.143e-05,
    "micro_fr_funding_rate_mean": 2.21159375e-05,
    "micro_fr_funding_rate_std": 4.9588339850423445e-05,
    "micro_fr_funding_rate_min": -4.307e-05,
    "micro_fr_funding_rate_max": 0.0001,
    "micro_fr_funding_rate_skew": 0.3285656407596208,
    "micro_fr_funding_rate_kurtosis": -1.3333590105056317,
    "micro_fr_funding_rate_trend": 5.754999999999994e-06,
    "micro_fr_funding_rate_change": 5.050000000000001e-06,
    "micro_fr_funding_rate_change_abs": 5.050000000000001e-06,
    "micro_fr_funding_rate_positive": 1.0,
    "micro_fr_funding_rate_negative": 0.0,
    "micro_fr_funding_rate_high": 0.0,
    "micro_fr_funding_rate_extreme": 0.0,
    "micro_fr_hours_to_next_funding": 0.0,
    "micro_fr_funding_imminent": 1.0,
    "micro_vp_volume_current": 35.226,
    "micro_vp_volume_mean": 69.32408,
    "micro_vp_volume_std": 83.31085503422467,
    "micro_vp_volume_max": 375.84,
    "micro_vp_volume_sum": 6932.407999999999,
    "micro_vp_volume_ratio": 0.5081351241877281,
    "micro_vp_large_volume_trade": 0.0,
    "micro_vp_recent_vwap": 0.3914403228430871,
    "micro_vp_price_vwap_deviation_pct": -0.01030114700351029,
    "micro_vp_price_clustering": 0.0,
    "micro_vp_volume_trend": -1.072030730370263e-15,
    "micro_of_order_flow_imbalance": -0.28988080665389093,
    "micro_of_trade_flow_buy_pressure": 0.35505959667305453,
    "micro_of_trade_flow_sell_pressure": 0.6449404033269455,
    "micro_of_kyles_lambda_buy": 1.4182716206248806e-15,
    "micro_of_kyles_lambda_sell": 0.0,
    "micro_of_kyles_lambda_avg": 7.091358103124403e-16,
    "micro_of_amihud_illiquidity": 0.6926477905245676,
    "micro_of_spread_dynamics_current": 0.025552574421884376,
    "micro_micro_funding_arbitrage": 0.0,
    "micro_micro_orderbook_pressure": -0.5,
    "micro_micro_liquidity_score": 1.0,
    "micro_micro_volume_spike": 0.0,
    "micro_micro_oi_divergence": 0.0,
    "micro_micro_composite_score": 0.35,
    "fee_maker_rate": 0.0002,
    "fee_taker_rate": 0.0008,
    "fee_round_trip_cost": 0.0016,
    "fee_breakeven_move_pct": 0.16,
    "fee_net_profit_threshold": 0.16,
    "time_hour_sin": 1.0,
    "time_hour_cos": 6.123233995736766e-17,
    "time_day_sin": 0.7818314824680298,
    "time_day_cos": 0.6234898018587336,
    "time_day_of_week": 1.0,
    "time_is_asian": 1.0,
    "time_is_london": 0.0,
    "time_is_ny": 0.0,
    "time_is_london_ny_overlap": 0.0,
    "time_is_weekend": 0.0,
    "time_is_us_market_hours": 0.0,
    "cross_btc_return_1m": 0.016753808227652413,
    "cross_btc_return_5m": 0.10028015291362932,
    "cross_btc_return_15m": -0.09823396200170625,
    "cross_btc_correlation": 0.8486770936113291,
    "cross_btc_lead_indicator": 0.10028015291362932,
    "cross_eth_btc_ratio_change": -0.0652006255768322,
    "vol_realized_5m": 16.06137725418313,
    "vol_realized_15m": 16.180920574415232,
    "vol_realized_1h": 10.777757290057894,
    "vol_realized_4h": 4.23715981112543,
    "vol_ratio_5m_1h": 1.4902337120728442,
    "vol_ratio_15m_4h": 3.818812906685581,
    "vol_regime": 1.0,
    "vol_expansion": 0.0,
    "vol_contraction": 0.0,
    "vol_percentile": 32.631578947368425,
    "sent_fear_greed": 26.0,
    "sent_fear_greed_change": -1.0,
    "sent_extreme_fear": 0.0,
    "sent_extreme_greed": 0.0,
    "sent_fear": 1.0,
    "sent_greed": 0.0
  },
  "output_prediction": {
    "signal": "SHORT",
    "confidence": 0.5517913259984428,
    "raw_model_outputs": {
      "xgboost": 0.3318829834461212,
      "lightgbm": 0.13137231421735132,
      "lstm": 0.1561606228351593,
      "random_forest": 0.26328100126617004,
      "weighted_average": 0.22410433700077861,
      "model_agreement": 0.6755339064084596
    }
  },
  "regime_info": {
    "regime": "trending",
    "regime_confidence": 0.705202162726664,
    "atr_ratio": 0.8519614615051239,
    "adx_value": 33.76684689388867,
    "is_exhausted": false,
    "is_weakening": false,
    "leverage_tier": "normal_volatility"
  },