{
  "timestamp": "2026-01-13T05:37:28.125922Z",
  "order_id": "705828567727997869",
  "stage": "Decision Making",
  "model_version": "ollama:qwen2.5:1.5b+ensemble_v1.0",
  "input_features": {
    "tech_returns_1": -0.02162162162162584,
    "tech_returns_5": -0.036030842401091334,
    "tech_returns_15": -0.15115525804361152,
    "tech_returns_60": 0.9019493744544693,
    "tech_returns_240": 1.7381738173817496,
    "tech_returns_1440": -0.7612005219660688,
    "tech_rsi_14": 51.994299919404284,
    "tech_rsi_7": 44.92243449486374,
    "tech_rsi_21": 55.555029250426664,
    "tech_rsi_slope": 1.6742791369648522,
    "tech_rsi_divergence": 0.0,
    "tech_rsi_zone": 3.0,
    "tech_macd": 8.516641296557603e-05,
    "tech_macd_signal": 0.00015578063059712072,
    "tech_macd_hist": -7.061421763154469e-05,
    "tech_stoch_k": 23.8805970149284,
    "tech_stoch_d": 20.56608847653895,
    "tech_ema_cross_9_21": 1.0,
    "tech_ema_cross_50_200": 1.0,
    "tech_ema_9": 0.13875462039493786,
    "tech_ema_21": 0.1387310498300946,
    "tech_ema_50": 0.13842273140789296,
    "tech_price_ema_9_pct": -0.024950805125843908,
    "tech_price_ema_21_pct": -0.00796492934214959,
    "tech_adx": 19.769021154519464,
    "tech_adx_7": 25.676102215633193,
    "tech_adx_10": 18.947474439954284,
    "tech_adx_roc_5": -11.873501710827625,
    "tech_adx_slope_3": -1.5239106492105474,
    "tech_adx_deceleration": 0.3416755496056556,
    "tech_plus_di": 24.67069033254849,
    "tech_minus_di": 19.95341708739239,
    "tech_di_crossover": 0.0,
    "tech_atr_14": 0.00017179265446822707,
    "tech_atr_pct": 0.1238413022406481,
    "tech_atr_14_avg": 0.00019475083872612218,
    "tech_bb_upper": 0.13931694833980102,
    "tech_bb_lower": 0.138507051660199,
    "tech_bb_width": 0.5830285933555186,
    "tech_bb_position": 0.26293272359834063,
    "tech_volatility_20": 0.019470539745055478,
    "tech_volume_ratio": 0.19467746908657885,
    "tech_obv": -5099700.0,
    "tech_momentum_10": -0.00036999999999998145,
    "tech_roc_10": -0.26601481055430476,
    "tech_high_low_range": 0.06487889273356887,
    "tech_body_ratio": 0.3333329629633745,
    "tech_swing_high_10": 0.13911,
    "tech_swing_low_10": 0.13856,
    "tech_price_vs_swing_high": -0.28035367694630253,
    "tech_price_vs_swing_low": 0.11547344110856037,
    "tech_swing_break_up": 0.0,
    "tech_swing_break_down": 0.0,
    "tech_volume_spike": 0.0,
    "tech_volume_spike_ratio": 0.19467746908657885,
    "micro_ob_best_bid_price": 0.13867,
    "micro_ob_best_ask_price": 0.13868,
    "micro_ob_best_bid_size": 1703700.0,
    "micro_ob_best_ask_size": 2200900.0,
    "micro_ob_spread_absolute": 1.0000000000010001e-05,
    "micro_ob_spread_percentage": 0.007211105101864072,
    "micro_ob_bid_ask_size_ratio": 0.774092416738607,
    "micro_ob_orderbook_imbalance_5": 0.025648777159243536,
    "micro_ob_orderbook_imbalance_10": 0.018424321212533477,
    "micro_ob_orderbook_imbalance_20": -0.00412063845020733,
    "micro_ob_orderbook_vwap": 0.13867904731672048,
    "micro_ob_buy_impact_0.1": 0.0,
    "micro_ob_sell_impact_0.1": 0.0,
    "micro_ob_buy_impact_1.0": 0.0,
    "micro_ob_sell_impact_1.0": 0.0,
    "micro_ob_buy_impact_10.0": 0.0,
    "micro_ob_sell_impact_10.0": 0.0,
    "micro_ob_bid_depth_concentration": 0.5158318165429342,
    "micro_ob_ask_depth_concentration": 0.4860107020068417,
    "micro_ob_bid_levels": 15,
    "micro_ob_ask_levels": 15,
    "micro_ob_total_bid_volume": 23020100.0,
    "micro_ob_total_ask_volume": 23210600.0,
    "micro_ob_total_orderbook_volume": 46230700.0,
    "micro_ob_order_flow_imbalance": -0.00412063845020733,
    "micro_ob_depth_imbalance_1": -0.12733698714336936,
    "micro_ob_depth_imbalance_5": 0.025648777159243536,
    "micro_ob_depth_imbalance_10": 0.018424321212533477,
    "micro_ob_depth_imbalance_20": -0.00412063845020733,
    "micro_fr_funding_rate_current": 1.727e-05,
    "micro_fr_funding_rate_abs": 1.727e-05,
    "micro_fr_funding_rate_mean": -1.2092045454545454e-05,
    "micro_fr_funding_rate_std": 2.429171894807939e-05,
    "micro_fr_funding_rate_min": -3.825e-05,
    "micro_fr_funding_rate_max": 4.662e-05,
    "micro_fr_funding_rate_skew": 0.6797117991020672,
    "micro_fr_funding_rate_kurtosis": -0.6974234312022309,
    "micro_fr_funding_rate_trend": 3.3869999999999995e-06,
    "micro_fr_funding_rate_change": 2.9699999999999987e-06,
    "micro_fr_funding_rate_change_abs": 2.9699999999999987e-06,
    "micro_fr_funding_rate_positive": 1.0,
    "micro_fr_funding_rate_negative": 0.0,
    "micro_fr_funding_rate_high": 0.0,
    "micro_fr_funding_rate_extreme": 0.0,
    "micro_fr_hours_to_next_funding": 0.0,
    "micro_fr_funding_imminent": 1.0,
    "micro_vp_volume_current": 152.625,
    "micro_vp_volume_mean": 240.21392,
    "micro_vp_volume_std": 561.9168540605039,
    "micro_vp_volume_max": 5006.709,
    "micro_vp_volume_sum": 24021.392,
    "micro_vp_volume_ratio": 0.6353711724949161,
    "micro_vp_large_volume_trade": 0.0,
    "micro_vp_recent_vwap": 0.1386916420305701,
    "micro_vp_price_vwap_deviation_pct": 0.04207749549683982,
    "micro_vp_price_clustering": 4.440892098500626e-16,
    "micro_vp_volume_trend": 4.456818181818181,
    "micro_of_order_flow_imbalance": -0.00412063845020733,
    "micro_of_trade_flow_buy_pressure": 0.4979396807748963,
    "micro_of_trade_flow_sell_pressure": 0.5020603192251036,
    "micro_of_kyles_lambda_buy": 0.0,
    "micro_of_kyles_lambda_sell": 0.0,
    "micro_of_kyles_lambda_avg": 0.0,
    "micro_of_amihud_illiquidity": 0.23624184741920295,
    "micro_of_spread_dynamics_current": 0.007211105101864072,
    "micro_micro_funding_arbitrage": 0.0,
    "micro_micro_orderbook_pressure": 0.0,
    "micro_micro_liquidity_score": 1.0,
    "micro_micro_volume_spike": 0.0,
    "micro_micro_oi_divergence": 0.0,
    "micro_micro_composite_score": 0.2,
    "fee_maker_rate": 0.0002,
    "fee_taker_rate": 0.0008,
    "fee_round_trip_cost": 0.0016,
    "fee_breakeven_move_pct": 0.16,
    "fee_net_profit_threshold": 0.16,
    "time_hour_sin": 0.9659258262890683,
    "time_hour_cos": 0.25881904510252074,
    "time_day_sin": 0.7818314824680298,
    "time_day_cos": 0.6234898018587336,
    "time_day_of_week": 1.0,
    "time_is_asian": 1.0,
    "time_is_london": 0.0,
    "time_is_ny": 0.0,
    "time_is_london_ny_overlap": 0.0,
    "time_is_weekend": 0.0,
    "time_is_us_market_hours": 0.0,
    "cross_btc_return_1m": -0.014255710445850958,
    "cross_btc_return_5m": -0.05123630706974645,
    "cross_btc_return_15m": -0.12978359617954566,
    "cross_btc_correlation": 0.8413752730380228,
    "cross_btc_lead_indicator": -0.05123630706974645,
    "cross_eth_btc_ratio_change": 0.03324965763192896,
    "vol_realized_5m": 16.663718029073568,
    "vol_realized_15m": 14.751902680854597,
    "vol_realized_1h": 8.619233200949704,
    "vol_realized_4h": 3.4145000990749184,
    "vol_ratio_5m_1h": 1.9333179229026414,
    "vol_ratio_15m_4h": 4.3203696742756845,
    "vol_regime": 1.0,
    "vol_expansion": 1.0,
    "vol_contraction": 0.0,
    "vol_percentile": 48.421052631578945,
    "sent_fear_greed": 26.0,
    "sent_fear_greed_change": -1.0,
    "sent_extreme_fear": 0.0,
    "sent_extreme_greed": 0.0,
    "sent_fear": 1.0,
    "sent_greed": 0.0
  },
  "output_prediction": {
    "signal": "SHORT",
    "confidence": 0.5519646272463812,
    "raw_model_outputs": {
      "xgboost": 0.21351200342178345,
      "lightgbm": 0.009429321405060268,
      "lstm": 0.4061809778213501,
      "random_forest": 0.2803075452677783,
      "weighted_average": 0.2240176863768094,
      "model_agreement": 0.42566235604765645
    }
  },
  "regime_info": {
    "regime": "ranging",
    "regime_confidence": 0.6115489422740268,
    "atr_ratio": 0.882115094301693,
    "adx_value": 19.769021154519464,
    "is_exhausted": false,
    "is_weakening": false,
    "leverage_tier": "normal_volatility"
  },