{
  "timestamp": "2026-01-13T17:14:57.117491Z",
  "order_id": "706004093004415917",
  "stage": "Decision Making",
  "model_version": "ollama:qwen2.5:1.5b+ensemble_v1.0",
  "input_features": {
    "tech_returns_1": 0.042120042120052936,
    "tech_returns_5": -0.021046723726669825,
    "tech_returns_15": -0.1821110877635479,
    "tech_returns_60": 0.0280760861935736,
    "tech_returns_240": 2.297035388701474,
    "tech_returns_1440": -0.7612005219660688,
    "tech_rsi_14": 40.85309595329571,
    "tech_rsi_7": 39.50467347776446,
    "tech_rsi_21": 44.46918845484337,
    "tech_rsi_slope": 1.0718917538582957,
    "tech_rsi_divergence": 0.0,
    "tech_rsi_zone": 2.0,
    "tech_macd": -0.000137572603689462,
    "tech_macd_signal": -9.642639809005392e-05,
    "tech_macd_hist": -4.114620559940808e-05,
    "tech_stoch_k": 31.081081081081386,
    "tech_stoch_d": 26.57657657657749,
    "tech_ema_cross_9_21": -1.0,
    "tech_ema_cross_50_200": 1.0,
    "tech_ema_9": 0.1425543036438537,
    "tech_ema_21": 0.14270829884060376,
    "tech_ema_50": 0.14271509853042566,
    "tech_price_ema_9_pct": -0.0310784330751603,
    "tech_price_ema_21_pct": -0.1389539656872051,
    "tech_adx": 39.53434236968048,
    "tech_adx_7": 49.71818883619983,
    "tech_adx_10": 48.18751319124404,
    "tech_adx_roc_5": 11.3595333757543,
    "tech_adx_slope_3": 0.35623708510022567,
    "tech_adx_deceleration": -0.8006223843305378,
    "tech_plus_di": 13.060154130770888,
    "tech_minus_di": 30.834673125143986,
    "tech_di_crossover": 0.0,
    "tech_atr_14": 0.00016939114213438333,
    "tech_atr_pct": 0.11886263569881647,
    "tech_atr_14_avg": 0.0002293983886269615,
    "tech_bb_upper": 0.1432152206121849,
    "tech_bb_lower": 0.1422737793878151,
    "tech_bb_width": 0.6595288955930266,
    "tech_bb_position": 0.2509138181653605,
    "tech_volatility_20": 0.013695736908544602,
    "tech_volume_ratio": 0.21753702939249453,
    "tech_obv": 62643900.0,
    "tech_momentum_10": -0.0004800000000000082,
    "tech_roc_10": -0.3356878103363936,
    "tech_high_low_range": 0.04911936004489983,
    "tech_body_ratio": 0.8571416326550372,
    "tech_swing_high_10": 0.14301,
    "tech_swing_low_10": 0.14228,
    "tech_price_vs_swing_high": -0.34962590028669355,
    "tech_price_vs_swing_low": 0.16165307843689064,
    "tech_swing_break_up": 0.0,
    "tech_swing_break_down": 0.0,
    "tech_volume_spike": 0.0,
    "tech_volume_spike_ratio": 0.21753702939249453,
    "micro_ob_best_bid_price": 0.14248,
    "micro_ob_best_ask_price": 0.14249,
    "micro_ob_best_bid_size": 2374700.0,
    "micro_ob_best_ask_size": 2623700.0,
    "micro_ob_spread_absolute": 1.0000000000010001e-05,
    "micro_ob_spread_percentage": 0.007018282626248378,
    "micro_ob_bid_ask_size_ratio": 0.9050958569958456,
    "micro_ob_orderbook_imbalance_5": 0.1530950008506088,
    "micro_ob_orderbook_imbalance_10": 0.31785630704423123,
    "micro_ob_orderbook_imbalance_20": 0.39876283168700366,
    "micro_ob_orderbook_vwap": 0.1424581286859349,
    "micro_ob_buy_impact_0.1": 0.0,
    "micro_ob_sell_impact_0.1": 0.0,
    "micro_ob_buy_impact_1.0": 0.0,
    "micro_ob_sell_impact_1.0": 0.0,
    "micro_ob_buy_impact_10.0": 0.0,
    "micro_ob_sell_impact_10.0": 0.0,
    "micro_ob_bid_depth_concentration": 0.34218095065008497,
    "micro_ob_ask_depth_concentration": 0.5846873510916034,
    "micro_ob_bid_levels": 15,
    "micro_ob_ask_levels": 15,
    "micro_ob_total_bid_volume": 34664700.0,
    "micro_ob_total_ask_volume": 14900100.0,
    "micro_ob_total_orderbook_volume": 49564800.0,
    "micro_ob_order_flow_imbalance": 0.39876283168700366,
    "micro_ob_depth_imbalance_1": -0.04981594110115237,
    "micro_ob_depth_imbalance_5": 0.1530950008506088,
    "micro_ob_depth_imbalance_10": 0.31785630704423123,
    "micro_ob_depth_imbalance_20": 0.39876283168700366,
    "micro_fr_funding_rate_current": 0.0001,
    "micro_fr_funding_rate_abs": 0.0001,
    "micro_fr_funding_rate_mean": 9.972970000000002e-05,
    "micro_fr_funding_rate_std": 1.3110991228736307e-06,
    "micro_fr_funding_rate_min": 9.018e-05,
    "micro_fr_funding_rate_max": 0.0001,
    "micro_fr_funding_rate_skew": -5.5779553848705845,
    "micro_fr_funding_rate_kurtosis": 32.45304738114282,
    "micro_fr_funding_rate_trend": -9.234190815370753e-21,
    "micro_fr_funding_rate_change": 0.0,
    "micro_fr_funding_rate_change_abs": 0.0,
    "micro_fr_funding_rate_positive": 1.0,
    "micro_fr_funding_rate_negative": 0.0,
    "micro_fr_funding_rate_high": 0.0,
    "micro_fr_funding_rate_extreme": 0.0,
    "micro_fr_hours_to_next_funding": 0.0,
    "micro_fr_funding_imminent": 1.0,
    "micro_vp_volume_current": 42.732,
    "micro_vp_volume_mean": 197.30494,
    "micro_vp_volume_std": 314.2317457817023,
    "micro_vp_volume_max": 2407.236,
    "micro_vp_volume_sum": 19730.494,
    "micro_vp_volume_ratio": 0.21657845971824122,
    "micro_vp_large_volume_trade": 0.0,
    "micro_vp_recent_vwap": 0.14245844220119375,
    "micro_vp_price_vwap_deviation_pct": -0.012945670968161972,
    "micro_vp_price_clustering": 0.38542278686865655,
    "micro_vp_volume_trend": -30.735775757575716,
    "micro_of_order_flow_imbalance": 0.39876283168700366,
    "micro_of_trade_flow_buy_pressure": 0.6993814158435019,
    "micro_of_trade_flow_sell_pressure": 0.30061858415649817,
    "micro_of_kyles_lambda_buy": 0.0,
    "micro_of_kyles_lambda_sell": 0.0,
    "micro_of_kyles_lambda_avg": 0.0,
    "micro_of_amihud_illiquidity": 0.22973304386598317,
    "micro_of_spread_dynamics_current": 0.007018282626248378,
    "micro_micro_funding_arbitrage": 0.0,
    "micro_micro_orderbook_pressure": 1.0,
    "micro_micro_liquidity_score": 1.0,
    "micro_micro_volume_spike": 0.0,
    "micro_micro_oi_divergence": 0.0,
    "micro_micro_composite_score": 0.5,
    "fee_maker_rate": 0.0002,
    "fee_taker_rate": 0.0008,
    "fee_round_trip_cost": 0.0016,
    "fee_breakeven_move_pct": 0.16,
    "fee_net_profit_threshold": 0.16,
    "time_hour_sin": -0.9659258262890683,
    "time_hour_cos": -0.25881904510252063,
    "time_day_sin": 0.7818314824680298,
    "time_day_cos": 0.6234898018587336,
    "time_day_of_week": 1.0,
    "time_is_asian": 0.0,
    "time_is_london": 0.0,
    "time_is_ny": 1.0,
    "time_is_london_ny_overlap": 0.0,
    "time_is_weekend": 0.0,
    "time_is_us_market_hours": 1.0,
    "cross_btc_return_1m": 0.04514992240863127,
    "cross_btc_return_5m": -0.02207751565789477,
    "cross_btc_return_15m": -0.05849481903032069,
    "cross_btc_correlation": 0.6937608457631108,
    "cross_btc_lead_indicator": -0.02207751565789477,
    "cross_eth_btc_ratio_change": 0.05632635687040007,
    "vol_realized_5m": 22.82597027116897,
    "vol_realized_15m": 13.768559928181261,
    "vol_realized_1h": 12.043113609305975,
    "vol_realized_4h": 6.055361478989725,
    "vol_ratio_5m_1h": 1.895354557938476,
    "vol_ratio_15m_4h": 2.273780017254792,
    "vol_regime": 0.0,
    "vol_expansion": 1.0,
    "vol_contraction": 0.0,
    "vol_percentile": 24.210526315789473,
    "sent_fear_greed": 26.0,
    "sent_fear_greed_change": -1.0,
    "sent_extreme_fear": 0.0,
    "sent_extreme_greed": 0.0,
    "sent_fear": 1.0,
    "sent_greed": 0.0
  },
  "output_prediction": {
    "signal": "SHORT",
    "confidence": 0.6355697332637428,
    "raw_model_outputs": {
      "xgboost": 0.17015381157398224,
      "lightgbm": 0.03578653347562377,
      "lstm": 0.2596452832221985,
      "random_forest": 0.2865551748821015,
      "weighted_average": 0.1822151333681286,
      "model_agreement": 0.6084206850184604
    }
  },
  "regime_info": {
    "regime": "trending",
    "regime_confidence": 0.7744121084361657,
    "atr_ratio": 0.7384146991975625,
    "adx_value": 39.53434236968048,
    "is_exhausted": false,
    "is_weakening": false,
    "leverage_tier": "normal_volatility"
  },