{
  "timestamp": "2026-01-13T09:40:24.111052Z",
  "order_id": "705889707086578605",
  "stage": "Decision Making",
  "model_version": "ollama:qwen2.5:1.5b+ensemble_v1.0",
  "input_features": {
    "tech_returns_1": 0.02116402116403293,
    "tech_returns_5": 0.007053678493318394,
    "tech_returns_15": -0.4563645299445418,
    "tech_returns_60": 0.5032962359112547,
    "tech_returns_240": 1.6052744732693247,
    "tech_returns_1440": -0.171870524205085,
    "tech_rsi_14": 42.67110285122305,
    "tech_rsi_7": 36.43802016342823,
    "tech_rsi_21": 47.267134654967634,
    "tech_rsi_slope": 2.3438995493791985,
    "tech_rsi_divergence": 0.0,
    "tech_rsi_zone": 2.0,
    "tech_macd": -0.06846355780507452,
    "tech_macd_signal": 0.01843986437285909,
    "tech_macd_hist": -0.0869034221779336,
    "tech_stoch_k": 23.86363636363739,
    "tech_stoch_d": 17.984378164790996,
    "tech_ema_cross_9_21": -1.0,
    "tech_ema_cross_50_200": 1.0,
    "tech_ema_9": 141.84760830715615,
    "tech_ema_21": 141.97208880574036,
    "tech_ema_50": 141.81761215162277,
    "tech_price_ema_9_pct": -0.04766263454350995,
    "tech_price_ema_21_pct": -0.1353004011958918,
    "tech_adx": 42.737238717922,
    "tech_adx_7": 59.52246385875416,
    "tech_adx_10": 53.992020728065775,
    "tech_adx_roc_5": 8.430199880128306,
    "tech_adx_slope_3": -0.11394034418220045,
    "tech_adx_deceleration": -1.1376856501955395,
    "tech_plus_di": 14.751395308036578,
    "tech_minus_di": 34.1440207173327,
    "tech_di_crossover": 0.0,
    "tech_atr_14": 0.1535391198064466,
    "tech_atr_pct": 0.10829392002147453,
    "tech_atr_14_avg": 0.20062943994829777,
    "tech_bb_upper": 142.90632899932666,
    "tech_bb_lower": 141.44367100067336,
    "tech_bb_width": 1.0287729900849647,
    "tech_bb_position": 0.2299437049784055,
    "tech_volatility_20": 0.01832592482765827,
    "tech_volume_ratio": 0.16295258842889335,
    "tech_obv": 65367.30000000008,
    "tech_momentum_10": -0.5900000000000034,
    "tech_roc_10": -0.41441314883753355,
    "tech_high_low_range": 0.0352659049231083,
    "tech_body_ratio": 0.5999999988002274,
    "tech_swing_high_10": 142.38,
    "tech_swing_low_10": 141.57,
    "tech_price_vs_swing_high": -0.42140750105351477,
    "tech_price_vs_swing_low": 0.14833651197288122,
    "tech_swing_break_up": 0.0,
    "tech_swing_break_down": 0.0,
    "tech_volume_spike": 0.0,
    "tech_volume_spike_ratio": 0.16295258842889335,
    "micro_ob_best_bid_price": 141.74,
    "micro_ob_best_ask_price": 141.75,
    "micro_ob_best_bid_size": 2834.7,
    "micro_ob_best_ask_size": 2516.6,
    "micro_ob_spread_absolute": 0.009999999999990905,
    "micro_ob_spread_percentage": 0.007054922572218353,
    "micro_ob_bid_ask_size_ratio": 1.1264006993562743,
    "micro_ob_orderbook_imbalance_5": -0.010675946097808609,
    "micro_ob_orderbook_imbalance_10": 0.23819796360356224,
    "micro_ob_orderbook_imbalance_20": 0.3099893273123157,
    "micro_ob_orderbook_vwap": 141.721584121554,
    "micro_ob_buy_impact_0.1": 0.0,
    "micro_ob_sell_impact_0.1": 0.0,
    "micro_ob_buy_impact_1.0": 0.0,
    "micro_ob_sell_impact_1.0": 0.0,
    "micro_ob_buy_impact_10.0": 0.0,
    "micro_ob_sell_impact_10.0": 0.0,
    "micro_ob_bid_depth_concentration": 0.3937312667716338,
    "micro_ob_ask_depth_concentration": 0.7636339260443615,
    "micro_ob_bid_levels": 15,
    "micro_ob_ask_levels": 15,
    "micro_ob_total_bid_volume": 38234.2,
    "micro_ob_total_ask_volume": 20139.1,
    "micro_ob_total_orderbook_volume": 58373.299999999996,
    "micro_ob_order_flow_imbalance": 0.3099893273123157,
    "micro_ob_depth_imbalance_1": 0.05944349971035075,
    "micro_ob_depth_imbalance_5": -0.010675946097808609,
    "micro_ob_depth_imbalance_10": 0.23819796360356224,
    "micro_ob_depth_imbalance_20": 0.3099893273123157,
    "micro_fr_funding_rate_current": 5.977e-05,
    "micro_fr_funding_rate_abs": 5.977e-05,
    "micro_fr_funding_rate_mean": 4.563e-06,
    "micro_fr_funding_rate_std": 1.847706007458979e-05,
    "micro_fr_funding_rate_min": -1.219e-05,
    "micro_fr_funding_rate_max": 5.977e-05,
    "micro_fr_funding_rate_skew": 1.270075336808898,
    "micro_fr_funding_rate_kurtosis": 0.6234408959069575,
    "micro_fr_funding_rate_trend": 3.1799999999999975e-06,
    "micro_fr_funding_rate_change": 3.4199999999999977e-06,
    "micro_fr_funding_rate_change_abs": 3.4199999999999977e-06,
    "micro_fr_funding_rate_positive": 1.0,
    "micro_fr_funding_rate_negative": 0.0,
    "micro_fr_funding_rate_high": 0.0,
    "micro_fr_funding_rate_extreme": 0.0,
    "micro_fr_hours_to_next_funding": 0.0,
    "micro_fr_funding_imminent": 1.0,
    "micro_vp_volume_current": 283.5,
    "micro_vp_volume_mean": 977.4365199999999,
    "micro_vp_volume_std": 1259.801839383738,
    "micro_vp_volume_max": 12884.166,
    "micro_vp_volume_sum": 97743.65199999999,
    "micro_vp_volume_ratio": 0.2900444112728672,
    "micro_vp_large_volume_trade": 0.0,
    "micro_vp_recent_vwap": 141.76019313868076,
    "micro_vp_price_vwap_deviation_pct": -0.007190409701819741,
    "micro_vp_price_clustering": 0.20783279603474927,
    "micro_vp_volume_trend": 178.5884727272727,
    "micro_of_order_flow_imbalance": 0.3099893273123157,
    "micro_of_trade_flow_buy_pressure": 0.6549946636561579,
    "micro_of_trade_flow_sell_pressure": 0.3450053363438421,
    "micro_of_kyles_lambda_buy": 0.0,
    "micro_of_kyles_lambda_sell": 0.0,
    "micro_of_kyles_lambda_avg": 0.0,
    "micro_of_amihud_illiquidity": 0.07591880568371781,
    "micro_of_spread_dynamics_current": 0.007054922572218353,
    "micro_micro_funding_arbitrage": 0.0,
    "micro_micro_orderbook_pressure": 0.5,
    "micro_micro_liquidity_score": 1.0,
    "micro_micro_volume_spike": 0.0,
    "micro_micro_oi_divergence": 0.0,
    "micro_micro_composite_score": 0.35,
    "fee_maker_rate": 0.0002,
    "fee_taker_rate": 0.0008,
    "fee_round_trip_cost": 0.0016,
    "fee_breakeven_move_pct": 0.16,
    "fee_net_profit_threshold": 0.16,
    "time_hour_sin": 0.7071067811865476,
    "time_hour_cos": -0.7071067811865475,
    "time_day_sin": 0.7818314824680298,
    "time_day_cos": 0.6234898018587336,
    "time_day_of_week": 1.0,
    "time_is_asian": 0.0,
    "time_is_london": 1.0,
    "time_is_ny": 0.0,
    "time_is_london_ny_overlap": 0.0,
    "time_is_weekend": 0.0,
    "time_is_us_market_hours": 0.0,
    "cross_btc_return_1m": -0.02468962007223112,
    "cross_btc_return_5m": -0.04395637708509221,
    "cross_btc_return_15m": -0.11673496942604987,
    "cross_btc_correlation": 0.7266626313447888,
    "cross_btc_lead_indicator": -0.04395637708509221,
    "cross_eth_btc_ratio_change": 0.027601462743110712,
    "vol_realized_5m": 13.756120831764981,
    "vol_realized_15m": 15.962007525116206,
    "vol_realized_1h": 8.714983991807825,
    "vol_realized_4h": 3.287834566771719,
    "vol_ratio_5m_1h": 1.5784447618831976,
    "vol_ratio_15m_4h": 4.854869428783057,
    "vol_regime": 1.0,
    "vol_expansion": 1.0,
    "vol_contraction": 0.0,
    "vol_percentile": 30.526315789473685,
    "sent_fear_greed": 26.0,
    "sent_fear_greed_change": -1.0,
    "sent_extreme_fear": 0.0,
    "sent_extreme_greed": 0.0,
    "sent_fear": 1.0,
    "sent_greed": 0.0
  },
  "output_prediction": {
    "signal": "SHORT",
    "confidence": 0.5946730608793173,
    "raw_model_outputs": {
      "xgboost": 0.2579832077026367,
      "lightgbm": 0.058961336824451406,
      "lstm": 0.16933779418468475,
      "random_forest": 0.3409686224863314,
      "weighted_average": 0.20266346956034137,
      "model_agreement": 0.5810459378145028
    }
  },
  "regime_info": {
    "regime": "trending",
    "regime_confidence": 0.812846864615064,
    "atr_ratio": 0.7652870877076349,
    "adx_value": 42.737238717922,
    "is_exhausted": false,
    "is_weakening": false,
    "leverage_tier": "normal_volatility"
  },