{
  "timestamp": "2026-01-13T07:09:39.516562Z",
  "order_id": "705851776703660973",
  "stage": "Decision Making",
  "model_version": "ollama:qwen2.5:1.5b+ensemble_v1.0",
  "input_features": {
    "tech_returns_1": -0.021365999572675598,
    "tech_returns_5": -0.028485970659442028,
    "tech_returns_15": -0.1706727350305859,
    "tech_returns_60": 0.2857551078725651,
    "tech_returns_240": 1.8501052020605036,
    "tech_returns_1440": -0.171870524205085,
    "tech_rsi_14": 45.78557290628185,
    "tech_rsi_7": 37.04334169815097,
    "tech_rsi_21": 49.394701598973704,
    "tech_rsi_slope": -3.0862623171103145,
    "tech_rsi_divergence": 0.0,
    "tech_rsi_zone": 2.0,
    "tech_macd": 0.01446101443636394,
    "tech_macd_signal": 0.037224019608779954,
    "tech_macd_hist": -0.022763005172416015,
    "tech_stoch_k": 10.344827586207572,
    "tech_stoch_d": 21.19252873563249,
    "tech_ema_cross_9_21": -1.0,
    "tech_ema_cross_50_200": 1.0,
    "tech_ema_9": 140.4524587434631,
    "tech_ema_21": 140.45625538444253,
    "tech_ema_50": 140.35645990730927,
    "tech_price_ema_9_pct": -0.05158951584852496,
    "tech_price_ema_21_pct": -0.054291198518580885,
    "tech_adx": 16.837087287016363,
    "tech_adx_7": 26.759771251631697,
    "tech_adx_10": 19.330694322499987,
    "tech_adx_roc_5": -2.2785526348567764,
    "tech_adx_slope_3": -1.7385620970520907,
    "tech_adx_deceleration": -1.8509440907303762,
    "tech_plus_di": 19.106084016143804,
    "tech_minus_di": 21.6943070927215,
    "tech_di_crossover": 0.0,
    "tech_atr_14": 0.11311480524021728,
    "tech_atr_pct": 0.08057757888603596,
    "tech_atr_14_avg": 0.1257918989141723,
    "tech_bb_upper": 140.67551007069434,
    "tech_bb_lower": 140.33448992930565,
    "tech_bb_width": 0.24271032446439392,
    "tech_bb_position": 0.13345273539862762,
    "tech_volatility_20": 0.009807392638612102,
    "tech_volume_ratio": 0.614995048986165,
    "tech_obv": -60571.2000000002,
    "tech_momentum_10": -0.1599999999999966,
    "tech_roc_10": -0.11384659171765898,
    "tech_high_low_range": 0.05698817495368578,
    "tech_body_ratio": 0.37499999953133883,
    "tech_swing_high_10": 140.61,
    "tech_swing_low_10": 140.35,
    "tech_price_vs_swing_high": -0.1635730033425917,
    "tech_price_vs_swing_low": 0.021375133594585777,
    "tech_swing_break_up": 0.0,
    "tech_swing_break_down": 0.0,
    "tech_volume_spike": 0.0,
    "tech_volume_spike_ratio": 0.614995048986165,
    "micro_ob_best_bid_price": 140.39,
    "micro_ob_best_ask_price": 140.4,
    "micro_ob_best_bid_size": 2919.1,
    "micro_ob_best_ask_size": 2961.3,
    "micro_ob_spread_absolute": 0.010000000000019327,
    "micro_ob_spread_percentage": 0.0071227607820929005,
    "micro_ob_bid_ask_size_ratio": 0.9857495019079457,
    "micro_ob_orderbook_imbalance_5": -0.06727815068516715,
    "micro_ob_orderbook_imbalance_10": -0.2896481477380926,
    "micro_ob_orderbook_imbalance_20": -0.4187594191804415,
    "micro_ob_orderbook_vwap": 140.41881696596624,
    "micro_ob_buy_impact_0.1": 0.0,
    "micro_ob_sell_impact_0.1": 0.0,
    "micro_ob_buy_impact_1.0": 0.0,
    "micro_ob_sell_impact_1.0": 0.0,
    "micro_ob_buy_impact_10.0": 0.0,
    "micro_ob_sell_impact_10.0": 0.0,
    "micro_ob_bid_depth_concentration": 0.7438430133017253,
    "micro_ob_ask_depth_concentration": 0.34870158920715,
    "micro_ob_bid_levels": 15,
    "micro_ob_ask_levels": 15,
    "micro_ob_total_bid_volume": 18223.2,
    "micro_ob_total_ask_volume": 44481.299999999996,
    "micro_ob_total_orderbook_volume": 62704.5,
    "micro_ob_order_flow_imbalance": -0.4187594191804415,
    "micro_ob_depth_imbalance_1": -0.007176382559009638,
    "micro_ob_depth_imbalance_5": -0.06727815068516715,
    "micro_ob_depth_imbalance_10": -0.2896481477380926,
    "micro_ob_depth_imbalance_20": -0.4187594191804415,
    "micro_fr_funding_rate_current": 1.096e-05,
    "micro_fr_funding_rate_abs": 1.096e-05,
    "micro_fr_funding_rate_mean": 8.4053e-06,
    "micro_fr_funding_rate_std": 2.5941675329669822e-05,
    "micro_fr_funding_rate_min": -1.219e-05,
    "micro_fr_funding_rate_max": 8.641e-05,
    "micro_fr_funding_rate_skew": 1.4870201688417504,
    "micro_fr_funding_rate_kurtosis": 1.008520095711419,
    "micro_fr_funding_rate_trend": 9.899999999999994e-07,
    "micro_fr_funding_rate_change": 5.499999999999998e-07,
    "micro_fr_funding_rate_change_abs": 5.499999999999998e-07,
    "micro_fr_funding_rate_positive": 1.0,
    "micro_fr_funding_rate_negative": 0.0,
    "micro_fr_funding_rate_high": 0.0,
    "micro_fr_funding_rate_extreme": 0.0,
    "micro_fr_hours_to_next_funding": 0.0,
    "micro_fr_funding_imminent": 1.0,
    "micro_vp_volume_current": 1179.444,
    "micro_vp_volume_mean": 1308.73205,
    "micro_vp_volume_std": 5243.33570413303,
    "micro_vp_volume_max": 53350.836,
    "micro_vp_volume_sum": 130873.205,
    "micro_vp_volume_ratio": 0.9012112143199976,
    "micro_vp_large_volume_trade": 0.0,
    "micro_vp_recent_vwap": 140.37671019235756,
    "micro_vp_price_vwap_deviation_pct": 0.02371462302885996,
    "micro_vp_price_clustering": 0.359387304846852,
    "micro_vp_volume_trend": 28.854963636363628,
    "micro_of_order_flow_imbalance": -0.4187594191804415,
    "micro_of_trade_flow_buy_pressure": 0.2906202904097792,
    "micro_of_trade_flow_sell_pressure": 0.7093797095902207,
    "micro_of_kyles_lambda_buy": 0.0,
    "micro_of_kyles_lambda_sell": 0.0,
    "micro_of_kyles_lambda_avg": 0.0,
    "micro_of_amihud_illiquidity": 0.037459491873534444,
    "micro_of_spread_dynamics_current": 0.0071227607820929005,
    "micro_micro_funding_arbitrage": 0.0,
    "micro_micro_orderbook_pressure": -0.5,
    "micro_micro_liquidity_score": 1.0,
    "micro_micro_volume_spike": 0.0,
    "micro_micro_oi_divergence": 0.0,
    "micro_micro_composite_score": 0.35,
    "fee_maker_rate": 0.0002,
    "fee_taker_rate": 0.0008,
    "fee_round_trip_cost": 0.0016,
    "fee_breakeven_move_pct": 0.16,
    "fee_net_profit_threshold": 0.16,
    "time_hour_sin": 0.9659258262890683,
    "time_hour_cos": -0.25881904510252063,
    "time_day_sin": 0.7818314824680298,
    "time_day_cos": 0.6234898018587336,
    "time_day_of_week": 1.0,
    "time_is_asian": 1.0,
    "time_is_london": 0.0,
    "time_is_ny": 0.0,
    "time_is_london_ny_overlap": 0.0,
    "time_is_weekend": 0.0,
    "time_is_us_market_hours": 0.0,
    "cross_btc_return_1m": -0.031067235580882646,
    "cross_btc_return_5m": -0.04909041542220699,
    "cross_btc_return_15m": -0.1537351567458456,
    "cross_btc_correlation": 0.793730703896012,
    "cross_btc_lead_indicator": -0.04909041542220699,
    "cross_eth_btc_ratio_change": -0.0025980987736477995,
    "vol_realized_5m": 10.261509264035809,
    "vol_realized_15m": 9.30261620170421,
    "vol_realized_1h": 5.503582283360982,
    "vol_realized_4h": 2.998373396827967,
    "vol_ratio_5m_1h": 1.864514553558961,
    "vol_ratio_15m_4h": 3.10255427544335,
    "vol_regime": 0.0,
    "vol_expansion": 1.0,
    "vol_contraction": 0.0,
    "vol_percentile": 15.789473684210526,
    "sent_fear_greed": 26.0,
    "sent_fear_greed_change": -1.0,
    "sent_extreme_fear": 0.0,
    "sent_extreme_greed": 0.0,
    "sent_fear": 1.0,
    "sent_greed": 0.0
  },
  "output_prediction": {
    "signal": "SHORT",
    "confidence": 0.6083600500655921,
    "raw_model_outputs": {
      "xgboost": 0.16733409464359283,
      "lightgbm": 0.10864184247856624,
      "lstm": 0.2768424153327942,
      "random_forest": 0.24624339570526882,
      "weighted_average": 0.19581997496720396,
      "model_agreement": 0.7357549419204373
    }
  },
  "regime_info": {
    "regime": "ranging",
    "regime_confidence": 0.7581456356491818,
    "atr_ratio": 0.8992217004164584,
    "adx_value": 16.837087287016363,
    "is_exhausted": false,
    "is_weakening": false,
    "leverage_tier": "normal_volatility"
  },