{
  "timestamp": "2026-01-13T11:35:12.374922Z",
  "order_id": "705918599138640813",
  "stage": "Decision Making",
  "model_version": "ollama:qwen2.5:1.5b+ensemble_v1.0",
  "input_features": {
    "tech_returns_1": -0.001629494281019106,
    "tech_returns_5": -0.06318545909338447,
    "tech_returns_15": -0.03844190819550786,
    "tech_returns_60": -0.1786018306958681,
    "tech_returns_240": 0.09057468714763761,
    "tech_returns_1440": 0.30505869769067817,
    "tech_rsi_14": 37.35284872013084,
    "tech_rsi_7": 24.524731434116788,
    "tech_rsi_21": 41.855656957269495,
    "tech_rsi_slope": -4.140319492147622,
    "tech_rsi_divergence": 0.0,
    "tech_rsi_zone": 2.0,
    "tech_macd": -10.659461719973478,
    "tech_macd_signal": 1.9211110796210948,
    "tech_macd_hist": -12.580572799594574,
    "tech_stoch_k": 7.6874606175241,
    "tech_stoch_d": 14.583630647929054,
    "tech_ema_cross_9_21": -1.0,
    "tech_ema_cross_50_200": 1.0,
    "tech_ema_9": 92103.09885835827,
    "tech_ema_21": 92120.45701163288,
    "tech_ema_50": 92126.62801258279,
    "tech_price_ema_9_pct": -0.055914360099281746,
    "tech_price_ema_21_pct": -0.07474671084641081,
    "tech_adx": 29.131250120204456,
    "tech_adx_7": 58.88941523100503,
    "tech_adx_10": 41.127632722617584,
    "tech_adx_roc_5": -1.3472461026033038,
    "tech_adx_slope_3": 2.8684547604307333,
    "tech_adx_deceleration": 2.4429079589725564,
    "tech_plus_di": 19.018969007365655,
    "tech_minus_di": 53.51421170365238,
    "tech_di_crossover": 0.0,
    "tech_atr_14": 27.32295760889379,
    "tech_atr_pct": 0.029682219112860387,
    "tech_atr_14_avg": 31.294127804536775,
    "tech_bb_upper": 92228.44109508503,
    "tech_bb_lower": 92037.38890491496,
    "tech_bb_width": 0.20736583681311982,
    "tech_bb_position": 0.07438331417398052,
    "tech_volatility_20": 0.0057907700684375184,
    "tech_volume_ratio": 0.9524006301025085,
    "tech_obv": 1234.4104999999956,
    "tech_momentum_10": -111.69999999999709,
    "tech_roc_10": -0.12119791717527528,
    "tech_high_low_range": 0.014991591672499893,
    "tech_body_ratio": 0.10869565217310247,
    "tech_swing_high_10": 92196.2,
    "tech_swing_low_10": 92039.4,
    "tech_price_vs_swing_high": -0.15683943589865015,
    "tech_price_vs_swing_low": 0.013255192884798948,
    "tech_swing_break_up": 0.0,
    "tech_swing_break_down": 0.0,
    "tech_volume_spike": 0.0,
    "tech_volume_spike_ratio": 0.9524006301025085,
    "micro_ob_best_bid_price": 92081.5,
    "micro_ob_best_ask_price": 92081.6,
    "micro_ob_best_bid_size": 2.898,
    "micro_ob_best_ask_size": 2.5181,
    "micro_ob_spread_absolute": 0.10000000000582077,
    "micro_ob_spread_percentage": 0.00010859938826596725,
    "micro_ob_bid_ask_size_ratio": 1.1508677177236806,
    "micro_ob_orderbook_imbalance_5": 0.11233048449041269,
    "micro_ob_orderbook_imbalance_10": 0.10587314738101815,
    "micro_ob_orderbook_imbalance_20": 0.08810177316190818,
    "micro_ob_orderbook_vwap": 92081.53537236489,
    "micro_ob_buy_impact_0.1": 0.0,
    "micro_ob_sell_impact_0.1": 0.0,
    "micro_ob_buy_impact_1.0": 0.0,
    "micro_ob_sell_impact_1.0": 0.0,
    "micro_ob_buy_impact_10.0": -1.5803282336934687e-14,
    "micro_ob_sell_impact_10.0": 0.0,
    "micro_ob_bid_depth_concentration": 0.3358388768837479,
    "micro_ob_ask_depth_concentration": 0.3197949354033038,
    "micro_ob_bid_levels": 15,
    "micro_ob_ask_levels": 15,
    "micro_ob_total_bid_volume": 35.4015,
    "micro_ob_total_ask_volume": 29.6687,
    "micro_ob_total_orderbook_volume": 65.0702,
    "micro_ob_order_flow_imbalance": 0.08810177316190818,
    "micro_ob_depth_imbalance_1": 0.07014272262328984,
    "micro_ob_depth_imbalance_5": 0.11233048449041269,
    "micro_ob_depth_imbalance_10": 0.10587314738101815,
    "micro_ob_depth_imbalance_20": 0.08810177316190818,
    "micro_fr_funding_rate_current": 9.603e-05,
    "micro_fr_funding_rate_abs": 9.603e-05,
    "micro_fr_funding_rate_mean": 9.236180000000002e-05,
    "micro_fr_funding_rate_std": 1.1851820145446017e-05,
    "micro_fr_funding_rate_min": 5.873e-05,
    "micro_fr_funding_rate_max": 0.0001,
    "micro_fr_funding_rate_skew": -1.5188575752478193,
    "micro_fr_funding_rate_kurtosis": 0.8513714380971704,
    "micro_fr_funding_rate_trend": -3.510000000000076e-07,
    "micro_fr_funding_rate_change": -2.600000000000009e-07,
    "micro_fr_funding_rate_change_abs": 2.600000000000009e-07,
    "micro_fr_funding_rate_positive": 1.0,
    "micro_fr_funding_rate_negative": 0.0,
    "micro_fr_funding_rate_high": 0.0,
    "micro_fr_funding_rate_extreme": 0.0,
    "micro_fr_hours_to_next_funding": 0.0,
    "micro_fr_funding_imminent": 1.0,
    "micro_vp_volume_current": 211.78768,
    "micro_vp_volume_mean": 69000.16739350001,
    "micro_vp_volume_std": 512716.15559050895,
    "micro_vp_volume_max": 5092274.3751,
    "micro_vp_volume_sum": 6900016.739350001,
    "micro_vp_volume_ratio": 0.0030693792203749194,
    "micro_vp_large_volume_trade": 0.0,
    "micro_vp_recent_vwap": 92052.38705058586,
    "micro_vp_price_vwap_deviation_pct": 0.03173513512266379,
    "micro_vp_price_clustering": 0.0018351556246051003,
    "micro_vp_volume_trend": -193.8733992727272,
    "micro_of_order_flow_imbalance": 0.08810177316190818,
    "micro_of_trade_flow_buy_pressure": 0.5440508865809541,
    "micro_of_trade_flow_sell_pressure": 0.4559491134190459,
    "micro_of_kyles_lambda_buy": -1.5803282336934688e-15,
    "micro_of_kyles_lambda_sell": 0.0,
    "micro_of_kyles_lambda_avg": -7.901641168467344e-16,
    "micro_of_amihud_illiquidity": 0.056953515204696915,
    "micro_of_spread_dynamics_current": 0.00010859938826596725,
    "micro_micro_funding_arbitrage": 0.0,
    "micro_micro_orderbook_pressure": 0.0,
    "micro_micro_liquidity_score": 0.5,
    "micro_micro_volume_spike": 0.0,
    "micro_micro_oi_divergence": 0.0,
    "micro_micro_composite_score": 0.1,
    "fee_maker_rate": 0.0002,
    "fee_taker_rate": 0.0008,
    "fee_round_trip_cost": 0.0016,
    "fee_breakeven_move_pct": 0.16,
    "fee_net_profit_threshold": 0.16,
    "time_hour_sin": 0.258819045102521,
    "time_hour_cos": -0.9659258262890682,
    "time_day_sin": 0.7818314824680298,
    "time_day_cos": 0.6234898018587336,
    "time_day_of_week": 1.0,
    "time_is_asian": 0.0,
    "time_is_london": 1.0,
    "time_is_ny": 0.0,
    "time_is_london_ny_overlap": 0.0,
    "time_is_weekend": 0.0,
    "time_is_us_market_hours": 0.0,
    "cross_btc_return_1m": -0.0016294942810182382,
    "cross_btc_return_5m": -0.0631854590933832,
    "cross_btc_return_15m": -0.03844190819550445,
    "cross_btc_correlation": 1.0,
    "cross_btc_lead_indicator": 0.0,
    "cross_eth_btc_ratio_change": 0.00812943193849358,
    "vol_realized_5m": 8.323306949539415,
    "vol_realized_15m": 5.190271133066947,
    "vol_realized_1h": 3.270172996419092,
    "vol_realized_4h": 1.9644423499894543,
    "vol_ratio_5m_1h": 2.5452191546605056,
    "vol_ratio_15m_4h": 2.642109162987048,
    "vol_regime": 1.0,
    "vol_expansion": 1.0,
    "vol_contraction": 0.0,
    "vol_percentile": 45.26315789473684,
    "sent_fear_greed": 26.0,
    "sent_fear_greed_change": -1.0,
    "sent_extreme_fear": 0.0,
    "sent_extreme_greed": 0.0,
    "sent_fear": 1.0,
    "sent_greed": 0.0
  },
  "output_prediction": {
    "signal": "SHORT",
    "confidence": 0.5822166036472425,
    "raw_model_outputs": {
      "xgboost": 0.09754564613103867,
      "lightgbm": 0.024775332528854273,
      "lstm": 0.5607767105102539,
      "random_forest": 0.16619995857322498,
      "weighted_average": 0.2088916981763788,
      "model_agreement": 0.17079485808185246
    }
  },
  "regime_info": {
    "regime": "trending",
    "regime_confidence": 0.6495750014424535,
    "atr_ratio": 0.8731017454633366,
    "adx_value": 29.131250120204456,
    "is_exhausted": false,
    "is_weakening": false,
    "leverage_tier": "normal_volatility"
  },