{
  "timestamp": "2026-01-13T04:35:40.650118Z",
  "order_id": "705813015416538029",
  "stage": "Decision Making",
  "model_version": "ollama:qwen2.5:1.5b+ensemble_v1.0",
  "input_features": {
    "tech_returns_1": -0.043908864711916795,
    "tech_returns_5": -0.1218739336030783,
    "tech_returns_15": -0.28714654207426804,
    "tech_returns_60": -0.11700468018721599,
    "tech_returns_240": -0.36957790313169037,
    "tech_returns_1440": -0.7959095075008529,
    "tech_rsi_14": 37.675176062185834,
    "tech_rsi_7": 25.305070139075923,
    "tech_rsi_21": 42.38336052301488,
    "tech_rsi_slope": -2.636293916575042,
    "tech_rsi_divergence": 0.0,
    "tech_rsi_zone": 2.0,
    "tech_macd": -0.0003448426384897729,
    "tech_macd_signal": 9.264460940307323e-05,
    "tech_macd_hist": -0.00043748724789284614,
    "tech_stoch_k": 0.0,
    "tech_stoch_d": 0.8182730923693445,
    "tech_ema_cross_9_21": -1.0,
    "tech_ema_cross_50_200": -1.0,
    "tech_ema_9": 2.0503798802132644,
    "tech_ema_21": 2.050974971832028,
    "tech_ema_50": 2.0509601747258945,
    "tech_price_ema_9_pct": -0.07705304897452311,
    "tech_price_ema_21_pct": -0.10604575199106761,
    "tech_adx": 20.33059775142989,
    "tech_adx_7": 41.297751268370305,
    "tech_adx_10": 27.685992079977552,
    "tech_adx_roc_5": -1.543196977131121,
    "tech_adx_slope_3": 1.4634098779236009,
    "tech_adx_deceleration": 1.449363424077589,
    "tech_plus_di": 16.18653503699034,
    "tech_minus_di": 34.05192098534379,
    "tech_di_crossover": 0.0,
    "tech_atr_14": 0.0012051875557322353,
    "tech_atr_pct": 0.0588240704672118,
    "tech_atr_14_avg": 0.0014487104741123216,
    "tech_bb_upper": 2.0556570094769357,
    "tech_bb_lower": 2.048192990523064,
    "tech_bb_width": 0.36375690894510976,
    "tech_bb_position": 0.08132475020327543,
    "tech_volatility_20": 0.0074485644932799746,
    "tech_volume_ratio": 0.46578592171458955,
    "tech_obv": 298560.0,
    "tech_momentum_10": -0.0030999999999998806,
    "tech_roc_10": -0.15107948730443965,
    "tech_high_low_range": 0.0439281530652149,
    "tech_body_ratio": 0.9999998888889012,
    "tech_swing_high_10": 2.0521,
    "tech_swing_low_10": 2.0488,
    "tech_price_vs_swing_high": -0.16081087666292376,
    "tech_price_vs_swing_low": 0.0,
    "tech_swing_break_up": 0.0,
    "tech_swing_break_down": 1.0,
    "tech_volume_spike": 0.0,
    "tech_volume_spike_ratio": 0.46578592171458955,
    "micro_ob_best_bid_price": 2.0487,
    "micro_ob_best_ask_price": 2.0488,
    "micro_ob_best_bid_size": 61350.0,
    "micro_ob_best_ask_size": 66340.0,
    "micro_ob_spread_absolute": 9.999999999976694e-05,
    "micro_ob_spread_percentage": 0.0048810250152418275,
    "micro_ob_bid_ask_size_ratio": 0.9247814290021104,
    "micro_ob_orderbook_imbalance_5": -0.22843638468216457,
    "micro_ob_orderbook_imbalance_10": -0.26326530612244897,
    "micro_ob_orderbook_imbalance_20": -0.26333434312834497,
    "micro_ob_orderbook_vwap": 2.0489465629420085,
    "micro_ob_buy_impact_0.1": 0.0,
    "micro_ob_sell_impact_0.1": 0.0,
    "micro_ob_buy_impact_1.0": 0.0,
    "micro_ob_sell_impact_1.0": 0.0,
    "micro_ob_buy_impact_10.0": 0.0,
    "micro_ob_sell_impact_10.0": 0.0,
    "micro_ob_bid_depth_concentration": 0.3654823262784662,
    "micro_ob_ask_depth_concentration": 0.3393121676205092,
    "micro_ob_bid_levels": 15,
    "micro_ob_ask_levels": 15,
    "micro_ob_total_bid_volume": 547140.0,
    "micro_ob_total_ask_volume": 938310.0,
    "micro_ob_total_orderbook_volume": 1485450.0,
    "micro_ob_order_flow_imbalance": -0.26333434312834497,
    "micro_ob_depth_imbalance_1": -0.03907901950035242,
    "micro_ob_depth_imbalance_5": -0.22843638468216457,
    "micro_ob_depth_imbalance_10": -0.26326530612244897,
    "micro_ob_depth_imbalance_20": -0.26333434312834497,
    "micro_fr_funding_rate_current": -4.403e-05,
    "micro_fr_funding_rate_abs": 4.403e-05,
    "micro_fr_funding_rate_mean": -3.5736447368421054e-05,
    "micro_fr_funding_rate_std": 3.4789247533652635e-05,
    "micro_fr_funding_rate_min": -7.213e-05,
    "micro_fr_funding_rate_max": 3.605e-05,
    "micro_fr_funding_rate_skew": 0.6935644364916362,
    "micro_fr_funding_rate_kurtosis": -0.9885495994023485,
    "micro_fr_funding_rate_trend": 2.329000000000006e-06,
    "micro_fr_funding_rate_change": 1.940000000000005e-06,
    "micro_fr_funding_rate_change_abs": 1.940000000000005e-06,
    "micro_fr_funding_rate_positive": 0.0,
    "micro_fr_funding_rate_negative": 1.0,
    "micro_fr_funding_rate_high": 0.0,
    "micro_fr_funding_rate_extreme": 0.0,
    "micro_fr_hours_to_next_funding": 0.0,
    "micro_fr_funding_imminent": 1.0,
    "micro_vp_volume_current": 389.386,
    "micro_vp_volume_mean": 412.72727999999995,
    "micro_vp_volume_std": 936.7921092454405,
    "micro_vp_volume_max": 7070.43,
    "micro_vp_volume_sum": 41272.727999999996,
    "micro_vp_volume_ratio": 0.9434462388820047,
    "micro_vp_large_volume_trade": 0.0,
    "micro_vp_recent_vwap": 2.0492914039895793,
    "micro_vp_price_vwap_deviation_pct": 0.005299198064714171,
    "micro_vp_price_clustering": 0.0,
    "micro_vp_volume_trend": 17.76146666666665,
    "micro_of_order_flow_imbalance": -0.26333434312834497,
    "micro_of_trade_flow_buy_pressure": 0.36833282843582754,
    "micro_of_trade_flow_sell_pressure": 0.6316671715641725,
    "micro_of_kyles_lambda_buy": 0.0,
    "micro_of_kyles_lambda_sell": 0.0,
    "micro_of_kyles_lambda_avg": 0.0,
    "micro_of_amihud_illiquidity": 0.05616067277862255,
    "micro_of_spread_dynamics_current": 0.0048810250152418275,
    "micro_micro_funding_arbitrage": 0.0,
    "micro_micro_orderbook_pressure": -0.5,
    "micro_micro_liquidity_score": 1.0,
    "micro_micro_volume_spike": 0.0,
    "micro_micro_oi_divergence": 0.0,
    "micro_micro_composite_score": 0.35,
    "fee_maker_rate": 0.0002,
    "fee_taker_rate": 0.0008,
    "fee_round_trip_cost": 0.0016,
    "fee_breakeven_move_pct": 0.16,
    "fee_net_profit_threshold": 0.16,
    "time_hour_sin": 0.8660254037844386,
    "time_hour_cos": 0.5000000000000001,
    "time_day_sin": 0.7818314824680298,
    "time_day_cos": 0.6234898018587336,
    "time_day_of_week": 1.0,
    "time_is_asian": 1.0,
    "time_is_london": 0.0,
    "time_is_ny": 0.0,
    "time_is_london_ny_overlap": 0.0,
    "time_is_weekend": 0.0,
    "time_is_us_market_hours": 0.0,
    "cross_btc_return_1m": 0.00043785568932625966,
    "cross_btc_return_5m": -0.06957031579017092,
    "cross_btc_return_15m": -0.14111788098002687,
    "cross_btc_correlation": 0.6930105017864622,
    "cross_btc_lead_indicator": -0.06957031579017092,
    "cross_eth_btc_ratio_change": -0.03311805671405419,
    "vol_realized_5m": 6.927017726210134,
    "vol_realized_15m": 7.619304323883814,
    "vol_realized_1h": 3.9497975088654056,
    "vol_realized_4h": 2.428957901901024,
    "vol_ratio_5m_1h": 1.753765278007871,
    "vol_ratio_15m_4h": 3.1368614161326405,
    "vol_regime": 0.0,
    "vol_expansion": 1.0,
    "vol_contraction": 0.0,
    "vol_percentile": 8.421052631578947,
    "sent_fear_greed": 26.0,
    "sent_fear_greed_change": -1.0,
    "sent_extreme_fear": 0.0,
    "sent_extreme_greed": 0.0,
    "sent_fear": 1.0,
    "sent_greed": 0.0
  },
  "output_prediction": {
    "signal": "SHORT",
    "confidence": 0.557749968884773,
    "raw_model_outputs": {
      "xgboost": 0.2262655645608902,
      "lightgbm": 0.15049025275184413,
      "lstm": 0.3302153944969177,
      "random_forest": 0.1653446718857798,
      "weighted_average": 0.2211250155576135,
      "model_agreement": 0.7172227807880703
    }
  },
  "regime_info": {
    "regime": "ranging",
    "regime_confidence": 0.5834701124285054,
    "atr_ratio": 0.8319036669288239,
    "adx_value": 20.33059775142989,
    "is_exhausted": false,
    "is_weakening": false,
    "leverage_tier": "normal_volatility"
  },