{
  "timestamp": "2026-01-13T03:56:10.761698Z",
  "order_id": "705803070323295149",
  "stage": "Decision Making",
  "model_version": "ollama:qwen2.5:1.5b+ensemble_v1.0",
  "input_features": {
    "tech_returns_1": 0.021652832912311126,
    "tech_returns_5": 0.07221259387639734,
    "tech_returns_15": 0.2024584237165561,
    "tech_returns_60": 0.05776173285199082,
    "tech_returns_240": -0.45255369585518457,
    "tech_returns_1440": -0.171870524205085,
    "tech_rsi_14": 59.080418826064395,
    "tech_rsi_7": 67.94845890769267,
    "tech_rsi_21": 56.06040682329988,
    "tech_rsi_slope": 3.6143983473980654,
    "tech_rsi_divergence": 0.0,
    "tech_rsi_zone": 3.0,
    "tech_macd": 0.03407520406807407,
    "tech_macd_signal": 0.02670653207880155,
    "tech_macd_hist": 0.007368671989272522,
    "tech_stoch_k": 100.0,
    "tech_stoch_d": 83.78489326765114,
    "tech_ema_cross_9_21": 1.0,
    "tech_ema_cross_50_200": -1.0,
    "tech_ema_9": 138.50947432429774,
    "tech_ema_21": 138.47523759020856,
    "tech_ema_50": 138.44370392925828,
    "tech_price_ema_9_pct": 0.05091758238656397,
    "tech_price_ema_21_pct": 0.07565425531276038,
    "tech_adx": 18.740858392605496,
    "tech_adx_7": 36.52487827777281,
    "tech_adx_10": 25.51277643826628,
    "tech_adx_roc_5": -1.1248009742289362,
    "tech_adx_slope_3": 1.2004783291785301,
    "tech_adx_deceleration": 0.9012886633792565,
    "tech_plus_di": 29.14441092658928,
    "tech_minus_di": 17.121478186357265,
    "tech_di_crossover": 0.0,
    "tech_atr_14": 0.07380916958691937,
    "tech_atr_pct": 0.05326105468820852,
    "tech_atr_14_avg": 0.10574271237946994,
    "tech_bb_upper": 138.62561119876256,
    "tech_bb_lower": 138.29938880123746,
    "tech_bb_width": 0.23560342874431733,
    "tech_bb_position": 0.8601837301528815,
    "tech_volatility_20": 0.007352776846380354,
    "tech_volume_ratio": 0.06951111465630457,
    "tech_obv": -200830.29999999996,
    "tech_momentum_10": 0.21000000000000796,
    "tech_roc_10": 0.15176700151766642,
    "tech_high_low_range": 0.021648145475538415,
    "tech_body_ratio": 0.9999999966666666,
    "tech_swing_high_10": 138.58,
    "tech_swing_low_10": 138.37,
    "tech_price_vs_swing_high": 0.0,
    "tech_price_vs_swing_low": 0.15176700151767578,
    "tech_swing_break_up": 0.0,
    "tech_swing_break_down": 0.0,
    "tech_volume_spike": 0.0,
    "tech_volume_spike_ratio": 0.06951111465630457,
    "micro_ob_best_bid_price": 138.57,
    "micro_ob_best_ask_price": 138.58,
    "micro_ob_best_bid_size": 2964.4,
    "micro_ob_best_ask_size": 2970.7,
    "micro_ob_spread_absolute": 0.010000000000019327,
    "micro_ob_spread_percentage": 0.00721630885803307,
    "micro_ob_bid_ask_size_ratio": 0.9978792877099675,
    "micro_ob_orderbook_imbalance_5": 0.5217150196935298,
    "micro_ob_orderbook_imbalance_10": 0.6242281987519868,
    "micro_ob_orderbook_imbalance_20": 0.6509776794476744,
    "micro_ob_orderbook_vwap": 138.53375804629297,
    "micro_ob_buy_impact_0.1": 0.0,
    "micro_ob_sell_impact_0.1": 0.0,
    "micro_ob_buy_impact_1.0": 0.0,
    "micro_ob_sell_impact_1.0": 0.0,
    "micro_ob_buy_impact_10.0": 0.0,
    "micro_ob_sell_impact_10.0": 0.0,
    "micro_ob_bid_depth_concentration": 0.37057522634618845,
    "micro_ob_ask_depth_concentration": 0.5509571180536598,
    "micro_ob_bid_levels": 15,
    "micro_ob_ask_levels": 15,
    "micro_ob_total_bid_volume": 43318.6,
    "micro_ob_total_ask_volume": 9157.7,
    "micro_ob_total_orderbook_volume": 52476.3,
    "micro_ob_order_flow_imbalance": 0.6509776794476744,
    "micro_ob_depth_imbalance_1": -0.0010614816936529673,
    "micro_ob_depth_imbalance_5": 0.5217150196935298,
    "micro_ob_depth_imbalance_10": 0.6242281987519868,
    "micro_ob_depth_imbalance_20": 0.6509776794476744,
    "micro_fr_funding_rate_current": -1.037e-05,
    "micro_fr_funding_rate_abs": 1.037e-05,
    "micro_fr_funding_rate_mean": 2.355367647058823e-05,
    "micro_fr_funding_rate_std": 3.653889603215004e-05,
    "micro_fr_funding_rate_min": -1.199e-05,
    "micro_fr_funding_rate_max": 0.0001,
    "micro_fr_funding_rate_skew": 0.7888224218737006,
    "micro_fr_funding_rate_kurtosis": -0.7704072182302961,
    "micro_fr_funding_rate_trend": -9.439999999999991e-07,
    "micro_fr_funding_rate_change": -1.07e-06,
    "micro_fr_funding_rate_change_abs": 1.07e-06,
    "micro_fr_funding_rate_positive": 0.0,
    "micro_fr_funding_rate_negative": 1.0,
    "micro_fr_funding_rate_high": 0.0,
    "micro_fr_funding_rate_extreme": 0.0,
    "micro_fr_hours_to_next_funding": 0.0,
    "micro_fr_funding_imminent": 1.0,
    "micro_vp_volume_current": 872.676,
    "micro_vp_volume_mean": 741.39706,
    "micro_vp_volume_std": 506.4383235593614,
    "micro_vp_volume_max": 4295.05,
    "micro_vp_volume_sum": 74139.706,
    "micro_vp_volume_ratio": 1.1770696797745597,
    "micro_vp_large_volume_trade": 0.0,
    "micro_vp_recent_vwap": 138.5529940752665,
    "micro_vp_price_vwap_deviation_pct": -0.02381332535373673,
    "micro_vp_price_clustering": 0.16604261717038601,
    "micro_vp_volume_trend": -65.06227272727271,
    "micro_of_order_flow_imbalance": 0.6509776794476744,
    "micro_of_trade_flow_buy_pressure": 0.8254888397238371,
    "micro_of_trade_flow_sell_pressure": 0.17451116027616276,
    "micro_of_kyles_lambda_buy": 0.0,
    "micro_of_kyles_lambda_sell": 0.0,
    "micro_of_kyles_lambda_avg": 0.0,
    "micro_of_amihud_illiquidity": 0.02435888004391414,
    "micro_of_spread_dynamics_current": 0.00721630885803307,
    "micro_micro_funding_arbitrage": 0.0,
    "micro_micro_orderbook_pressure": 1.0,
    "micro_micro_liquidity_score": 1.0,
    "micro_micro_volume_spike": 0.0,
    "micro_micro_oi_divergence": 0.0,
    "micro_micro_composite_score": 0.5,
    "fee_maker_rate": 0.0002,
    "fee_taker_rate": 0.0008,
    "fee_round_trip_cost": 0.0016,
    "fee_breakeven_move_pct": 0.16,
    "fee_net_profit_threshold": 0.16,
    "time_hour_sin": 0.7071067811865475,
    "time_hour_cos": 0.7071067811865476,
    "time_day_sin": 0.7818314824680298,
    "time_day_cos": 0.6234898018587336,
    "time_day_of_week": 1.0,
    "time_is_asian": 1.0,
    "time_is_london": 0.0,
    "time_is_ny": 0.0,
    "time_is_london_ny_overlap": 0.0,
    "time_is_weekend": 0.0,
    "time_is_us_market_hours": 0.0,
    "cross_btc_return_1m": 0.0,
    "cross_btc_return_5m": 0.09061663138425077,
    "cross_btc_return_15m": 0.0764709426851412,
    "cross_btc_correlation": 0.6878304222338979,
    "cross_btc_lead_indicator": 0.09061663138425077,
    "cross_eth_btc_ratio_change": 0.02443119669959495,
    "vol_realized_5m": 7.694549488736205,
    "vol_realized_15m": 7.568560143449095,
    "vol_realized_1h": 6.238099176868651,
    "vol_realized_4h": 3.0154661325908094,
    "vol_ratio_5m_1h": 1.233476620132649,
    "vol_ratio_15m_4h": 2.5099138277989503,
    "vol_regime": 0.0,
    "vol_expansion": 0.0,
    "vol_contraction": 0.0,
    "vol_percentile": 12.631578947368421,
    "sent_fear_greed": 26.0,
    "sent_fear_greed_change": -1.0,
    "sent_extreme_fear": 0.0,
    "sent_extreme_greed": 0.0,
    "sent_fear": 1.0,
    "sent_greed": 0.0
  },
  "output_prediction": {
    "signal": "SHORT",
    "confidence": 0.581697967745588,
    "raw_model_outputs": {
      "xgboost": 0.18358194828033447,
      "lightgbm": 0.1711515038551056,
      "lstm": 0.2784103751182556,
      "random_forest": 0.20842979459766547,
      "weighted_average": 0.209151016127206,
      "model_agreement": 0.8340006625702863
    }
  },
  "regime_info": {
    "regime": "ranging",
    "regime_confidence": 0.6629570803697252,
    "atr_ratio": 0.6980071527014233,
    "adx_value": 18.740858392605496,
    "is_exhausted": false,
    "is_weakening": false,
    "leverage_tier": "normal_volatility"
  },