{
  "timestamp": "2026-01-13T05:58:42.490524Z",
  "order_id": "705833912986764205",
  "stage": "Decision Making",
  "model_version": "ollama:qwen2.5:1.5b+ensemble_v1.0",
  "input_features": {
    "tech_returns_1": -0.025529742149599244,
    "tech_returns_5": -0.05104645227156368,
    "tech_returns_15": -0.22929936305732257,
    "tech_returns_60": 0.772002058672161,
    "tech_returns_240": 1.529686284677223,
    "tech_returns_1440": -0.9214230867673386,
    "tech_rsi_14": 41.37086138574805,
    "tech_rsi_7": 34.669609985498724,
    "tech_rsi_21": 46.195698081833356,
    "tech_rsi_slope": -1.1076887324206837,
    "tech_rsi_divergence": 0.0,
    "tech_rsi_zone": 2.0,
    "tech_macd": -0.00018267726681636676,
    "tech_macd_signal": -5.844361352023564e-05,
    "tech_macd_hist": -0.00012423365329613113,
    "tech_stoch_k": 4.761904761904258,
    "tech_stoch_d": 9.52380952380854,
    "tech_ema_cross_9_21": -1.0,
    "tech_ema_cross_50_200": 1.0,
    "tech_ema_9": 0.39193213899243756,
    "tech_ema_21": 0.39219392362967964,
    "tech_ema_50": 0.3918296789903065,
    "tech_price_ema_9_pct": -0.08474400524830833,
    "tech_price_ema_21_pct": -0.15143621405017918,
    "tech_adx": 27.205631721495937,
    "tech_adx_7": 43.281326321753966,
    "tech_adx_10": 34.816323538510574,
    "tech_adx_roc_5": 4.963622937924345,
    "tech_adx_slope_3": 1.066019101784697,
    "tech_adx_deceleration": 0.22318224420250665,
    "tech_plus_di": 14.999917436237101,
    "tech_minus_di": 31.857807570898046,
    "tech_di_crossover": 0.0,
    "tech_atr_14": 0.0003903920464786672,
    "tech_atr_pct": 0.09969153383009886,
    "tech_atr_14_avg": 0.0005228858650041805,
    "tech_bb_upper": 0.39325084965978485,
    "tech_bb_lower": 0.3913591503402152,
    "tech_bb_width": 0.4822011749964117,
    "tech_bb_position": 0.127319208339946,
    "tech_volatility_20": 0.015433973031594831,
    "tech_volume_ratio": 0.3859466943579093,
    "tech_obv": -426380.0,
    "tech_momentum_10": -0.0013000000000000234,
    "tech_roc_10": -0.3308729956732037,
    "tech_high_low_range": 0.025536261491314858,
    "tech_body_ratio": 0.9999990000010001,
    "tech_swing_high_10": 0.3936,
    "tech_swing_low_10": 0.3915,
    "tech_price_vs_swing_high": -0.5081300813008134,
    "tech_price_vs_swing_low": 0.025542784163471003,
    "tech_swing_break_up": 0.0,
    "tech_swing_break_down": 0.0,
    "tech_volume_spike": 0.0,
    "tech_volume_spike_ratio": 0.3859466943579093,
    "micro_ob_best_bid_price": 0.3915,
    "micro_ob_best_ask_price": 0.3916,
    "micro_ob_best_bid_size": 815840.0,
    "micro_ob_best_ask_size": 917340.0,
    "micro_ob_spread_absolute": 9.999999999998899e-05,
    "micro_ob_spread_percentage": 0.0255395224109281,
    "micro_ob_bid_ask_size_ratio": 0.8893540017877777,
    "micro_ob_orderbook_imbalance_5": -0.21114117004396118,
    "micro_ob_orderbook_imbalance_10": -0.26591250800470123,
    "micro_ob_orderbook_imbalance_20": -0.31127261703188797,
    "micro_ob_orderbook_vwap": 0.39182439399959906,
    "micro_ob_buy_impact_0.1": 0.0,
    "micro_ob_sell_impact_0.1": 0.0,
    "micro_ob_buy_impact_1.0": 0.0,
    "micro_ob_sell_impact_1.0": 0.0,
    "micro_ob_buy_impact_10.0": 0.0,
    "micro_ob_sell_impact_10.0": 0.0,
    "micro_ob_bid_depth_concentration": 0.4210999161302148,
    "micro_ob_ask_depth_concentration": 0.3395744370498678,
    "micro_ob_bid_levels": 15,
    "micro_ob_ask_levels": 15,
    "micro_ob_total_bid_volume": 7201640.0,
    "micro_ob_total_ask_volume": 13711250.0,
    "micro_ob_total_orderbook_volume": 20912890.0,
    "micro_ob_order_flow_imbalance": -0.31127261703188797,
    "micro_ob_depth_imbalance_1": -0.058562872869523074,
    "micro_ob_depth_imbalance_5": -0.21114117004396118,
    "micro_ob_depth_imbalance_10": -0.26591250800470123,
    "micro_ob_depth_imbalance_20": -0.31127261703188797,
    "micro_fr_funding_rate_current": 3.855e-05,
    "micro_fr_funding_rate_abs": 3.855e-05,
    "micro_fr_funding_rate_mean": 2.0769239130434784e-05,
    "micro_fr_funding_rate_std": 5.020582456322425e-05,
    "micro_fr_funding_rate_min": -4.307e-05,
    "micro_fr_funding_rate_max": 0.0001,
    "micro_fr_funding_rate_skew": 0.3993423907856766,
    "micro_fr_funding_rate_kurtosis": -1.3142682887649337,
    "micro_fr_funding_rate_trend": 6.5879999999999994e-06,
    "micro_fr_funding_rate_change": 5.440000000000002e-06,
    "micro_fr_funding_rate_change_abs": 5.440000000000002e-06,
    "micro_fr_funding_rate_positive": 1.0,
    "micro_fr_funding_rate_negative": 0.0,
    "micro_fr_funding_rate_high": 0.0,
    "micro_fr_funding_rate_extreme": 0.0,
    "micro_fr_hours_to_next_funding": 0.0,
    "micro_fr_funding_imminent": 1.0,
    "micro_vp_volume_current": 66.589,
    "micro_vp_volume_mean": 46.64293,
    "micro_vp_volume_std": 22.552426627418612,
    "micro_vp_volume_max": 82.257,
    "micro_vp_volume_sum": 4664.293,
    "micro_vp_volume_ratio": 1.4276332983369613,
    "micro_vp_large_volume_trade": 0.0,
    "micro_vp_recent_vwap": 0.3916283007306788,
    "micro_vp_price_vwap_deviation_pct": 0.0183079897922188,
    "micro_vp_price_clustering": 2.220446049250313e-16,
    "micro_vp_volume_trend": 2.2315030303030334,
    "micro_of_order_flow_imbalance": -0.31127261703188797,
    "micro_of_trade_flow_buy_pressure": 0.344363691484056,
    "micro_of_trade_flow_sell_pressure": 0.655636308515944,
    "micro_of_kyles_lambda_buy": 0.0,
    "micro_of_kyles_lambda_sell": 0.0,
    "micro_of_kyles_lambda_avg": 0.0,
    "micro_of_amihud_illiquidity": 0.9494803623665846,
    "micro_of_spread_dynamics_current": 0.0255395224109281,
    "micro_micro_funding_arbitrage": 0.0,
    "micro_micro_orderbook_pressure": -0.5,
    "micro_micro_liquidity_score": 1.0,
    "micro_micro_volume_spike": 0.0,
    "micro_micro_oi_divergence": 0.0,
    "micro_micro_composite_score": 0.35,
    "fee_maker_rate": 0.0002,
    "fee_taker_rate": 0.0008,
    "fee_round_trip_cost": 0.0016,
    "fee_breakeven_move_pct": 0.16,
    "fee_net_profit_threshold": 0.16,
    "time_hour_sin": 0.9659258262890683,
    "time_hour_cos": 0.25881904510252074,
    "time_day_sin": 0.7818314824680298,
    "time_day_cos": 0.6234898018587336,
    "time_day_of_week": 1.0,
    "time_is_asian": 1.0,
    "time_is_london": 0.0,
    "time_is_ny": 0.0,
    "time_is_london_ny_overlap": 0.0,
    "time_is_weekend": 0.0,
    "time_is_us_market_hours": 0.0,
    "cross_btc_return_1m": -0.038406761330797935,
    "cross_btc_return_5m": -0.1079642380692867,
    "cross_btc_return_15m": 0.004245050434474089,
    "cross_btc_correlation": 0.8444986635305909,
    "cross_btc_lead_indicator": -0.1079642380692867,
    "cross_eth_btc_ratio_change": -0.1459452036867097,
    "vol_realized_5m": 6.620156418321479,
    "vol_realized_15m": 20.356793954963827,
    "vol_realized_1h": 11.55941016216072,
    "vol_realized_4h": 4.245275331601101,
    "vol_ratio_5m_1h": 0.5727071126857584,
    "vol_ratio_15m_4h": 4.795164592371983,
    "vol_regime": 0.0,
    "vol_expansion": 0.0,
    "vol_contraction": 0.0,
    "vol_percentile": 7.368421052631578,
    "sent_fear_greed": 26.0,
    "sent_fear_greed_change": -1.0,
    "sent_extreme_fear": 0.0,
    "sent_extreme_greed": 0.0,
    "sent_fear": 1.0,
    "sent_greed": 0.0
  },
  "output_prediction": {
    "signal": "SHORT",
    "confidence": 0.5932933797508197,
    "raw_model_outputs": {
      "xgboost": 0.3011617660522461,
      "lightgbm": 0.03466594960345851,
      "lstm": 0.213686004281044,
      "random_forest": 0.2545839368372117,
      "weighted_average": 0.20335331012459015,
      "model_agreement": 0.596358741913537
    }
  },
  "regime_info": {
    "regime": "trending",
    "regime_confidence": 0.6264675806579513,
    "atr_ratio": 0.7466104414116185,
    "adx_value": 27.205631721495937,
    "is_exhausted": false,
    "is_weakening": false,
    "leverage_tier": "normal_volatility"
  },