{
  "timestamp": "2026-01-13T03:53:18.022548Z",
  "order_id": "705802351847408557",
  "stage": "Decision Making",
  "model_version": "ollama:qwen2.5:1.5b+ensemble_v1.0",
  "input_features": {
    "tech_returns_1": 0.0,
    "tech_returns_5": -0.03844515103685886,
    "tech_returns_15": -0.06810765827912624,
    "tech_returns_60": 0.08334448248559223,
    "tech_returns_240": 0.05174496747302193,
    "tech_returns_1440": 0.30505869769067817,
    "tech_rsi_14": 43.307372165646434,
    "tech_rsi_7": 35.97550665503988,
    "tech_rsi_21": 46.93929249813602,
    "tech_rsi_slope": 0.022331165720434143,
    "tech_rsi_divergence": 0.0,
    "tech_rsi_zone": 2.0,
    "tech_macd": -9.957352768207784,
    "tech_macd_signal": -3.5354448667865395,
    "tech_macd_hist": -6.421907901421244,
    "tech_stoch_k": 16.243654822343274,
    "tech_stoch_d": 12.379891227383778,
    "tech_ema_cross_9_21": -1.0,
    "tech_ema_cross_50_200": 1.0,
    "tech_ema_9": 91278.21319301467,
    "tech_ema_21": 91292.40679210091,
    "tech_ema_50": 91281.0864422106,
    "tech_price_ema_9_pct": -0.015790397851227503,
    "tech_price_ema_21_pct": -0.03133534661437378,
    "tech_adx": 35.95743445809438,
    "tech_adx_7": 49.01968292833701,
    "tech_adx_10": 43.40982683284637,
    "tech_adx_roc_5": 3.3574974987333235,
    "tech_adx_slope_3": 1.7259395793904417,
    "tech_adx_deceleration": -0.26552916606006605,
    "tech_plus_di": 14.368439298593266,
    "tech_minus_di": 39.219858328407064,
    "tech_di_crossover": 0.0,
    "tech_atr_14": 17.893625983383956,
    "tech_atr_pct": 0.019606487986895085,
    "tech_atr_14_avg": 30.525675231663076,
    "tech_bb_upper": 91373.40432970472,
    "tech_bb_lower": 91229.53567029528,
    "tech_bb_width": 0.15757540312267967,
    "tech_bb_position": 0.23816396041618706,
    "tech_volatility_20": 0.004197039755453347,
    "tech_volume_ratio": 0.025433103663067416,
    "tech_obv": -213.93919999999812,
    "tech_momentum_10": -32.30000000000291,
    "tech_roc_10": -0.035379386414102765,
    "tech_high_low_range": 0.0,
    "tech_body_ratio": 0.0,
    "tech_swing_high_10": 91299.0,
    "tech_swing_low_10": 91254.2,
    "tech_price_vs_swing_high": -0.038554639152670996,
    "tech_price_vs_swing_low": 0.010520063734059167,
    "tech_swing_break_up": 0.0,
    "tech_swing_break_down": 0.0,
    "tech_volume_spike": 0.0,
    "tech_volume_spike_ratio": 0.025433103663067416,
    "micro_ob_best_bid_price": 91263.7,
    "micro_ob_best_ask_price": 91263.8,
    "micro_ob_best_bid_size": 2.4387,
    "micro_ob_best_ask_size": 2.4696,
    "micro_ob_spread_absolute": 0.10000000000582077,
    "micro_ob_spread_percentage": 0.00010957253017306519,
    "micro_ob_bid_ask_size_ratio": 0.9874878522837707,
    "micro_ob_orderbook_imbalance_5": -0.12959220068957322,
    "micro_ob_orderbook_imbalance_10": -0.10020595997966934,
    "micro_ob_orderbook_imbalance_20": -0.10164332500276582,
    "micro_ob_orderbook_vwap": 91263.63903992849,
    "micro_ob_buy_impact_0.1": 0.0,
    "micro_ob_sell_impact_0.1": 0.0,
    "micro_ob_buy_impact_1.0": 0.0,
    "micro_ob_sell_impact_1.0": 0.0,
    "micro_ob_buy_impact_10.0": 0.0,
    "micro_ob_sell_impact_10.0": -1.594491043905392e-14,
    "micro_ob_bid_depth_concentration": 0.3236455037481922,
    "micro_ob_ask_depth_concentration": 0.3425123857983046,
    "micro_ob_bid_levels": 15,
    "micro_ob_ask_levels": 15,
    "micro_ob_total_bid_volume": 31.6686,
    "micro_ob_total_ask_volume": 38.8348,
    "micro_ob_total_orderbook_volume": 70.5034,
    "micro_ob_order_flow_imbalance": -0.10164332500276582,
    "micro_ob_depth_imbalance_1": -0.006295458712792602,
    "micro_ob_depth_imbalance_5": -0.12959220068957322,
    "micro_ob_depth_imbalance_10": -0.10020595997966934,
    "micro_ob_depth_imbalance_20": -0.10164332500276582,
    "micro_fr_funding_rate_current": 6.886e-05,
    "micro_fr_funding_rate_abs": 6.886e-05,
    "micro_fr_funding_rate_mean": 3.405441176470588e-05,
    "micro_fr_funding_rate_std": 1.68187324994862e-05,
    "micro_fr_funding_rate_min": 1.509e-05,
    "micro_fr_funding_rate_max": 6.886e-05,
    "micro_fr_funding_rate_skew": 0.7827645521012593,
    "micro_fr_funding_rate_kurtosis": -0.774222479257709,
    "micro_fr_funding_rate_trend": 6.539999999999938e-07,
    "micro_fr_funding_rate_change": 2.0000000000000486e-07,
    "micro_fr_funding_rate_change_abs": 2.0000000000000486e-07,
    "micro_fr_funding_rate_positive": 1.0,
    "micro_fr_funding_rate_negative": 0.0,
    "micro_fr_funding_rate_high": 0.0,
    "micro_fr_funding_rate_extreme": 0.0,
    "micro_fr_hours_to_next_funding": 0.0,
    "micro_fr_funding_imminent": 1.0,
    "micro_vp_volume_current": 282.91778,
    "micro_vp_volume_mean": 324.89912669999995,
    "micro_vp_volume_std": 749.1407246518341,
    "micro_vp_volume_max": 7675.28558,
    "micro_vp_volume_sum": 32489.912669999998,
    "micro_vp_volume_ratio": 0.8707865203381602,
    "micro_vp_large_volume_trade": 0.0,
    "micro_vp_recent_vwap": 91263.79963483187,
    "micro_vp_price_vwap_deviation_pct": 4.0012374475306135e-07,
    "micro_vp_price_clustering": 0.0,
    "micro_vp_volume_trend": 5.033336848484861,
    "micro_of_order_flow_imbalance": -0.10164332500276582,
    "micro_of_trade_flow_buy_pressure": 0.44917833749861713,
    "micro_of_trade_flow_sell_pressure": 0.550821662501383,
    "micro_of_kyles_lambda_buy": 0.0,
    "micro_of_kyles_lambda_sell": -1.5944910439053922e-15,
    "micro_of_kyles_lambda_avg": -7.972455219526961e-16,
    "micro_of_amihud_illiquidity": 0.006376807001130189,
    "micro_of_spread_dynamics_current": 0.00010957253017306519,
    "micro_micro_funding_arbitrage": 0.0,
    "micro_micro_orderbook_pressure": 0.0,
    "micro_micro_liquidity_score": 0.5,
    "micro_micro_volume_spike": 0.0,
    "micro_micro_oi_divergence": 0.0,
    "micro_micro_composite_score": 0.1,
    "fee_maker_rate": 0.0002,
    "fee_taker_rate": 0.0008,
    "fee_round_trip_cost": 0.0016,
    "fee_breakeven_move_pct": 0.16,
    "fee_net_profit_threshold": 0.16,
    "time_hour_sin": 0.7071067811865475,
    "time_hour_cos": 0.7071067811865476,
    "time_day_sin": 0.7818314824680298,
    "time_day_cos": 0.6234898018587336,
    "time_day_of_week": 1.0,
    "time_is_asian": 1.0,
    "time_is_london": 0.0,
    "time_is_ny": 0.0,
    "time_is_london_ny_overlap": 0.0,
    "time_is_weekend": 0.0,
    "time_is_us_market_hours": 0.0,
    "cross_btc_return_1m": 0.0,
    "cross_btc_return_5m": -0.03844515103685945,
    "cross_btc_return_15m": -0.06810765827912871,
    "cross_btc_correlation": 1.0,
    "cross_btc_lead_indicator": 0.0,
    "cross_eth_btc_ratio_change": 0.024425443220565213,
    "vol_realized_5m": 3.522164642861009,
    "vol_realized_15m": 3.9076564144388897,
    "vol_realized_1h": 3.2842441956815405,
    "vol_realized_4h": 1.5447271601081907,
    "vol_ratio_5m_1h": 1.0724429832264941,
    "vol_ratio_15m_4h": 2.5296741815332635,
    "vol_regime": 0.0,
    "vol_expansion": 0.0,
    "vol_contraction": 0.0,
    "vol_percentile": 5.263157894736842,
    "sent_fear_greed": 26.0,
    "sent_fear_greed_change": -1.0,
    "sent_extreme_fear": 0.0,
    "sent_extreme_greed": 0.0,
    "sent_fear": 1.0,
    "sent_greed": 0.0
  },
  "output_prediction": {
    "signal": "SHORT",
    "confidence": 0.5750983820934801,
    "raw_model_outputs": {
      "xgboost": 0.11588336527347565,
      "lstm": 0.35744085907936096,
      "random_forest": 0.176064359661246,
      "weighted_average": 0.21245080895325996,
      "model_agreement": 0.5893220576430007
    }
  },
  "regime_info": {
    "regime": "trending",
    "regime_confidence": 0.7314892134971326,
    "atr_ratio": 0.586182806689354,
    "adx_value": 35.95743445809438,
    "is_exhausted": false,
    "is_weakening": false,
    "leverage_tier": "normal_volatility"
  },