{
  "timestamp": "2026-01-09T01:49:35.748538Z",
  "order_id": "704321664522912685",
  "stage": "Decision Making",
  "model_version": "ollama:qwen2.5:1.5b+ensemble_v1.0",
  "input_features": {
    "tech_returns_1": 0.02932617473887511,
    "tech_returns_5": 0.19852862847384856,
    "tech_returns_15": -0.12291811465493518,
    "tech_returns_60": -0.36848964184604815,
    "tech_returns_240": -0.4288954258639621,
    "tech_returns_1440": -3.4450645969078106,
    "tech_rsi_14": 50.3465048220837,
    "tech_rsi_7": 61.382786716122226,
    "tech_rsi_21": 48.56126916456625,
    "tech_rsi_slope": 2.268427976363764,
    "tech_rsi_divergence": 0.0,
    "tech_rsi_zone": 3.0,
    "tech_macd": -2.8247462385174913,
    "tech_macd_signal": -3.787158651948511,
    "tech_macd_hist": 0.9624124134310197,
    "tech_stoch_k": 97.26607624181737,
    "tech_stoch_d": 74.54015767163224,
    "tech_ema_cross_9_21": -1.0,
    "tech_ema_cross_50_200": -1.0,
    "tech_ema_9": 3100.4794486509577,
    "tech_ema_21": 3102.44680236705,
    "tech_ema_50": 3106.5949890583233,
    "tech_price_ema_9_pct": 0.11161342645080502,
    "tech_price_ema_21_pct": 0.048129677253793135,
    "tech_adx": 24.570973929749368,
    "tech_adx_7": 44.592783406657375,
    "tech_adx_10": 26.210145665446298,
    "tech_adx_roc_5": -15.025651375252263,
    "tech_adx_slope_3": -2.367290774347456,
    "tech_adx_deceleration": 0.6644915677827345,
    "tech_plus_di": 34.47125780149053,
    "tech_minus_di": 25.996010126165903,
    "tech_di_crossover": 0.0,
    "tech_atr_14": 4.176751614564038,
    "tech_atr_pct": 0.1345628979478997,
    "tech_atr_14_avg": 6.291462609558574,
    "tech_bb_upper": 3128.1563123988344,
    "tech_bb_lower": 3077.9736876011657,
    "tech_bb_width": 1.6171954115582083,
    "tech_bb_position": 0.5174363139339146,
    "tech_volatility_20": 0.031808853315752374,
    "tech_volume_ratio": 0.10456564103452784,
    "tech_obv": -44069.74200000003,
    "tech_momentum_10": 9.75,
    "tech_roc_10": 0.3151066999764085,
    "tech_high_low_range": 0.05927949638202238,
    "tech_body_ratio": 0.4945652173643076,
    "tech_swing_high_10": 3104.65,
    "tech_swing_low_10": 3091.89,
    "tech_price_vs_swing_high": -0.022868922422818558,
    "tech_price_vs_swing_low": 0.3897292594497276,
    "tech_swing_break_up": 1.0,
    "tech_swing_break_down": 0.0,
    "tech_volume_spike": 0.0,
    "tech_volume_spike_ratio": 0.10456564103452784,
    "micro_ob_best_bid_price": 3103.94,
    "micro_ob_best_ask_price": 3103.95,
    "micro_ob_best_bid_size": 45.423,
    "micro_ob_best_ask_size": 40.696,
    "micro_ob_spread_absolute": 0.009999999999763531,
    "micro_ob_spread_percentage": 0.00032217065701111114,
    "micro_ob_bid_ask_size_ratio": 1.1161539217613525,
    "micro_ob_orderbook_imbalance_5": -0.8344221829710814,
    "micro_ob_orderbook_imbalance_10": -0.772365866868919,
    "micro_ob_orderbook_imbalance_20": -0.8386635901810647,
    "micro_ob_orderbook_vwap": 3103.956833003284,
    "micro_ob_buy_impact_0.1": 0.0,
    "micro_ob_sell_impact_0.1": 0.0,
    "micro_ob_buy_impact_1.0": 0.0,
    "micro_ob_sell_impact_1.0": 0.0,
    "micro_ob_buy_impact_10.0": 0.0,
    "micro_ob_sell_impact_10.0": 0.0,
    "micro_ob_bid_depth_concentration": 0.4900318237989524,
    "micro_ob_ask_depth_concentration": 0.47637782619480695,
    "micro_ob_bid_levels": 15,
    "micro_ob_ask_levels": 15,
    "micro_ob_total_bid_volume": 182.882,
    "micro_ob_total_ask_volume": 2084.207,
    "micro_ob_total_orderbook_volume": 2267.089,
    "micro_ob_order_flow_imbalance": -0.8386635901810647,
    "micro_ob_depth_imbalance_1": 0.05488916499262653,
    "micro_ob_depth_imbalance_5": -0.8344221829710814,
    "micro_ob_depth_imbalance_10": -0.772365866868919,
    "micro_ob_depth_imbalance_20": -0.8386635901810647,
    "micro_fr_funding_rate_current": 8.352e-05,
    "micro_fr_funding_rate_abs": 8.352e-05,
    "micro_fr_funding_rate_mean": 3.7940100000000006e-05,
    "micro_fr_funding_rate_std": 3.229030205789348e-05,
    "micro_fr_funding_rate_min": -6.55e-06,
    "micro_fr_funding_rate_max": 8.408e-05,
    "micro_fr_funding_rate_skew": -0.15302144883545926,
    "micro_fr_funding_rate_kurtosis": -1.6657402947770032,
    "micro_fr_funding_rate_trend": 1.0229999999999958e-06,
    "micro_fr_funding_rate_change": -5.599999999999946e-07,
    "micro_fr_funding_rate_change_abs": 5.599999999999946e-07,
    "micro_fr_funding_rate_positive": 1.0,
    "micro_fr_funding_rate_negative": 0.0,
    "micro_fr_funding_rate_high": 0.0,
    "micro_fr_funding_rate_extreme": 0.0,
    "micro_fr_hours_to_next_funding": 0.0,
    "micro_fr_funding_imminent": 1.0,
    "micro_vp_volume_current": 99.30624,
    "micro_vp_volume_mean": 5208.2396784,
    "micro_vp_volume_std": 18177.10369067058,
    "micro_vp_volume_max": 137684.13124,
    "micro_vp_volume_sum": 520823.96784,
    "micro_vp_volume_ratio": 0.01906714094050822,
    "micro_vp_large_volume_trade": 0.0,
    "micro_vp_recent_vwap": 3104.0227730137926,
    "micro_vp_price_vwap_deviation_pct": -0.022640717068906108,
    "micro_vp_price_clustering": 0.26019262575261576,
    "micro_vp_volume_trend": 2162.6687433939405,
    "micro_of_order_flow_imbalance": -0.8386635901810647,
    "micro_of_trade_flow_buy_pressure": 0.0806682049094676,
    "micro_of_trade_flow_sell_pressure": 0.9193317950905324,
    "micro_of_kyles_lambda_buy": 0.0,
    "micro_of_kyles_lambda_sell": 0.0,
    "micro_of_kyles_lambda_avg": 0.0,
    "micro_of_amihud_illiquidity": 0.1712338360320059,
    "micro_of_spread_dynamics_current": 0.00032217065701111114,
    "micro_micro_funding_arbitrage": 0.0,
    "micro_micro_orderbook_pressure": -1.0,
    "micro_micro_liquidity_score": 1.0,
    "micro_micro_volume_spike": 0.0,
    "micro_micro_oi_divergence": 0.0,
    "micro_micro_composite_score": 0.5,
    "fee_maker_rate": 0.0002,
    "fee_taker_rate": 0.0008,
    "fee_round_trip_cost": 0.0016,
    "fee_breakeven_move_pct": 0.16,
    "fee_net_profit_threshold": 0.16,
    "time_hour_sin": 0.25881904510252074,
    "time_hour_cos": 0.9659258262890683,
    "time_day_sin": -0.433883739117558,
    "time_day_cos": -0.9009688679024191,
    "time_day_of_week": 4.0,
    "time_is_asian": 1.0,
    "time_is_london": 0.0,
    "time_is_ny": 0.0,
    "time_is_london_ny_overlap": 0.0,
    "time_is_weekend": 0.0,
    "time_is_us_market_hours": 0.0,
    "cross_btc_return_1m": 0.005385615570357769,
    "cross_btc_return_5m": 0.08436794985881522,
    "cross_btc_return_15m": -0.11252545545364226,
    "cross_btc_correlation": 0.9703567973157978,
    "cross_btc_lead_indicator": 0.08436794985881522,
    "cross_eth_btc_ratio_change": -0.010404366762387365,
    "vol_realized_5m": 9.815366341110504,
    "vol_realized_15m": 26.146661014061156,
    "vol_realized_1h": 15.837079137553713,
    "vol_realized_4h": 4.444253433462725,
    "vol_ratio_5m_1h": 0.6197712504849326,
    "vol_ratio_15m_4h": 5.883251575437064,
    "vol_regime": 1.0,
    "vol_expansion": 0.0,
    "vol_contraction": 0.0,
    "vol_percentile": 35.78947368421053,
    "sent_fear_greed": 27.0,
    "sent_fear_greed_change": -1.0,
    "sent_extreme_fear": 0.0,
    "sent_extreme_greed": 0.0,
    "sent_fear": 1.0,
    "sent_greed": 0.0
  },
  "output_prediction": {
    "signal": "SHORT",
    "confidence": 0.5921238217322975,
    "raw_model_outputs": {
      "xgboost": 0.19698691368103027,
      "lightgbm": 0.13815389904725178,
      "lstm": 0.16399548947811127,
      "random_forest": 0.34652333204042657,
      "weighted_average": 0.20393808913385125,
      "model_agreement": 0.6770248928942998
    }
  },
  "regime_info": {
    "regime": "ranging",
    "regime_confidence": 0.5,
    "atr_ratio": 0.6638760926939833,
    "adx_value": 24.570973929749368,
    "is_exhausted": false,
    "is_weakening": false,
    "leverage_tier": "normal_volatility"
  },