{
  "timestamp": "2026-01-09T01:15:14.043522Z",
  "order_id": "704313020045591469",
  "stage": "Decision Making",
  "model_version": "ollama:qwen2.5:1.5b+ensemble_v1.0",
  "input_features": {
    "tech_returns_1": 0.0,
    "tech_returns_5": -0.07543374402816383,
    "tech_returns_15": -0.05030181086519425,
    "tech_returns_60": 0.3028773346794411,
    "tech_returns_240": 0.7351077313054288,
    "tech_returns_1440": -5.320966560898214,
    "tech_rsi_14": 50.35843237940574,
    "tech_rsi_7": 47.918132075786055,
    "tech_rsi_21": 52.14239909940748,
    "tech_rsi_slope": 7.105427357601002e-15,
    "tech_rsi_divergence": 0.0,
    "tech_rsi_zone": 3.0,
    "tech_macd": 3.901382094273487e-05,
    "tech_macd_signal": 8.776672062302532e-05,
    "tech_macd_hist": -4.8752899680290455e-05,
    "tech_stoch_k": 30.76923076922814,
    "tech_stoch_d": 30.76923076922814,
    "tech_ema_cross_9_21": -1.0,
    "tech_ema_cross_50_200": 1.0,
    "tech_ema_9": 0.3974183907515584,
    "tech_ema_21": 0.3974223035021878,
    "tech_ema_50": 0.3971848810841311,
    "tech_price_ema_9_pct": -0.004627554231606416,
    "tech_price_ema_21_pct": -0.00561204089234649,
    "tech_adx": 16.374935090748014,
    "tech_adx_7": 19.015108520888457,
    "tech_adx_10": 16.55868277273759,
    "tech_adx_roc_5": -6.554891779087768,
    "tech_adx_slope_3": -2.4454947074389235,
    "tech_adx_deceleration": -0.019096565094548268,
    "tech_plus_di": 28.5748712631198,
    "tech_minus_di": 27.66677798758631,
    "tech_di_crossover": 0.0,
    "tech_atr_14": 0.0002621010654459494,
    "tech_atr_pct": 0.06595396714794902,
    "tech_atr_14_avg": 0.0003125111476444447,
    "tech_bb_upper": 0.39793782883049905,
    "tech_bb_lower": 0.397012171169501,
    "tech_bb_width": 0.23288449864722516,
    "tech_bb_position": 0.4189765253828493,
    "tech_volatility_20": 0.0077311779121072835,
    "tech_volume_ratio": 0.2489405497033539,
    "tech_obv": 656200.0,
    "tech_momentum_10": -0.00030000000000002247,
    "tech_roc_10": -0.07543374402816383,
    "tech_high_low_range": 0.025163563160554733,
    "tech_body_ratio": 0.0,
    "tech_swing_high_10": 0.3978,
    "tech_swing_low_10": 0.397,
    "tech_price_vs_swing_high": -0.1005530417295152,
    "tech_price_vs_swing_low": 0.10075566750628612,
    "tech_swing_break_up": 0.0,
    "tech_swing_break_down": 0.0,
    "tech_volume_spike": 0.0,
    "tech_volume_spike_ratio": 0.2489405497033539,
    "micro_ob_best_bid_price": 0.3975,
    "micro_ob_best_ask_price": 0.3976,
    "micro_ob_best_bid_size": 862450.0,
    "micro_ob_best_ask_size": 943890.0,
    "micro_ob_spread_absolute": 9.999999999998899e-05,
    "micro_ob_spread_percentage": 0.0251540686706047,
    "micro_ob_bid_ask_size_ratio": 0.9137187596012247,
    "micro_ob_orderbook_imbalance_5": -0.004861420856135872,
    "micro_ob_orderbook_imbalance_10": 0.10266804836262296,
    "micro_ob_orderbook_imbalance_20": 0.10785379870345418,
    "micro_ob_orderbook_vwap": 0.39746178855767217,
    "micro_ob_buy_impact_0.1": 0.0,
    "micro_ob_sell_impact_0.1": 0.0,
    "micro_ob_buy_impact_1.0": 0.0,
    "micro_ob_sell_impact_1.0": 0.0,
    "micro_ob_buy_impact_10.0": 0.0,
    "micro_ob_sell_impact_10.0": 0.0,
    "micro_ob_bid_depth_concentration": 0.37379325828281856,
    "micro_ob_ask_depth_concentration": 0.4687059800107325,
    "micro_ob_bid_levels": 15,
    "micro_ob_ask_levels": 15,
    "micro_ob_total_bid_volume": 11848020.0,
    "micro_ob_total_ask_volume": 9541120.0,
    "micro_ob_total_orderbook_volume": 21389140.0,
    "micro_ob_order_flow_imbalance": 0.10785379870345418,
    "micro_ob_depth_imbalance_1": -0.04508564279150105,
    "micro_ob_depth_imbalance_5": -0.004861420856135872,
    "micro_ob_depth_imbalance_10": 0.10266804836262296,
    "micro_ob_depth_imbalance_20": 0.10785379870345418,
    "micro_fr_funding_rate_current": -8.3e-06,
    "micro_fr_funding_rate_abs": 8.3e-06,
    "micro_fr_funding_rate_mean": 2.02121e-05,
    "micro_fr_funding_rate_std": 1.5950224468326455e-05,
    "micro_fr_funding_rate_min": -8.3e-06,
    "micro_fr_funding_rate_max": 6.531e-05,
    "micro_fr_funding_rate_skew": 1.0710882221220122,
    "micro_fr_funding_rate_kurtosis": 0.8705347591690331,
    "micro_fr_funding_rate_trend": -2.3410000000000005e-06,
    "micro_fr_funding_rate_change": -2.0000000000000003e-06,
    "micro_fr_funding_rate_change_abs": 2.0000000000000003e-06,
    "micro_fr_funding_rate_positive": 0.0,
    "micro_fr_funding_rate_negative": 1.0,
    "micro_fr_funding_rate_high": 0.0,
    "micro_fr_funding_rate_extreme": 0.0,
    "micro_fr_hours_to_next_funding": 0.0,
    "micro_fr_funding_imminent": 1.0,
    "micro_vp_volume_current": 15.888,
    "micro_vp_volume_mean": 66.28657,
    "micro_vp_volume_std": 79.66230421589059,
    "micro_vp_volume_max": 385.478,
    "micro_vp_volume_sum": 6628.656999999999,
    "micro_vp_volume_ratio": 0.23968656094288784,
    "micro_vp_large_volume_trade": 0.0,
    "micro_vp_recent_vwap": 0.3974015051766896,
    "micro_vp_price_vwap_deviation_pct": -0.0507056903571632,
    "micro_vp_price_clustering": 1.9484892017895874,
    "micro_vp_volume_trend": 9.339745454545458,
    "micro_of_order_flow_imbalance": 0.10785379870345418,
    "micro_of_trade_flow_buy_pressure": 0.5539268993517271,
    "micro_of_trade_flow_sell_pressure": 0.44607310064827294,
    "micro_of_kyles_lambda_buy": 0.0,
    "micro_of_kyles_lambda_sell": 0.0,
    "micro_of_kyles_lambda_avg": 0.0,
    "micro_of_amihud_illiquidity": 0.9965219557911155,
    "micro_of_spread_dynamics_current": 0.0251540686706047,
    "micro_micro_funding_arbitrage": 0.0,
    "micro_micro_orderbook_pressure": 0.0,
    "micro_micro_liquidity_score": 1.0,
    "micro_micro_volume_spike": 0.0,
    "micro_micro_oi_divergence": 0.0,
    "micro_micro_composite_score": 0.2,
    "fee_maker_rate": 0.0002,
    "fee_taker_rate": 0.0008,
    "fee_round_trip_cost": 0.0016,
    "fee_breakeven_move_pct": 0.16,
    "fee_net_profit_threshold": 0.16,
    "time_hour_sin": 0.25881904510252074,
    "time_hour_cos": 0.9659258262890683,
    "time_day_sin": -0.433883739117558,
    "time_day_cos": -0.9009688679024191,
    "time_day_of_week": 4.0,
    "time_is_asian": 1.0,
    "time_is_london": 0.0,
    "time_is_ny": 0.0,
    "time_is_london_ny_overlap": 0.0,
    "time_is_weekend": 0.0,
    "time_is_us_market_hours": 0.0,
    "cross_btc_return_1m": 0.0,
    "cross_btc_return_5m": -0.04897744517429406,
    "cross_btc_return_15m": -0.001534697313834835,
    "cross_btc_correlation": 0.5251249685825887,
    "cross_btc_lead_indicator": -0.04897744517429406,
    "cross_eth_btc_ratio_change": -0.01901714682623484,
    "vol_realized_5m": 21.01799057971497,
    "vol_realized_15m": 9.237730055005784,
    "vol_realized_1h": 6.087814447629748,
    "vol_realized_4h": 3.3833741005919094,
    "vol_ratio_5m_1h": 3.4524689871088614,
    "vol_ratio_15m_4h": 2.7303306641112126,
    "vol_regime": 2.0,
    "vol_expansion": 1.0,
    "vol_contraction": 0.0,
    "vol_percentile": 72.63157894736842,
    "sent_fear_greed": 27.0,
    "sent_fear_greed_change": -1.0,
    "sent_extreme_fear": 0.0,
    "sent_extreme_greed": 0.0,
    "sent_fear": 1.0,
    "sent_greed": 0.0
  },
  "output_prediction": {
    "signal": "SHORT",
    "confidence": 0.5633290134406506,
    "raw_model_outputs": {
      "xgboost": 0.17555318772792816,
      "lightgbm": 0.12857770417572562,
      "lstm": 0.2908734977245331,
      "random_forest": 0.30403366380470653,
      "weighted_average": 0.21833549327967475,
      "model_agreement": 0.7011511903490104
    }
  },
  "regime_info": {
    "regime": "ranging",
    "regime_confidence": 0.7812532454625993,
    "atr_ratio": 0.8386934911651577,
    "adx_value": 16.374935090748014,
    "is_exhausted": false,
    "is_weakening": false,
    "leverage_tier": "normal_volatility"
  },