{
  "timestamp": "2026-01-17T04:32:24.045269Z",
  "order_id": "707261748993852333",
  "stage": "Decision Making",
  "model_version": "ollama:qwen2.5:1.5b+ensemble_v1.0",
  "input_features": {
    "tech_returns_1": 0.0,
    "tech_returns_5": 0.05760553013089975,
    "tech_returns_15": 0.1387925052047212,
    "tech_returns_60": 0.11848341232227888,
    "tech_returns_240": 0.31550802139037604,
    "tech_returns_1440": 0.8893770054051717,
    "tech_rsi_14": 62.439992459667735,
    "tech_rsi_7": 75.3015801060788,
    "tech_rsi_21": 58.59314648664716,
    "tech_rsi_slope": 0.6650798870460477,
    "tech_rsi_divergence": 0.0,
    "tech_rsi_zone": 3.0,
    "tech_macd": 0.0913784705415992,
    "tech_macd_signal": -0.05759226979378664,
    "tech_macd_hist": 0.14897074033538585,
    "tech_stoch_k": 99.30069930069996,
    "tech_stoch_d": 97.42112347746132,
    "tech_ema_cross_9_21": 1.0,
    "tech_ema_cross_50_200": 1.0,
    "tech_ema_9": 937.5657423359465,
    "tech_ema_21": 937.3962770416024,
    "tech_ema_50": 937.3005785598783,
    "tech_price_ema_9_pct": 0.0409846101134336,
    "tech_price_ema_21_pct": 0.059070317640389156,
    "tech_adx": 38.10260247609667,
    "tech_adx_7": 50.753234559458306,
    "tech_adx_10": 45.17031612956379,
    "tech_adx_roc_5": 5.988515472420026,
    "tech_adx_slope_3": -0.4362995172748576,
    "tech_adx_deceleration": -1.2030773661466476,
    "tech_plus_di": 47.324204711690555,
    "tech_minus_di": 22.542889197106557,
    "tech_di_crossover": 0.0,
    "tech_atr_14": 0.22834183493069826,
    "tech_atr_pct": 0.024344776899695962,
    "tech_atr_14_avg": 0.2394185426762402,
    "tech_bb_upper": 938.2932691728325,
    "tech_bb_lower": 936.0647308271672,
    "tech_bb_width": 0.23779217691234614,
    "tech_bb_position": 0.8459666743001428,
    "tech_volatility_20": 0.005122137470203472,
    "tech_volume_ratio": 0.24750586054625742,
    "tech_obv": -3269.100000000001,
    "tech_momentum_10": 1.2800000000000864,
    "tech_roc_10": 0.13665431795617522,
    "tech_high_low_range": 0.0010661549123077887,
    "tech_body_ratio": 0.0,
    "tech_swing_high_10": 937.96,
    "tech_swing_low_10": 936.53,
    "tech_price_vs_swing_high": -0.0010661435455660054,
    "tech_price_vs_swing_low": 0.15162354649611573,
    "tech_swing_break_up": 0.0,
    "tech_swing_break_down": 0.0,
    "tech_volume_spike": 0.0,
    "tech_volume_spike_ratio": 0.24750586054625742,
    "micro_ob_best_bid_price": 937.94,
    "micro_ob_best_ask_price": 937.95,
    "micro_ob_best_bid_size": 146.7,
    "micro_ob_best_ask_size": 165.5,
    "micro_ob_spread_absolute": 0.009999999999990905,
    "micro_ob_spread_percentage": 0.001066160595769571,
    "micro_ob_bid_ask_size_ratio": 0.886404833836858,
    "micro_ob_orderbook_imbalance_5": 0.009570615623383238,
    "micro_ob_orderbook_imbalance_10": 0.3507887251099043,
    "micro_ob_orderbook_imbalance_20": 0.4761054421768706,
    "micro_ob_orderbook_vwap": 937.9091569692268,
    "micro_ob_buy_impact_0.1": 0.0,
    "micro_ob_sell_impact_0.1": 0.0,
    "micro_ob_buy_impact_1.0": 0.0,
    "micro_ob_sell_impact_1.0": 0.0,
    "micro_ob_buy_impact_10.0": 0.0,
    "micro_ob_sell_impact_10.0": -1.2120907277823319e-14,
    "micro_ob_bid_depth_concentration": 0.22484014056109222,
    "micro_ob_ask_depth_concentration": 0.6214900178542445,
    "micro_ob_bid_levels": 15,
    "micro_ob_ask_levels": 15,
    "micro_ob_total_bid_volume": 1735.8999999999999,
    "micro_ob_total_ask_volume": 616.1,
    "micro_ob_total_orderbook_volume": 2352.0,
    "micro_ob_order_flow_imbalance": 0.4761054421768706,
    "micro_ob_depth_imbalance_1": -0.060217809096732904,
    "micro_ob_depth_imbalance_5": 0.009570615623383238,
    "micro_ob_depth_imbalance_10": 0.3507887251099043,
    "micro_ob_depth_imbalance_20": 0.4761054421768706,
    "micro_fr_funding_rate_current": -3e-06,
    "micro_fr_funding_rate_abs": 3e-06,
    "micro_fr_funding_rate_mean": 3.358235294117647e-05,
    "micro_fr_funding_rate_std": 9.490560161546357e-05,
    "micro_fr_funding_rate_min": -3e-06,
    "micro_fr_funding_rate_max": 0.0003105,
    "micro_fr_funding_rate_skew": 2.391472490929566,
    "micro_fr_funding_rate_kurtosis": 3.7587032076469367,
    "micro_fr_funding_rate_trend": -9.000000000000002e-07,
    "micro_fr_funding_rate_change": -1.0000000000000002e-06,
    "micro_fr_funding_rate_change_abs": 1.0000000000000002e-06,
    "micro_fr_funding_rate_positive": 0.0,
    "micro_fr_funding_rate_negative": 1.0,
    "micro_fr_funding_rate_high": 0.0,
    "micro_fr_funding_rate_extreme": 0.0,
    "micro_fr_hours_to_next_funding": 0.0,
    "micro_fr_funding_imminent": 1.0,
    "micro_vp_volume_current": 750.168,
    "micro_vp_volume_mean": 610.5731900000001,
    "micro_vp_volume_std": 733.6816532290921,
    "micro_vp_volume_max": 6940.83,
    "micro_vp_volume_sum": 61057.319,
    "micro_vp_volume_ratio": 1.2286291181569893,
    "micro_vp_large_volume_trade": 0.0,
    "micro_vp_recent_vwap": 937.9004505895515,
    "micro_vp_price_vwap_deviation_pct": -0.02030605587530592,
    "micro_vp_price_clustering": 0.31422933762155736,
    "micro_vp_volume_trend": -51.72276363636362,
    "micro_of_order_flow_imbalance": 0.4761054421768706,
    "micro_of_trade_flow_buy_pressure": 0.7380527210884353,
    "micro_of_trade_flow_sell_pressure": 0.26194727891156466,
    "micro_of_kyles_lambda_buy": 0.0,
    "micro_of_kyles_lambda_sell": -1.212090727782332e-15,
    "micro_of_kyles_lambda_avg": -6.06045363891166e-16,
    "micro_of_amihud_illiquidity": 0.030737149634658525,
    "micro_of_spread_dynamics_current": 0.001066160595769571,
    "micro_micro_funding_arbitrage": 0.0,
    "micro_micro_orderbook_pressure": 1.0,
    "micro_micro_liquidity_score": 1.0,
    "micro_micro_volume_spike": 0.0,
    "micro_micro_oi_divergence": 0.0,
    "micro_micro_composite_score": 0.5,
    "fee_maker_rate": 0.0002,
    "fee_taker_rate": 0.0008,
    "fee_round_trip_cost": 0.0016,
    "fee_breakeven_move_pct": 0.16,
    "fee_net_profit_threshold": 0.16,
    "time_hour_sin": 0.8660254037844386,
    "time_hour_cos": 0.5000000000000001,
    "time_day_sin": -0.9749279121818236,
    "time_day_cos": -0.2225209339563146,
    "time_day_of_week": 5.0,
    "time_is_asian": 1.0,
    "time_is_london": 0.0,
    "time_is_ny": 0.0,
    "time_is_london_ny_overlap": 0.0,
    "time_is_weekend": 1.0,
    "time_is_us_market_hours": 0.0,
    "cross_btc_return_1m": 0.004619034621757941,
    "cross_btc_return_5m": 0.009553474787740969,
    "cross_btc_return_15m": 0.02908603691721304,
    "cross_btc_correlation": 0.45968023401823976,
    "cross_btc_lead_indicator": 0.009553474787740969,
    "cross_eth_btc_ratio_change": 0.00256562470985037,
    "vol_realized_5m": 3.860057443756261,
    "vol_realized_15m": 5.129923643987776,
    "vol_realized_1h": 2.3268389306121504,
    "vol_realized_4h": 1.5189055725693708,
    "vol_ratio_5m_1h": 1.6589276520058687,
    "vol_ratio_15m_4h": 3.377381541441072,
    "vol_regime": 0.0,
    "vol_expansion": 1.0,
    "vol_contraction": 0.0,
    "vol_percentile": 11.578947368421053,
    "sent_fear_greed": 50.0,
    "sent_fear_greed_change": 1.0,
    "sent_extreme_fear": 0.0,
    "sent_extreme_greed": 0.0,
    "sent_fear": 0.0,
    "sent_greed": 0.0,
    "mask_microstructure_available": 1.0,
    "mask_cross_asset_available": 1.0,
    "mask_sentiment_available": 1.0
  },
  "output_prediction": {
    "signal": "LONG",
    "confidence": 0.7,
    "raw_model_outputs": {
      "xgboost": 0.014552694745361805,
      "lightgbm": 0.19709414853751953,
      "lstm": 0.6430557370185852,
      "random_forest": 0.35550793633979927,
      "weighted_average": 0.2855048674531236,
      "model_agreement": 0.07736879658684814,
      "technical_fallback": true,
      "fallback_reason": "Models predict SHORT (0.29) but technicals strongly bullish (+DI=47.3, -DI=22.5, EMA=bullish)",
      "technical_signal": "LONG",
      "technical_reason": "Technical LONG: DI+EMA+MTF aligned (score: 6)"
    }
  },
  "regime_info": {
    "regime": "trending",