{
  "timestamp": "2026-01-17T06:39:50.100988Z",
  "order_id": "707293817140675501",
  "stage": "Decision Making",
  "model_version": "ollama:qwen2.5:1.5b+ensemble_v1.0",
  "input_features": {
    "tech_returns_1": 0.006394884092730813,
    "tech_returns_5": 0.09494143500246022,
    "tech_returns_15": 0.1248479416095627,
    "tech_returns_60": 0.03518198682272988,
    "tech_returns_240": 0.39910976053414426,
    "tech_returns_1440": 0.8893770054051717,
    "tech_rsi_14": 67.13394869606549,
    "tech_rsi_7": 78.47608115389278,
    "tech_rsi_21": 60.97074724649645,
    "tech_rsi_slope": -0.5826696378387624,
    "tech_rsi_divergence": 0.0,
    "tech_rsi_zone": 3.0,
    "tech_macd": 0.17258349221935987,
    "tech_macd_signal": 0.030892518627151765,
    "tech_macd_hist": 0.1416909735922081,
    "tech_stoch_k": 99.19354838708834,
    "tech_stoch_d": 97.84946236558727,
    "tech_ema_cross_9_21": 1.0,
    "tech_ema_cross_50_200": 1.0,
    "tech_ema_9": 937.8933349259456,
    "tech_ema_21": 937.643752372175,
    "tech_ema_50": 937.6609666517298,
    "tech_price_ema_9_pct": 0.044425635468154916,
    "tech_price_ema_21_pct": 0.07105551827540318,
    "tech_adx": 42.990730658906216,
    "tech_adx_7": 65.67734494570836,
    "tech_adx_10": 55.116039785485206,
    "tech_adx_roc_5": 17.805727349196403,
    "tech_adx_slope_3": 2.422135091172926,
    "tech_adx_deceleration": -2.149367860030825,
    "tech_plus_di": 48.066569530501866,
    "tech_minus_di": 17.38078923594272,
    "tech_di_crossover": 0.0,
    "tech_atr_14": 0.2248950939936748,
    "tech_atr_pct": 0.023968101586221487,
    "tech_atr_14_avg": 0.206274142630691,
    "tech_bb_upper": 938.3076600061607,
    "tech_bb_lower": 936.6493399938391,
    "tech_bb_width": 0.17689152469327138,
    "tech_bb_position": 1.0014110628960717,
    "tech_volatility_20": 0.0029379690096221693,
    "tech_volume_ratio": 1.0880725381692111,
    "tech_obv": 728.8000000000028,
    "tech_momentum_10": 1.1299999999999955,
    "tech_roc_10": 0.12057448942572879,
    "tech_high_low_range": 0.02344640896930797,
    "tech_body_ratio": 0.2727272726031648,
    "tech_swing_high_10": 938.32,
    "tech_swing_low_10": 937.08,
    "tech_price_vs_swing_high": -0.0010657345042314552,
    "tech_price_vs_swing_low": 0.1312588039441568,
    "tech_swing_break_up": 0.0,
    "tech_swing_break_down": 0.0,
    "tech_volume_spike": 0.0,
    "tech_volume_spike_ratio": 1.0880725381692111,
    "micro_ob_best_bid_price": 938.31,
    "micro_ob_best_ask_price": 938.32,
    "micro_ob_best_bid_size": 176.4,
    "micro_ob_best_ask_size": 178.5,
    "micro_ob_spread_absolute": 0.010000000000104592,
    "micro_ob_spread_percentage": 0.0010657401832118842,
    "micro_ob_bid_ask_size_ratio": 0.9882352941176471,
    "micro_ob_orderbook_imbalance_5": 0.1326142131979695,
    "micro_ob_orderbook_imbalance_10": 0.36897066136250617,
    "micro_ob_orderbook_imbalance_20": 0.4387008031237521,
    "micro_ob_orderbook_vwap": 938.2891782695177,
    "micro_ob_buy_impact_0.1": 0.0,
    "micro_ob_sell_impact_0.1": 0.0,
    "micro_ob_buy_impact_1.0": 0.0,
    "micro_ob_sell_impact_1.0": 0.0,
    "micro_ob_buy_impact_10.0": 0.0,
    "micro_ob_sell_impact_10.0": 1.2116127689315475e-14,
    "micro_ob_bid_depth_concentration": 0.33031088082901555,
    "micro_ob_ask_depth_concentration": 0.6483794466403162,
    "micro_ob_bid_levels": 15,
    "micro_ob_ask_levels": 15,
    "micro_ob_total_bid_volume": 1621.2,
    "micro_ob_total_ask_volume": 632.5,
    "micro_ob_total_orderbook_volume": 2253.7,
    "micro_ob_order_flow_imbalance": 0.4387008031237521,
    "micro_ob_depth_imbalance_1": -0.005917159763313594,
    "micro_ob_depth_imbalance_5": 0.1326142131979695,
    "micro_ob_depth_imbalance_10": 0.36897066136250617,
    "micro_ob_depth_imbalance_20": 0.4387008031237521,
    "micro_fr_funding_rate_current": 4e-06,
    "micro_fr_funding_rate_abs": 4e-06,
    "micro_fr_funding_rate_mean": 2.070714285714286e-05,
    "micro_fr_funding_rate_std": 7.849920349264439e-05,
    "micro_fr_funding_rate_min": -6e-06,
    "micro_fr_funding_rate_max": 0.0003228,
    "micro_fr_funding_rate_skew": 3.3474253448184044,
    "micro_fr_funding_rate_kurtosis": 9.28889998127168,
    "micro_fr_funding_rate_trend": 2.9999999999999956e-07,
    "micro_fr_funding_rate_change": 0.0,
    "micro_fr_funding_rate_change_abs": 0.0,
    "micro_fr_funding_rate_positive": 1.0,
    "micro_fr_funding_rate_negative": 0.0,
    "micro_fr_funding_rate_high": 0.0,
    "micro_fr_funding_rate_extreme": 0.0,
    "micro_fr_hours_to_next_funding": 0.0,
    "micro_fr_funding_imminent": 1.0,
    "micro_vp_volume_current": 656.768,
    "micro_vp_volume_mean": 827.4411299999999,
    "micro_vp_volume_std": 2173.7781546223187,
    "micro_vp_volume_max": 21200.834,
    "micro_vp_volume_sum": 82744.113,
    "micro_vp_volume_ratio": 0.793733809195586,
    "micro_vp_large_volume_trade": 0.0,
    "micro_vp_recent_vwap": 938.1418769759488,
    "micro_vp_price_vwap_deviation_pct": 0.010459294746283753,
    "micro_vp_price_clustering": 0.03639640453632327,
    "micro_vp_volume_trend": -13.078878787878784,
    "micro_of_order_flow_imbalance": 0.4387008031237521,
    "micro_of_trade_flow_buy_pressure": 0.7193504015618761,
    "micro_of_trade_flow_sell_pressure": 0.280649598438124,
    "micro_of_kyles_lambda_buy": 0.0,
    "micro_of_kyles_lambda_sell": 1.2116127689315475e-15,
    "micro_of_kyles_lambda_avg": 6.058063844657738e-16,
    "micro_of_amihud_illiquidity": 0.02156973853458676,
    "micro_of_spread_dynamics_current": 0.0010657401832118842,
    "micro_micro_funding_arbitrage": 0.0,
    "micro_micro_orderbook_pressure": 1.0,
    "micro_micro_liquidity_score": 1.0,
    "micro_micro_volume_spike": 0.0,
    "micro_micro_oi_divergence": 0.0,
    "micro_micro_composite_score": 0.5,
    "fee_maker_rate": 0.0002,
    "fee_taker_rate": 0.0008,
    "fee_round_trip_cost": 0.0016,
    "fee_breakeven_move_pct": 0.16,
    "fee_net_profit_threshold": 0.16,
    "time_hour_sin": 1.0,
    "time_hour_cos": 6.123233995736766e-17,
    "time_day_sin": -0.9749279121818236,
    "time_day_cos": -0.2225209339563146,
    "time_day_of_week": 5.0,
    "time_is_asian": 1.0,
    "time_is_london": 0.0,
    "time_is_ny": 0.0,
    "time_is_london_ny_overlap": 0.0,
    "time_is_weekend": 1.0,
    "time_is_us_market_hours": 0.0,
    "cross_btc_return_1m": 0.0,
    "cross_btc_return_5m": 0.06059944084676601,
    "cross_btc_return_15m": 0.11716911022933621,
    "cross_btc_correlation": 0.4916993678581939,
    "cross_btc_lead_indicator": 0.06059944084676601,
    "cross_eth_btc_ratio_change": -0.022814238774549488,
    "vol_realized_5m": 5.584909765153564,
    "vol_realized_15m": 3.334733070263919,
    "vol_realized_1h": 2.159368037924831,
    "vol_realized_4h": 1.2263275910442137,
    "vol_ratio_5m_1h": 2.5863630780238394,
    "vol_ratio_15m_4h": 2.7192840596731624,
    "vol_regime": 2.0,
    "vol_expansion": 1.0,
    "vol_contraction": 0.0,
    "vol_percentile": 64.21052631578948,
    "sent_fear_greed": 50.0,
    "sent_fear_greed_change": 1.0,
    "sent_extreme_fear": 0.0,
    "sent_extreme_greed": 0.0,
    "sent_fear": 0.0,
    "sent_greed": 0.0,
    "mask_microstructure_available": 1.0,
    "mask_cross_asset_available": 1.0,
    "mask_sentiment_available": 1.0
  },
  "output_prediction": {
    "signal": "LONG",
    "confidence": 0.7,
    "raw_model_outputs": {
      "xgboost": 0.019779080525040627,
      "lightgbm": 0.10161725723900242,
      "lstm": 0.7250901460647583,
      "random_forest": 0.34583158266422365,
      "weighted_average": 0.2817768917025616,
      "model_agreement": 0.0,
      "technical_fallback": true,
      "fallback_reason": "Models predict SHORT (0.28) but technicals strongly bullish (+DI=48.1, -DI=17.4, EMA=bullish)",
      "technical_signal": "LONG",
      "technical_reason": "Technical LONG: DI+EMA+MTF aligned (score: 6)"
    }
  },
  "regime_info": {
    "regime": "trending",
    "regime_confidence": 0.8158887679068746,
    "atr_ratio": 1.0902728336450893,