{
  "timestamp": "2026-01-17T07:30:56.871755Z",
  "order_id": "707306680982963117",
  "stage": "Decision Making",
  "model_version": "ollama:qwen2.5:1.5b+ensemble_v1.0",
  "input_features": {
    "tech_returns_1": 0.0045199497970216385,
    "tech_returns_5": -0.009984487259795394,
    "tech_returns_15": -0.09933562736328394,
    "tech_returns_60": 0.6520188993438536,
    "tech_returns_240": 0.007568518746281505,
    "tech_returns_1440": -0.5526606663508605,
    "tech_rsi_14": 45.15989804569762,
    "tech_rsi_7": 40.834664466430304,
    "tech_rsi_21": 48.398876682599635,
    "tech_rsi_slope": 0.21241251222268787,
    "tech_rsi_divergence": 0.0,
    "tech_rsi_zone": 2.0,
    "tech_macd": -27.647177036225912,
    "tech_macd_signal": -16.479028900054534,
    "tech_macd_hist": -11.168148136171379,
    "tech_stoch_k": 14.41168365941134,
    "tech_stoch_d": 13.630935978689864,
    "tech_ema_cross_9_21": -1.0,
    "tech_ema_cross_50_200": 1.0,
    "tech_ema_9": 95148.8308215146,
    "tech_ema_21": 95183.57346726884,
    "tech_ema_50": 95147.44889429881,
    "tech_price_ema_9_pct": -0.0112779331305909,
    "tech_price_ema_21_pct": -0.047774490505415476,
    "tech_adx": 18.510689204398833,
    "tech_adx_7": 17.512627037726713,
    "tech_adx_10": 17.994035936993082,
    "tech_adx_roc_5": -6.881072100975402,
    "tech_adx_slope_3": -1.5278998133564485,
    "tech_adx_deceleration": -0.6239144292044578,
    "tech_plus_di": 20.239020118019884,
    "tech_minus_di": 21.97141625865946,
    "tech_di_crossover": 0.0,
    "tech_atr_14": 44.99800138575535,
    "tech_atr_pct": 0.0472975615297713,
    "tech_atr_14_avg": 118.62051996268154,
    "tech_bb_upper": 95406.09986067776,
    "tech_bb_lower": 95007.78013932225,
    "tech_bb_width": 0.4183725696419929,
    "tech_bb_position": 0.3271740104513804,
    "tech_volatility_20": 0.011490979023336985,
    "tech_volume_ratio": 0.1194103161637243,
    "tech_obv": 1740.3451999999993,
    "tech_momentum_10": -31.89999999999418,
    "tech_roc_10": -0.03351896606073046,
    "tech_high_low_range": 0.014610340126609823,
    "tech_body_ratio": 0.3093525179837249,
    "tech_swing_high_10": 95154.2,
    "tech_swing_low_10": 95085.8,
    "tech_price_vs_swing_high": -0.016919904744079894,
    "tech_price_vs_swing_low": 0.055002955225704475,
    "tech_swing_break_up": 0.0,
    "tech_swing_break_down": 0.0,
    "tech_volume_spike": 0.0,
    "tech_volume_spike_ratio": 0.1194103161637243,
    "micro_ob_best_bid_price": 95147.5,
    "micro_ob_best_ask_price": 95147.6,
    "micro_ob_best_bid_size": 2.5437,
    "micro_ob_best_ask_size": 2.9776,
    "micro_ob_spread_absolute": 0.10000000000582077,
    "micro_ob_spread_percentage": 0.00010509992112862682,
    "micro_ob_bid_ask_size_ratio": 0.854278613648576,
    "micro_ob_orderbook_imbalance_5": -0.034823560887133315,
    "micro_ob_orderbook_imbalance_10": 0.00656328669532306,
    "micro_ob_orderbook_imbalance_20": 0.035001418302228096,
    "micro_ob_orderbook_vwap": 95147.55810670803,
    "micro_ob_buy_impact_0.1": 0.0,
    "micro_ob_sell_impact_0.1": 0.0,
    "micro_ob_buy_impact_1.0": 0.0,
    "micro_ob_sell_impact_1.0": 0.0,
    "micro_ob_buy_impact_10.0": 0.0,
    "micro_ob_sell_impact_10.0": 0.0,
    "micro_ob_bid_depth_concentration": 0.337855220645147,
    "micro_ob_ask_depth_concentration": 0.388512056343687,
    "micro_ob_bid_levels": 15,
    "micro_ob_ask_levels": 15,
    "micro_ob_total_bid_volume": 36.3049,
    "micro_ob_total_ask_volume": 33.8494,
    "micro_ob_total_orderbook_volume": 70.1543,
    "micro_ob_order_flow_imbalance": 0.035001418302228096,
    "micro_ob_depth_imbalance_1": -0.07858656475829967,
    "micro_ob_depth_imbalance_5": -0.034823560887133315,
    "micro_ob_depth_imbalance_10": 0.00656328669532306,
    "micro_ob_depth_imbalance_20": 0.035001418302228096,
    "micro_fr_funding_rate_current": 2.205e-05,
    "micro_fr_funding_rate_abs": 2.205e-05,
    "micro_fr_funding_rate_positive": 1.0,
    "micro_fr_funding_rate_negative": 0.0,
    "micro_fr_funding_rate_high": 0.0,
    "micro_fr_funding_rate_extreme": 0.0,
    "micro_fr_hours_to_next_funding": 0.0,
    "micro_fr_funding_imminent": 1.0,
    "micro_vp_volume_current": 76.11808,
    "micro_vp_volume_mean": 1242.3904446000001,
    "micro_vp_volume_std": 9644.34735595215,
    "micro_vp_volume_max": 97121.9744,
    "micro_vp_volume_sum": 124239.04446000002,
    "micro_vp_volume_ratio": 0.06126743837321364,
    "micro_vp_large_volume_trade": 0.0,
    "micro_vp_recent_vwap": 95144.0071296236,
    "micro_vp_price_vwap_deviation_pct": 0.003776244542141907,
    "micro_vp_price_clustering": 0.08726825002647548,
    "micro_vp_volume_trend": 3.4022443636363735,
    "micro_of_order_flow_imbalance": 0.035001418302228096,
    "micro_of_trade_flow_buy_pressure": 0.517500709151114,
    "micro_of_trade_flow_sell_pressure": 0.48249929084888593,
    "micro_of_kyles_lambda_buy": 0.0,
    "micro_of_kyles_lambda_sell": 0.0,
    "micro_of_kyles_lambda_avg": 0.0,
    "micro_of_amihud_illiquidity": 0.008235799029786271,
    "micro_of_spread_dynamics_current": 0.00010509992112862682,
    "micro_micro_funding_arbitrage": 0.0,
    "micro_micro_orderbook_pressure": 0.0,
    "micro_micro_liquidity_score": 0.5,
    "micro_micro_volume_spike": 0.0,
    "micro_micro_oi_divergence": 0.0,
    "micro_micro_composite_score": 0.1,
    "fee_maker_rate": 0.0002,
    "fee_taker_rate": 0.0008,
    "fee_round_trip_cost": 0.0016,
    "fee_breakeven_move_pct": 0.16,
    "fee_net_profit_threshold": 0.16,
    "time_hour_sin": 0.9659258262890683,
    "time_hour_cos": -0.25881904510252063,
    "time_day_sin": -0.9749279121818236,
    "time_day_cos": -0.2225209339563146,
    "time_day_of_week": 5.0,
    "time_is_asian": 1.0,
    "time_is_london": 0.0,
    "time_is_ny": 0.0,
    "time_is_london_ny_overlap": 0.0,
    "time_is_weekend": 1.0,
    "time_is_us_market_hours": 0.0,
    "cross_btc_return_1m": 0.004519949797025778,
    "cross_btc_return_5m": -0.009984487259794256,
    "cross_btc_return_15m": -0.09933562736328097,
    "cross_btc_correlation": 1.0,
    "cross_btc_lead_indicator": 0.0,
    "cross_eth_btc_ratio_change": 0.03439233595387959,
    "vol_realized_5m": 1.7518228744061104,
    "vol_realized_15m": 13.519758483967154,
    "vol_realized_1h": 9.682706602026382,
    "vol_realized_4h": 3.417601862508789,
    "vol_ratio_5m_1h": 0.18092285002619946,
    "vol_ratio_15m_4h": 3.955919685168531,
    "vol_regime": 0.0,
    "vol_expansion": 0.0,
    "vol_contraction": 1.0,
    "vol_percentile": 0.0,
    "sent_fear_greed": 50.0,
    "sent_fear_greed_change": 1.0,
    "sent_extreme_fear": 0.0,
    "sent_extreme_greed": 0.0,
    "sent_fear": 0.0,
    "sent_greed": 0.0,
    "mask_microstructure_available": 1.0,
    "mask_cross_asset_available": 1.0,
    "mask_sentiment_available": 1.0
  },
  "output_prediction": {
    "signal": "SHORT",
    "confidence": 0.5022109766277287,
    "raw_model_outputs": {
      "xgboost": 0.09510865807533264,
      "lightgbm": 0.1134656256486132,
      "lstm": 0.5504382848739624,
      "random_forest": 0.27192967943916935,
      "weighted_average": 0.24889451168613563,
      "model_agreement": 0.270239268355265
    }
  },
  "regime_info": {
    "regime": "low_volatility",
    "regime_confidence": 0.588262336398755,
    "atr_ratio": 0.3793441590031125,
    "adx_value": 18.510689204398833,
    "is_exhausted": false,
    "is_weakening": false,
    "leverage_tier": "low_volatility"
  },