{
  "timestamp": "2026-01-17T18:56:39.164380Z",
  "order_id": "707479226286080941",
  "stage": "Decision Making",
  "model_version": "ollama:qwen2.5:1.5b+ensemble_v1.0",
  "input_features": {
    "tech_returns_1": 0.0,
    "tech_returns_5": 0.0401015906964286,
    "tech_returns_15": 0.05347593582889498,
    "tech_returns_60": 0.44289357133271423,
    "tech_returns_240": -0.05341880341879213,
    "tech_returns_1440": 2.9155727511399743,
    "tech_rsi_14": 52.25557063656538,
    "tech_rsi_7": 56.09320699393601,
    "tech_rsi_21": 53.35604161234018,
    "tech_rsi_slope": 0.9328739722487249,
    "tech_rsi_divergence": 0.0,
    "tech_rsi_zone": 3.0,
    "tech_macd": -0.0001657903836900232,
    "tech_macd_signal": 0.0009311580786365616,
    "tech_macd_hist": -0.001096948462326585,
    "tech_stoch_k": 66.66666666667456,
    "tech_stoch_d": 58.15295815295942,
    "tech_ema_cross_9_21": -1.0,
    "tech_ema_cross_50_200": 1.0,
    "tech_ema_9": 74.82968428932867,
    "tech_ema_21": 74.83249050222415,
    "tech_ema_50": 74.79914036652511,
    "tech_price_ema_9_pct": 0.013785586254045596,
    "tech_price_ema_21_pct": 0.010035076643124084,
    "tech_adx": 20.758385522532098,
    "tech_adx_7": 36.46420447732309,
    "tech_adx_10": 28.402117634276514,
    "tech_adx_roc_5": 2.652758449011028,
    "tech_adx_slope_3": 0.5010192710011481,
    "tech_adx_deceleration": 0.6545037940564722,
    "tech_plus_di": 25.778994853107346,
    "tech_minus_di": 15.873123635712124,
    "tech_di_crossover": 0.0,
    "tech_atr_14": 0.02500748649861667,
    "tech_atr_pct": 0.033414599811085875,
    "tech_atr_14_avg": 0.04267871128371932,
    "tech_bb_upper": 74.89912252501537,
    "tech_bb_lower": 74.76787747498463,
    "tech_bb_width": 0.17538274974542425,
    "tech_bb_position": 0.5495256773377746,
    "tech_volatility_20": 0.006562119575442654,
    "tech_volume_ratio": 0.5970412289376035,
    "tech_obv": 6299.999999999997,
    "tech_momentum_10": 0.04000000000000625,
    "tech_roc_10": 0.05347593582889498,
    "tech_high_low_range": 0.0,
    "tech_body_ratio": 0.0,
    "tech_swing_high_10": 74.86,
    "tech_swing_low_10": 74.8,
    "tech_price_vs_swing_high": -0.026716537536729923,
    "tech_price_vs_swing_low": 0.053475935828885365,
    "tech_swing_break_up": 0.0,
    "tech_swing_break_down": 0.0,
    "tech_volume_spike": 0.0,
    "tech_volume_spike_ratio": 0.5970412289376035,
    "micro_ob_best_bid_price": 74.83,
    "micro_ob_best_ask_price": 74.84,
    "micro_ob_best_bid_size": 3994.6,
    "micro_ob_best_ask_size": 3670.5,
    "micro_ob_spread_absolute": 0.010000000000005116,
    "micro_ob_spread_percentage": 0.013362731342293198,
    "micro_ob_bid_ask_size_ratio": 1.0882985969214003,
    "micro_ob_orderbook_imbalance_5": 0.17352369806904622,
    "micro_ob_orderbook_imbalance_10": 0.234411844805941,
    "micro_ob_orderbook_imbalance_20": 0.20547763114518758,
    "micro_ob_orderbook_vwap": 74.81811992268196,
    "micro_ob_buy_impact_0.1": 0.0,
    "micro_ob_sell_impact_0.1": 0.0,
    "micro_ob_buy_impact_1.0": 0.0,
    "micro_ob_sell_impact_1.0": 0.0,
    "micro_ob_buy_impact_10.0": 0.0,
    "micro_ob_sell_impact_10.0": 0.0,
    "micro_ob_bid_depth_concentration": 0.5528738217793832,
    "micro_ob_ask_depth_concentration": 0.5907688601275521,
    "micro_ob_bid_levels": 15,
    "micro_ob_ask_levels": 15,
    "micro_ob_total_bid_volume": 22671.9,
    "micro_ob_total_ask_volume": 14942.9,
    "micro_ob_total_orderbook_volume": 37614.8,
    "micro_ob_order_flow_imbalance": 0.20547763114518758,
    "micro_ob_depth_imbalance_1": 0.04228255339134517,
    "micro_ob_depth_imbalance_5": 0.17352369806904622,
    "micro_ob_depth_imbalance_10": 0.234411844805941,
    "micro_ob_depth_imbalance_20": 0.20547763114518758,
    "micro_fr_funding_rate_current": -4.124e-05,
    "micro_fr_funding_rate_abs": 4.124e-05,
    "micro_fr_funding_rate_mean": 2.5034700000000003e-05,
    "micro_fr_funding_rate_std": 5.985492304656319e-05,
    "micro_fr_funding_rate_min": -5.039e-05,
    "micro_fr_funding_rate_max": 0.0001,
    "micro_fr_funding_rate_skew": 0.0768330646707139,
    "micro_fr_funding_rate_kurtosis": -1.6785854911324616,
    "micro_fr_funding_rate_trend": 6.690000000000016e-07,
    "micro_fr_funding_rate_change": 4.800000000000022e-07,
    "micro_fr_funding_rate_change_abs": 4.800000000000022e-07,
    "micro_fr_funding_rate_positive": 0.0,
    "micro_fr_funding_rate_negative": 1.0,
    "micro_fr_funding_rate_high": 0.0,
    "micro_fr_funding_rate_extreme": 0.0,
    "micro_fr_hours_to_next_funding": 0.0,
    "micro_fr_funding_imminent": 1.0,
    "micro_vp_volume_current": 314.286,
    "micro_vp_volume_mean": 387.29898000000003,
    "micro_vp_volume_std": 236.1937260889027,
    "micro_vp_volume_max": 2043.405,
    "micro_vp_volume_sum": 38729.898,
    "micro_vp_volume_ratio": 0.8114816104085789,
    "micro_vp_large_volume_trade": 0.0,
    "micro_vp_recent_vwap": 74.84038302140634,
    "micro_vp_price_vwap_deviation_pct": -0.013873554606703324,
    "micro_vp_price_clustering": 0.7580980435793863,
    "micro_vp_volume_trend": 18.187557575757594,
    "micro_of_order_flow_imbalance": 0.20547763114518758,
    "micro_of_trade_flow_buy_pressure": 0.6027388155725938,
    "micro_of_trade_flow_sell_pressure": 0.3972611844274062,
    "micro_of_kyles_lambda_buy": 0.0,
    "micro_of_kyles_lambda_sell": 0.0,
    "micro_of_kyles_lambda_avg": 0.0,
    "micro_of_amihud_illiquidity": 0.0962111269063936,
    "micro_of_spread_dynamics_current": 0.013362731342293198,
    "micro_micro_funding_arbitrage": 0.0,
    "micro_micro_orderbook_pressure": 0.5,
    "micro_micro_liquidity_score": 1.0,
    "micro_micro_volume_spike": 0.0,
    "micro_micro_oi_divergence": 0.0,
    "micro_micro_composite_score": 0.35,
    "fee_maker_rate": 0.0002,
    "fee_taker_rate": 0.0008,
    "fee_round_trip_cost": 0.0016,
    "fee_breakeven_move_pct": 0.16,
    "fee_net_profit_threshold": 0.16,
    "time_hour_sin": -1.0,
    "time_hour_cos": -1.8369701987210297e-16,
    "time_day_sin": -0.9749279121818236,
    "time_day_cos": -0.2225209339563146,
    "time_day_of_week": 5.0,
    "time_is_asian": 0.0,
    "time_is_london": 0.0,
    "time_is_ny": 1.0,
    "time_is_london_ny_overlap": 0.0,
    "time_is_weekend": 1.0,
    "time_is_us_market_hours": 1.0,
    "cross_btc_return_1m": 0.0,
    "cross_btc_return_5m": 0.01509834369073636,
    "cross_btc_return_15m": -0.01865693152171212,
    "cross_btc_correlation": 0.4087888206060335,
    "cross_btc_lead_indicator": 0.01509834369073636,
    "cross_eth_btc_ratio_change": 0.0002723579091201226,
    "vol_realized_5m": 4.419270475537295,
    "vol_realized_15m": 4.425314151352157,
    "vol_realized_1h": 4.073713188511946,
    "vol_realized_4h": 2.7293404715114424,
    "vol_ratio_5m_1h": 1.084826120798056,
    "vol_ratio_15m_4h": 1.621385898001038,
    "vol_regime": 0.0,
    "vol_expansion": 0.0,
    "vol_contraction": 0.0,
    "vol_percentile": 1.0526315789473684,
    "sent_fear_greed": 50.0,
    "sent_fear_greed_change": 1.0,
    "sent_extreme_fear": 0.0,
    "sent_extreme_greed": 0.0,
    "sent_fear": 0.0,
    "sent_greed": 0.0,
    "mask_microstructure_available": 1.0,
    "mask_cross_asset_available": 1.0,
    "mask_sentiment_available": 1.0
  },
  "output_prediction": {
    "signal": "SHORT",
    "confidence": 0.46746800152056656,
    "raw_model_outputs": {
      "xgboost": 0.037648990750312805,
      "lightgbm": 0.05883742166091076,
      "lstm": 0.6474003195762634,
      "random_forest": 0.39205933259532416,
      "weighted_average": 0.2662659992397167,
      "model_agreement": 0.0
    }
  },
  "regime_info": {
    "regime": "ranging",
    "regime_confidence": 0.5620807238733951,
    "atr_ratio": 0.5859475543291837,
    "adx_value": 20.758385522532098,
    "is_exhausted": false,
    "is_weakening": false,
    "leverage_tier": "normal_volatility"
  },