{
  "timestamp": "2026-01-17T15:08:32.918685Z",
  "order_id": "707421845527200685",
  "stage": "Decision Making",
  "model_version": "ollama:qwen2.5:1.5b+ensemble_v1.0",
  "input_features": {
    "tech_returns_1": 0.08607177480000061,
    "tech_returns_5": 0.1399040916658878,
    "tech_returns_15": 0.21833664971180333,
    "tech_returns_60": 0.40628607265884575,
    "tech_returns_240": 0.6395422990725708,
    "tech_returns_1440": -0.6953460425963672,
    "tech_rsi_14": 70.74926218171457,
    "tech_rsi_7": 76.0392091434594,
    "tech_rsi_21": 67.300273980469,
    "tech_rsi_slope": -0.9525794770744938,
    "tech_rsi_divergence": 0.0,
    "tech_rsi_zone": 4.0,
    "tech_macd": 1.4929568141383243,
    "tech_macd_signal": 1.00660372604796,
    "tech_macd_hist": 0.48635308809036437,
    "tech_stoch_k": 93.4837092731832,
    "tech_stoch_d": 76.31201988711688,
    "tech_ema_cross_9_21": 1.0,
    "tech_ema_cross_50_200": 1.0,
    "tech_ema_9": 3310.899737342076,
    "tech_ema_21": 3309.2861142919537,
    "tech_ema_50": 3307.3856741904597,
    "tech_price_ema_9_pct": 0.09484620215182815,
    "tech_price_ema_21_pct": 0.14365290711840986,
    "tech_adx": 32.24127226907591,
    "tech_adx_7": 41.582733396351216,
    "tech_adx_10": 36.373830496428454,
    "tech_adx_roc_5": 5.817979227211072,
    "tech_adx_slope_3": 2.232986408901139,
    "tech_adx_deceleration": -2.362946051539808,
    "tech_plus_di": 32.70020916456748,
    "tech_minus_di": 16.277729743426786,
    "tech_di_crossover": 0.0,
    "tech_atr_14": 1.971728549189347,
    "tech_atr_pct": 0.0594962206005162,
    "tech_atr_14_avg": 1.1440212842364268,
    "tech_bb_upper": 3312.9762719293662,
    "tech_bb_lower": 3304.5177280706343,
    "tech_bb_width": 0.255641904888222,
    "tech_bb_position": 1.1257578240887893,
    "tech_volatility_20": 0.005292345433064297,
    "tech_volume_ratio": 4.157016878957393,
    "tech_obv": 1397.4579999999994,
    "tech_momentum_10": 5.9699999999998,
    "tech_roc_10": 0.1804677651923825,
    "tech_high_low_range": 0.12220733606112726,
    "tech_body_ratio": 0.7037037036862742,
    "tech_swing_high_10": 3314.56,
    "tech_swing_low_10": 3306.58,
    "tech_price_vs_swing_high": -0.01568835682564147,
    "tech_price_vs_swing_low": 0.22561075189470806,
    "tech_swing_break_up": 0.0,
    "tech_swing_break_down": 0.0,
    "tech_volume_spike": 1.0,
    "tech_volume_spike_ratio": 4.157016878957393,
    "micro_ob_best_bid_price": 3310.4,
    "micro_ob_best_ask_price": 3310.41,
    "micro_ob_best_bid_size": 45.81,
    "micro_ob_best_ask_size": 40.375,
    "micro_ob_spread_absolute": 0.009999999999763531,
    "micro_ob_spread_percentage": 0.000302077842432075,
    "micro_ob_bid_ask_size_ratio": 1.1346130030959753,
    "micro_ob_orderbook_imbalance_5": -0.19515615041427656,
    "micro_ob_orderbook_imbalance_10": -0.12137345056599712,
    "micro_ob_orderbook_imbalance_20": -0.07706057749846545,
    "micro_ob_orderbook_vwap": 3310.4227589672237,
    "micro_ob_buy_impact_0.1": 0.0,
    "micro_ob_sell_impact_0.1": 0.0,
    "micro_ob_buy_impact_1.0": 0.0,
    "micro_ob_sell_impact_1.0": 0.0,
    "micro_ob_buy_impact_10.0": -1.3736889113024191e-14,
    "micro_ob_sell_impact_10.0": 0.0,
    "micro_ob_bid_depth_concentration": 0.4568181565209648,
    "micro_ob_ask_depth_concentration": 0.5812854397268309,
    "micro_ob_bid_levels": 15,
    "micro_ob_ask_levels": 15,
    "micro_ob_total_bid_volume": 179.68200000000002,
    "micro_ob_total_ask_volume": 209.687,
    "micro_ob_total_orderbook_volume": 389.369,
    "micro_ob_order_flow_imbalance": -0.07706057749846545,
    "micro_ob_depth_imbalance_1": 0.06306201775250916,
    "micro_ob_depth_imbalance_5": -0.19515615041427656,
    "micro_ob_depth_imbalance_10": -0.12137345056599712,
    "micro_ob_depth_imbalance_20": -0.07706057749846545,
    "micro_fr_funding_rate_current": 8.078e-05,
    "micro_fr_funding_rate_abs": 8.078e-05,
    "micro_fr_funding_rate_mean": 9.343033333333335e-05,
    "micro_fr_funding_rate_std": 7.438447336492865e-06,
    "micro_fr_funding_rate_min": 7.856e-05,
    "micro_fr_funding_rate_max": 0.0001,
    "micro_fr_funding_rate_skew": -0.6457994642947823,
    "micro_fr_funding_rate_kurtosis": -1.1215392335467085,
    "micro_fr_funding_rate_trend": -8.019999999999986e-07,
    "micro_fr_funding_rate_change": -3.6000000000000333e-07,
    "micro_fr_funding_rate_change_abs": 3.6000000000000333e-07,
    "micro_fr_funding_rate_positive": 1.0,
    "micro_fr_funding_rate_negative": 0.0,
    "micro_fr_funding_rate_high": 0.0,
    "micro_fr_funding_rate_extreme": 0.0,
    "micro_fr_hours_to_next_funding": 0.0,
    "micro_fr_funding_imminent": 1.0,
    "micro_vp_volume_current": 43665.04342,
    "micro_vp_volume_mean": 3482.4621635,
    "micro_vp_volume_std": 8611.008819068042,
    "micro_vp_volume_max": 49445.47864,
    "micro_vp_volume_sum": 348246.21635,
    "micro_vp_volume_ratio": 12.538555013650187,
    "micro_vp_large_volume_trade": 1.0,
    "micro_vp_recent_vwap": 3310.6400126864196,
    "micro_vp_price_vwap_deviation_pct": 0.025070297900094282,
    "micro_vp_price_clustering": 0.04968133021478207,
    "micro_vp_volume_trend": 2681.920967090908,
    "micro_of_order_flow_imbalance": -0.07706057749846545,
    "micro_of_trade_flow_buy_pressure": 0.4614697112507673,
    "micro_of_trade_flow_sell_pressure": 0.5385302887492327,
    "micro_of_kyles_lambda_buy": -1.373688911302419e-15,
    "micro_of_kyles_lambda_sell": 0.0,
    "micro_of_kyles_lambda_avg": -6.868444556512095e-16,
    "micro_of_amihud_illiquidity": 0.1446046004484591,
    "micro_of_spread_dynamics_current": 0.000302077842432075,
    "micro_micro_funding_arbitrage": 0.0,
    "micro_micro_orderbook_pressure": -0.5,
    "micro_micro_liquidity_score": 0.75,
    "micro_micro_volume_spike": 1.0,
    "micro_micro_oi_divergence": 0.0,
    "micro_micro_composite_score": 0.4,
    "fee_maker_rate": 0.0002,
    "fee_taker_rate": 0.0008,
    "fee_round_trip_cost": 0.0016,
    "fee_breakeven_move_pct": 0.16,
    "fee_net_profit_threshold": 0.16,
    "time_hour_sin": -0.7071067811865471,
    "time_hour_cos": -0.7071067811865479,
    "time_day_sin": -0.9749279121818236,
    "time_day_cos": -0.2225209339563146,
    "time_day_of_week": 5.0,
    "time_is_asian": 0.0,
    "time_is_london": 1.0,
    "time_is_ny": 1.0,
    "time_is_london_ny_overlap": 1.0,
    "time_is_weekend": 1.0,
    "time_is_us_market_hours": 1.0,
    "cross_btc_return_1m": -0.04163188625917932,
    "cross_btc_return_5m": 0.14462073735616524,
    "cross_btc_return_15m": 0.17737559596941957,
    "cross_btc_correlation": 0.45816126050226785,
    "cross_btc_lead_indicator": 0.14462073735616524,
    "cross_eth_btc_ratio_change": 0.040888527473105445,
    "vol_realized_5m": 15.453109882443156,
    "vol_realized_15m": 6.5641860314672655,
    "vol_realized_1h": 3.4783349371044645,
    "vol_realized_4h": 1.263019570131175,
    "vol_ratio_5m_1h": 4.442674487036915,
    "vol_ratio_15m_4h": 5.197216406381985,
    "vol_regime": 3.0,
    "vol_expansion": 1.0,
    "vol_contraction": 0.0,
    "vol_percentile": 93.6842105263158,
    "sent_fear_greed": 50.0,
    "sent_fear_greed_change": 1.0,
    "sent_extreme_fear": 0.0,
    "sent_extreme_greed": 0.0,
    "sent_fear": 0.0,
    "sent_greed": 0.0,
    "mask_microstructure_available": 1.0,
    "mask_cross_asset_available": 1.0,
    "mask_sentiment_available": 1.0
  },
  "output_prediction": {
    "signal": "LONG",
    "confidence": 0.7,
    "raw_model_outputs": {
      "xgboost": 0.14829443395137787,
      "lightgbm": 0.06925207862593975,
      "lstm": 0.7059405446052551,
      "random_forest": 0.39148410291871566,
      "weighted_average": 0.31658330955718744,
      "model_agreement": 0.007807162057543171,
      "technical_fallback": true,
      "fallback_reason": "Models predict SHORT (0.32) but technicals strongly bullish (+DI=32.7, -DI=16.3, EMA=bullish)",
      "technical_signal": "LONG",
      "technical_reason": "Technical LONG: DI+EMA+MTF aligned (score: 6)"
    }
  },