{
  "timestamp": "2026-01-17T02:30:33.274913Z",
  "order_id": "707231084512805805",
  "stage": "Decision Making",
  "model_version": "ollama:qwen2.5:1.5b+ensemble_v1.0",
  "input_features": {
    "tech_returns_1": -0.02771810685329168,
    "tech_returns_5": 0.03466925530439813,
    "tech_returns_15": 0.902224087284953,
    "tech_returns_60": 1.022337371332549,
    "tech_returns_240": 0.7261048662989822,
    "tech_returns_1440": 1.6987382815253378,
    "tech_rsi_14": 78.7210253546047,
    "tech_rsi_7": 77.87711271458082,
    "tech_rsi_21": 76.32669659242507,
    "tech_rsi_slope": -1.6783382523177295,
    "tech_rsi_divergence": 0.0,
    "tech_rsi_zone": 4.0,
    "tech_macd": 0.336343492304195,
    "tech_macd_signal": 0.30878588219162667,
    "tech_macd_hist": 0.027557610112568354,
    "tech_stoch_k": 93.283582089552,
    "tech_stoch_d": 95.30968346672377,
    "tech_ema_cross_9_21": 1.0,
    "tech_ema_cross_50_200": 1.0,
    "tech_ema_9": 144.18746526652626,
    "tech_ema_21": 143.86856799575799,
    "tech_ema_50": 143.4677330988285,
    "tech_price_ema_9_pct": 0.057241268040316165,
    "tech_price_ema_21_pct": 0.27902689922781576,
    "tech_adx": 57.9948772168481,
    "tech_adx_7": 55.8501762524624,
    "tech_adx_10": 60.720395305535966,
    "tech_adx_roc_5": 6.288993796434006,
    "tech_adx_slope_3": 0.009238837924225862,
    "tech_adx_deceleration": -1.8157213723878591,
    "tech_plus_di": 55.8908031114003,
    "tech_minus_di": 19.29693773106417,
    "tech_di_crossover": 0.0,
    "tech_atr_14": 0.08893225197639404,
    "tech_atr_pct": 0.06164292782726419,
    "tech_atr_14_avg": 0.11386410079811306,
    "tech_bb_upper": 145.0206557591584,
    "tech_bb_lower": 142.50134424084166,
    "tech_bb_width": 1.7524304354565745,
    "tech_bb_position": 0.7020393255456052,
    "tech_volatility_20": 0.03022674826765644,
    "tech_volume_ratio": 0.5264592042111782,
    "tech_obv": -42323.09999999999,
    "tech_momentum_10": -0.030000000000001137,
    "tech_roc_10": -0.020790020790018016,
    "tech_high_low_range": 0.048520135856375664,
    "tech_body_ratio": 0.571428570612187,
    "tech_swing_high_10": 144.36,
    "tech_swing_low_10": 144.17,
    "tech_price_vs_swing_high": -0.06234413965087518,
    "tech_price_vs_swing_low": 0.06936255809115818,
    "tech_swing_break_up": 0.0,
    "tech_swing_break_down": 0.0,
    "tech_volume_spike": 0.0,
    "tech_volume_spike_ratio": 0.5264592042111782,
    "micro_ob_best_bid_price": 144.27,
    "micro_ob_best_ask_price": 144.28,
    "micro_ob_best_bid_size": 2480.9,
    "micro_ob_best_ask_size": 2913.8,
    "micro_ob_spread_absolute": 0.009999999999990905,
    "micro_ob_spread_percentage": 0.006931207762946391,
    "micro_ob_bid_ask_size_ratio": 0.8514311208730867,
    "micro_ob_orderbook_imbalance_5": -0.004252385644545519,
    "micro_ob_orderbook_imbalance_10": 0.010993780427385772,
    "micro_ob_orderbook_imbalance_20": -0.00039776717488245795,
    "micro_ob_orderbook_vwap": 144.2820809772795,
    "micro_ob_buy_impact_0.1": 0.0,
    "micro_ob_sell_impact_0.1": 0.0,
    "micro_ob_buy_impact_1.0": 0.0,
    "micro_ob_sell_impact_1.0": 0.0,
    "micro_ob_buy_impact_10.0": 0.0,
    "micro_ob_sell_impact_10.0": 0.0,
    "micro_ob_bid_depth_concentration": 0.5060202884864363,
    "micro_ob_ask_depth_concentration": 0.5099364206056594,
    "micro_ob_bid_levels": 15,
    "micro_ob_ask_levels": 15,
    "micro_ob_total_bid_volume": 26261.2,
    "micro_ob_total_ask_volume": 26282.100000000002,
    "micro_ob_total_orderbook_volume": 52543.3,
    "micro_ob_order_flow_imbalance": -0.00039776717488245795,
    "micro_ob_depth_imbalance_1": -0.08024542606632436,
    "micro_ob_depth_imbalance_5": -0.004252385644545519,
    "micro_ob_depth_imbalance_10": 0.010993780427385772,
    "micro_ob_depth_imbalance_20": -0.00039776717488245795,
    "micro_fr_funding_rate_current": 0.0001,
    "micro_fr_funding_rate_abs": 0.0001,
    "micro_fr_funding_rate_positive": 1.0,
    "micro_fr_funding_rate_negative": 0.0,
    "micro_fr_funding_rate_high": 0.0,
    "micro_fr_funding_rate_extreme": 0.0,
    "micro_fr_hours_to_next_funding": 0.0,
    "micro_fr_funding_imminent": 1.0,
    "micro_vp_volume_current": 504.875,
    "micro_vp_volume_mean": 825.8705900000001,
    "micro_vp_volume_std": 366.29495248043196,
    "micro_vp_volume_max": 1428.273,
    "micro_vp_volume_sum": 82587.05900000001,
    "micro_vp_volume_ratio": 0.6113245902121299,
    "micro_vp_large_volume_trade": 0.0,
    "micro_vp_recent_vwap": 144.2568726309772,
    "micro_vp_price_vwap_deviation_pct": -0.00476416190913813,
    "micro_vp_price_clustering": 0.38434473833234467,
    "micro_vp_volume_trend": -18.787612121212057,
    "micro_of_order_flow_imbalance": -0.00039776717488245795,
    "micro_of_trade_flow_buy_pressure": 0.49980111641255875,
    "micro_of_trade_flow_sell_pressure": 0.5001988835874412,
    "micro_of_kyles_lambda_buy": 0.0,
    "micro_of_kyles_lambda_sell": 0.0,
    "micro_of_kyles_lambda_avg": 0.0,
    "micro_of_amihud_illiquidity": 0.013874537045610038,
    "micro_of_spread_dynamics_current": 0.006931207762946391,
    "micro_micro_funding_arbitrage": 0.0,
    "micro_micro_orderbook_pressure": 0.0,
    "micro_micro_liquidity_score": 1.0,
    "micro_micro_volume_spike": 0.0,
    "micro_micro_oi_divergence": 0.0,
    "micro_micro_composite_score": 0.2,
    "fee_maker_rate": 0.0002,
    "fee_taker_rate": 0.0008,
    "fee_round_trip_cost": 0.0016,
    "fee_breakeven_move_pct": 0.16,
    "fee_net_profit_threshold": 0.16,
    "time_hour_sin": 0.49999999999999994,
    "time_hour_cos": 0.8660254037844387,
    "time_day_sin": -0.9749279121818236,
    "time_day_cos": -0.2225209339563146,
    "time_day_of_week": 5.0,
    "time_is_asian": 1.0,
    "time_is_london": 0.0,
    "time_is_ny": 0.0,
    "time_is_london_ny_overlap": 0.0,
    "time_is_weekend": 1.0,
    "time_is_us_market_hours": 0.0,
    "cross_btc_return_1m": -0.033596364873320704,
    "cross_btc_return_5m": 0.0035709409429323506,
    "cross_btc_return_15m": -0.41917144614149227,
    "cross_btc_correlation": -0.9225971759277055,
    "cross_btc_lead_indicator": 0.0035709409429323506,
    "cross_eth_btc_ratio_change": -0.3459697419057095,
    "vol_realized_5m": 8.762852700153257,
    "vol_realized_15m": 39.6406620573002,
    "vol_realized_1h": 10.584361856566067,
    "vol_realized_4h": 3.280969826006166,
    "vol_ratio_5m_1h": 0.827905623305686,
    "vol_ratio_15m_4h": 12.081995312207331,
    "vol_regime": 1.0,
    "vol_expansion": 0.0,
    "vol_contraction": 0.0,
    "vol_percentile": 45.26315789473684,
    "sent_fear_greed": 50.0,
    "sent_fear_greed_change": 1.0,
    "sent_extreme_fear": 0.0,
    "sent_extreme_greed": 0.0,
    "sent_fear": 0.0,
    "sent_greed": 0.0,
    "mask_microstructure_available": 1.0,
    "mask_cross_asset_available": 1.0,
    "mask_sentiment_available": 1.0
  },
  "output_prediction": {
    "signal": "LONG",
    "confidence": 0.7,
    "raw_model_outputs": {
      "xgboost": 0.13278166949748993,
      "lightgbm": 0.11435919709978691,
      "lstm": 0.4972173869609833,
      "random_forest": 0.396588961922418,
      "weighted_average": 0.2720464414840973,
      "model_agreement": 0.33734837145728047,
      "technical_fallback": true,
      "fallback_reason": "Models predict SHORT (0.27) but technicals strongly bullish (+DI=55.9, -DI=19.3, EMA=bullish)",
      "technical_signal": "LONG",
      "technical_reason": "Technical LONG: DI+EMA+MTF aligned (score: 6)"
    }
  },
  "regime_info": {
    "regime": "trending",
    "regime_confidence": 0.8360409822652152,
    "atr_ratio": 0.7810385481731026,
    "adx_value": 57.9948772168481,
    "is_exhausted": false,
    "is_weakening": false,
    "leverage_tier": "normal_volatility"
  },