{
  "timestamp": "2026-01-17T10:16:25.909559Z",
  "order_id": "707348328358085549",
  "stage": "Decision Making",
  "model_version": "ollama:qwen2.5:1.5b+ensemble_v1.0",
  "input_features": {
    "tech_returns_1": 0.0,
    "tech_returns_5": 0.14217657481776502,
    "tech_returns_15": 0.14855214710907116,
    "tech_returns_60": 0.6150992473828998,
    "tech_returns_240": 2.05443162527168,
    "tech_returns_1440": -0.1375882591352287,
    "tech_rsi_14": 67.15298829500097,
    "tech_rsi_7": 71.59137429809174,
    "tech_rsi_21": 66.53698387725727,
    "tech_rsi_slope": 1.1804322883827751,
    "tech_rsi_divergence": 0.0,
    "tech_rsi_zone": 3.0,
    "tech_macd": 0.5698656271480331,
    "tech_macd_signal": 0.5534779550218671,
    "tech_macd_hist": 0.016387672126165986,
    "tech_stoch_k": 95.32163742690463,
    "tech_stoch_d": 89.66861598440774,
    "tech_ema_cross_9_21": 1.0,
    "tech_ema_cross_50_200": 1.0,
    "tech_ema_9": 943.2919565043021,
    "tech_ema_21": 942.800787992767,
    "tech_ema_50": 941.6696460632437,
    "tech_price_ema_9_pct": 0.05703891483309605,
    "tech_price_ema_21_pct": 0.10916537410031411,
    "tech_adx": 36.79498235883132,
    "tech_adx_7": 49.49415197858059,
    "tech_adx_10": 39.62823437517904,
    "tech_adx_roc_5": 5.057375713838113,
    "tech_adx_slope_3": 1.922299177144513,
    "tech_adx_deceleration": 0.3771416686560709,
    "tech_plus_di": 49.63885264651368,
    "tech_minus_di": 17.261028738417945,
    "tech_di_crossover": 0.0,
    "tech_atr_14": 0.35750580827096534,
    "tech_atr_pct": 0.03787819928069306,
    "tech_atr_14_avg": 0.39271988101603356,
    "tech_bb_upper": 943.9579047995092,
    "tech_bb_lower": 941.7360952004908,
    "tech_bb_width": 0.2356490076352094,
    "tech_bb_position": 0.9424321509972671,
    "tech_volatility_20": 0.006247082991009261,
    "tech_volume_ratio": 0.1394973888051593,
    "tech_obv": -1366.4999999999982,
    "tech_momentum_10": 0.650000000000091,
    "tech_roc_10": 0.0689157955003461,
    "tech_high_low_range": 0.0,
    "tech_body_ratio": 0.0,
    "tech_swing_high_10": 943.91,
    "tech_swing_low_10": 942.2,
    "tech_price_vs_swing_high": -0.008475384305699404,
    "tech_price_vs_swing_low": 0.17299936319252765,
    "tech_swing_break_up": 0.0,
    "tech_swing_break_down": 0.0,
    "tech_volume_spike": 0.0,
    "tech_volume_spike_ratio": 0.1394973888051593,
    "micro_ob_best_bid_price": 943.82,
    "micro_ob_best_ask_price": 943.83,
    "micro_ob_best_bid_size": 174.6,
    "micro_ob_best_ask_size": 170.8,
    "micro_ob_spread_absolute": 0.009999999999990905,
    "micro_ob_spread_percentage": 0.0010595184488640273,
    "micro_ob_bid_ask_size_ratio": 1.0222482435597189,
    "micro_ob_orderbook_imbalance_5": 0.18068015856457334,
    "micro_ob_orderbook_imbalance_10": 0.271100264388855,
    "micro_ob_orderbook_imbalance_20": 0.3650644342018625,
    "micro_ob_orderbook_vwap": 943.8131577520168,
    "micro_ob_buy_impact_0.1": 0.0,
    "micro_ob_sell_impact_0.1": -1.204539400750313e-14,
    "micro_ob_buy_impact_1.0": 0.0,
    "micro_ob_sell_impact_1.0": 0.0,
    "micro_ob_buy_impact_10.0": 0.0,
    "micro_ob_sell_impact_10.0": -1.204539400750313e-14,
    "micro_ob_bid_depth_concentration": 0.38995314222712235,
    "micro_ob_ask_depth_concentration": 0.5817777777777777,
    "micro_ob_bid_levels": 15,
    "micro_ob_ask_levels": 15,
    "micro_ob_total_bid_volume": 1451.2,
    "micro_ob_total_ask_volume": 675.0,
    "micro_ob_total_orderbook_volume": 2126.2,
    "micro_ob_order_flow_imbalance": 0.3650644342018625,
    "micro_ob_depth_imbalance_1": 0.011001737116386748,
    "micro_ob_depth_imbalance_5": 0.18068015856457334,
    "micro_ob_depth_imbalance_10": 0.271100264388855,
    "micro_ob_depth_imbalance_20": 0.3650644342018625,
    "micro_fr_funding_rate_current": 8.3e-05,
    "micro_fr_funding_rate_abs": 8.3e-05,
    "micro_fr_funding_rate_mean": 7.73529411764706e-05,
    "micro_fr_funding_rate_std": 3.755065782531895e-05,
    "micro_fr_funding_rate_min": 7e-06,
    "micro_fr_funding_rate_max": 0.0001,
    "micro_fr_funding_rate_skew": -1.2179828881441894,
    "micro_fr_funding_rate_kurtosis": -0.47247709776665836,
    "micro_fr_funding_rate_trend": -3.0000000000000107e-06,
    "micro_fr_funding_rate_change": -5.999999999999997e-06,
    "micro_fr_funding_rate_change_abs": 5.999999999999997e-06,
    "micro_fr_funding_rate_positive": 1.0,
    "micro_fr_funding_rate_negative": 0.0,
    "micro_fr_funding_rate_high": 0.0,
    "micro_fr_funding_rate_extreme": 0.0,
    "micro_fr_hours_to_next_funding": 0.0,
    "micro_fr_funding_imminent": 1.0,
    "micro_vp_volume_current": 566.256,
    "micro_vp_volume_mean": 481.33389000000005,
    "micro_vp_volume_std": 413.6654636225968,
    "micro_vp_volume_max": 3775.28,
    "micro_vp_volume_sum": 48133.389,
    "micro_vp_volume_ratio": 1.1764307724103946,
    "micro_vp_large_volume_trade": 0.0,
    "micro_vp_recent_vwap": 943.7919423589726,
    "micro_vp_price_vwap_deviation_pct": -0.003384470404863777,
    "micro_vp_price_clustering": 0.0,
    "micro_vp_volume_trend": 18.87520000000001,
    "micro_of_order_flow_imbalance": 0.3650644342018625,
    "micro_of_trade_flow_buy_pressure": 0.6825322171009314,
    "micro_of_trade_flow_sell_pressure": 0.3174677828990688,
    "micro_of_kyles_lambda_buy": 0.0,
    "micro_of_kyles_lambda_sell": -1.204539400750313e-15,
    "micro_of_kyles_lambda_avg": -6.022697003751565e-16,
    "micro_of_amihud_illiquidity": 0.0321008574092305,
    "micro_of_spread_dynamics_current": 0.0010595184488640273,
    "micro_micro_funding_arbitrage": 0.0,
    "micro_micro_orderbook_pressure": 0.5,
    "micro_micro_liquidity_score": 1.0,
    "micro_micro_volume_spike": 0.0,
    "micro_micro_oi_divergence": 0.0,
    "micro_micro_composite_score": 0.35,
    "fee_maker_rate": 0.0002,
    "fee_taker_rate": 0.0008,
    "fee_round_trip_cost": 0.0016,
    "fee_breakeven_move_pct": 0.16,
    "fee_net_profit_threshold": 0.16,
    "time_hour_sin": 0.49999999999999994,
    "time_hour_cos": -0.8660254037844387,
    "time_day_sin": -0.9749279121818236,
    "time_day_cos": -0.2225209339563146,
    "time_day_of_week": 5.0,
    "time_is_asian": 0.0,
    "time_is_london": 1.0,
    "time_is_ny": 0.0,
    "time_is_london_ny_overlap": 0.0,
    "time_is_weekend": 1.0,
    "time_is_us_market_hours": 0.0,
    "cross_btc_return_1m": 0.0,
    "cross_btc_return_5m": 0.032042863896622364,
    "cross_btc_return_15m": 0.03067668351432621,
    "cross_btc_correlation": 0.380270676879484,
    "cross_btc_lead_indicator": 0.032042863896622364,
    "cross_eth_btc_ratio_change": 0.03967835821262243,
    "vol_realized_5m": 6.385671113743983,
    "vol_realized_15m": 6.544871802747283,
    "vol_realized_1h": 3.2739125555413042,
    "vol_realized_4h": 2.865019938107011,
    "vol_ratio_5m_1h": 1.9504708832054267,
    "vol_ratio_15m_4h": 2.284407070155205,
    "vol_regime": 2.0,
    "vol_expansion": 1.0,
    "vol_contraction": 0.0,
    "vol_percentile": 50.526315789473685,
    "sent_fear_greed": 50.0,
    "sent_fear_greed_change": 1.0,
    "sent_extreme_fear": 0.0,
    "sent_extreme_greed": 0.0,
    "sent_fear": 0.0,
    "sent_greed": 0.0,
    "mask_microstructure_available": 1.0,
    "mask_cross_asset_available": 1.0,
    "mask_sentiment_available": 1.0
  },
  "output_prediction": {
    "signal": "LONG",
    "confidence": 0.7,
    "raw_model_outputs": {
      "xgboost": 0.0638391524553299,
      "lightgbm": 0.03506571990307085,
      "lstm": 0.7000324726104736,
      "random_forest": 0.41456364231963283,
      "weighted_average": 0.28583902381902776,
      "model_agreement": 0.0,
      "technical_fallback": true,
      "fallback_reason": "Models predict SHORT (0.29) but technicals strongly bullish (+DI=49.6, -DI=17.3, EMA=bullish)",
      "technical_signal": "LONG",
      "technical_reason": "Technical LONG: DI+EMA+MTF aligned (score: 6)"
    }
  },
  "regime_info": {
    "regime": "trending",
    "regime_confidence": 0.7415397883059758,
    "atr_ratio": 0.910332849322618,