{
  "timestamp": "2026-01-17T07:23:58.924688Z",
  "order_id": "707304934235702189",
  "stage": "Decision Making",
  "model_version": "ollama:qwen2.5:1.5b+ensemble_v1.0",
  "input_features": {
    "tech_returns_1": -0.020875374017115256,
    "tech_returns_5": 0.29317325143096706,
    "tech_returns_15": 0.3702410059378325,
    "tech_returns_60": 2.0309615111489876,
    "tech_returns_240": 0.24419172538896472,
    "tech_returns_1440": 0.4193458205199848,
    "tech_rsi_14": 63.557547883297346,
    "tech_rsi_7": 67.28301840116794,
    "tech_rsi_21": 62.33455411110712,
    "tech_rsi_slope": -0.21818321449513078,
    "tech_rsi_divergence": 0.0,
    "tech_rsi_zone": 3.0,
    "tech_macd": 0.17697795514098402,
    "tech_macd_signal": 0.1294360447076229,
    "tech_macd_hist": 0.04754191043336112,
    "tech_stoch_k": 96.93877551020402,
    "tech_stoch_d": 97.95918367346935,
    "tech_ema_cross_9_21": 1.0,
    "tech_ema_cross_50_200": 1.0,
    "tech_ema_9": 143.40000499014477,
    "tech_ema_21": 143.22349282829023,
    "tech_ema_50": 142.85237123616943,
    "tech_price_ema_9_pct": 0.19525453285338748,
    "tech_price_ema_21_pct": 0.31873763353689283,
    "tech_adx": 27.027204581553924,
    "tech_adx_7": 46.96182470605984,
    "tech_adx_10": 36.00662624930385,
    "tech_adx_roc_5": 6.929393394448763,
    "tech_adx_slope_3": 2.2470305727571045,
    "tech_adx_deceleration": -0.45497036629663334,
    "tech_plus_di": 29.782261289942046,
    "tech_minus_di": 12.585386110651854,
    "tech_di_crossover": 0.0,
    "tech_atr_14": 0.2726580770875141,
    "tech_atr_pct": 0.18976759262772416,
    "tech_atr_14_avg": 0.25454944174278316,
    "tech_bb_upper": 143.6730040536131,
    "tech_bb_lower": 142.66999594638685,
    "tech_bb_width": 0.7005640837920011,
    "tech_bb_position": 1.0069749649444417,
    "tech_volatility_20": 0.024259135300566573,
    "tech_volume_ratio": 0.6813566602882024,
    "tech_obv": -161251.09999999995,
    "tech_momentum_10": 0.5699999999999932,
    "tech_roc_10": 0.3982950178184508,
    "tech_high_low_range": 0.027839643652575487,
    "tech_body_ratio": 0.7499999981246447,
    "tech_swing_high_10": 143.71,
    "tech_swing_low_10": 142.9,
    "tech_price_vs_swing_high": -0.020875374017118597,
    "tech_price_vs_swing_low": 0.5458362491252632,
    "tech_swing_break_up": 0.0,
    "tech_swing_break_down": 0.0,
    "tech_volume_spike": 0.0,
    "tech_volume_spike_ratio": 0.6813566602882024,
    "micro_ob_best_bid_price": 143.68,
    "micro_ob_best_ask_price": 143.69,
    "micro_ob_best_bid_size": 2568.5,
    "micro_ob_best_ask_size": 2953.2,
    "micro_ob_spread_absolute": 0.009999999999990905,
    "micro_ob_spread_percentage": 0.006959668719762609,
    "micro_ob_bid_ask_size_ratio": 0.8697345252607341,
    "micro_ob_orderbook_imbalance_5": -0.14406842309954582,
    "micro_ob_orderbook_imbalance_10": -0.2374932825478236,
    "micro_ob_orderbook_imbalance_20": -0.2437764082137955,
    "micro_ob_orderbook_vwap": 143.70738866942588,
    "micro_ob_buy_impact_0.1": 0.0,
    "micro_ob_sell_impact_0.1": 0.0,
    "micro_ob_buy_impact_1.0": 0.0,
    "micro_ob_sell_impact_1.0": 0.0,
    "micro_ob_buy_impact_10.0": 0.0,
    "micro_ob_sell_impact_10.0": 0.0,
    "micro_ob_bid_depth_concentration": 0.5923253496565714,
    "micro_ob_ask_depth_concentration": 0.4813723899166937,
    "micro_ob_bid_levels": 15,
    "micro_ob_ask_levels": 15,
    "micro_ob_total_bid_volume": 22479.2,
    "micro_ob_total_ask_volume": 36972.0,
    "micro_ob_total_orderbook_volume": 59451.2,
    "micro_ob_order_flow_imbalance": -0.2437764082137955,
    "micro_ob_depth_imbalance_1": -0.06967057246862376,
    "micro_ob_depth_imbalance_5": -0.14406842309954582,
    "micro_ob_depth_imbalance_10": -0.2374932825478236,
    "micro_ob_depth_imbalance_20": -0.2437764082137955,
    "micro_fr_funding_rate_current": 7.631e-05,
    "micro_fr_funding_rate_abs": 7.631e-05,
    "micro_fr_funding_rate_positive": 1.0,
    "micro_fr_funding_rate_negative": 0.0,
    "micro_fr_funding_rate_high": 0.0,
    "micro_fr_funding_rate_extreme": 0.0,
    "micro_fr_hours_to_next_funding": 0.0,
    "micro_fr_funding_imminent": 1.0,
    "micro_vp_volume_current": 316.096,
    "micro_vp_volume_mean": 640.8127999999999,
    "micro_vp_volume_std": 370.3210895468958,
    "micro_vp_volume_max": 1408.064,
    "micro_vp_volume_sum": 64081.27999999999,
    "micro_vp_volume_ratio": 0.4932735426008969,
    "micro_vp_large_volume_trade": 0.0,
    "micro_vp_recent_vwap": 143.68,
    "micro_vp_price_vwap_deviation_pct": 0.0,
    "micro_vp_price_clustering": 0.0,
    "micro_vp_volume_trend": -30.39049696969694,
    "micro_of_order_flow_imbalance": -0.2437764082137955,
    "micro_of_trade_flow_buy_pressure": 0.3781117958931023,
    "micro_of_trade_flow_sell_pressure": 0.6218882041068978,
    "micro_of_kyles_lambda_buy": 0.0,
    "micro_of_kyles_lambda_sell": 0.0,
    "micro_of_kyles_lambda_avg": 0.0,
    "micro_of_amihud_illiquidity": 0.0,
    "micro_of_spread_dynamics_current": 0.006959668719762609,
    "micro_micro_funding_arbitrage": 0.0,
    "micro_micro_orderbook_pressure": -0.5,
    "micro_micro_liquidity_score": 1.0,
    "micro_micro_volume_spike": 0.0,
    "micro_micro_oi_divergence": 0.0,
    "micro_micro_composite_score": 0.35,
    "fee_maker_rate": 0.0002,
    "fee_taker_rate": 0.0008,
    "fee_round_trip_cost": 0.0016,
    "fee_breakeven_move_pct": 0.16,
    "fee_net_profit_threshold": 0.16,
    "time_hour_sin": 0.9659258262890683,
    "time_hour_cos": -0.25881904510252063,
    "time_day_sin": -0.9749279121818236,
    "time_day_cos": -0.2225209339563146,
    "time_day_of_week": 5.0,
    "time_is_asian": 1.0,
    "time_is_london": 0.0,
    "time_is_ny": 0.0,
    "time_is_london_ny_overlap": 0.0,
    "time_is_weekend": 1.0,
    "time_is_us_market_hours": 0.0,
    "cross_btc_return_1m": -0.00010515269223049971,
    "cross_btc_return_5m": -0.2570669821532017,
    "cross_btc_return_15m": -0.1785455621823556,
    "cross_btc_correlation": 0.5527243370956842,
    "cross_btc_lead_indicator": -0.2570669821532017,
    "cross_eth_btc_ratio_change": -0.047843915366833446,
    "vol_realized_5m": 84.0506242486926,
    "vol_realized_15m": 30.075535221920536,
    "vol_realized_1h": 14.131925458283629,
    "vol_realized_4h": 4.847459631075633,
    "vol_ratio_5m_1h": 5.947570590915135,
    "vol_ratio_15m_4h": 6.204391064778581,
    "vol_regime": 3.0,
    "vol_expansion": 1.0,
    "vol_contraction": 0.0,
    "vol_percentile": 100.0,
    "sent_fear_greed": 50.0,
    "sent_fear_greed_change": 1.0,
    "sent_extreme_fear": 0.0,
    "sent_extreme_greed": 0.0,
    "sent_fear": 0.0,
    "sent_greed": 0.0,
    "mask_microstructure_available": 1.0,
    "mask_cross_asset_available": 1.0,
    "mask_sentiment_available": 1.0
  },
  "output_prediction": {
    "signal": "LONG",
    "confidence": 0.6,
    "raw_model_outputs": {
      "xgboost": 0.046579524874687195,
      "lightgbm": 0.04311542902740553,
      "lstm": 0.5165778994560242,
      "random_forest": 0.48080989765436916,
      "weighted_average": 0.25005916985919546,
      "model_agreement": 0.09088559716754396,
      "technical_fallback": true,
      "fallback_reason": "Models predict SHORT (0.25) but technicals strongly bullish (+DI=29.8, -DI=12.6, EMA=bullish)",
      "technical_signal": "LONG",
      "technical_reason": "Technical LONG: DI+EMA+MTF aligned (score: 5)"
    }
  },
  "regime_info": {
    "regime": "trending",
    "regime_confidence": 0.624326454978647,
    "atr_ratio": 1.0711399530902501,
    "adx_value": 27.027204581553924,
    "is_exhausted": false,
    "is_weakening": false,
    "leverage_tier": "elevated_volatility"
  },