{
  "timestamp": "2026-01-17T12:55:22.898029Z",
  "order_id": "707388320774095789",
  "stage": "Decision Making",
  "model_version": "ollama:qwen2.5:1.5b+ensemble_v1.0",
  "input_features": {
    "tech_returns_1": 0.04050769646233299,
    "tech_returns_5": -0.06743997841920368,
    "tech_returns_15": -0.3228844342795578,
    "tech_returns_60": -0.5636827271507161,
    "tech_returns_240": -1.0946469096248745,
    "tech_returns_1440": 2.9155727511399743,
    "tech_rsi_14": 31.969138321751316,
    "tech_rsi_7": 34.007341671922205,
    "tech_rsi_21": 32.65788805575329,
    "tech_rsi_slope": 1.1149642758626186,
    "tech_rsi_divergence": 0.0,
    "tech_rsi_zone": 2.0,
    "tech_macd": -0.08576306950826051,
    "tech_macd_signal": -0.08242159096181881,
    "tech_macd_hist": -0.0033414785464417063,
    "tech_stoch_k": 14.81481481481735,
    "tech_stoch_d": 11.643252447851268,
    "tech_ema_cross_9_21": -1.0,
    "tech_ema_cross_50_200": -1.0,
    "tech_ema_9": 74.1297839230254,
    "tech_ema_21": 74.20751780910112,
    "tech_ema_50": 74.33595101643954,
    "tech_price_ema_9_pct": -0.05366793334607199,
    "tech_price_ema_21_pct": -0.1583637515048419,
    "tech_adx": 58.750300646249244,
    "tech_adx_7": 60.04870504257444,
    "tech_adx_10": 59.45686670695719,
    "tech_adx_roc_5": -0.4011035073136924,
    "tech_adx_slope_3": 0.9973296577100719,
    "tech_adx_deceleration": 0.2911296448657552,
    "tech_plus_di": 7.553920589464472,
    "tech_minus_di": 35.32940960444251,
    "tech_di_crossover": 0.0,
    "tech_atr_14": 0.05736260921805851,
    "tech_atr_pct": 0.07742287652592592,
    "tech_atr_14_avg": 0.049436582719720734,
    "tech_bb_upper": 74.41264506900545,
    "tech_bb_lower": 74.00035493099456,
    "tech_bb_width": 0.5555984152478401,
    "tech_bb_position": 0.21743199931470275,
    "tech_volatility_20": 0.008344546617903032,
    "tech_volume_ratio": 0.21724699776718365,
    "tech_obv": -4052.2000000000107,
    "tech_momentum_10": -0.01999999999999602,
    "tech_roc_10": -0.02698691134799258,
    "tech_high_low_range": 0.0539883924956027,
    "tech_body_ratio": 0.7499999981251776,
    "tech_swing_high_10": 74.19,
    "tech_swing_low_10": 74.05,
    "tech_price_vs_swing_high": -0.1347890551287159,
    "tech_price_vs_swing_low": 0.054017555705612764,
    "tech_swing_break_up": 0.0,
    "tech_swing_break_down": 0.0,
    "tech_volume_spike": 0.0,
    "tech_volume_spike_ratio": 0.21724699776718365,
    "micro_ob_best_bid_price": 74.06,
    "micro_ob_best_ask_price": 74.07,
    "micro_ob_best_bid_size": 3499.7,
    "micro_ob_best_ask_size": 3665.7,
    "micro_ob_spread_absolute": 0.009999999999990905,
    "micro_ob_spread_percentage": 0.013501653952596915,
    "micro_ob_bid_ask_size_ratio": 0.9547153340426112,
    "micro_ob_orderbook_imbalance_5": -0.432428691482525,
    "micro_ob_orderbook_imbalance_10": -0.5253156873836108,
    "micro_ob_orderbook_imbalance_20": -0.4801357922745206,
    "micro_ob_orderbook_vwap": 74.12202972330056,
    "micro_ob_buy_impact_0.1": 0.0,
    "micro_ob_sell_impact_0.1": 0.0,
    "micro_ob_buy_impact_1.0": 0.0,
    "micro_ob_sell_impact_1.0": 0.0,
    "micro_ob_buy_impact_10.0": 0.0,
    "micro_ob_sell_impact_10.0": 0.0,
    "micro_ob_bid_depth_concentration": 0.45030395732831313,
    "micro_ob_ask_depth_concentration": 0.39915971016888446,
    "micro_ob_bid_levels": 15,
    "micro_ob_ask_levels": 15,
    "micro_ob_total_bid_volume": 12748.5,
    "micro_ob_total_ask_volume": 36297.0,
    "micro_ob_total_orderbook_volume": 49045.5,
    "micro_ob_order_flow_imbalance": -0.4801357922745206,
    "micro_ob_depth_imbalance_1": -0.023166885309961763,
    "micro_ob_depth_imbalance_5": -0.432428691482525,
    "micro_ob_depth_imbalance_10": -0.5253156873836108,
    "micro_ob_depth_imbalance_20": -0.4801357922745206,
    "micro_fr_funding_rate_current": 9.229e-05,
    "micro_fr_funding_rate_abs": 9.229e-05,
    "micro_fr_funding_rate_mean": 7.273061538461538e-05,
    "micro_fr_funding_rate_std": 2.625704558205711e-05,
    "micro_fr_funding_rate_min": 3.571e-05,
    "micro_fr_funding_rate_max": 0.0001,
    "micro_fr_funding_rate_skew": -0.2918025719945714,
    "micro_fr_funding_rate_kurtosis": -1.631764576310412,
    "micro_fr_funding_rate_trend": -1.9670000000000076e-06,
    "micro_fr_funding_rate_change": -2.5600000000000026e-06,
    "micro_fr_funding_rate_change_abs": 2.5600000000000026e-06,
    "micro_fr_funding_rate_positive": 1.0,
    "micro_fr_funding_rate_negative": 0.0,
    "micro_fr_funding_rate_high": 0.0,
    "micro_fr_funding_rate_extreme": 0.0,
    "micro_fr_hours_to_next_funding": 0.0,
    "micro_fr_funding_imminent": 1.0,
    "micro_vp_volume_current": 244.53,
    "micro_vp_volume_mean": 417.53248999999994,
    "micro_vp_volume_std": 435.13165288373347,
    "micro_vp_volume_max": 4381.674,
    "micro_vp_volume_sum": 41753.248999999996,
    "micro_vp_volume_ratio": 0.5856550229180968,
    "micro_vp_large_volume_trade": 0.0,
    "micro_vp_recent_vwap": 74.13574751152898,
    "micro_vp_price_vwap_deviation_pct": -0.04821899384426175,
    "micro_vp_price_clustering": 0.9482436834153853,
    "micro_vp_volume_trend": 52.364454545454535,
    "micro_of_order_flow_imbalance": -0.4801357922745206,
    "micro_of_trade_flow_buy_pressure": 0.2599321038627397,
    "micro_of_trade_flow_sell_pressure": 0.7400678961372603,
    "micro_of_kyles_lambda_buy": 0.0,
    "micro_of_kyles_lambda_sell": 0.0,
    "micro_of_kyles_lambda_avg": 0.0,
    "micro_of_amihud_illiquidity": 0.10515052220181076,
    "micro_of_spread_dynamics_current": 0.013501653952596915,
    "micro_micro_funding_arbitrage": 0.0,
    "micro_micro_orderbook_pressure": -1.0,
    "micro_micro_liquidity_score": 1.0,
    "micro_micro_volume_spike": 0.0,
    "micro_micro_oi_divergence": 0.0,
    "micro_micro_composite_score": 0.5,
    "fee_maker_rate": 0.0002,
    "fee_taker_rate": 0.0008,
    "fee_round_trip_cost": 0.0016,
    "fee_breakeven_move_pct": 0.16,
    "fee_net_profit_threshold": 0.16,
    "time_hour_sin": 1.2246467991473532e-16,
    "time_hour_cos": -1.0,
    "time_day_sin": -0.9749279121818236,
    "time_day_cos": -0.2225209339563146,
    "time_day_of_week": 5.0,
    "time_is_asian": 0.0,
    "time_is_london": 1.0,
    "time_is_ny": 0.0,
    "time_is_london_ny_overlap": 0.0,
    "time_is_weekend": 1.0,
    "time_is_us_market_hours": 0.0,
    "cross_btc_return_1m": 0.0,
    "cross_btc_return_5m": 0.0006302256207783505,
    "cross_btc_return_15m": -0.025202512690515242,
    "cross_btc_correlation": 0.3287718668908785,
    "cross_btc_lead_indicator": 0.0006302256207783505,
    "cross_eth_btc_ratio_change": 0.04187569365940272,
    "vol_realized_5m": 14.898358601277417,
    "vol_realized_15m": 10.697818092814575,
    "vol_realized_1h": 4.602557370551568,
    "vol_realized_4h": 2.4016128431529506,
    "vol_ratio_5m_1h": 3.236974012882756,
    "vol_ratio_15m_4h": 4.454430747784466,
    "vol_regime": 2.0,
    "vol_expansion": 1.0,
    "vol_contraction": 0.0,
    "vol_percentile": 74.73684210526315,
    "sent_fear_greed": 50.0,
    "sent_fear_greed_change": 1.0,
    "sent_extreme_fear": 0.0,
    "sent_extreme_greed": 0.0,
    "sent_fear": 0.0,
    "sent_greed": 0.0,
    "mask_microstructure_available": 1.0,
    "mask_cross_asset_available": 1.0,
    "mask_sentiment_available": 1.0
  },
  "output_prediction": {
    "signal": "SHORT",
    "confidence": 0.7,
    "raw_model_outputs": {
      "xgboost": 0.9203557372093201,
      "lightgbm": 0.9491914652135335,
      "lstm": 0.8350164890289307,
      "random_forest": 0.4470812446174157,
      "weighted_average": 0.811574982488753,
      "model_agreement": 0.1951724504602802,
      "technical_fallback": true,
      "fallback_reason": "Models predict LONG (0.81) but technicals strongly bearish (+DI=7.6, -DI=35.3, EMA=bearish)",
      "technical_signal": "SHORT",
      "technical_reason": "Technical SHORT: DI+EMA+MTF aligned (score: 6)"
    }
  },
  "regime_info": {
    "regime": "trending",
    "regime_confidence": 0.829997594830006,