{
  "timestamp": "2026-01-17T22:48:25.188548Z",
  "order_id": "707537569205715885",
  "stage": "Decision Making",
  "model_version": "ollama:qwen2.5:1.5b+ensemble_v1.0",
  "input_features": {
    "tech_returns_1": 0.05063291139240089,
    "tech_returns_5": -0.25239777889954906,
    "tech_returns_15": -0.42831947593852115,
    "tech_returns_60": -0.87785302232255,
    "tech_returns_240": -1.0267968945654848,
    "tech_returns_1440": 0.3565970453387703,
    "tech_rsi_14": 35.12949983095433,
    "tech_rsi_7": 36.90520581221483,
    "tech_rsi_21": 35.64548073407069,
    "tech_rsi_slope": 3.5280236665000047,
    "tech_rsi_divergence": 0.0,
    "tech_rsi_zone": 2.0,
    "tech_macd": -0.0006414117327391833,
    "tech_macd_signal": -0.0005929493989734298,
    "tech_macd_hist": -4.846233376575352e-05,
    "tech_stoch_k": 22.727272727272958,
    "tech_stoch_d": 13.570487483531243,
    "tech_ema_cross_9_21": -1.0,
    "tech_ema_cross_50_200": -1.0,
    "tech_ema_9": 0.3954476327729994,
    "tech_ema_21": 0.39604475213763496,
    "tech_ema_50": 0.3969071921306721,
    "tech_price_ema_9_pct": -0.0626208763124735,
    "tech_price_ema_21_pct": -0.21329714207181105,
    "tech_adx": 43.20723326805952,
    "tech_adx_7": 44.54566635001372,
    "tech_adx_10": 41.94921944753326,
    "tech_adx_roc_5": 0.1700402560414247,
    "tech_adx_slope_3": -0.11467233796747323,
    "tech_adx_deceleration": -1.0990236769602468,
    "tech_plus_di": 20.090640783713454,
    "tech_minus_di": 45.85745327447842,
    "tech_di_crossover": 0.0,
    "tech_atr_14": 0.00039929519140152877,
    "tech_atr_pct": 0.10103623264208725,
    "tech_atr_14_avg": 0.0003889029568366377,
    "tech_bb_upper": 0.39736500189322427,
    "tech_bb_lower": 0.3945849981067758,
    "tech_bb_width": 0.7020654805097526,
    "tech_bb_position": 0.22122340128532603,
    "tech_volatility_20": 0.015264040539513496,
    "tech_volume_ratio": 0.13727446802772458,
    "tech_obv": 61310.0,
    "tech_momentum_10": -0.00030000000000002247,
    "tech_roc_10": -0.07585335018963635,
    "tech_high_low_range": 0.05060728744938714,
    "tech_body_ratio": 0.99999950000025,
    "tech_swing_high_10": 0.3965,
    "tech_swing_low_10": 0.3947,
    "tech_price_vs_swing_high": -0.32786885245902225,
    "tech_price_vs_swing_low": 0.1266784899923994,
    "tech_swing_break_up": 0.0,
    "tech_swing_break_down": 0.0,
    "tech_volume_spike": 0.0,
    "tech_volume_spike_ratio": 0.13727446802772458,
    "micro_ob_best_bid_price": 0.3952,
    "micro_ob_best_ask_price": 0.3953,
    "micro_ob_best_bid_size": 905570.0,
    "micro_ob_best_ask_size": 822680.0,
    "micro_ob_spread_absolute": 9.999999999998899e-05,
    "micro_ob_spread_percentage": 0.025300442757745477,
    "micro_ob_bid_ask_size_ratio": 1.1007560655418875,
    "micro_ob_orderbook_imbalance_5": 0.011153524991053322,
    "micro_ob_orderbook_imbalance_10": -0.13681626977494393,
    "micro_ob_orderbook_imbalance_20": -0.2302909636132509,
    "micro_ob_orderbook_vwap": 0.39540091686214157,
    "micro_ob_buy_impact_0.1": 0.0,
    "micro_ob_sell_impact_0.1": 0.0,
    "micro_ob_buy_impact_1.0": 0.0,
    "micro_ob_sell_impact_1.0": 0.0,
    "micro_ob_buy_impact_10.0": 0.0,
    "micro_ob_sell_impact_10.0": 0.0,
    "micro_ob_bid_depth_concentration": 0.538431678388555,
    "micro_ob_ask_depth_concentration": 0.32942846608483706,
    "micro_ob_bid_levels": 15,
    "micro_ob_ask_levels": 15,
    "micro_ob_total_bid_volume": 8501190.0,
    "micro_ob_total_ask_volume": 13588170.0,
    "micro_ob_total_orderbook_volume": 22089360.0,
    "micro_ob_order_flow_imbalance": -0.2302909636132509,
    "micro_ob_depth_imbalance_1": 0.04796181108057283,
    "micro_ob_depth_imbalance_5": 0.011153524991053322,
    "micro_ob_depth_imbalance_10": -0.13681626977494393,
    "micro_ob_depth_imbalance_20": -0.2302909636132509,
    "micro_fr_funding_rate_current": 6.833e-05,
    "micro_fr_funding_rate_abs": 6.833e-05,
    "micro_fr_funding_rate_mean": 3.07996e-05,
    "micro_fr_funding_rate_std": 2.4076436900837297e-05,
    "micro_fr_funding_rate_min": -5.96e-06,
    "micro_fr_funding_rate_max": 6.833e-05,
    "micro_fr_funding_rate_skew": -0.09740280679922972,
    "micro_fr_funding_rate_kurtosis": -1.4784453464512397,
    "micro_fr_funding_rate_trend": 7.96999999999996e-07,
    "micro_fr_funding_rate_change": 2.040000000000001e-06,
    "micro_fr_funding_rate_change_abs": 2.040000000000001e-06,
    "micro_fr_funding_rate_positive": 1.0,
    "micro_fr_funding_rate_negative": 0.0,
    "micro_fr_funding_rate_high": 0.0,
    "micro_fr_funding_rate_extreme": 0.0,
    "micro_fr_hours_to_next_funding": 0.0,
    "micro_fr_funding_imminent": 1.0,
    "micro_vp_volume_current": 71.082,
    "micro_vp_volume_mean": 44.14997000000001,
    "micro_vp_volume_std": 22.032408626137546,
    "micro_vp_volume_max": 82.929,
    "micro_vp_volume_sum": 4414.997000000001,
    "micro_vp_volume_ratio": 1.6100124190344858,
    "micro_vp_large_volume_trade": 0.0,
    "micro_vp_recent_vwap": 0.39490134201676685,
    "micro_vp_price_vwap_deviation_pct": -0.0003398359600469449,
    "micro_vp_price_clustering": 1.3877787807814457e-17,
    "micro_vp_volume_trend": 1.6035333333333337,
    "micro_of_order_flow_imbalance": -0.2302909636132509,
    "micro_of_trade_flow_buy_pressure": 0.3848545181933746,
    "micro_of_trade_flow_sell_pressure": 0.6151454818066254,
    "micro_of_kyles_lambda_buy": 0.0,
    "micro_of_kyles_lambda_sell": 0.0,
    "micro_of_kyles_lambda_avg": 0.0,
    "micro_of_amihud_illiquidity": 1.0809400375687495,
    "micro_of_spread_dynamics_current": 0.025300442757745477,
    "micro_micro_funding_arbitrage": 0.0,
    "micro_micro_orderbook_pressure": 0.0,
    "micro_micro_liquidity_score": 1.0,
    "micro_micro_volume_spike": 0.5,
    "micro_micro_oi_divergence": 0.0,
    "micro_micro_composite_score": 0.25,
    "fee_maker_rate": 0.0002,
    "fee_taker_rate": 0.0008,
    "fee_round_trip_cost": 0.0016,
    "fee_breakeven_move_pct": 0.16,
    "fee_net_profit_threshold": 0.16,
    "time_hour_sin": -0.5000000000000004,
    "time_hour_cos": 0.8660254037844384,
    "time_day_sin": -0.9749279121818236,
    "time_day_cos": -0.2225209339563146,
    "time_day_of_week": 5.0,
    "time_is_asian": 0.0,
    "time_is_london": 0.0,
    "time_is_ny": 0.0,
    "time_is_london_ny_overlap": 0.0,
    "time_is_weekend": 1.0,
    "time_is_us_market_hours": 0.0,
    "cross_btc_return_1m": 0.03610070306908907,
    "cross_btc_return_5m": -0.09019037738050868,
    "cross_btc_return_15m": -0.0749598391885444,
    "cross_btc_correlation": 0.5215072594469137,
    "cross_btc_lead_indicator": -0.09019037738050868,
    "cross_eth_btc_ratio_change": -0.127483439656117,
    "vol_realized_5m": 29.775050605480143,
    "vol_realized_15m": 16.991087991735828,
    "vol_realized_1h": 6.588735628884191,
    "vol_realized_4h": 2.9701423767012116,
    "vol_ratio_5m_1h": 4.519084128212711,
    "vol_ratio_15m_4h": 5.720630810502417,
    "vol_regime": 3.0,
    "vol_expansion": 1.0,
    "vol_contraction": 0.0,
    "vol_percentile": 84.21052631578947,
    "sent_fear_greed": 50.0,
    "sent_fear_greed_change": 1.0,
    "sent_extreme_fear": 0.0,
    "sent_extreme_greed": 0.0,
    "sent_fear": 0.0,
    "sent_greed": 0.0,
    "mask_microstructure_available": 1.0,
    "mask_cross_asset_available": 1.0,
    "mask_sentiment_available": 1.0
  },
  "output_prediction": {
    "signal": "SHORT",
    "confidence": 0.7,
    "raw_model_outputs": {
      "xgboost": 0.847073495388031,
      "lightgbm": 0.7739115256133186,
      "lstm": 0.6695738434791565,
      "random_forest": 0.31851275567572096,
      "weighted_average": 0.6786959420246723,
      "model_agreement": 0.18897994182766986,
      "technical_fallback": true,
      "fallback_reason": "Models predict LONG (0.68) but technicals strongly bearish (+DI=20.1, -DI=45.9, EMA=bearish)",
      "technical_signal": "SHORT",
      "technical_reason": "Technical SHORT: DI+EMA+MTF aligned (score: 6)"
    }
  },
  "regime_info": {
    "regime": "trending",