{
  "timestamp": "2026-01-17T16:08:46.340508Z",
  "order_id": "707436994849932205",
  "stage": "Decision Making",
  "model_version": "ollama:qwen2.5:1.5b+ensemble_v1.0",
  "input_features": {
    "tech_returns_1": 0.09365801445009314,
    "tech_returns_5": -0.053440213760846955,
    "tech_returns_15": -0.013365410318089133,
    "tech_returns_60": -0.25333333333332764,
    "tech_returns_240": 0.3083936712255264,
    "tech_returns_1440": 2.9155727511399743,
    "tech_rsi_14": 50.93307260562328,
    "tech_rsi_7": 49.90572106696064,
    "tech_rsi_21": 50.96687737321336,
    "tech_rsi_slope": -2.4005635473272413,
    "tech_rsi_divergence": 0.0,
    "tech_rsi_zone": 3.0,
    "tech_macd": 0.012321098633094607,
    "tech_macd_signal": 0.013323243944237373,
    "tech_macd_hist": -0.0010021453111427655,
    "tech_stoch_k": 47.36842105263394,
    "tech_stoch_d": 45.05582137161138,
    "tech_ema_cross_9_21": 1.0,
    "tech_ema_cross_50_200": 1.0,
    "tech_ema_9": 74.81379883295955,
    "tech_ema_21": 74.80266554302607,
    "tech_ema_50": 74.78966572100978,
    "tech_price_ema_9_pct": -0.005077716970405764,
    "tech_price_ema_21_pct": 0.009805074352220057,
    "tech_adx": 22.17407608234975,
    "tech_adx_7": 38.47736765426629,
    "tech_adx_10": 28.40758172826415,
    "tech_adx_roc_5": 1.9655355972909838,
    "tech_adx_slope_3": 1.0985539671567004,
    "tech_adx_deceleration": 0.7668328693690878,
    "tech_plus_di": 16.736856782856353,
    "tech_minus_di": 30.279845884016215,
    "tech_di_crossover": 0.0,
    "tech_atr_14": 0.0756993934520844,
    "tech_atr_pct": 0.10118886973945249,
    "tech_atr_14_avg": 0.06276309752815928,
    "tech_bb_upper": 74.94403196407396,
    "tech_bb_lower": 74.64596803592605,
    "tech_bb_width": 0.39850782558715336,
    "tech_bb_position": 0.550324774598545,
    "tech_volatility_20": 0.01265220846836093,
    "tech_volume_ratio": 0.6620487327846142,
    "tech_obv": 13463.10000000001,
    "tech_momentum_10": 0.01999999999999602,
    "tech_roc_10": 0.02674154298702991,
    "tech_high_low_range": 0.12030477208929743,
    "tech_body_ratio": 0.7777777769136329,
    "tech_swing_high_10": 74.9,
    "tech_swing_low_10": 74.72,
    "tech_price_vs_swing_high": -0.12016021361816208,
    "tech_price_vs_swing_low": 0.1204496788008611,
    "tech_swing_break_up": 0.0,
    "tech_swing_break_down": 0.0,
    "tech_volume_spike": 0.0,
    "tech_volume_spike_ratio": 0.6620487327846142,
    "micro_ob_best_bid_price": 74.81,
    "micro_ob_best_ask_price": 74.82,
    "micro_ob_best_bid_size": 3418.0,
    "micro_ob_best_ask_size": 3749.2,
    "micro_ob_spread_absolute": 0.009999999999990905,
    "micro_ob_spread_percentage": 0.013366303548741437,
    "micro_ob_bid_ask_size_ratio": 0.911661154379601,
    "micro_ob_orderbook_imbalance_5": -0.1380498334596086,
    "micro_ob_orderbook_imbalance_10": 0.09501592068655627,
    "micro_ob_orderbook_imbalance_20": 0.1868271137894543,
    "micro_ob_orderbook_vwap": 74.79139085644394,
    "micro_ob_buy_impact_0.1": 0.0,
    "micro_ob_sell_impact_0.1": 0.0,
    "micro_ob_buy_impact_1.0": 0.0,
    "micro_ob_sell_impact_1.0": 0.0,
    "micro_ob_buy_impact_10.0": 0.0,
    "micro_ob_sell_impact_10.0": 0.0,
    "micro_ob_bid_depth_concentration": 0.3219358007816671,
    "micro_ob_ask_depth_concentration": 0.6203731122297897,
    "micro_ob_bid_levels": 15,
    "micro_ob_ask_levels": 15,
    "micro_ob_total_bid_volume": 28093.8,
    "micro_ob_total_ask_volume": 19248.9,
    "micro_ob_total_orderbook_volume": 47342.7,
    "micro_ob_order_flow_imbalance": 0.1868271137894543,
    "micro_ob_depth_imbalance_1": -0.04621051456635783,
    "micro_ob_depth_imbalance_5": -0.1380498334596086,
    "micro_ob_depth_imbalance_10": 0.09501592068655627,
    "micro_ob_depth_imbalance_20": 0.1868271137894543,
    "micro_fr_funding_rate_current": -2.251e-05,
    "micro_fr_funding_rate_abs": 2.251e-05,
    "micro_fr_funding_rate_mean": 5.51414e-05,
    "micro_fr_funding_rate_std": 3.842484170481383e-05,
    "micro_fr_funding_rate_min": -2.262e-05,
    "micro_fr_funding_rate_max": 0.0001,
    "micro_fr_funding_rate_skew": -0.47307520816863174,
    "micro_fr_funding_rate_kurtosis": -0.8659391869873732,
    "micro_fr_funding_rate_trend": -1.0969999999999973e-06,
    "micro_fr_funding_rate_change": 1.1000000000000064e-07,
    "micro_fr_funding_rate_change_abs": 1.1000000000000064e-07,
    "micro_fr_funding_rate_positive": 0.0,
    "micro_fr_funding_rate_negative": 1.0,
    "micro_fr_funding_rate_high": 0.0,
    "micro_fr_funding_rate_extreme": 0.0,
    "micro_fr_hours_to_next_funding": 0.0,
    "micro_fr_funding_imminent": 1.0,
    "micro_vp_volume_current": 471.051,
    "micro_vp_volume_mean": 406.9652399999999,
    "micro_vp_volume_std": 232.03573765565164,
    "micro_vp_volume_max": 1982.465,
    "micro_vp_volume_sum": 40696.52399999999,
    "micro_vp_volume_ratio": 1.1574723187660945,
    "micro_vp_large_volume_trade": 0.0,
    "micro_vp_recent_vwap": 74.79604979924086,
    "micro_vp_price_vwap_deviation_pct": -0.03482777407468157,
    "micro_vp_price_clustering": 0.12930433908021888,
    "micro_vp_volume_trend": 21.706072727272748,
    "micro_of_order_flow_imbalance": 0.1868271137894543,
    "micro_of_trade_flow_buy_pressure": 0.5934135568947272,
    "micro_of_trade_flow_sell_pressure": 0.40658644310527287,
    "micro_of_kyles_lambda_buy": 0.0,
    "micro_of_kyles_lambda_sell": 0.0,
    "micro_of_kyles_lambda_avg": 0.0,
    "micro_of_amihud_illiquidity": 0.1145768475464768,
    "micro_of_spread_dynamics_current": 0.013366303548741437,
    "micro_micro_funding_arbitrage": 0.0,
    "micro_micro_orderbook_pressure": 0.0,
    "micro_micro_liquidity_score": 1.0,
    "micro_micro_volume_spike": 0.0,
    "micro_micro_oi_divergence": 0.0,
    "micro_micro_composite_score": 0.2,
    "fee_maker_rate": 0.0002,
    "fee_taker_rate": 0.0008,
    "fee_round_trip_cost": 0.0016,
    "fee_breakeven_move_pct": 0.16,
    "fee_net_profit_threshold": 0.16,
    "time_hour_sin": -0.8660254037844384,
    "time_hour_cos": -0.5000000000000004,
    "time_day_sin": -0.9749279121818236,
    "time_day_cos": -0.2225209339563146,
    "time_day_of_week": 5.0,
    "time_is_asian": 0.0,
    "time_is_london": 1.0,
    "time_is_ny": 1.0,
    "time_is_london_ny_overlap": 1.0,
    "time_is_weekend": 1.0,
    "time_is_us_market_hours": 1.0,
    "cross_btc_return_1m": 0.01844073138455926,
    "cross_btc_return_5m": -0.023355480892496616,
    "cross_btc_return_15m": -0.04010605590972986,
    "cross_btc_correlation": 0.7046528430298548,
    "cross_btc_lead_indicator": -0.023355480892496616,
    "cross_eth_btc_ratio_change": -0.08705246783243689,
    "vol_realized_5m": 28.924001021579528,
    "vol_realized_15m": 13.471925878654304,
    "vol_realized_1h": 5.942079018128663,
    "vol_realized_4h": 3.0440608048318376,
    "vol_ratio_5m_1h": 4.867656746626126,
    "vol_ratio_15m_4h": 4.425642831204395,
    "vol_regime": 3.0,
    "vol_expansion": 1.0,
    "vol_contraction": 0.0,
    "vol_percentile": 89.47368421052632,
    "sent_fear_greed": 50.0,
    "sent_fear_greed_change": 1.0,
    "sent_extreme_fear": 0.0,
    "sent_extreme_greed": 0.0,
    "sent_fear": 0.0,
    "sent_greed": 0.0,
    "mask_microstructure_available": 1.0,
    "mask_cross_asset_available": 1.0,
    "mask_sentiment_available": 1.0
  },
  "output_prediction": {
    "signal": "LONG",
    "confidence": 0.5040164582807158,
    "raw_model_outputs": {
      "xgboost": 0.682772696018219,
      "lightgbm": 0.8572523141681092,
      "lstm": 0.8399335741996765,
      "random_forest": 0.614399666708923,
      "weighted_average": 0.7520082291403579,
      "model_agreement": 0.587737413196994
    }
  },
  "regime_info": {
    "regime": "ranging",
    "regime_confidence": 0.5,
    "atr_ratio": 1.2061130892738543,
    "adx_value": 22.17407608234975,
    "is_exhausted": false,
    "is_weakening": false,
    "leverage_tier": "elevated_volatility"
  },