{
  "timestamp": "2026-01-17T22:01:54.121118Z",
  "order_id": "707525854409786285",
  "stage": "Decision Making",
  "model_version": "ollama:qwen2.5:1.5b+ensemble_v1.0",
  "input_features": {
    "tech_returns_1": 0.0,
    "tech_returns_5": 0.12019230769231282,
    "tech_returns_15": 0.2272727272727204,
    "tech_returns_60": 0.026684456304204573,
    "tech_returns_240": 0.5903662954514832,
    "tech_returns_1440": 2.9155727511399743,
    "tech_rsi_14": 61.68053635467947,
    "tech_rsi_7": 70.64806155606495,
    "tech_rsi_21": 57.56848726090579,
    "tech_rsi_slope": 0.0,
    "tech_rsi_divergence": 0.0,
    "tech_rsi_zone": 3.0,
    "tech_macd": 0.026162189996995266,
    "tech_macd_signal": 0.011992137104764555,
    "tech_macd_hist": 0.014170052892230712,
    "tech_stoch_k": 94.44444444444181,
    "tech_stoch_d": 94.63937621832089,
    "tech_ema_cross_9_21": 1.0,
    "tech_ema_cross_50_200": -1.0,
    "tech_ema_9": 74.92209547294615,
    "tech_ema_21": 74.88932981622139,
    "tech_ema_50": 74.88585656788239,
    "tech_price_ema_9_pct": 0.06393911802846325,
    "tech_price_ema_21_pct": 0.10771919574734178,
    "tech_adx": 27.106145471008915,
    "tech_adx_7": 50.671363562538595,
    "tech_adx_10": 36.26779976413422,
    "tech_adx_roc_5": 11.127293918740483,
    "tech_adx_slope_3": 2.901035356104815,
    "tech_adx_deceleration": -0.44631313170843434,
    "tech_plus_di": 44.56625763332418,
    "tech_minus_di": 17.067680668138802,
    "tech_di_crossover": 0.0,
    "tech_atr_14": 0.03649115418138036,
    "tech_atr_pct": 0.048674341978631935,
    "tech_atr_14_avg": 0.04345916261003349,
    "tech_bb_upper": 74.99905816650049,
    "tech_bb_lower": 74.7499418334995,
    "tech_bb_width": 0.3327118484944594,
    "tech_bb_position": 0.8833550327654511,
    "tech_volatility_20": 0.00889624541927219,
    "tech_volume_ratio": 0.783524832516187,
    "tech_obv": 7070.000000000004,
    "tech_momentum_10": 0.12000000000000455,
    "tech_roc_10": 0.16032064128257417,
    "tech_high_low_range": 0.0,
    "tech_body_ratio": 0.0,
    "tech_swing_high_10": 74.98,
    "tech_swing_low_10": 74.81,
    "tech_price_vs_swing_high": -0.013336889837296766,
    "tech_price_vs_swing_low": 0.21387515038096055,
    "tech_swing_break_up": 0.0,
    "tech_swing_break_down": 0.0,
    "tech_volume_spike": 0.0,
    "tech_volume_spike_ratio": 0.783524832516187,
    "micro_ob_best_bid_price": 74.96,
    "micro_ob_best_ask_price": 74.97,
    "micro_ob_best_bid_size": 3218.3,
    "micro_ob_best_ask_size": 3935.4,
    "micro_ob_spread_absolute": 0.010000000000005116,
    "micro_ob_spread_percentage": 0.013339558460621778,
    "micro_ob_bid_ask_size_ratio": 0.8177821822432282,
    "micro_ob_orderbook_imbalance_5": 0.1911078820675343,
    "micro_ob_orderbook_imbalance_10": 0.12232680758725047,
    "micro_ob_orderbook_imbalance_20": 0.1031347101733751,
    "micro_ob_orderbook_vwap": 74.94721594604283,
    "micro_ob_buy_impact_0.1": 0.0,
    "micro_ob_sell_impact_0.1": 0.0,
    "micro_ob_buy_impact_1.0": 0.0,
    "micro_ob_sell_impact_1.0": 0.0,
    "micro_ob_buy_impact_10.0": 0.0,
    "micro_ob_sell_impact_10.0": 0.0,
    "micro_ob_bid_depth_concentration": 0.6635110995329451,
    "micro_ob_ask_depth_concentration": 0.5542287247738443,
    "micro_ob_bid_levels": 15,
    "micro_ob_ask_levels": 15,
    "micro_ob_total_bid_volume": 21496.4,
    "micro_ob_total_ask_volume": 17476.9,
    "micro_ob_total_orderbook_volume": 38973.3,
    "micro_ob_order_flow_imbalance": 0.1031347101733751,
    "micro_ob_depth_imbalance_1": -0.10024183289766132,
    "micro_ob_depth_imbalance_5": 0.1911078820675343,
    "micro_ob_depth_imbalance_10": 0.12232680758725047,
    "micro_ob_depth_imbalance_20": 0.1031347101733751,
    "micro_fr_funding_rate_current": 1.256e-05,
    "micro_fr_funding_rate_abs": 1.256e-05,
    "micro_fr_funding_rate_mean": -1.56303e-05,
    "micro_fr_funding_rate_std": 2.9744578983572784e-05,
    "micro_fr_funding_rate_min": -5.039e-05,
    "micro_fr_funding_rate_max": 6.689e-05,
    "micro_fr_funding_rate_skew": 0.9806971940482854,
    "micro_fr_funding_rate_kurtosis": 0.2459454241442507,
    "micro_fr_funding_rate_trend": 2.2980000000000003e-06,
    "micro_fr_funding_rate_change": 2.4100000000000006e-06,
    "micro_fr_funding_rate_change_abs": 2.4100000000000006e-06,
    "micro_fr_funding_rate_positive": 1.0,
    "micro_fr_funding_rate_negative": 0.0,
    "micro_fr_funding_rate_high": 0.0,
    "micro_fr_funding_rate_extreme": 0.0,
    "micro_fr_hours_to_next_funding": 0.0,
    "micro_fr_funding_imminent": 1.0,
    "micro_vp_volume_current": 337.365,
    "micro_vp_volume_mean": 348.31129999999996,
    "micro_vp_volume_std": 166.50300425857185,
    "micro_vp_volume_max": 659.736,
    "micro_vp_volume_sum": 34831.13,
    "micro_vp_volume_ratio": 0.968573227454866,
    "micro_vp_large_volume_trade": 0.0,
    "micro_vp_recent_vwap": 74.97014638169937,
    "micro_vp_price_vwap_deviation_pct": -0.0001952533193960102,
    "micro_vp_price_clustering": 1.3877787807814457e-17,
    "micro_vp_volume_trend": 1.9537636363636368,
    "micro_of_order_flow_imbalance": 0.1031347101733751,
    "micro_of_trade_flow_buy_pressure": 0.5515673550866875,
    "micro_of_trade_flow_sell_pressure": 0.4484326449133125,
    "micro_of_kyles_lambda_buy": 0.0,
    "micro_of_kyles_lambda_sell": 0.0,
    "micro_of_kyles_lambda_avg": 0.0,
    "micro_of_amihud_illiquidity": 0.06369505539786821,
    "micro_of_spread_dynamics_current": 0.013339558460621778,
    "micro_micro_funding_arbitrage": 0.0,
    "micro_micro_orderbook_pressure": 0.5,
    "micro_micro_liquidity_score": 1.0,
    "micro_micro_volume_spike": 0.0,
    "micro_micro_oi_divergence": 0.0,
    "micro_micro_composite_score": 0.35,
    "fee_maker_rate": 0.0002,
    "fee_taker_rate": 0.0008,
    "fee_round_trip_cost": 0.0016,
    "fee_breakeven_move_pct": 0.16,
    "fee_net_profit_threshold": 0.16,
    "time_hour_sin": -0.5000000000000004,
    "time_hour_cos": 0.8660254037844384,
    "time_day_sin": -0.9749279121818236,
    "time_day_cos": -0.2225209339563146,
    "time_day_of_week": 5.0,
    "time_is_asian": 0.0,
    "time_is_london": 0.0,
    "time_is_ny": 0.0,
    "time_is_london_ny_overlap": 0.0,
    "time_is_weekend": 1.0,
    "time_is_us_market_hours": 0.0,
    "cross_btc_return_1m": -0.010181311310924274,
    "cross_btc_return_5m": 0.01679844698357637,
    "cross_btc_return_15m": 0.009553424640267651,
    "cross_btc_correlation": 0.6490038181482669,
    "cross_btc_lead_indicator": 0.01679844698357637,
    "cross_eth_btc_ratio_change": -0.017404611582149215,
    "vol_realized_5m": 7.933490309835786,
    "vol_realized_15m": 11.318051542967709,
    "vol_realized_1h": 4.989789207028606,
    "vol_realized_4h": 2.2141881615383294,
    "vol_ratio_5m_1h": 1.5899449817761218,
    "vol_ratio_15m_4h": 5.111603313380729,
    "vol_regime": 0.0,
    "vol_expansion": 1.0,
    "vol_contraction": 0.0,
    "vol_percentile": 15.789473684210526,
    "sent_fear_greed": 50.0,
    "sent_fear_greed_change": 1.0,
    "sent_extreme_fear": 0.0,
    "sent_extreme_greed": 0.0,
    "sent_fear": 0.0,
    "sent_greed": 0.0,
    "mask_microstructure_available": 1.0,
    "mask_cross_asset_available": 1.0,
    "mask_sentiment_available": 1.0
  },
  "output_prediction": {
    "signal": "LONG",
    "confidence": 0.7,
    "raw_model_outputs": {
      "xgboost": 0.06735061854124069,
      "lightgbm": 0.12064925784036638,
      "lstm": 0.5896074175834656,
      "random_forest": 0.44522387723659945,
      "weighted_average": 0.28681413098323716,
      "model_agreement": 0.12564414875695062,
      "technical_fallback": true,
      "fallback_reason": "Models predict SHORT (0.29) but technicals strongly bullish (+DI=44.6, -DI=17.1, EMA=bullish)",
      "technical_signal": "LONG",
      "technical_reason": "Technical LONG: DI+EMA+MTF aligned (score: 6)"
    }
  },
  "regime_info": {
    "regime": "trending",
    "regime_confidence": 0.6252737456521069,
    "atr_ratio": 0.8396653775596584,