{
  "timestamp": "2026-01-17T08:59:51.356680Z",
  "order_id": "707329055183078317",
  "stage": "Decision Making",
  "model_version": "ollama:qwen2.5:1.5b+ensemble_v1.0",
  "input_features": {
    "tech_returns_1": 0.009243241142509184,
    "tech_returns_5": 0.00934828779282082,
    "tech_returns_15": 0.04759993359126913,
    "tech_returns_60": 0.1606340363220049,
    "tech_returns_240": 0.45642107217804817,
    "tech_returns_1440": -0.5526606663508605,
    "tech_rsi_14": 58.94853412509311,
    "tech_rsi_7": 63.075238864167325,
    "tech_rsi_21": 57.61955229647033,
    "tech_rsi_slope": 2.7363427876461905,
    "tech_rsi_divergence": 0.0,
    "tech_rsi_zone": 3.0,
    "tech_macd": 8.57090581333614,
    "tech_macd_signal": 10.65630341341268,
    "tech_macd_hist": -2.08539760007654,
    "tech_stoch_k": 74.90347490346926,
    "tech_stoch_d": 69.32907308629767,
    "tech_ema_cross_9_21": 1.0,
    "tech_ema_cross_50_200": 1.0,
    "tech_ema_9": 95205.9220330581,
    "tech_ema_21": 95200.14992696268,
    "tech_ema_50": 95178.30265172118,
    "tech_price_ema_9_pct": 0.007959554174862825,
    "tech_price_ema_21_pct": 0.014023163879008552,
    "tech_adx": 34.79913607857601,
    "tech_adx_7": 35.62252247428045,
    "tech_adx_10": 30.81785766684526,
    "tech_adx_roc_5": -7.565041518487554,
    "tech_adx_slope_3": 0.5865879640410867,
    "tech_adx_deceleration": 2.012389098785672,
    "tech_plus_di": 56.15407922704105,
    "tech_minus_di": 21.000182396700794,
    "tech_di_crossover": 0.0,
    "tech_atr_14": 6.686244244311386,
    "tech_atr_pct": 0.007022369983575213,
    "tech_atr_14_avg": 12.18783755572964,
    "tech_bb_upper": 95231.24798122216,
    "tech_bb_lower": 95172.80201877783,
    "tech_bb_width": 0.06139151183425578,
    "tech_bb_position": 0.6963352046933363,
    "tech_volatility_20": 0.0019804546260972105,
    "tech_volume_ratio": 4.249440042214361,
    "tech_obv": 1819.2930999999992,
    "tech_momentum_10": -1.8999999999941792,
    "tech_roc_10": -0.0019954755218098974,
    "tech_high_low_range": 0.01008260383244584,
    "tech_body_ratio": 0.9166666666568655,
    "tech_swing_high_10": 95220.0,
    "tech_swing_low_10": 95199.9,
    "tech_price_vs_swing_high": -0.006826296996429322,
    "tech_price_vs_swing_low": 0.014285729291738564,
    "tech_swing_break_up": 0.0,
    "tech_swing_break_down": 0.0,
    "tech_volume_spike": 1.0,
    "tech_volume_spike_ratio": 4.249440042214361,
    "micro_ob_best_bid_price": 95209.8,
    "micro_ob_best_ask_price": 95209.9,
    "micro_ob_best_bid_size": 2.6873,
    "micro_ob_best_ask_size": 2.9231,
    "micro_ob_spread_absolute": 0.09999999999126885,
    "micro_ob_spread_percentage": 0.00010503114960402611,
    "micro_ob_bid_ask_size_ratio": 0.9193322157982964,
    "micro_ob_orderbook_imbalance_5": -0.011374769166746119,
    "micro_ob_orderbook_imbalance_10": -0.0013408210352182871,
    "micro_ob_orderbook_imbalance_20": 0.01684058023072732,
    "micro_ob_orderbook_vwap": 95209.99955313222,
    "micro_ob_buy_impact_0.1": 0.0,
    "micro_ob_sell_impact_0.1": 0.0,
    "micro_ob_buy_impact_1.0": 0.0,
    "micro_ob_sell_impact_1.0": 0.0,
    "micro_ob_buy_impact_10.0": 0.0,
    "micro_ob_sell_impact_10.0": 0.0,
    "micro_ob_bid_depth_concentration": 0.33568148366205475,
    "micro_ob_ask_depth_concentration": 0.355170377045986,
    "micro_ob_bid_levels": 15,
    "micro_ob_ask_levels": 15,
    "micro_ob_total_bid_volume": 33.97,
    "micro_ob_total_ask_volume": 32.8448,
    "micro_ob_total_orderbook_volume": 66.81479999999999,
    "micro_ob_order_flow_imbalance": 0.01684058023072732,
    "micro_ob_depth_imbalance_1": -0.042029088835020635,
    "micro_ob_depth_imbalance_5": -0.011374769166746119,
    "micro_ob_depth_imbalance_10": -0.0013408210352182871,
    "micro_ob_depth_imbalance_20": 0.01684058023072732,
    "micro_fr_funding_rate_current": 4.079e-05,
    "micro_fr_funding_rate_abs": 4.079e-05,
    "micro_fr_funding_rate_mean": 3.179157894736842e-05,
    "micro_fr_funding_rate_std": 6.344882947083292e-06,
    "micro_fr_funding_rate_min": 2.031e-05,
    "micro_fr_funding_rate_max": 4.079e-05,
    "micro_fr_funding_rate_skew": -0.3021438784435444,
    "micro_fr_funding_rate_kurtosis": -1.336794990700233,
    "micro_fr_funding_rate_trend": 8.129999999999966e-07,
    "micro_fr_funding_rate_change": 1.2699999999999997e-06,
    "micro_fr_funding_rate_change_abs": 1.2699999999999997e-06,
    "micro_fr_funding_rate_positive": 1.0,
    "micro_fr_funding_rate_negative": 0.0,
    "micro_fr_funding_rate_high": 0.0,
    "micro_fr_funding_rate_extreme": 0.0,
    "micro_fr_hours_to_next_funding": 0.0,
    "micro_fr_funding_imminent": 1.0,
    "micro_vp_volume_current": 95.2047,
    "micro_vp_volume_mean": 23964.955532499993,
    "micro_vp_volume_std": 69403.79093965991,
    "micro_vp_volume_max": 277421.73248,
    "micro_vp_volume_sum": 2396495.5532499994,
    "micro_vp_volume_ratio": 0.003972663327953539,
    "micro_vp_large_volume_trade": 0.0,
    "micro_vp_recent_vwap": 95208.97359102534,
    "micro_vp_price_vwap_deviation_pct": -0.004488643101748969,
    "micro_vp_price_clustering": 0.027562702864311218,
    "micro_vp_volume_trend": 6.289248848484867,
    "micro_of_order_flow_imbalance": 0.01684058023072732,
    "micro_of_trade_flow_buy_pressure": 0.5084202901153637,
    "micro_of_trade_flow_sell_pressure": 0.4915797098846364,
    "micro_of_kyles_lambda_buy": 0.0,
    "micro_of_kyles_lambda_sell": 0.0,
    "micro_of_kyles_lambda_avg": 0.0,
    "micro_of_amihud_illiquidity": 0.002750538513891216,
    "micro_of_spread_dynamics_current": 0.00010503114960402611,
    "micro_micro_funding_arbitrage": 0.0,
    "micro_micro_orderbook_pressure": 0.0,
    "micro_micro_liquidity_score": 0.5,
    "micro_micro_volume_spike": 0.0,
    "micro_micro_oi_divergence": 0.0,
    "micro_micro_composite_score": 0.1,
    "fee_maker_rate": 0.0002,
    "fee_taker_rate": 0.0008,
    "fee_round_trip_cost": 0.0016,
    "fee_breakeven_move_pct": 0.16,
    "fee_net_profit_threshold": 0.16,
    "time_hour_sin": 0.8660254037844387,
    "time_hour_cos": -0.4999999999999998,
    "time_day_sin": -0.9749279121818236,
    "time_day_cos": -0.2225209339563146,
    "time_day_of_week": 5.0,
    "time_is_asian": 1.0,
    "time_is_london": 1.0,
    "time_is_ny": 0.0,
    "time_is_london_ny_overlap": 0.0,
    "time_is_weekend": 1.0,
    "time_is_us_market_hours": 0.0,
    "cross_btc_return_1m": 0.009243241142509677,
    "cross_btc_return_5m": 0.00934828779281062,
    "cross_btc_return_15m": 0.047599933591265686,
    "cross_btc_correlation": 1.0,
    "cross_btc_lead_indicator": 0.0,
    "cross_eth_btc_ratio_change": 0.000978957842005768,
    "vol_realized_5m": 1.5224556324546612,
    "vol_realized_15m": 1.7343240847603625,
    "vol_realized_1h": 1.5838716167116047,
    "vol_realized_4h": 3.204616177945537,
    "vol_ratio_5m_1h": 0.9612241398804444,
    "vol_ratio_15m_4h": 0.5411955717805271,
    "vol_regime": 0.0,
    "vol_expansion": 0.0,
    "vol_contraction": 0.0,
    "vol_percentile": 10.526315789473683,
    "sent_fear_greed": 50.0,
    "sent_fear_greed_change": 1.0,
    "sent_extreme_fear": 0.0,
    "sent_extreme_greed": 0.0,
    "sent_fear": 0.0,
    "sent_greed": 0.0,
    "mask_microstructure_available": 1.0,
    "mask_cross_asset_available": 1.0,
    "mask_sentiment_available": 1.0
  },
  "output_prediction": {
    "signal": "LONG",
    "confidence": 0.7,
    "raw_model_outputs": {
      "xgboost": 0.05296760052442551,
      "lightgbm": 0.08896723321619958,
      "lstm": 0.8386669158935547,
      "random_forest": 0.4272796699456511,
      "weighted_average": 0.3332547529140126,
      "model_agreement": 0.0,
      "technical_fallback": true,
      "fallback_reason": "Models predict SHORT (0.33) but technicals strongly bullish (+DI=56.2, -DI=21.0, EMA=bullish)",
      "technical_signal": "LONG",
      "technical_reason": "Technical LONG: DI+EMA+MTF aligned (score: 6)"
    }
  },
  "regime_info": {
    "regime": "low_volatility",