{
  "timestamp": "2026-01-17T11:23:45.869326Z",
  "order_id": "707365266559861677",
  "stage": "Decision Making",
  "model_version": "ollama:qwen2.5:1.5b+ensemble_v1.0",
  "input_features": {
    "tech_returns_1": 0.026748696001077654,
    "tech_returns_5": 0.06689858175008556,
    "tech_returns_15": 0.1741226895258574,
    "tech_returns_60": -0.1735184196476225,
    "tech_returns_240": 0.3892617449664515,
    "tech_returns_1440": 2.9155727511399743,
    "tech_rsi_14": 51.36076284112788,
    "tech_rsi_7": 63.186390907007215,
    "tech_rsi_21": 48.636859809292865,
    "tech_rsi_slope": 1.616068464753198,
    "tech_rsi_divergence": 0.0,
    "tech_rsi_zone": 3.0,
    "tech_macd": -0.01802952976869676,
    "tech_macd_signal": -0.02864206312448645,
    "tech_macd_hist": 0.01061253335578969,
    "tech_stoch_k": 88.88888888889942,
    "tech_stoch_d": 84.39153439153732,
    "tech_ema_cross_9_21": -1.0,
    "tech_ema_cross_50_200": 1.0,
    "tech_ema_9": 74.76315549154991,
    "tech_ema_21": 74.77199233218997,
    "tech_ema_50": 74.81467116547051,
    "tech_price_ema_9_pct": 0.03590606666291778,
    "tech_price_ema_21_pct": 0.024083439866141833,
    "tech_adx": 21.268002308556852,
    "tech_adx_7": 44.9824417101538,
    "tech_adx_10": 28.301632783127616,
    "tech_adx_roc_5": -13.311344056210544,
    "tech_adx_slope_3": -2.2087377205834304,
    "tech_adx_deceleration": 0.8739236531314827,
    "tech_plus_di": 17.31046853616044,
    "tech_minus_di": 14.764756553688663,
    "tech_di_crossover": 0.0,
    "tech_atr_14": 0.04074447942070583,
    "tech_atr_pct": 0.054478512395648916,
    "tech_atr_14_avg": 0.04693437822488685,
    "tech_bb_upper": 74.83024676267979,
    "tech_bb_lower": 74.6727532373202,
    "tech_bb_width": 0.21068945152886318,
    "tech_bb_position": 0.7444544936822508,
    "tech_volatility_20": 0.008006697501305565,
    "tech_volume_ratio": 0.378804984785437,
    "tech_obv": -21659.900000000005,
    "tech_momentum_10": 0.04000000000000625,
    "tech_roc_10": 0.05351170568561603,
    "tech_high_low_range": 0.02674154298704403,
    "tech_body_ratio": 0.9999999949999999,
    "tech_swing_high_10": 74.8,
    "tech_swing_low_10": 74.71,
    "tech_price_vs_swing_high": -0.013368983957207092,
    "tech_price_vs_swing_low": 0.10708071208675213,
    "tech_swing_break_up": 0.0,
    "tech_swing_break_down": 0.0,
    "tech_volume_spike": 0.0,
    "tech_volume_spike_ratio": 0.378804984785437,
    "micro_ob_best_bid_price": 74.77,
    "micro_ob_best_ask_price": 74.78,
    "micro_ob_best_bid_size": 3665.3,
    "micro_ob_best_ask_size": 3281.7,
    "micro_ob_spread_absolute": 0.010000000000005116,
    "micro_ob_spread_percentage": 0.013373453694423424,
    "micro_ob_bid_ask_size_ratio": 1.1168906359508792,
    "micro_ob_orderbook_imbalance_5": -0.1355946078698903,
    "micro_ob_orderbook_imbalance_10": -0.0729427941352117,
    "micro_ob_orderbook_imbalance_20": -0.03139702084293117,
    "micro_ob_orderbook_vwap": 74.76777640858919,
    "micro_ob_buy_impact_0.1": 0.0,
    "micro_ob_sell_impact_0.1": 0.0,
    "micro_ob_buy_impact_1.0": 0.0,
    "micro_ob_sell_impact_1.0": 0.0,
    "micro_ob_buy_impact_10.0": 0.0,
    "micro_ob_sell_impact_10.0": 0.0,
    "micro_ob_bid_depth_concentration": 0.4565593381568707,
    "micro_ob_ask_depth_concentration": 0.5632782891174878,
    "micro_ob_bid_levels": 15,
    "micro_ob_ask_levels": 15,
    "micro_ob_total_bid_volume": 20814.6,
    "micro_ob_total_ask_volume": 22164.0,
    "micro_ob_total_orderbook_volume": 42978.6,
    "micro_ob_order_flow_imbalance": -0.03139702084293117,
    "micro_ob_depth_imbalance_1": 0.055218079746653284,
    "micro_ob_depth_imbalance_5": -0.1355946078698903,
    "micro_ob_depth_imbalance_10": -0.0729427941352117,
    "micro_ob_depth_imbalance_20": -0.03139702084293117,
    "micro_fr_funding_rate_current": 0.0001,
    "micro_fr_funding_rate_abs": 0.0001,
    "micro_fr_funding_rate_mean": 6.264659574468082e-05,
    "micro_fr_funding_rate_std": 2.4177411409280337e-05,
    "micro_fr_funding_rate_min": 3.571e-05,
    "micro_fr_funding_rate_max": 0.0001,
    "micro_fr_funding_rate_skew": 0.303196958232605,
    "micro_fr_funding_rate_kurtosis": -1.4932572188548174,
    "micro_fr_funding_rate_trend": -9.234190815370753e-21,
    "micro_fr_funding_rate_change": 0.0,
    "micro_fr_funding_rate_change_abs": 0.0,
    "micro_fr_funding_rate_positive": 1.0,
    "micro_fr_funding_rate_negative": 0.0,
    "micro_fr_funding_rate_high": 0.0,
    "micro_fr_funding_rate_extreme": 0.0,
    "micro_fr_hours_to_next_funding": 0.0,
    "micro_fr_funding_imminent": 1.0,
    "micro_vp_volume_current": 127.109,
    "micro_vp_volume_mean": 365.9443,
    "micro_vp_volume_std": 184.70119688597038,
    "micro_vp_volume_max": 665.542,
    "micro_vp_volume_sum": 36594.43,
    "micro_vp_volume_ratio": 0.3473452107328902,
    "micro_vp_large_volume_trade": 0.0,
    "micro_vp_recent_vwap": 74.774070699284,
    "micro_vp_price_vwap_deviation_pct": -0.0054439984956430034,
    "micro_vp_price_clustering": 0.5459962981576478,
    "micro_vp_volume_trend": -22.97281212121208,
    "micro_of_order_flow_imbalance": -0.03139702084293117,
    "micro_of_trade_flow_buy_pressure": 0.4843014895785344,
    "micro_of_trade_flow_sell_pressure": 0.5156985104214656,
    "micro_of_kyles_lambda_buy": 0.0,
    "micro_of_kyles_lambda_sell": 0.0,
    "micro_of_kyles_lambda_avg": 0.0,
    "micro_of_amihud_illiquidity": 0.1390244915957233,
    "micro_of_spread_dynamics_current": 0.013373453694423424,
    "micro_micro_funding_arbitrage": 0.0,
    "micro_micro_orderbook_pressure": 0.0,
    "micro_micro_liquidity_score": 1.0,
    "micro_micro_volume_spike": 0.0,
    "micro_micro_oi_divergence": 0.0,
    "micro_micro_composite_score": 0.2,
    "fee_maker_rate": 0.0002,
    "fee_taker_rate": 0.0008,
    "fee_round_trip_cost": 0.0016,
    "fee_breakeven_move_pct": 0.16,
    "fee_net_profit_threshold": 0.16,
    "time_hour_sin": 0.258819045102521,
    "time_hour_cos": -0.9659258262890682,
    "time_day_sin": -0.9749279121818236,
    "time_day_cos": -0.2225209339563146,
    "time_day_of_week": 5.0,
    "time_is_asian": 0.0,
    "time_is_london": 1.0,
    "time_is_ny": 0.0,
    "time_is_london_ny_overlap": 0.0,
    "time_is_weekend": 1.0,
    "time_is_us_market_hours": 0.0,
    "cross_btc_return_1m": 0.01870296021626964,
    "cross_btc_return_5m": 0.06917279637861316,
    "cross_btc_return_15m": 0.1463427977460382,
    "cross_btc_correlation": 0.5286416556943037,
    "cross_btc_lead_indicator": 0.06917279637861316,
    "cross_eth_btc_ratio_change": 0.03581057926193983,
    "vol_realized_5m": 3.2457969815216496,
    "vol_realized_15m": 6.609160409014628,
    "vol_realized_1h": 4.261768272106018,
    "vol_realized_4h": 2.437793207397554,
    "vol_ratio_5m_1h": 0.7616080402038587,
    "vol_ratio_15m_4h": 2.711124302487569,
    "vol_regime": 0.0,
    "vol_expansion": 0.0,
    "vol_contraction": 0.0,
    "vol_percentile": 1.0526315789473684,
    "sent_fear_greed": 50.0,
    "sent_fear_greed_change": 1.0,
    "sent_extreme_fear": 0.0,
    "sent_extreme_greed": 0.0,
    "sent_fear": 0.0,
    "sent_greed": 0.0,
    "mask_microstructure_available": 1.0,
    "mask_cross_asset_available": 1.0,
    "mask_sentiment_available": 1.0
  },
  "output_prediction": {
    "signal": "SHORT",
    "confidence": 0.46089680062070115,
    "raw_model_outputs": {
      "xgboost": 0.049219194799661636,
      "lightgbm": 0.028897346264132,
      "lstm": 0.7935175895690918,
      "random_forest": 0.24591053366325713,
      "weighted_average": 0.2695515996896494,
      "model_agreement": 0.0
    }
  },
  "regime_info": {
    "regime": "ranging",
    "regime_confidence": 0.5365998845721573,
    "atr_ratio": 0.8681158877929092,
    "adx_value": 21.268002308556852,
    "is_exhausted": false,
    "is_weakening": false,
    "leverage_tier": "normal_volatility"
  },