{
  "timestamp": "2026-01-17T20:07:09.292953Z",
  "order_id": "707496967130842029",
  "stage": "Decision Making",
  "model_version": "ollama:qwen2.5:1.5b+ensemble_v1.0",
  "input_features": {
    "tech_returns_1": 0.0,
    "tech_returns_5": 0.03568092854369098,
    "tech_returns_15": 0.10081174456824105,
    "tech_returns_60": 0.0,
    "tech_returns_240": -0.07861800037736177,
    "tech_returns_1440": -0.1375882591352287,
    "tech_rsi_14": 54.24702883984416,
    "tech_rsi_7": 63.961577343051125,
    "tech_rsi_21": 51.55471584180204,
    "tech_rsi_slope": 1.7145767524509914,
    "tech_rsi_divergence": 0.0,
    "tech_rsi_zone": 3.0,
    "tech_macd": -0.011717558949840168,
    "tech_macd_signal": -0.07708153546823952,
    "tech_macd_hist": 0.06536397651839936,
    "tech_stoch_k": 98.8636363636374,
    "tech_stoch_d": 95.90239125953751,
    "tech_ema_cross_9_21": 1.0,
    "tech_ema_cross_50_200": 1.0,
    "tech_ema_9": 953.0731799296905,
    "tech_ema_21": 953.0395990987573,
    "tech_ema_50": 953.1563380143789,
    "tech_price_ema_9_pct": 0.016454147867335723,
    "tech_price_ema_21_pct": 0.019978278071839783,
    "tech_adx": 17.37863636409578,
    "tech_adx_7": 34.26986872273126,
    "tech_adx_10": 24.955174507317057,
    "tech_adx_roc_5": -1.5961648618132784,
    "tech_adx_slope_3": 0.80111861045296,
    "tech_adx_deceleration": 0.6706667585787827,
    "tech_plus_di": 40.62519751173505,
    "tech_minus_di": 25.856892929106905,
    "tech_di_crossover": 0.0,
    "tech_atr_14": 0.1632191870426509,
    "tech_atr_pct": 0.01712274970811356,
    "tech_atr_14_avg": 0.2741386495044343,
    "tech_bb_upper": 953.5860172274671,
    "tech_bb_lower": 952.253982772533,
    "tech_bb_width": 0.1397844997412213,
    "tech_bb_position": 0.7327267127750796,
    "tech_volatility_20": 0.004690584889615173,
    "tech_volume_ratio": 0.005821060597240823,
    "tech_obv": -1164.8000000000009,
    "tech_momentum_10": 0.3000000000000682,
    "tech_roc_10": 0.03148185071306653,
    "tech_high_low_range": 0.0,
    "tech_body_ratio": 0.0,
    "tech_swing_high_10": 953.24,
    "tech_swing_low_10": 952.89,
    "tech_price_vs_swing_high": -0.001049053753513376,
    "tech_price_vs_swing_low": 0.03568092854369674,
    "tech_swing_break_up": 0.0,
    "tech_swing_break_down": 0.0,
    "tech_volume_spike": 0.0,
    "tech_volume_spike_ratio": 0.005821060597240823,
    "micro_ob_best_bid_price": 953.22,
    "micro_ob_best_ask_price": 953.23,
    "micro_ob_best_bid_size": 174.0,
    "micro_ob_best_ask_size": 168.0,
    "micro_ob_spread_absolute": 0.009999999999990905,
    "micro_ob_spread_percentage": 0.0010490702614798085,
    "micro_ob_bid_ask_size_ratio": 1.0357142857142858,
    "micro_ob_orderbook_imbalance_5": 0.12973640856672158,
    "micro_ob_orderbook_imbalance_10": 0.20252521587693204,
    "micro_ob_orderbook_imbalance_20": 0.2887201392184781,
    "micro_ob_orderbook_vwap": 953.2125012698644,
    "micro_ob_buy_impact_0.1": 0.0,
    "micro_ob_sell_impact_0.1": 1.1926610616816268e-14,
    "micro_ob_buy_impact_1.0": 0.0,
    "micro_ob_sell_impact_1.0": 0.0,
    "micro_ob_buy_impact_10.0": 0.0,
    "micro_ob_sell_impact_10.0": 1.1926610616816268e-14,
    "micro_ob_bid_depth_concentration": 0.44897291104018333,
    "micro_ob_ask_depth_concentration": 0.6266310794780546,
    "micro_ob_bid_levels": 15,
    "micro_ob_ask_levels": 15,
    "micro_ob_total_bid_volume": 1221.9,
    "micro_ob_total_ask_volume": 674.4,
    "micro_ob_total_orderbook_volume": 1896.3000000000002,
    "micro_ob_order_flow_imbalance": 0.2887201392184781,
    "micro_ob_depth_imbalance_1": 0.017543859649122806,
    "micro_ob_depth_imbalance_5": 0.12973640856672158,
    "micro_ob_depth_imbalance_10": 0.20252521587693204,
    "micro_ob_depth_imbalance_20": 0.2887201392184781,
    "micro_fr_funding_rate_current": 8.754e-05,
    "micro_fr_funding_rate_abs": 8.754e-05,
    "micro_fr_funding_rate_mean": 3.991779999999999e-05,
    "micro_fr_funding_rate_std": 2.2661938071577196e-05,
    "micro_fr_funding_rate_min": 2.7e-07,
    "micro_fr_funding_rate_max": 0.0001,
    "micro_fr_funding_rate_skew": 0.9144700874026273,
    "micro_fr_funding_rate_kurtosis": 0.0938425157769589,
    "micro_fr_funding_rate_trend": 1.998999999999996e-06,
    "micro_fr_funding_rate_change": 1.08000000000001e-06,
    "micro_fr_funding_rate_change_abs": 1.08000000000001e-06,
    "micro_fr_funding_rate_positive": 1.0,
    "micro_fr_funding_rate_negative": 0.0,
    "micro_fr_funding_rate_high": 0.0,
    "micro_fr_funding_rate_extreme": 0.0,
    "micro_fr_hours_to_next_funding": 0.0,
    "micro_fr_funding_imminent": 1.0,
    "micro_vp_volume_current": 2478.242,
    "micro_vp_volume_mean": 532.8290599999999,
    "micro_vp_volume_std": 452.96681040839667,
    "micro_vp_volume_max": 3717.597,
    "micro_vp_volume_sum": 53282.905999999995,
    "micro_vp_volume_ratio": 4.651101424535668,
    "micro_vp_large_volume_trade": 1.0,
    "micro_vp_recent_vwap": 953.1825766443745,
    "micro_vp_price_vwap_deviation_pct": -0.0013194370819126205,
    "micro_vp_price_clustering": 0.0,
    "micro_vp_volume_trend": 103.98218181818179,
    "micro_of_order_flow_imbalance": 0.2887201392184781,
    "micro_of_trade_flow_buy_pressure": 0.6443600696092391,
    "micro_of_trade_flow_sell_pressure": 0.3556399303907609,
    "micro_of_kyles_lambda_buy": 0.0,
    "micro_of_kyles_lambda_sell": 1.1926610616816268e-15,
    "micro_of_kyles_lambda_avg": 5.963305308408134e-16,
    "micro_of_amihud_illiquidity": 0.007266114344348424,
    "micro_of_spread_dynamics_current": 0.0010490702614798085,
    "micro_micro_funding_arbitrage": 0.0,
    "micro_micro_orderbook_pressure": 0.5,
    "micro_micro_liquidity_score": 1.0,
    "micro_micro_volume_spike": 1.0,
    "micro_micro_oi_divergence": 0.0,
    "micro_micro_composite_score": 0.44999999999999996,
    "fee_maker_rate": 0.0002,
    "fee_taker_rate": 0.0008,
    "fee_round_trip_cost": 0.0016,
    "fee_breakeven_move_pct": 0.16,
    "fee_net_profit_threshold": 0.16,
    "time_hour_sin": -0.8660254037844386,
    "time_hour_cos": 0.5000000000000001,
    "time_day_sin": -0.9749279121818236,
    "time_day_cos": -0.2225209339563146,
    "time_day_of_week": 5.0,
    "time_is_asian": 0.0,
    "time_is_london": 0.0,
    "time_is_ny": 1.0,
    "time_is_london_ny_overlap": 0.0,
    "time_is_weekend": 1.0,
    "time_is_us_market_hours": 0.0,
    "cross_btc_return_1m": 0.005354504976021079,
    "cross_btc_return_5m": -0.0062986835751327975,
    "cross_btc_return_15m": 0.0054595010016053975,
    "cross_btc_correlation": -0.08354976845643189,
    "cross_btc_lead_indicator": -0.0062986835751327975,
    "cross_eth_btc_ratio_change": 0.01445996815746247,
    "vol_realized_5m": 2.945461368349207,
    "vol_realized_15m": 3.4902905969096114,
    "vol_realized_1h": 2.8182532435706826,
    "vol_realized_4h": 1.7782295445049188,
    "vol_ratio_5m_1h": 1.0451372228768745,
    "vol_ratio_15m_4h": 1.9627896790351393,
    "vol_regime": 0.0,
    "vol_expansion": 0.0,
    "vol_contraction": 0.0,
    "vol_percentile": 3.1578947368421053,
    "sent_fear_greed": 50.0,
    "sent_fear_greed_change": 1.0,
    "sent_extreme_fear": 0.0,
    "sent_extreme_greed": 0.0,
    "sent_fear": 0.0,
    "sent_greed": 0.0,
    "mask_microstructure_available": 1.0,
    "mask_cross_asset_available": 1.0,
    "mask_sentiment_available": 1.0
  },
  "output_prediction": {
    "signal": "SHORT",
    "confidence": 0.47448791472365903,
    "raw_model_outputs": {
      "xgboost": 0.03173374384641647,
      "lightgbm": 0.04898342658210936,
      "lstm": 0.6546183228492737,
      "random_forest": 0.3866774078380312,
      "weighted_average": 0.2627560426381705,
      "model_agreement": 0.0
    }
  },
  "regime_info": {
    "regime": "ranging",
    "regime_confidence": 0.731068181795211,
    "atr_ratio": 0.5953891847709375,
    "adx_value": 17.37863636409578,
    "is_exhausted": false,
    "is_weakening": false,
    "leverage_tier": "normal_volatility"
  },