{
  "timestamp": "2026-01-17T11:37:48.616080Z",
  "order_id": "707368810335699885",
  "stage": "Decision Making",
  "model_version": "ollama:qwen2.5:1.5b+ensemble_v1.0",
  "input_features": {
    "tech_returns_1": -0.025290844714209726,
    "tech_returns_5": -0.050568900126435334,
    "tech_returns_15": -0.25233409033560417,
    "tech_returns_60": -0.1263264274886322,
    "tech_returns_240": -0.050568900126435334,
    "tech_returns_1440": 0.3565970453387703,
    "tech_rsi_14": 36.68591864705557,
    "tech_rsi_7": 26.189930249024457,
    "tech_rsi_21": 40.97801449002438,
    "tech_rsi_slope": -0.8967480691412817,
    "tech_rsi_divergence": 0.0,
    "tech_rsi_zone": 2.0,
    "tech_macd": -0.00012377820793679772,
    "tech_macd_signal": -1.7029345598376152e-05,
    "tech_macd_hist": -0.00010674886233842158,
    "tech_stoch_k": 7.142857142856293,
    "tech_stoch_d": 4.945054945054333,
    "tech_ema_cross_9_21": -1.0,
    "tech_ema_cross_50_200": 1.0,
    "tech_ema_9": 0.39562869488414004,
    "tech_ema_21": 0.39580631806014327,
    "tech_ema_50": 0.3958498896837391,
    "tech_price_ema_9_pct": -0.08308165924019126,
    "tech_price_ema_21_pct": -0.1279206614550173,
    "tech_adx": 37.72595067299209,
    "tech_adx_7": 59.51314898189751,
    "tech_adx_10": 48.421514065730676,
    "tech_adx_roc_5": 12.613486880820158,
    "tech_adx_slope_3": 2.8075443661040502,
    "tech_adx_deceleration": 0.2491120836743086,
    "tech_plus_di": 12.178752374185121,
    "tech_minus_di": 44.05171087407428,
    "tech_di_crossover": 0.0,
    "tech_atr_14": 0.0002608220374121923,
    "tech_atr_pct": 0.06598078355987663,
    "tech_atr_14_avg": 0.000273677195210185,
    "tech_bb_upper": 0.39672187400117026,
    "tech_bb_lower": 0.3951781259988297,
    "tech_bb_width": 0.38988458197766984,
    "tech_bb_position": 0.07894682356545644,
    "tech_volatility_20": 0.00813251158005123,
    "tech_volume_ratio": 0.7921858175665282,
    "tech_obv": -4088350.0,
    "tech_momentum_10": -0.0007000000000000339,
    "tech_roc_10": -0.17676767676768623,
    "tech_high_low_range": 0.050594485201107514,
    "tech_body_ratio": 0.499999750000125,
    "tech_swing_high_10": 0.3964,
    "tech_swing_low_10": 0.3952,
    "tech_price_vs_swing_high": -0.27749747729565843,
    "tech_price_vs_swing_low": 0.02530364372469357,
    "tech_swing_break_up": 0.0,
    "tech_swing_break_down": 0.0,
    "tech_volume_spike": 0.0,
    "tech_volume_spike_ratio": 0.7921858175665282,
    "micro_ob_best_bid_price": 0.3951,
    "micro_ob_best_ask_price": 0.3952,
    "micro_ob_best_bid_size": 926410.0,
    "micro_ob_best_ask_size": 809120.0,
    "micro_ob_spread_absolute": 9.999999999998899e-05,
    "micro_ob_spread_percentage": 0.025306845501705425,
    "micro_ob_bid_ask_size_ratio": 1.1449599564959463,
    "micro_ob_orderbook_imbalance_5": -0.01949244103872425,
    "micro_ob_orderbook_imbalance_10": -0.14151765071348016,
    "micro_ob_orderbook_imbalance_20": -0.10767244937524234,
    "micro_ob_orderbook_vwap": 0.3953628923524708,
    "micro_ob_buy_impact_0.1": 0.0,
    "micro_ob_sell_impact_0.1": 0.0,
    "micro_ob_buy_impact_1.0": 0.0,
    "micro_ob_sell_impact_1.0": 0.0,
    "micro_ob_buy_impact_10.0": -1.4046343935034876e-14,
    "micro_ob_sell_impact_10.0": 0.0,
    "micro_ob_bid_depth_concentration": 0.4788036524662445,
    "micro_ob_ask_depth_concentration": 0.40105456759476565,
    "micro_ob_bid_levels": 15,
    "micro_ob_ask_levels": 15,
    "micro_ob_total_bid_volume": 8917810.0,
    "micro_ob_total_ask_volume": 11069940.0,
    "micro_ob_total_orderbook_volume": 19987750.0,
    "micro_ob_order_flow_imbalance": -0.10767244937524234,
    "micro_ob_depth_imbalance_1": 0.06758166093354767,
    "micro_ob_depth_imbalance_5": -0.01949244103872425,
    "micro_ob_depth_imbalance_10": -0.14151765071348016,
    "micro_ob_depth_imbalance_20": -0.10767244937524234,
    "micro_fr_funding_rate_current": 0.0001,
    "micro_fr_funding_rate_abs": 0.0001,
    "micro_fr_funding_rate_mean": 0.00010000000000000002,
    "micro_fr_funding_rate_std": 1.3552527156068805e-20,
    "micro_fr_funding_rate_min": 0.0001,
    "micro_fr_funding_rate_max": 0.0001,
    "micro_fr_funding_rate_skew": -1.0,
    "micro_fr_funding_rate_kurtosis": -2.0,
    "micro_fr_funding_rate_trend": -9.234190815370753e-21,
    "micro_fr_funding_rate_change": 0.0,
    "micro_fr_funding_rate_change_abs": 0.0,
    "micro_fr_funding_rate_positive": 1.0,
    "micro_fr_funding_rate_negative": 0.0,
    "micro_fr_funding_rate_high": 0.0,
    "micro_fr_funding_rate_extreme": 0.0,
    "micro_fr_hours_to_next_funding": 0.0,
    "micro_fr_funding_imminent": 1.0,
    "micro_vp_volume_current": 35.577,
    "micro_vp_volume_mean": 53.28754999999999,
    "micro_vp_volume_std": 48.26299173121678,
    "micro_vp_volume_max": 363.768,
    "micro_vp_volume_sum": 5328.754999999999,
    "micro_vp_volume_ratio": 0.6676418788253542,
    "micro_vp_large_volume_trade": 0.0,
    "micro_vp_recent_vwap": 0.395308240423889,
    "micro_vp_price_vwap_deviation_pct": -0.002084556567854866,
    "micro_vp_price_clustering": 0.0,
    "micro_vp_volume_trend": 0.14374545454545426,
    "micro_of_order_flow_imbalance": -0.10767244937524234,
    "micro_of_trade_flow_buy_pressure": 0.44616377531237883,
    "micro_of_trade_flow_sell_pressure": 0.5538362246876212,
    "micro_of_kyles_lambda_buy": -1.4046343935034876e-15,
    "micro_of_kyles_lambda_sell": 0.0,
    "micro_of_kyles_lambda_avg": -7.023171967517438e-16,
    "micro_of_amihud_illiquidity": 1.106881256748172,
    "micro_of_spread_dynamics_current": 0.025306845501705425,
    "micro_micro_funding_arbitrage": 0.0,
    "micro_micro_orderbook_pressure": 0.0,
    "micro_micro_liquidity_score": 1.0,
    "micro_micro_volume_spike": 0.0,
    "micro_micro_oi_divergence": 0.0,
    "micro_micro_composite_score": 0.2,
    "fee_maker_rate": 0.0002,
    "fee_taker_rate": 0.0008,
    "fee_round_trip_cost": 0.0016,
    "fee_breakeven_move_pct": 0.16,
    "fee_net_profit_threshold": 0.16,
    "time_hour_sin": 0.258819045102521,
    "time_hour_cos": -0.9659258262890682,
    "time_day_sin": -0.9749279121818236,
    "time_day_cos": -0.2225209339563146,
    "time_day_of_week": 5.0,
    "time_is_asian": 0.0,
    "time_is_london": 1.0,
    "time_is_ny": 0.0,
    "time_is_london_ny_overlap": 0.0,
    "time_is_weekend": 1.0,
    "time_is_us_market_hours": 0.0,
    "cross_btc_return_1m": 0.0,
    "cross_btc_return_5m": 0.04200895210769415,
    "cross_btc_return_15m": 0.09004739834467988,
    "cross_btc_correlation": 0.3785518470002721,
    "cross_btc_lead_indicator": 0.04200895210769415,
    "cross_eth_btc_ratio_change": 0.02725767119003707,
    "vol_realized_5m": 11.118847372130375,
    "vol_realized_15m": 9.077708006650596,
    "vol_realized_1h": 4.636263753186067,
    "vol_realized_4h": 2.145123607877209,
    "vol_ratio_5m_1h": 2.398234432734643,
    "vol_ratio_15m_4h": 4.231787843514434,
    "vol_regime": 1.0,
    "vol_expansion": 1.0,
    "vol_contraction": 0.0,
    "vol_percentile": 35.78947368421053,
    "sent_fear_greed": 50.0,
    "sent_fear_greed_change": 1.0,
    "sent_extreme_fear": 0.0,
    "sent_extreme_greed": 0.0,
    "sent_fear": 0.0,
    "sent_greed": 0.0,
    "mask_microstructure_available": 1.0,
    "mask_cross_asset_available": 1.0,
    "mask_sentiment_available": 1.0
  },
  "output_prediction": {
    "signal": "SHORT",
    "confidence": 0.6,
    "raw_model_outputs": {
      "xgboost": 0.6729528307914734,
      "lightgbm": 0.7586063755343341,
      "lstm": 0.7219433784484863,
      "random_forest": 0.5725423223733966,
      "weighted_average": 0.6865317671089877,
      "model_agreement": 0.7205298647835997,
      "technical_fallback": true,
      "fallback_reason": "Models predict LONG (0.69) but technicals strongly bearish (+DI=12.2, -DI=44.1, EMA=bearish)",
      "technical_signal": "SHORT",
      "technical_reason": "Technical SHORT: DI+EMA+MTF aligned (score: 5)"
    }
  },
  "regime_info": {
    "regime": "trending",