{
  "timestamp": "2026-01-17T22:04:35.797592Z",
  "order_id": "707526540392399789",
  "stage": "Decision Making",
  "model_version": "ollama:qwen2.5:1.5b+ensemble_v1.0",
  "input_features": {
    "tech_returns_1": 0.03471740036105064,
    "tech_returns_5": -0.06936255809113501,
    "tech_returns_15": -0.15247071869152196,
    "tech_returns_60": -0.26997092620795193,
    "tech_returns_240": 0.0069415521310567385,
    "tech_returns_1440": 0.4193458205199848,
    "tech_rsi_14": 35.733704799625116,
    "tech_rsi_7": 33.300230906014505,
    "tech_rsi_21": 38.01179140506452,
    "tech_rsi_slope": 2.419360279688185,
    "tech_rsi_divergence": 0.0,
    "tech_rsi_zone": 2.0,
    "tech_macd": -0.04868639289614407,
    "tech_macd_signal": -0.03763065875596452,
    "tech_macd_hist": -0.011055734140179553,
    "tech_stoch_k": 29.629629629625732,
    "tech_stoch_d": 15.664720549778252,
    "tech_ema_cross_9_21": -1.0,
    "tech_ema_cross_50_200": -1.0,
    "tech_ema_9": 144.1137520808553,
    "tech_ema_21": 144.16307668554415,
    "tech_ema_50": 144.22800302865815,
    "tech_price_ema_9_pct": -0.030359407220739026,
    "tech_price_ema_21_pct": -0.06456347053912107,
    "tech_adx": 48.35608928796772,
    "tech_adx_7": 74.72358371731553,
    "tech_adx_10": 61.7243971772338,
    "tech_adx_roc_5": 17.829055043989865,
    "tech_adx_slope_3": 4.974969117454332,
    "tech_adx_deceleration": -0.3980137462590818,
    "tech_plus_di": 5.925401764439191,
    "tech_minus_di": 51.75878627104892,
    "tech_di_crossover": 0.0,
    "tech_atr_14": 0.045751013673003965,
    "tech_atr_pct": 0.03175610027972788,
    "tech_atr_14_avg": 0.04304796323871853,
    "tech_bb_upper": 144.30550509165468,
    "tech_bb_lower": 144.04449490834534,
    "tech_bb_width": 0.18103706142489204,
    "tech_bb_position": 0.09771684511030485,
    "tech_volatility_20": 0.003744700874636422,
    "tech_volume_ratio": 0.8644976940044115,
    "tech_obv": 36379.10000000002,
    "tech_momentum_10": -0.09000000000000341,
    "tech_roc_10": -0.06243063263041693,
    "tech_high_low_range": 0.055528562504327125,
    "tech_body_ratio": 0.6249999992186612,
    "tech_swing_high_10": 144.18,
    "tech_swing_low_10": 143.99,
    "tech_price_vs_swing_high": -0.07629352198641534,
    "tech_price_vs_swing_low": 0.055559413848172846,
    "tech_swing_break_up": 0.0,
    "tech_swing_break_down": 0.0,
    "tech_volume_spike": 0.0,
    "tech_volume_spike_ratio": 0.8644976940044115,
    "micro_ob_best_bid_price": 144.06,
    "micro_ob_best_ask_price": 144.07,
    "micro_ob_best_bid_size": 2787.5,
    "micro_ob_best_ask_size": 2465.6,
    "micro_ob_spread_absolute": 0.009999999999990905,
    "micro_ob_spread_percentage": 0.0069413112136819536,
    "micro_ob_bid_ask_size_ratio": 1.1305564568462039,
    "micro_ob_orderbook_imbalance_5": 0.014294957183634579,
    "micro_ob_orderbook_imbalance_10": -0.10659450400372607,
    "micro_ob_orderbook_imbalance_20": -0.19100910722595224,
    "micro_ob_orderbook_vwap": 144.08058199960544,
    "micro_ob_buy_impact_0.1": 0.0,
    "micro_ob_sell_impact_0.1": 0.0,
    "micro_ob_buy_impact_1.0": 0.0,
    "micro_ob_sell_impact_1.0": 0.0,
    "micro_ob_buy_impact_10.0": 0.0,
    "micro_ob_sell_impact_10.0": 0.0,
    "micro_ob_bid_depth_concentration": 0.5474808231954083,
    "micro_ob_ask_depth_concentration": 0.36139336416178525,
    "micro_ob_bid_levels": 15,
    "micro_ob_ask_levels": 15,
    "micro_ob_total_bid_volume": 24339.3,
    "micro_ob_total_ask_volume": 35832.7,
    "micro_ob_total_orderbook_volume": 60172.0,
    "micro_ob_order_flow_imbalance": -0.19100910722595224,
    "micro_ob_depth_imbalance_1": 0.0612781024537892,
    "micro_ob_depth_imbalance_5": 0.014294957183634579,
    "micro_ob_depth_imbalance_10": -0.10659450400372607,
    "micro_ob_depth_imbalance_20": -0.19100910722595224,
    "micro_fr_funding_rate_current": 1.455e-05,
    "micro_fr_funding_rate_abs": 1.455e-05,
    "micro_fr_funding_rate_mean": -3.0193000000000005e-06,
    "micro_fr_funding_rate_std": 1.3117813099369879e-05,
    "micro_fr_funding_rate_min": -2.255e-05,
    "micro_fr_funding_rate_max": 1.731e-05,
    "micro_fr_funding_rate_skew": 0.0627859155698543,
    "micro_fr_funding_rate_kurtosis": -1.3592890226339656,
    "micro_fr_funding_rate_trend": -8.000000000000152e-08,
    "micro_fr_funding_rate_change": -5.0000000000001215e-08,
    "micro_fr_funding_rate_change_abs": 5.0000000000001215e-08,
    "micro_fr_funding_rate_positive": 1.0,
    "micro_fr_funding_rate_negative": 0.0,
    "micro_fr_funding_rate_high": 0.0,
    "micro_fr_funding_rate_extreme": 0.0,
    "micro_fr_hours_to_next_funding": 0.0,
    "micro_fr_funding_imminent": 1.0,
    "micro_vp_volume_current": 1195.117,
    "micro_vp_volume_mean": 1177.5784800000001,
    "micro_vp_volume_std": 3959.6379975277496,
    "micro_vp_volume_max": 40388.816,
    "micro_vp_volume_sum": 117757.84800000001,
    "micro_vp_volume_ratio": 1.0148937164680523,
    "micro_vp_large_volume_trade": 0.0,
    "micro_vp_recent_vwap": 144.0463004833444,
    "micro_vp_price_vwap_deviation_pct": -0.039084990836607304,
    "micro_vp_price_clustering": 0.2563629848374241,
    "micro_vp_volume_trend": -6.729654545454472,
    "micro_of_order_flow_imbalance": -0.19100910722595224,
    "micro_of_trade_flow_buy_pressure": 0.40449544638702384,
    "micro_of_trade_flow_sell_pressure": 0.595504553612976,
    "micro_of_kyles_lambda_buy": 0.0,
    "micro_of_kyles_lambda_sell": 0.0,
    "micro_of_kyles_lambda_avg": 0.0,
    "micro_of_amihud_illiquidity": 0.008812978931975664,
    "micro_of_spread_dynamics_current": 0.0069413112136819536,
    "micro_micro_funding_arbitrage": 0.0,
    "micro_micro_orderbook_pressure": 0.0,
    "micro_micro_liquidity_score": 1.0,
    "micro_micro_volume_spike": 0.0,
    "micro_micro_oi_divergence": 0.0,
    "micro_micro_composite_score": 0.2,
    "fee_maker_rate": 0.0002,
    "fee_taker_rate": 0.0008,
    "fee_round_trip_cost": 0.0016,
    "fee_breakeven_move_pct": 0.16,
    "fee_net_profit_threshold": 0.16,
    "time_hour_sin": -0.5000000000000004,
    "time_hour_cos": 0.8660254037844384,
    "time_day_sin": -0.9749279121818236,
    "time_day_cos": -0.2225209339563146,
    "time_day_of_week": 5.0,
    "time_is_asian": 0.0,
    "time_is_london": 0.0,
    "time_is_ny": 0.0,
    "time_is_london_ny_overlap": 0.0,
    "time_is_weekend": 1.0,
    "time_is_us_market_hours": 0.0,
    "cross_btc_return_1m": -0.0020997617820258294,
    "cross_btc_return_5m": -0.026975226875315294,
    "cross_btc_return_15m": -0.025925879275683034,
    "cross_btc_correlation": 0.660511782263622,
    "cross_btc_lead_indicator": -0.026975226875315294,
    "cross_eth_btc_ratio_change": -0.03598612735757308,
    "vol_realized_5m": 9.440419329899978,
    "vol_realized_15m": 3.9353802894699585,
    "vol_realized_1h": 2.751460095061873,
    "vol_realized_4h": 1.2076384304980172,
    "vol_ratio_5m_1h": 3.431058057808281,
    "vol_ratio_15m_4h": 3.258740522067561,
    "vol_regime": 3.0,
    "vol_expansion": 1.0,
    "vol_contraction": 0.0,
    "vol_percentile": 77.89473684210526,
    "sent_fear_greed": 50.0,
    "sent_fear_greed_change": 1.0,
    "sent_extreme_fear": 0.0,
    "sent_extreme_greed": 0.0,
    "sent_fear": 0.0,
    "sent_greed": 0.0,
    "mask_microstructure_available": 1.0,
    "mask_cross_asset_available": 1.0,
    "mask_sentiment_available": 1.0
  },
  "output_prediction": {
    "signal": "SHORT",
    "confidence": 0.6,
    "raw_model_outputs": {
      "xgboost": 0.43730995059013367,
      "lightgbm": 0.9082490620302646,
      "lstm": 0.8585878014564514,
      "random_forest": 0.5069813496279283,
      "weighted_average": 0.6742984828952338,
      "model_agreement": 0.16860244591153928,
      "technical_fallback": true,
      "fallback_reason": "Models predict LONG (0.67) but technicals strongly bearish (+DI=5.9, -DI=51.8, EMA=bearish)",
      "technical_signal": "SHORT",
      "technical_reason": "Technical SHORT: DI+EMA+MTF aligned (score: 5)"
    }
  },