{
  "timestamp": "2026-01-17T20:49:17.530618Z",
  "order_id": "707507588278780845",
  "stage": "Decision Making",
  "model_version": "ollama:qwen2.5:1.5b+ensemble_v1.0",
  "input_features": {
    "tech_returns_1": 0.0,
    "tech_returns_5": 0.02533462821434629,
    "tech_returns_15": 0.04736205424615836,
    "tech_returns_60": 0.028653208706952427,
    "tech_returns_240": 0.09960279612213352,
    "tech_returns_1440": -0.6953460425963672,
    "tech_rsi_14": 57.05551758463981,
    "tech_rsi_7": 62.4183156929623,
    "tech_rsi_21": 54.87476000113615,
    "tech_rsi_slope": 3.136460503758048,
    "tech_rsi_divergence": 0.0,
    "tech_rsi_zone": 3.0,
    "tech_macd": 0.15625971129747995,
    "tech_macd_signal": 0.042725010124413355,
    "tech_macd_hist": 0.1135347011730666,
    "tech_stoch_k": 92.44186046511105,
    "tech_stoch_d": 84.5607235142039,
    "tech_ema_cross_9_21": 1.0,
    "tech_ema_cross_50_200": -1.0,
    "tech_ema_9": 3316.0014178979495,
    "tech_ema_21": 3315.7972731883406,
    "tech_ema_50": 3315.678233098247,
    "tech_price_ema_9_pct": 0.01382936990241741,
    "tech_price_ema_21_pct": 0.019986952067857142,
    "tech_adx": 29.7477698133141,
    "tech_adx_7": 61.066131905085854,
    "tech_adx_10": 41.72958692874319,
    "tech_adx_roc_5": 7.658810695713964,
    "tech_adx_slope_3": 1.138104064735984,
    "tech_adx_deceleration": -0.17509293303630713,
    "tech_plus_di": 24.00042400082928,
    "tech_minus_di": 11.134905917894192,
    "tech_di_crossover": 0.0,
    "tech_atr_14": 0.4785406563372768,
    "tech_atr_pct": 0.014429260607312522,
    "tech_atr_14_avg": 0.5646750950512038,
    "tech_bb_upper": 3316.581562535658,
    "tech_bb_lower": 3314.3804374643432,
    "tech_bb_width": 0.06638931338514353,
    "tech_bb_position": 0.9447725450760198,
    "tech_volatility_20": 0.002243863121057401,
    "tech_volume_ratio": 0.045970549083482845,
    "tech_obv": 1675.6999999999978,
    "tech_momentum_10": 1.300000000000182,
    "tech_roc_10": 0.03921379360272148,
    "tech_high_low_range": 0.0,
    "tech_body_ratio": 0.0,
    "tech_swing_high_10": 3316.59,
    "tech_swing_low_10": 3315.15,
    "tech_price_vs_swing_high": -0.003919688595820078,
    "tech_price_vs_swing_low": 0.039515557365426765,
    "tech_swing_break_up": 0.0,
    "tech_swing_break_down": 0.0,
    "tech_volume_spike": 0.0,
    "tech_volume_spike_ratio": 0.045970549083482845,
    "micro_ob_best_bid_price": 3316.45,
    "micro_ob_best_ask_price": 3316.46,
    "micro_ob_best_bid_size": 44.742,
    "micro_ob_best_ask_size": 41.403,
    "micro_ob_spread_absolute": 0.010000000000218279,
    "micro_ob_spread_percentage": 0.00030152678086144027,
    "micro_ob_bid_ask_size_ratio": 1.0806463299760887,
    "micro_ob_orderbook_imbalance_5": -0.1192973101078327,
    "micro_ob_orderbook_imbalance_10": -0.09490796920230597,
    "micro_ob_orderbook_imbalance_20": -0.08277823059175855,
    "micro_ob_orderbook_vwap": 3316.459270858614,
    "micro_ob_buy_impact_0.1": 0.0,
    "micro_ob_sell_impact_0.1": 0.0,
    "micro_ob_buy_impact_1.0": 0.0,
    "micro_ob_sell_impact_1.0": 0.0,
    "micro_ob_buy_impact_10.0": -1.3711829809087524e-14,
    "micro_ob_sell_impact_10.0": 0.0,
    "micro_ob_bid_depth_concentration": 0.5163107346922235,
    "micro_ob_ask_depth_concentration": 0.5558557851685482,
    "micro_ob_bid_levels": 15,
    "micro_ob_ask_levels": 15,
    "micro_ob_total_bid_volume": 172.739,
    "micro_ob_total_ask_volume": 203.918,
    "micro_ob_total_orderbook_volume": 376.65700000000004,
    "micro_ob_order_flow_imbalance": -0.08277823059175855,
    "micro_ob_depth_imbalance_1": 0.038760229845028714,
    "micro_ob_depth_imbalance_5": -0.1192973101078327,
    "micro_ob_depth_imbalance_10": -0.09490796920230597,
    "micro_ob_depth_imbalance_20": -0.08277823059175855,
    "micro_fr_funding_rate_current": 2.547e-05,
    "micro_fr_funding_rate_abs": 2.547e-05,
    "micro_fr_funding_rate_mean": 5.582659999999999e-05,
    "micro_fr_funding_rate_std": 3.0202222640726296e-05,
    "micro_fr_funding_rate_min": 2.279e-05,
    "micro_fr_funding_rate_max": 0.0001,
    "micro_fr_funding_rate_skew": 0.23948042905897307,
    "micro_fr_funding_rate_kurtosis": -1.674632013228099,
    "micro_fr_funding_rate_trend": -1.3410000000000046e-06,
    "micro_fr_funding_rate_change": -4.500000000000008e-07,
    "micro_fr_funding_rate_change_abs": 4.500000000000008e-07,
    "micro_fr_funding_rate_positive": 1.0,
    "micro_fr_funding_rate_negative": 0.0,
    "micro_fr_funding_rate_high": 0.0,
    "micro_fr_funding_rate_extreme": 0.0,
    "micro_fr_hours_to_next_funding": 0.0,
    "micro_fr_funding_imminent": 1.0,
    "micro_vp_volume_current": 53.06336,
    "micro_vp_volume_mean": 78.06947,
    "micro_vp_volume_std": 53.790935744097524,
    "micro_vp_volume_max": 494.15254,
    "micro_vp_volume_sum": 7806.947,
    "micro_vp_volume_ratio": 0.6796941237080257,
    "micro_vp_large_volume_trade": 0.0,
    "micro_vp_recent_vwap": 3316.4600679696173,
    "micro_vp_price_vwap_deviation_pct": -2.049462856639218e-06,
    "micro_vp_price_clustering": 1.3877787807814457e-17,
    "micro_vp_volume_trend": -0.8642895757575767,
    "micro_of_order_flow_imbalance": -0.08277823059175855,
    "micro_of_trade_flow_buy_pressure": 0.4586108847041207,
    "micro_of_trade_flow_sell_pressure": 0.5413891152958792,
    "micro_of_kyles_lambda_buy": -1.3711829809087524e-15,
    "micro_of_kyles_lambda_sell": 0.0,
    "micro_of_kyles_lambda_avg": -6.855914904543762e-16,
    "micro_of_amihud_illiquidity": 0.02649270332694186,
    "micro_of_spread_dynamics_current": 0.00030152678086144027,
    "micro_micro_funding_arbitrage": 0.0,
    "micro_micro_orderbook_pressure": 0.0,
    "micro_micro_liquidity_score": 0.75,
    "micro_micro_volume_spike": 0.0,
    "micro_micro_oi_divergence": 0.0,
    "micro_micro_composite_score": 0.15000000000000002,
    "fee_maker_rate": 0.0002,
    "fee_taker_rate": 0.0008,
    "fee_round_trip_cost": 0.0016,
    "fee_breakeven_move_pct": 0.16,
    "fee_net_profit_threshold": 0.16,
    "time_hour_sin": -0.8660254037844386,
    "time_hour_cos": 0.5000000000000001,
    "time_day_sin": -0.9749279121818236,
    "time_day_cos": -0.2225209339563146,
    "time_day_of_week": 5.0,
    "time_is_asian": 0.0,
    "time_is_london": 0.0,
    "time_is_ny": 1.0,
    "time_is_london_ny_overlap": 0.0,
    "time_is_weekend": 1.0,
    "time_is_us_market_hours": 0.0,
    "cross_btc_return_1m": 0.0,
    "cross_btc_return_5m": 0.07116556174609943,
    "cross_btc_return_15m": 0.08597820415782693,
    "cross_btc_correlation": 0.6695746553130412,
    "cross_btc_lead_indicator": 0.07116556174609943,
    "cross_eth_btc_ratio_change": -0.03858297696097062,
    "vol_realized_5m": 5.927974277707752,
    "vol_realized_15m": 2.317223728822951,
    "vol_realized_1h": 1.67299055463321,
    "vol_realized_4h": 1.0418320229019224,
    "vol_ratio_5m_1h": 3.5433399556803913,
    "vol_ratio_15m_4h": 2.224181708648721,
    "vol_regime": 3.0,
    "vol_expansion": 1.0,
    "vol_contraction": 0.0,
    "vol_percentile": 75.78947368421053,
    "sent_fear_greed": 50.0,
    "sent_fear_greed_change": 1.0,
    "sent_extreme_fear": 0.0,
    "sent_extreme_greed": 0.0,
    "sent_fear": 0.0,
    "sent_greed": 0.0,
    "mask_microstructure_available": 1.0,
    "mask_cross_asset_available": 1.0,
    "mask_sentiment_available": 1.0
  },
  "output_prediction": {
    "signal": "LONG",
    "confidence": 0.6,
    "raw_model_outputs": {
      "xgboost": 0.063638836145401,
      "lightgbm": 0.040420454235712056,
      "lstm": 0.8552250266075134,
      "random_forest": 0.39326672412592467,
      "weighted_average": 0.3216563658796116,
      "model_agreement": 0.0,
      "technical_fallback": true,
      "fallback_reason": "Models predict SHORT (0.32) but technicals strongly bullish (+DI=24.0, -DI=11.1, EMA=bullish)",
      "technical_signal": "LONG",
      "technical_reason": "Technical LONG: DI+EMA+MTF aligned (score: 5)"
    }
  },
  "regime_info": {
    "regime": "trending",