{
  "timestamp": "2026-01-17T07:37:39.790870Z",
  "order_id": "707308376480023469",
  "stage": "Decision Making",
  "model_version": "ollama:qwen2.5:1.5b+ensemble_v1.0",
  "input_features": {
    "tech_returns_1": 0.01341021858656255,
    "tech_returns_5": 0.06708707902858269,
    "tech_returns_15": 0.16116035455278066,
    "tech_returns_60": 3.011049723756898,
    "tech_returns_240": 1.2077622472520089,
    "tech_returns_1440": 2.9155727511399743,
    "tech_rsi_14": 77.20745434707325,
    "tech_rsi_7": 74.55970827829442,
    "tech_rsi_21": 75.48887324415152,
    "tech_rsi_slope": 0.2053355960270835,
    "tech_rsi_divergence": 0.0,
    "tech_rsi_zone": 4.0,
    "tech_macd": 0.40449972692708513,
    "tech_macd_signal": 0.4532081810199716,
    "tech_macd_hist": -0.04870845409288649,
    "tech_stoch_k": 39.99999999999858,
    "tech_stoch_d": 46.04938271604765,
    "tech_ema_cross_9_21": 1.0,
    "tech_ema_cross_50_200": 1.0,
    "tech_ema_9": 74.52563175294891,
    "tech_ema_21": 74.19967147038676,
    "tech_ema_50": 73.53438609099686,
    "tech_price_ema_9_pct": 0.07295241351501329,
    "tech_price_ema_21_pct": 0.512574411822062,
    "tech_adx": 58.11117053760158,
    "tech_adx_7": 30.92282206374326,
    "tech_adx_10": 49.43374647174008,
    "tech_adx_roc_5": -4.007901554207926,
    "tech_adx_slope_3": -0.4726170600996724,
    "tech_adx_deceleration": 0.07271031693841579,
    "tech_plus_di": 47.99060450074775,
    "tech_minus_di": 13.82962046844329,
    "tech_di_crossover": 0.0,
    "tech_atr_14": 0.07063770033264807,
    "tech_atr_pct": 0.09471399883701807,
    "tech_atr_14_avg": 0.14998983913556507,
    "tech_bb_upper": 75.59752447957256,
    "tech_bb_lower": 73.01747552042745,
    "tech_bb_width": 3.4721245623188812,
    "tech_bb_position": 0.6056181507851256,
    "tech_volatility_20": 0.08724333508270404,
    "tech_volume_ratio": 0.45584910483890295,
    "tech_obv": -33763.29999999999,
    "tech_momentum_10": -0.0799999999999983,
    "tech_roc_10": -0.10715242432359773,
    "tech_high_low_range": 0.013408420488073365,
    "tech_body_ratio": 0.9999999900000002,
    "tech_swing_high_10": 74.69,
    "tech_swing_low_10": 74.5,
    "tech_price_vs_swing_high": -0.147275405007363,
    "tech_price_vs_swing_low": 0.10738255033556818,
    "tech_swing_break_up": 0.0,
    "tech_swing_break_down": 0.0,
    "tech_volume_spike": 0.0,
    "tech_volume_spike_ratio": 0.45584910483890295,
    "micro_ob_best_bid_price": 74.56,
    "micro_ob_best_ask_price": 74.57,
    "micro_ob_best_bid_size": 3290.1,
    "micro_ob_best_ask_size": 3776.9,
    "micro_ob_spread_absolute": 0.009999999999990905,
    "micro_ob_spread_percentage": 0.013411117816657821,
    "micro_ob_bid_ask_size_ratio": 0.8711112287855118,
    "micro_ob_orderbook_imbalance_5": -0.17065134211667912,
    "micro_ob_orderbook_imbalance_10": -0.12730436751036342,
    "micro_ob_orderbook_imbalance_20": -0.11908777180893242,
    "micro_ob_orderbook_vwap": 74.573003070132,
    "micro_ob_buy_impact_0.1": 0.0,
    "micro_ob_sell_impact_0.1": 0.0,
    "micro_ob_buy_impact_1.0": 0.0,
    "micro_ob_sell_impact_1.0": 0.0,
    "micro_ob_buy_impact_10.0": 0.0,
    "micro_ob_sell_impact_10.0": 0.0,
    "micro_ob_bid_depth_concentration": 0.5392958567878695,
    "micro_ob_ask_depth_concentration": 0.5992195764555598,
    "micro_ob_bid_levels": 15,
    "micro_ob_ask_levels": 15,
    "micro_ob_total_bid_volume": 15775.2,
    "micro_ob_total_ask_volume": 20040.4,
    "micro_ob_total_orderbook_volume": 35815.600000000006,
    "micro_ob_order_flow_imbalance": -0.11908777180893242,
    "micro_ob_depth_imbalance_1": -0.068883543229093,
    "micro_ob_depth_imbalance_5": -0.17065134211667912,
    "micro_ob_depth_imbalance_10": -0.12730436751036342,
    "micro_ob_depth_imbalance_20": -0.11908777180893242,
    "micro_fr_funding_rate_current": 3.571e-05,
    "micro_fr_funding_rate_abs": 3.571e-05,
    "micro_fr_funding_rate_positive": 1.0,
    "micro_fr_funding_rate_negative": 0.0,
    "micro_fr_funding_rate_high": 0.0,
    "micro_fr_funding_rate_extreme": 0.0,
    "micro_fr_hours_to_next_funding": 0.0,
    "micro_fr_funding_imminent": 1.0,
    "micro_vp_volume_current": 656.04,
    "micro_vp_volume_mean": 400.64020000000005,
    "micro_vp_volume_std": 158.37829188218944,
    "micro_vp_volume_max": 663.673,
    "micro_vp_volume_sum": 40064.020000000004,
    "micro_vp_volume_ratio": 1.637479214517165,
    "micro_vp_large_volume_trade": 0.0,
    "micro_vp_recent_vwap": 74.56545780128903,
    "micro_vp_price_vwap_deviation_pct": -0.020730512149774474,
    "micro_vp_price_clustering": 0.3674969681627872,
    "micro_vp_volume_trend": 45.54452727272727,
    "micro_of_order_flow_imbalance": -0.11908777180893242,
    "micro_of_trade_flow_buy_pressure": 0.44045611409553376,
    "micro_of_trade_flow_sell_pressure": 0.5595438859044661,
    "micro_of_kyles_lambda_buy": 0.0,
    "micro_of_kyles_lambda_sell": 0.0,
    "micro_of_kyles_lambda_avg": 0.0,
    "micro_of_amihud_illiquidity": 0.0667400103996451,
    "micro_of_spread_dynamics_current": 0.013411117816657821,
    "micro_micro_funding_arbitrage": 0.0,
    "micro_micro_orderbook_pressure": -0.5,
    "micro_micro_liquidity_score": 1.0,
    "micro_micro_volume_spike": 0.5,
    "micro_micro_oi_divergence": 0.0,
    "micro_micro_composite_score": 0.39999999999999997,
    "fee_maker_rate": 0.0002,
    "fee_taker_rate": 0.0008,
    "fee_round_trip_cost": 0.0016,
    "fee_breakeven_move_pct": 0.16,
    "fee_net_profit_threshold": 0.16,
    "time_hour_sin": 0.9659258262890683,
    "time_hour_cos": -0.25881904510252063,
    "time_day_sin": -0.9749279121818236,
    "time_day_cos": -0.2225209339563146,
    "time_day_of_week": 5.0,
    "time_is_asian": 1.0,
    "time_is_london": 0.0,
    "time_is_ny": 0.0,
    "time_is_london_ny_overlap": 0.0,
    "time_is_weekend": 1.0,
    "time_is_us_market_hours": 0.0,
    "cross_btc_return_1m": 0.0,
    "cross_btc_return_5m": -0.0104075994398911,
    "cross_btc_return_15m": 0.01377500268138447,
    "cross_btc_correlation": -0.10976421396851918,
    "cross_btc_lead_indicator": -0.0104075994398911,
    "cross_eth_btc_ratio_change": -0.014077052817939802,
    "vol_realized_5m": 2.7513229798605083,
    "vol_realized_15m": 10.734488183560353,
    "vol_realized_1h": 30.72870523133002,
    "vol_realized_4h": 9.62371925468402,
    "vol_ratio_5m_1h": 0.08953592281705856,
    "vol_ratio_15m_4h": 1.1154199223274002,
    "vol_regime": 0.0,
    "vol_expansion": 0.0,
    "vol_contraction": 1.0,
    "vol_percentile": 0.0,
    "sent_fear_greed": 50.0,
    "sent_fear_greed_change": 1.0,
    "sent_extreme_fear": 0.0,
    "sent_extreme_greed": 0.0,
    "sent_fear": 0.0,
    "sent_greed": 0.0,
    "mask_microstructure_available": 1.0,
    "mask_cross_asset_available": 1.0,
    "mask_sentiment_available": 1.0
  },
  "output_prediction": {
    "signal": "LONG",
    "confidence": 0.7,
    "raw_model_outputs": {
      "xgboost": 0.12604841589927673,
      "lightgbm": 0.08292996294143237,
      "lstm": 0.5402557849884033,
      "random_forest": 0.35308945849142764,
      "weighted_average": 0.2642288564307597,
      "model_agreement": 0.2636991953449441,
      "technical_fallback": true,
      "fallback_reason": "Models predict SHORT (0.26) but technicals strongly bullish (+DI=48.0, -DI=13.8, EMA=bullish)",
      "technical_signal": "LONG",
      "technical_reason": "Technical LONG: DI+EMA+MTF aligned (score: 6)"
    }
  },
  "regime_info": {
    "regime": "low_volatility",
    "regime_confidence": 0.511620038424593,
    "atr_ratio": 0.47094990393851754,
    "adx_value": 58.11117053760158,
    "is_exhausted": false,
    "is_weakening": false,
    "leverage_tier": "low_volatility"
  },