{
  "timestamp": "2026-01-06T20:43:07.432103Z",
  "order_id": "703519764554711981",
  "stage": "Decision Making",
  "model_version": "ollama:qwen2.5:1.5b+ensemble_v1.0",
  "input_features": {
    "tech_returns_1": 0.005182203019282738,
    "tech_returns_5": 0.003994567388354575,
    "tech_returns_15": 0.1422735002632569,
    "tech_returns_60": 0.5695679600108194,
    "tech_returns_240": 0.279632612762426,
    "tech_returns_1440": 1.1237182315855732,
    "tech_rsi_14": 64.97666855476521,
    "tech_rsi_7": 68.3660103336222,
    "tech_rsi_21": 63.692037228222055,
    "tech_rsi_slope": 0.26639801427356247,
    "tech_rsi_divergence": 0.0,
    "tech_rsi_zone": 3.0,
    "tech_macd": 57.36226882752089,
    "tech_macd_signal": 57.99588731289004,
    "tech_macd_hist": -0.6336184853691478,
    "tech_stoch_k": 100.0,
    "tech_stoch_d": 98.29011649755888,
    "tech_ema_cross_9_21": 1.0,
    "tech_ema_cross_50_200": 1.0,
    "tech_ema_9": 92601.84925743446,
    "tech_ema_21": 92553.29235855865,
    "tech_ema_50": 92441.82305759075,
    "tech_price_ema_9_pct": 0.029859816825767882,
    "tech_price_ema_21_pct": 0.08233920101525032,
    "tech_adx": 24.293509715139454,
    "tech_adx_7": 26.77516420221595,
    "tech_adx_10": 22.534771907233548,
    "tech_adx_roc_5": -4.490796799930141,
    "tech_adx_slope_3": -2.589426776518069,
    "tech_adx_deceleration": -1.1587374968357231,
    "tech_plus_di": 22.237530986546314,
    "tech_minus_di": 18.00119262993009,
    "tech_di_crossover": 0.0,
    "tech_atr_14": 37.04477164266039,
    "tech_atr_pct": 0.03999241239849119,
    "tech_atr_14_avg": 51.44410354436998,
    "tech_bb_upper": 92659.21884363395,
    "tech_bb_lower": 92458.35115636606,
    "tech_bb_width": 0.21701633968930295,
    "tech_bb_position": 0.8520476636228996,
    "tech_volatility_20": 0.005263886847697516,
    "tech_volume_ratio": 0.026644520956341917,
    "tech_obv": -6973.527100000004,
    "tech_momentum_10": 124.60000000000582,
    "tech_roc_10": 0.13469556747804923,
    "tech_high_low_range": 0.005181934480919049,
    "tech_body_ratio": 0.9999999999791667,
    "tech_swing_high_10": 92629.5,
    "tech_swing_low_10": 92504.9,
    "tech_price_vs_swing_high": 0.0,
    "tech_price_vs_swing_low": 0.13469556747805342,
    "tech_swing_break_up": 1.0,
    "tech_swing_break_down": 0.0,
    "tech_volume_spike": 0.0,
    "tech_volume_spike_ratio": 0.026644520956341917,
    "micro_ob_best_bid_price": 92624.4,
    "micro_ob_best_ask_price": 92624.5,
    "micro_ob_best_bid_size": 2.4796,
    "micro_ob_best_ask_size": 2.9096,
    "micro_ob_spread_absolute": 0.10000000000582077,
    "micro_ob_spread_percentage": 0.0001079628543066337,
    "micro_ob_bid_ask_size_ratio": 0.8522133626615341,
    "micro_ob_orderbook_imbalance_5": 0.12496751760236594,
    "micro_ob_orderbook_imbalance_10": 0.048661266425499006,
    "micro_ob_orderbook_imbalance_20": 0.018058969867369386,
    "micro_ob_orderbook_vwap": 92624.22215548134,
    "micro_ob_buy_impact_0.1": 0.0,
    "micro_ob_sell_impact_0.1": 0.0,
    "micro_ob_buy_impact_1.0": 0.0,
    "micro_ob_sell_impact_1.0": 0.0,
    "micro_ob_buy_impact_10.0": 0.0,
    "micro_ob_sell_impact_10.0": 0.0,
    "micro_ob_bid_depth_concentration": 0.3943562589828195,
    "micro_ob_ask_depth_concentration": 0.3180244115239663,
    "micro_ob_bid_levels": 15,
    "micro_ob_ask_levels": 15,
    "micro_ob_total_bid_volume": 34.5799,
    "micro_ob_total_ask_volume": 33.3531,
    "micro_ob_total_orderbook_volume": 67.93299999999999,
    "micro_ob_order_flow_imbalance": 0.018058969867369386,
    "micro_ob_depth_imbalance_1": -0.0797892080457211,
    "micro_ob_depth_imbalance_5": 0.12496751760236594,
    "micro_ob_depth_imbalance_10": 0.048661266425499006,
    "micro_ob_depth_imbalance_20": 0.018058969867369386,
    "micro_fr_funding_rate_current": 6.905e-05,
    "micro_fr_funding_rate_abs": 6.905e-05,
    "micro_fr_funding_rate_mean": 3.610429999999999e-05,
    "micro_fr_funding_rate_std": 1.306194382586298e-05,
    "micro_fr_funding_rate_min": 1.712e-05,
    "micro_fr_funding_rate_max": 6.905e-05,
    "micro_fr_funding_rate_skew": 0.179755135851452,
    "micro_fr_funding_rate_kurtosis": -0.7785761850476369,
    "micro_fr_funding_rate_trend": 2.3929999999999926e-06,
    "micro_fr_funding_rate_change": 1.949999999999993e-06,
    "micro_fr_funding_rate_change_abs": 1.949999999999993e-06,
    "micro_fr_funding_rate_positive": 1.0,
    "micro_fr_funding_rate_negative": 0.0,
    "micro_fr_funding_rate_high": 0.0,
    "micro_fr_funding_rate_extreme": 0.0,
    "micro_fr_hours_to_next_funding": 0.0,
    "micro_fr_funding_imminent": 1.0,
    "micro_vp_volume_current": 203.71934,
    "micro_vp_volume_mean": 5802.7607168999975,
    "micro_vp_volume_std": 25613.741816760576,
    "micro_vp_volume_max": 191275.31316,
    "micro_vp_volume_sum": 580276.0716899998,
    "micro_vp_volume_ratio": 0.0351073135596797,
    "micro_vp_large_volume_trade": 0.0,
    "micro_vp_recent_vwap": 92615.96621880113,
    "micro_vp_price_vwap_deviation_pct": -0.017563082765559738,
    "micro_vp_price_clustering": 0.20676091619830195,
    "micro_vp_volume_trend": -452.74111957575735,
    "micro_of_order_flow_imbalance": 0.018058969867369386,
    "micro_of_trade_flow_buy_pressure": 0.5090294849336847,
    "micro_of_trade_flow_sell_pressure": 0.49097051506631534,
    "micro_of_kyles_lambda_buy": 0.0,
    "micro_of_kyles_lambda_sell": 0.0,
    "micro_of_kyles_lambda_avg": 0.0,
    "micro_of_amihud_illiquidity": 0.015953670998056217,
    "micro_of_spread_dynamics_current": 0.0001079628543066337,
    "micro_micro_funding_arbitrage": 0.0,
    "micro_micro_orderbook_pressure": 0.0,
    "micro_micro_liquidity_score": 0.5,
    "micro_micro_volume_spike": 0.0,
    "micro_micro_oi_divergence": 0.0,
    "micro_micro_composite_score": 0.1,
    "fee_maker_rate": 0.0002,
    "fee_taker_rate": 0.0008,
    "fee_round_trip_cost": 0.0016,
    "fee_breakeven_move_pct": 0.16,
    "fee_net_profit_threshold": 0.16,
    "time_hour_sin": -0.8660254037844386,
    "time_hour_cos": 0.5000000000000001,
    "time_day_sin": 0.7818314824680298,
    "time_day_cos": 0.6234898018587336,
    "time_day_of_week": 1.0,
    "time_is_asian": 0.0,
    "time_is_london": 0.0,
    "time_is_ny": 1.0,
    "time_is_london_ny_overlap": 0.0,
    "time_is_weekend": 0.0,
    "time_is_us_market_hours": 0.0,
    "cross_btc_return_1m": 0.0051822030192841765,
    "cross_btc_return_5m": 0.0039945673883487,
    "cross_btc_return_15m": 0.14227350026325553,
    "cross_btc_correlation": 1.0,
    "cross_btc_lead_indicator": 0.0,
    "cross_eth_btc_ratio_change": 0.12430276427832943,
    "vol_realized_5m": 5.535766077495617,
    "vol_realized_15m": 5.994283798365827,
    "vol_realized_1h": 4.523596356765988,
    "vol_realized_4h": 3.498272165093462,
    "vol_ratio_5m_1h": 1.2237533238826044,
    "vol_ratio_15m_4h": 1.713498411638215,
    "vol_regime": 0.0,
    "vol_expansion": 0.0,
    "vol_contraction": 0.0,
    "vol_percentile": 5.263157894736842,
    "sent_fear_greed": 44.0,
    "sent_fear_greed_change": 18.0,
    "sent_extreme_fear": 0.0,
    "sent_extreme_greed": 0.0,
    "sent_fear": 0.0,
    "sent_greed": 0.0
  },
  "output_prediction": {
    "signal": "SHORT",
    "confidence": 0.6441122009608563,
    "raw_model_outputs": {
      "xgboost": 0.057360026985406876,
      "lightgbm": 0.0441789615980978,
      "lstm": 0.3279367983341217,
      "random_forest": 0.3385347572044745,
      "weighted_average": 0.17794389951957185
    }
  },
  "regime_info": {
    "regime": "ranging",
    "regime_confidence": 0.5,
    "atr_ratio": 0.7200975250877816,
    "adx_value": 24.293509715139454,
    "is_exhausted": false,
    "is_weakening": false,
    "leverage_tier": "normal_volatility"
  },