{
  "timestamp": "2026-01-06T12:16:40.863411Z",
  "order_id": "703392322158592941",
  "stage": "Decision Making",
  "model_version": "ollama:qwen2.5:1.5b+ensemble_v1.0",
  "input_features": {
    "tech_returns_1": -0.002777786351182421,
    "tech_returns_5": -0.009875872625919602,
    "tech_returns_15": 0.0920628251547706,
    "tech_returns_60": 0.16756943929163715,
    "tech_returns_240": 0.6133254662049836,
    "tech_returns_1440": 0.5402895748598326,
    "tech_rsi_14": 53.92452476093288,
    "tech_rsi_7": 53.79138764217053,
    "tech_rsi_21": 53.8838578188819,
    "tech_rsi_slope": 0.6117307765195577,
    "tech_rsi_divergence": 0.0,
    "tech_rsi_zone": 3.0,
    "tech_macd": 0.7110657590333176,
    "tech_macd_signal": 0.605122441076492,
    "tech_macd_hist": 0.10594331795682554,
    "tech_stoch_k": 55.09783728115231,
    "tech_stoch_d": 53.89632681084553,
    "tech_ema_cross_9_21": 1.0,
    "tech_ema_cross_50_200": 1.0,
    "tech_ema_9": 3239.749080792169,
    "tech_ema_21": 3239.052903396008,
    "tech_ema_50": 3237.7459460969126,
    "tech_price_ema_9_pct": 0.004658361004740653,
    "tech_price_ema_21_pct": 0.026152601678844725,
    "tech_adx": 22.90346846275308,
    "tech_adx_7": 29.100790123936836,
    "tech_adx_10": 23.281559732676023,
    "tech_adx_roc_5": -15.278584561388893,
    "tech_adx_slope_3": -3.7405754391019475,
    "tech_adx_deceleration": 0.04497697853661542,
    "tech_plus_di": 26.5035111726795,
    "tech_minus_di": 26.677105387738393,
    "tech_di_crossover": 0.0,
    "tech_atr_14": 1.4504948895218692,
    "tech_atr_pct": 0.044769742569890095,
    "tech_atr_14_avg": 1.7228143980262305,
    "tech_bb_upper": 3242.9504934713773,
    "tech_bb_lower": 3234.3165065286225,
    "tech_bb_width": 0.26659351676423854,
    "tech_bb_position": 0.6466877363143302,
    "tech_volatility_20": 0.009623591245509664,
    "tech_volume_ratio": 0.15816340941408852,
    "tech_obv": 31015.35299999998,
    "tech_momentum_10": -2.480000000000018,
    "tech_roc_10": -0.07648702496314552,
    "tech_high_low_range": 0.0046297725238321,
    "tech_body_ratio": 0.2666666664892931,
    "tech_swing_high_10": 3242.4,
    "tech_swing_low_10": 3238.33,
    "tech_price_vs_swing_high": -0.0771033802121885,
    "tech_price_vs_swing_low": 0.04848177918866094,
    "tech_swing_break_up": 0.0,
    "tech_swing_break_down": 0.0,
    "tech_volume_spike": 0.0,
    "tech_volume_spike_ratio": 0.15816340941408852,
    "micro_ob_best_bid_price": 3239.89,
    "micro_ob_best_ask_price": 3239.9,
    "micro_ob_best_bid_size": 45.916,
    "micro_ob_best_ask_size": 48.047,
    "micro_ob_spread_absolute": 0.010000000000218279,
    "micro_ob_spread_percentage": 0.0003086519779257747,
    "micro_ob_bid_ask_size_ratio": 0.9556475950631673,
    "micro_ob_orderbook_imbalance_5": 0.09988343047460448,
    "micro_ob_orderbook_imbalance_10": -0.026862605114285672,
    "micro_ob_orderbook_imbalance_20": -0.08422046718858474,
    "micro_ob_orderbook_vwap": 3239.898193930997,
    "micro_ob_buy_impact_0.1": 0.0,
    "micro_ob_sell_impact_0.1": 0.0,
    "micro_ob_buy_impact_1.0": 0.0,
    "micro_ob_sell_impact_1.0": 0.0,
    "micro_ob_buy_impact_10.0": -1.4035845269497951e-14,
    "micro_ob_sell_impact_10.0": 0.0,
    "micro_ob_bid_depth_concentration": 0.4575590831716876,
    "micro_ob_ask_depth_concentration": 0.31628064051251703,
    "micro_ob_bid_levels": 15,
    "micro_ob_ask_levels": 15,
    "micro_ob_total_bid_volume": 252.60999999999999,
    "micro_ob_total_ask_volume": 299.073,
    "micro_ob_total_orderbook_volume": 551.683,
    "micro_ob_order_flow_imbalance": -0.08422046718858474,
    "micro_ob_depth_imbalance_1": -0.022679139661356068,
    "micro_ob_depth_imbalance_5": 0.09988343047460448,
    "micro_ob_depth_imbalance_10": -0.026862605114285672,
    "micro_ob_depth_imbalance_20": -0.08422046718858474,
    "micro_fr_funding_rate_current": 6.579e-05,
    "micro_fr_funding_rate_abs": 6.579e-05,
    "micro_fr_funding_rate_mean": 6.819700000000001e-05,
    "micro_fr_funding_rate_std": 1.0004320916484036e-05,
    "micro_fr_funding_rate_min": 4.735e-05,
    "micro_fr_funding_rate_max": 8.221e-05,
    "micro_fr_funding_rate_skew": -0.6314835090979404,
    "micro_fr_funding_rate_kurtosis": -0.5268018337932929,
    "micro_fr_funding_rate_trend": -1.6540000000000101e-06,
    "micro_fr_funding_rate_change": -6.29999999999999e-07,
    "micro_fr_funding_rate_change_abs": 6.29999999999999e-07,
    "micro_fr_funding_rate_positive": 1.0,
    "micro_fr_funding_rate_negative": 0.0,
    "micro_fr_funding_rate_high": 0.0,
    "micro_fr_funding_rate_extreme": 0.0,
    "micro_fr_hours_to_next_funding": 0.0,
    "micro_fr_funding_imminent": 1.0,
    "micro_vp_volume_current": 71.27956,
    "micro_vp_volume_mean": 333.39246999999995,
    "micro_vp_volume_std": 2000.2561699625185,
    "micro_vp_volume_max": 19449.59994,
    "micro_vp_volume_sum": 33339.246999999996,
    "micro_vp_volume_ratio": 0.2138007496090119,
    "micro_vp_large_volume_trade": 0.0,
    "micro_vp_recent_vwap": 3239.9656951075413,
    "micro_vp_price_vwap_deviation_pct": 0.00044151370122122907,
    "micro_vp_price_clustering": 1.1102230246251565e-16,
    "micro_vp_volume_trend": 2.513439030303029,
    "micro_of_order_flow_imbalance": -0.08422046718858474,
    "micro_of_trade_flow_buy_pressure": 0.4578897664057076,
    "micro_of_trade_flow_sell_pressure": 0.5421102335942923,
    "micro_of_kyles_lambda_buy": -1.4035845269497952e-15,
    "micro_of_kyles_lambda_sell": 0.0,
    "micro_of_kyles_lambda_avg": -7.017922634748976e-16,
    "micro_of_amihud_illiquidity": 0.16596235456700328,
    "micro_of_spread_dynamics_current": 0.0003086519779257747,
    "micro_micro_funding_arbitrage": 0.0,
    "micro_micro_orderbook_pressure": 0.0,
    "micro_micro_liquidity_score": 1.0,
    "micro_micro_volume_spike": 0.0,
    "micro_micro_oi_divergence": 0.0,
    "micro_micro_composite_score": 0.2,
    "fee_maker_rate": 0.0002,
    "fee_taker_rate": 0.0008,
    "fee_round_trip_cost": 0.0016,
    "fee_breakeven_move_pct": 0.16,
    "fee_net_profit_threshold": 0.16,
    "time_hour_sin": 1.2246467991473532e-16,
    "time_hour_cos": -1.0,
    "time_day_sin": 0.7818314824680298,
    "time_day_cos": 0.6234898018587336,
    "time_day_of_week": 1.0,
    "time_is_asian": 0.0,
    "time_is_london": 1.0,
    "time_is_ny": 0.0,
    "time_is_london_ny_overlap": 0.0,
    "time_is_weekend": 0.0,
    "time_is_us_market_hours": 0.0,
    "cross_btc_return_1m": 0.014707245876379107,
    "cross_btc_return_5m": -0.06389429328119559,
    "cross_btc_return_15m": 0.05149429404841413,
    "cross_btc_correlation": 0.8089545150052925,
    "cross_btc_lead_indicator": -0.06389429328119559,
    "cross_eth_btc_ratio_change": 0.04054765137952097,
    "vol_realized_5m": 5.449043783645368,
    "vol_realized_15m": 12.33532700028302,
    "vol_realized_1h": 4.313966037373765,
    "vol_realized_4h": 1.8595515610348712,
    "vol_ratio_5m_1h": 1.2631169871153203,
    "vol_ratio_15m_4h": 6.633495547398646,
    "vol_regime": 0.0,
    "vol_expansion": 0.0,
    "vol_contraction": 0.0,
    "vol_percentile": 8.421052631578947,
    "sent_fear_greed": 44.0,
    "sent_fear_greed_change": 18.0,
    "sent_extreme_fear": 0.0,
    "sent_extreme_greed": 0.0,
    "sent_fear": 0.0,
    "sent_greed": 0.0
  },
  "output_prediction": {
    "signal": "SHORT",
    "confidence": 0.5997297378211989,
    "raw_model_outputs": {
      "xgboost": 0.12423646450042725,
      "lightgbm": 0.13170666299257547,
      "lstm": 0.2032555341720581,
      "random_forest": 0.3956182047899893,
      "weighted_average": 0.20013513108940056
    }
  },
  "regime_info": {
    "regime": "ranging",
    "regime_confidence": 0.5,
    "atr_ratio": 0.8419333453351978,
    "adx_value": 22.90346846275308,
    "is_exhausted": false,
    "is_weakening": false,
    "leverage_tier": "normal_volatility"
  },