{
  "timestamp": "2026-01-06T09:40:34.593789Z",
  "order_id": "703353042405163949",
  "stage": "Decision Making",
  "model_version": "ollama:qwen2.5:1.5b+exit_manager_v1",
  "input_features": {
    "tech_returns_1": 0.040587531948976796,
    "tech_returns_5": 0.019741171309495265,
    "tech_returns_15": -0.1827833415421587,
    "tech_returns_60": 0.6811583003058175,
    "tech_returns_240": 0.6878277670438804,
    "tech_returns_1440": 1.2086191554309036,
    "tech_rsi_14": 51.326967061322975,
    "tech_rsi_7": 47.842955699377654,
    "tech_rsi_21": 54.82125720835035,
    "tech_rsi_slope": 4.127171595211429,
    "tech_rsi_divergence": 0.0,
    "tech_rsi_zone": 3.0,
    "tech_macd": 0.186875929825419,
    "tech_macd_signal": 0.4835179187905012,
    "tech_macd_hist": -0.2966419889650822,
    "tech_stoch_k": 32.04225352112656,
    "tech_stoch_d": 17.018779342722684,
    "tech_ema_cross_9_21": -1.0,
    "tech_ema_cross_50_200": 1.0,
    "tech_ema_9": 911.9727383878705,
    "tech_ema_21": 912.032323150856,
    "tech_ema_50": 910.8725963225612,
    "tech_price_ema_9_pct": 0.0007962532018561502,
    "tech_price_ema_21_pct": -0.005736984263363674,
    "tech_adx": 34.995357105620755,
    "tech_adx_7": 55.5442696644513,
    "tech_adx_10": 45.56740444785902,
    "tech_adx_roc_5": 3.280519137702875,
    "tech_adx_slope_3": 0.2904039813004111,
    "tech_adx_deceleration": -1.4895841748608554,
    "tech_plus_di": 19.843552305418424,
    "tech_minus_di": 34.628224061174755,
    "tech_di_crossover": 0.0,
    "tech_atr_14": 0.5596513392071402,
    "tech_atr_pct": 0.06136662418113776,
    "tech_atr_14_avg": 0.5819102372025725,
    "tech_bb_upper": 914.3127225866351,
    "tech_bb_lower": 911.030277413365,
    "tech_bb_width": 0.35965242403977354,
    "tech_bb_position": 0.2893338765774093,
    "tech_volatility_20": 0.00810978276802449,
    "tech_volume_ratio": 0.3303808896371666,
    "tech_obv": 8625.799999999997,
    "tech_momentum_10": -0.9600000000000364,
    "tech_roc_10": -0.10515477468399093,
    "tech_high_low_range": 0.04057106515493811,
    "tech_body_ratio": 0.9999999997297297,
    "tech_swing_high_10": 913.16,
    "tech_swing_low_10": 911.07,
    "tech_price_vs_swing_high": -0.12922160410004271,
    "tech_price_vs_swing_low": 0.09988255567628922,
    "tech_swing_break_up": 0.0,
    "tech_swing_break_down": 0.0,
    "tech_volume_spike": 0.0,
    "tech_volume_spike_ratio": 0.3303808896371666,
    "micro_ob_best_bid_price": 911.97,
    "micro_ob_best_ask_price": 911.98,
    "micro_ob_best_bid_size": 155.3,
    "micro_ob_best_ask_size": 156.9,
    "micro_ob_spread_absolute": 0.009999999999990905,
    "micro_ob_spread_percentage": 0.0010965212862184715,
    "micro_ob_bid_ask_size_ratio": 0.989802421924793,
    "micro_ob_orderbook_imbalance_5": 0.45473064735174296,
    "micro_ob_orderbook_imbalance_10": 0.4256346363494782,
    "micro_ob_orderbook_imbalance_20": 0.35589878409464343,
    "micro_ob_orderbook_vwap": 911.9529045320041,
    "micro_ob_buy_impact_0.1": 0.0,
    "micro_ob_sell_impact_0.1": 0.0,
    "micro_ob_buy_impact_1.0": 0.0,
    "micro_ob_sell_impact_1.0": 0.0,
    "micro_ob_buy_impact_10.0": 0.0,
    "micro_ob_sell_impact_10.0": 0.0,
    "micro_ob_bid_depth_concentration": 0.6230731943771207,
    "micro_ob_ask_depth_concentration": 0.4916326530612245,
    "micro_ob_bid_levels": 15,
    "micro_ob_ask_levels": 15,
    "micro_ob_total_bid_volume": 1031.5,
    "micro_ob_total_ask_volume": 490.0,
    "micro_ob_total_orderbook_volume": 1521.5,
    "micro_ob_order_flow_imbalance": 0.35589878409464343,
    "micro_ob_depth_imbalance_1": -0.005124919923126183,
    "micro_ob_depth_imbalance_5": 0.45473064735174296,
    "micro_ob_depth_imbalance_10": 0.4256346363494782,
    "micro_ob_depth_imbalance_20": 0.35589878409464343,
    "micro_fr_funding_rate_current": -0.00012,
    "micro_fr_funding_rate_abs": 0.00012,
    "micro_fr_funding_rate_mean": 2.1360800000000007e-05,
    "micro_fr_funding_rate_std": 7.992818900337978e-05,
    "micro_fr_funding_rate_min": -0.000157,
    "micro_fr_funding_rate_max": 9.872e-05,
    "micro_fr_funding_rate_skew": -0.6871787499299767,
    "micro_fr_funding_rate_kurtosis": -1.066259656820147,
    "micro_fr_funding_rate_trend": -2.500000000000006e-06,
    "micro_fr_funding_rate_change": -5.999999999999997e-06,
    "micro_fr_funding_rate_change_abs": 5.999999999999997e-06,
    "micro_fr_funding_rate_positive": 0.0,
    "micro_fr_funding_rate_negative": 1.0,
    "micro_fr_funding_rate_high": 0.0,
    "micro_fr_funding_rate_extreme": 0.0,
    "micro_fr_hours_to_next_funding": 0.0,
    "micro_fr_funding_imminent": 1.0,
    "micro_vp_volume_current": 91.166,
    "micro_vp_volume_mean": 855.2644700000002,
    "micro_vp_volume_std": 3373.6629750830693,
    "micro_vp_volume_max": 34195.875,
    "micro_vp_volume_sum": 85526.44700000001,
    "micro_vp_volume_ratio": 0.10659392877620648,
    "micro_vp_large_volume_trade": 0.0,
    "micro_vp_recent_vwap": 911.7958359793664,
    "micro_vp_price_vwap_deviation_pct": -0.01489763102729519,
    "micro_vp_price_clustering": 0.15517818003341083,
    "micro_vp_volume_trend": 17.12968484848485,
    "micro_of_order_flow_imbalance": 0.35589878409464343,
    "micro_of_trade_flow_buy_pressure": 0.6779493920473217,
    "micro_of_trade_flow_sell_pressure": 0.32205060795267826,
    "micro_of_kyles_lambda_buy": 0.0,
    "micro_of_kyles_lambda_sell": 0.0,
    "micro_of_kyles_lambda_avg": 0.0,
    "micro_of_amihud_illiquidity": 0.049060727025985316,
    "micro_of_spread_dynamics_current": 0.0010965212862184715,
    "micro_micro_funding_arbitrage": 0.0,
    "micro_micro_orderbook_pressure": 1.0,
    "micro_micro_liquidity_score": 1.0,
    "micro_micro_volume_spike": 0.0,
    "micro_micro_oi_divergence": 0.0,
    "micro_micro_composite_score": 0.5,
    "fee_maker_rate": 0.0002,
    "fee_taker_rate": 0.0008,
    "fee_round_trip_cost": 0.0016,
    "fee_breakeven_move_pct": 0.16,
    "fee_net_profit_threshold": 0.16,
    "time_hour_sin": 0.7071067811865476,
    "time_hour_cos": -0.7071067811865475,
    "time_day_sin": 0.7818314824680298,
    "time_day_cos": 0.6234898018587336,
    "time_day_of_week": 1.0,
    "time_is_asian": 0.0,
    "time_is_london": 1.0,
    "time_is_ny": 0.0,
    "time_is_london_ny_overlap": 0.0,
    "time_is_weekend": 0.0,
    "time_is_us_market_hours": 0.0,
    "cross_btc_return_1m": 0.009105068202316758,
    "cross_btc_return_5m": -0.00021421693534514057,
    "cross_btc_return_15m": -0.08828666090217195,
    "cross_btc_correlation": 0.47277369740102765,
    "cross_btc_lead_indicator": -0.00021421693534514057,
    "cross_eth_btc_ratio_change": -0.09845767023147567,
    "vol_realized_5m": 14.35121547663567,
    "vol_realized_15m": 9.494604545323822,
    "vol_realized_1h": 4.208983655212759,
    "vol_realized_4h": 1.941859146570843,
    "vol_ratio_5m_1h": 3.4096629144334925,
    "vol_ratio_15m_4h": 4.889440391230477,
    "vol_regime": 3.0,
    "vol_expansion": 1.0,
    "vol_contraction": 0.0,
    "vol_percentile": 80.0,
    "sent_fear_greed": 44.0,
    "sent_fear_greed_change": 18.0,
    "sent_extreme_fear": 0.0,
    "sent_extreme_greed": 0.0,
    "sent_fear": 0.0,
    "sent_greed": 0.0,
    "exit_trigger": true,
    "exit_reason": "Maximum hold time reached: 24.2h (adaptive max: 24h, pnl: 0.0%)",
    "position_side": "SHORT",
    "entry_price": 911.34,
    "exit_price": 911.89,
    "position_size": 0.1,
    "hold_duration_hours": 24.204013412777776
  },
  "output_prediction": {
    "signal": "EXIT_SHORT",
    "confidence": 1.0,
    "raw_model_outputs": {
      "action": "exit"
    }
  },
  "regime_info": {
    "regime": "unknown",
    "regime_confidence": 0.0,
    "atr_ratio": 1.0,
    "adx_value": 0.0,
    "is_exhausted": false,
    "is_weakening": false,
    "leverage_tier": "unknown"
  },