{
  "timestamp": "2026-01-06T10:24:38.772778Z",
  "order_id": "703364120816124845",
  "stage": "Decision Making",
  "model_version": "ollama:qwen2.5:1.5b+ensemble_v1.0",
  "input_features": {
    "tech_returns_1": -0.03829624271306509,
    "tech_returns_5": -0.004256587068474094,
    "tech_returns_15": -0.004256587068474094,
    "tech_returns_60": 0.2475036272083342,
    "tech_returns_240": -1.2194096375409913,
    "tech_returns_1440": 2.3015455284941773,
    "tech_rsi_14": 48.58739575227228,
    "tech_rsi_7": 47.15496227425463,
    "tech_rsi_21": 50.17149079389801,
    "tech_rsi_slope": 2.073163185203285,
    "tech_rsi_divergence": 0.0,
    "tech_rsi_zone": 2.0,
    "tech_macd": -0.00014631156289901526,
    "tech_macd_signal": 0.00034758564242258,
    "tech_macd_hist": -0.0004938972053215953,
    "tech_stoch_k": 36.734693877552225,
    "tech_stoch_d": 34.35374149659781,
    "tech_ema_cross_9_21": -1.0,
    "tech_ema_cross_50_200": -1.0,
    "tech_ema_9": 2.3493909153027324,
    "tech_ema_21": 2.3498845480419934,
    "tech_ema_50": 2.3485623947591834,
    "tech_price_ema_9_pct": -0.008126161614427876,
    "tech_price_ema_21_pct": -0.02913113508336564,
    "tech_adx": 21.884667004603966,
    "tech_adx_7": 33.34648927579249,
    "tech_adx_10": 25.112962233003692,
    "tech_adx_roc_5": -0.6815832291059039,
    "tech_adx_slope_3": -3.283780999250757,
    "tech_adx_deceleration": -1.5296924635902247,
    "tech_plus_di": 25.397723463590566,
    "tech_minus_di": 26.468609251452524,
    "tech_di_crossover": 0.0,
    "tech_atr_14": 0.0021647908981730422,
    "tech_atr_pct": 0.09215013188204675,
    "tech_atr_14_avg": 0.002941450384940626,
    "tech_bb_upper": 2.3555603677984744,
    "tech_bb_lower": 2.3451996322015254,
    "tech_bb_width": 0.4408110857371598,
    "tech_bb_position": 0.38610847280503774,
    "tech_volatility_20": 0.011440869599091198,
    "tech_volume_ratio": 0.38388823020476176,
    "tech_obv": 28554070.0,
    "tech_momentum_10": -0.005299999999999638,
    "tech_roc_10": -0.2251008706731672,
    "tech_high_low_range": 0.05108121913842448,
    "tech_body_ratio": 0.7499999374998202,
    "tech_swing_high_10": 2.3547,
    "tech_swing_low_10": 2.3456,
    "tech_price_vs_swing_high": -0.23357540238669966,
    "tech_price_vs_swing_low": 0.15347885402455863,
    "tech_swing_break_up": 0.0,
    "tech_swing_break_down": 0.0,
    "tech_volume_spike": 0.0,
    "tech_volume_spike_ratio": 0.38388823020476176,
    "micro_ob_best_bid_price": 2.3499,
    "micro_ob_best_ask_price": 2.35,
    "micro_ob_best_bid_size": 63660.0,
    "micro_ob_best_ask_size": 57610.0,
    "micro_ob_spread_absolute": 0.00010000000000021103,
    "micro_ob_spread_percentage": 0.004255409689576844,
    "micro_ob_bid_ask_size_ratio": 1.105016490192675,
    "micro_ob_orderbook_imbalance_5": 0.1630934007698172,
    "micro_ob_orderbook_imbalance_10": 0.23140788541748641,
    "micro_ob_orderbook_imbalance_20": 0.24716556273949514,
    "micro_ob_orderbook_vwap": 2.3497151609349176,
    "micro_ob_buy_impact_0.1": 0.0,
    "micro_ob_sell_impact_0.1": 0.0,
    "micro_ob_buy_impact_1.0": 0.0,
    "micro_ob_sell_impact_1.0": 0.0,
    "micro_ob_buy_impact_10.0": 0.0,
    "micro_ob_sell_impact_10.0": 0.0,
    "micro_ob_bid_depth_concentration": 0.33021507533443845,
    "micro_ob_ask_depth_concentration": 0.3936261391264802,
    "micro_ob_bid_levels": 15,
    "micro_ob_ask_levels": 15,
    "micro_ob_total_bid_volume": 947110.0,
    "micro_ob_total_ask_volume": 571710.0,
    "micro_ob_total_orderbook_volume": 1518820.0,
    "micro_ob_order_flow_imbalance": 0.24716556273949514,
    "micro_ob_depth_imbalance_1": 0.04988867815618042,
    "micro_ob_depth_imbalance_5": 0.1630934007698172,
    "micro_ob_depth_imbalance_10": 0.23140788541748641,
    "micro_ob_depth_imbalance_20": 0.24716556273949514,
    "micro_fr_funding_rate_current": 0.0001,
    "micro_fr_funding_rate_abs": 0.0001,
    "micro_fr_funding_rate_mean": 0.0001,
    "micro_fr_funding_rate_std": 0.0,
    "micro_fr_funding_rate_min": 0.0001,
    "micro_fr_funding_rate_max": 0.0001,
    "micro_fr_funding_rate_skew": 0.0,
    "micro_fr_funding_rate_kurtosis": 0.0,
    "micro_fr_funding_rate_trend": -9.234190815370753e-21,
    "micro_fr_funding_rate_change": 0.0,
    "micro_fr_funding_rate_change_abs": 0.0,
    "micro_fr_funding_rate_positive": 1.0,
    "micro_fr_funding_rate_negative": 0.0,
    "micro_fr_funding_rate_high": 0.0,
    "micro_fr_funding_rate_extreme": 0.0,
    "micro_fr_hours_to_next_funding": 0.0,
    "micro_fr_funding_imminent": 1.0,
    "micro_vp_volume_current": 140.994,
    "micro_vp_volume_mean": 590.1467700000001,
    "micro_vp_volume_std": 1636.0241562299739,
    "micro_vp_volume_max": 15129.492,
    "micro_vp_volume_sum": 59014.677,
    "micro_vp_volume_ratio": 0.23891344859855793,
    "micro_vp_large_volume_trade": 0.0,
    "micro_vp_recent_vwap": 2.3493104052319054,
    "micro_vp_price_vwap_deviation_pct": 0.02509650350083489,
    "micro_vp_price_clustering": 0.7451805939821543,
    "micro_vp_volume_trend": -13.376163636363607,
    "micro_of_order_flow_imbalance": 0.24716556273949514,
    "micro_of_trade_flow_buy_pressure": 0.6235827813697475,
    "micro_of_trade_flow_sell_pressure": 0.37641721863025246,
    "micro_of_kyles_lambda_buy": 0.0,
    "micro_of_kyles_lambda_sell": 0.0,
    "micro_of_kyles_lambda_avg": 0.0,
    "micro_of_amihud_illiquidity": 0.07291873054137978,
    "micro_of_spread_dynamics_current": 0.004255409689576844,
    "micro_micro_funding_arbitrage": 0.0,
    "micro_micro_orderbook_pressure": 0.5,
    "micro_micro_liquidity_score": 1.0,
    "micro_micro_volume_spike": 0.0,
    "micro_micro_oi_divergence": 0.0,
    "micro_micro_composite_score": 0.35,
    "fee_maker_rate": 0.0002,
    "fee_taker_rate": 0.0008,
    "fee_round_trip_cost": 0.0016,
    "fee_breakeven_move_pct": 0.16,
    "fee_net_profit_threshold": 0.16,
    "time_hour_sin": 0.49999999999999994,
    "time_hour_cos": -0.8660254037844387,
    "time_day_sin": 0.7818314824680298,
    "time_day_cos": 0.6234898018587336,
    "time_day_of_week": 1.0,
    "time_is_asian": 0.0,
    "time_is_london": 1.0,
    "time_is_ny": 0.0,
    "time_is_london_ny_overlap": 0.0,
    "time_is_weekend": 0.0,
    "time_is_us_market_hours": 0.0,
    "cross_btc_return_1m": 0.034845142202374675,
    "cross_btc_return_5m": 0.06810962120571896,
    "cross_btc_return_15m": 0.10396589234181791,
    "cross_btc_correlation": 0.4922496929573177,
    "cross_btc_lead_indicator": 0.06810962120571896,
    "cross_eth_btc_ratio_change": -0.03758092947797499,
    "vol_realized_5m": 24.736808791656006,
    "vol_realized_15m": 12.247956843033538,
    "vol_realized_1h": 8.225747897690546,
    "vol_realized_4h": 5.377413223339931,
    "vol_ratio_5m_1h": 3.007241298824766,
    "vol_ratio_15m_4h": 2.2776670369821956,
    "vol_regime": 1.0,
    "vol_expansion": 1.0,
    "vol_contraction": 0.0,
    "vol_percentile": 45.26315789473684,
    "sent_fear_greed": 44.0,
    "sent_fear_greed_change": 18.0,
    "sent_extreme_fear": 0.0,
    "sent_extreme_greed": 0.0,
    "sent_fear": 0.0,
    "sent_greed": 0.0
  },
  "output_prediction": {
    "signal": "SHORT",
    "confidence": 0.5528528255409337,
    "raw_model_outputs": {
      "xgboost": 0.22680114209651947,
      "lightgbm": 0.19446954706349015,
      "lstm": 0.17312362790107727,
      "random_forest": 0.3181747244948548,
      "weighted_average": 0.22357358722953313
    }
  },
  "regime_info": {
    "regime": "ranging",
    "regime_confidence": 0.5,
    "atr_ratio": 0.7359603647425585,
    "adx_value": 21.884667004603966,
    "is_exhausted": false,
    "is_weakening": false,
    "leverage_tier": "normal_volatility"
  },