{
  "timestamp": "2026-01-06T12:54:19.476915Z",
  "order_id": "703401791919752109",
  "stage": "Decision Making",
  "model_version": "ollama:qwen2.5:1.5b+exit_manager_v1",
  "input_features": {
    "tech_returns_1": 0.0,
    "tech_returns_5": 0.1424163304058812,
    "tech_returns_15": 0.09489916963227873,
    "tech_returns_60": 0.11865211200758896,
    "tech_returns_240": 1.2965186074429758,
    "tech_returns_1440": -1.4884644008930799,
    "tech_rsi_14": 51.95883508428773,
    "tech_rsi_7": 63.67034016480564,
    "tech_rsi_21": 50.377816654575824,
    "tech_rsi_slope": 3.4061027941839157,
    "tech_rsi_divergence": 0.0,
    "tech_rsi_zone": 3.0,
    "tech_macd": -0.00016737577726905206,
    "tech_macd_signal": -0.00024458229681324,
    "tech_macd_hist": 7.720651954418796e-05,
    "tech_stoch_k": 90.00000000000111,
    "tech_stoch_d": 63.33333333333371,
    "tech_ema_cross_9_21": -1.0,
    "tech_ema_cross_50_200": 1.0,
    "tech_ema_9": 0.4216126920194163,
    "tech_ema_21": 0.42171974392116895,
    "tech_ema_50": 0.4218485196547678,
    "tech_price_ema_9_pct": 0.06814500275301318,
    "tech_price_ema_21_pct": 0.042743096909576374,
    "tech_adx": 28.78291175939982,
    "tech_adx_7": 55.34245278261916,
    "tech_adx_10": 38.858511993192174,
    "tech_adx_roc_5": -7.4725720732508485,
    "tech_adx_slope_3": 1.1676865671377836,
    "tech_adx_deceleration": 2.1776636505738782,
    "tech_plus_di": 30.38749621835539,
    "tech_minus_di": 14.355685632596959,
    "tech_di_crossover": 0.0,
    "tech_atr_14": 0.00031962299069936633,
    "tech_atr_pct": 0.07575799732149001,
    "tech_atr_14_avg": 0.0004336277228730644,
    "tech_bb_upper": 0.4224024676267523,
    "tech_bb_lower": 0.4208275323732476,
    "tech_bb_width": 0.3735482023895537,
    "tech_bb_position": 0.6809598200089955,
    "tech_volatility_20": 0.010952827443604412,
    "tech_volume_ratio": 0.010161030240109562,
    "tech_obv": -2027080.0,
    "tech_momentum_10": 0.0005999999999999894,
    "tech_roc_10": 0.1424163304058812,
    "tech_high_low_range": 0.0,
    "tech_body_ratio": 0.0,
    "tech_swing_high_10": 0.422,
    "tech_swing_low_10": 0.421,
    "tech_price_vs_swing_high": -0.023696682464452366,
    "tech_price_vs_swing_low": 0.21377672209026413,
    "tech_swing_break_up": 0.0,
    "tech_swing_break_down": 0.0,
    "tech_volume_spike": 0.0,
    "tech_volume_spike_ratio": 0.010161030240109562,
    "micro_ob_best_bid_price": 0.4219,
    "micro_ob_best_ask_price": 0.422,
    "micro_ob_best_bid_size": 999130.0,
    "micro_ob_best_ask_size": 937890.0,
    "micro_ob_spread_absolute": 9.999999999998899e-05,
    "micro_ob_spread_percentage": 0.02369949046095248,
    "micro_ob_bid_ask_size_ratio": 1.0652955037371121,
    "micro_ob_orderbook_imbalance_5": 0.013235927580940613,
    "micro_ob_orderbook_imbalance_10": -0.09316799580629347,
    "micro_ob_orderbook_imbalance_20": -0.08316429642027137,
    "micro_ob_orderbook_vwap": 0.4220916985603549,
    "micro_ob_buy_impact_0.1": 0.0,
    "micro_ob_sell_impact_0.1": 0.0,
    "micro_ob_buy_impact_1.0": 0.0,
    "micro_ob_sell_impact_1.0": 0.0,
    "micro_ob_buy_impact_10.0": 0.0,
    "micro_ob_sell_impact_10.0": -1.3157419111461917e-14,
    "micro_ob_bid_depth_concentration": 0.47365006142556115,
    "micro_ob_ask_depth_concentration": 0.39044289746584937,
    "micro_ob_bid_levels": 15,
    "micro_ob_ask_levels": 15,
    "micro_ob_total_bid_volume": 9833040.0,
    "micro_ob_total_ask_volume": 11616910.0,
    "micro_ob_total_orderbook_volume": 21449950.0,
    "micro_ob_order_flow_imbalance": -0.08316429642027137,
    "micro_ob_depth_imbalance_1": 0.031615574439086844,
    "micro_ob_depth_imbalance_5": 0.013235927580940613,
    "micro_ob_depth_imbalance_10": -0.09316799580629347,
    "micro_ob_depth_imbalance_20": -0.08316429642027137,
    "micro_fr_funding_rate_current": 1.533e-05,
    "micro_fr_funding_rate_abs": 1.533e-05,
    "micro_fr_funding_rate_mean": 3.87159e-05,
    "micro_fr_funding_rate_std": 1.903644925373427e-05,
    "micro_fr_funding_rate_min": 5.76e-06,
    "micro_fr_funding_rate_max": 7.142e-05,
    "micro_fr_funding_rate_skew": 0.2959620810206529,
    "micro_fr_funding_rate_kurtosis": -1.1312912161769784,
    "micro_fr_funding_rate_trend": -1.4190000000000033e-06,
    "micro_fr_funding_rate_change": -7.099999999999983e-07,
    "micro_fr_funding_rate_change_abs": 7.099999999999983e-07,
    "micro_fr_funding_rate_positive": 1.0,
    "micro_fr_funding_rate_negative": 0.0,
    "micro_fr_funding_rate_high": 0.0,
    "micro_fr_funding_rate_extreme": 0.0,
    "micro_fr_hours_to_next_funding": 0.0,
    "micro_fr_funding_imminent": 1.0,
    "micro_vp_volume_current": 54.808,
    "micro_vp_volume_mean": 67.67027,
    "micro_vp_volume_std": 83.79012641342116,
    "micro_vp_volume_max": 400.71,
    "micro_vp_volume_sum": 6767.027,
    "micro_vp_volume_ratio": 0.8099273137228505,
    "micro_vp_large_volume_trade": 0.0,
    "micro_vp_recent_vwap": 0.4216216880322778,
    "micro_vp_price_vwap_deviation_pct": -0.005143955563346373,
    "micro_vp_price_clustering": 0.22785088507225013,
    "micro_vp_volume_trend": -14.406169696969691,
    "micro_of_order_flow_imbalance": -0.08316429642027137,
    "micro_of_trade_flow_buy_pressure": 0.45841785178986433,
    "micro_of_trade_flow_sell_pressure": 0.5415821482101357,
    "micro_of_kyles_lambda_buy": 0.0,
    "micro_of_kyles_lambda_sell": -1.3157419111461916e-15,
    "micro_of_kyles_lambda_avg": -6.578709555730958e-16,
    "micro_of_amihud_illiquidity": 0.7224646139005519,
    "micro_of_spread_dynamics_current": 0.02369949046095248,
    "micro_micro_funding_arbitrage": 0.0,
    "micro_micro_orderbook_pressure": 0.0,
    "micro_micro_liquidity_score": 1.0,
    "micro_micro_volume_spike": 0.0,
    "micro_micro_oi_divergence": 0.0,
    "micro_micro_composite_score": 0.2,
    "fee_maker_rate": 0.0002,
    "fee_taker_rate": 0.0008,
    "fee_round_trip_cost": 0.0016,
    "fee_breakeven_move_pct": 0.16,
    "fee_net_profit_threshold": 0.16,
    "time_hour_sin": 1.2246467991473532e-16,
    "time_hour_cos": -1.0,
    "time_day_sin": 0.7818314824680298,
    "time_day_cos": 0.6234898018587336,
    "time_day_of_week": 1.0,
    "time_is_asian": 0.0,
    "time_is_london": 1.0,
    "time_is_ny": 0.0,
    "time_is_london_ny_overlap": 0.0,
    "time_is_weekend": 0.0,
    "time_is_us_market_hours": 0.0,
    "cross_btc_return_1m": 0.0,
    "cross_btc_return_5m": -0.04785377421331079,
    "cross_btc_return_15m": 0.03498674130505122,
    "cross_btc_correlation": 0.5059548929669093,
    "cross_btc_lead_indicator": -0.04785377421331079,
    "cross_eth_btc_ratio_change": -0.021383990897030122,
    "vol_realized_5m": 12.308095620985565,
    "vol_realized_15m": 10.188254732725008,
    "vol_realized_1h": 9.49566716362198,
    "vol_realized_4h": 3.9595084976551203,
    "vol_ratio_5m_1h": 1.2961801850151229,
    "vol_ratio_15m_4h": 2.5731109653530595,
    "vol_regime": 0.0,
    "vol_expansion": 0.0,
    "vol_contraction": 0.0,
    "vol_percentile": 9.473684210526317,
    "sent_fear_greed": 44.0,
    "sent_fear_greed_change": 18.0,
    "sent_extreme_fear": 0.0,
    "sent_extreme_greed": 0.0,
    "sent_fear": 0.0,
    "sent_greed": 0.0,
    "exit_trigger": true,
    "exit_reason": "Trailing stop hit: 0.42 >= 0.42",
    "position_side": "SHORT",
    "entry_price": 0.4231,
    "exit_price": 0.422,
    "position_size": 70.0,
    "hold_duration_hours": 0.6134471675000001
  },
  "output_prediction": {
    "signal": "EXIT_SHORT",
    "confidence": 1.0,
    "raw_model_outputs": {
      "action": "exit"
    }
  },
  "regime_info": {
    "regime": "unknown",
    "regime_confidence": 0.0,
    "atr_ratio": 1.0,
    "adx_value": 0.0,
    "is_exhausted": false,
    "is_weakening": false,
    "leverage_tier": "unknown"
  },