{
  "timestamp": "2026-01-06T18:13:33.862415Z",
  "order_id": "703482131820577709",
  "stage": "Decision Making",
  "model_version": "ollama:qwen2.5:1.5b+ensemble_v1.0",
  "input_features": {
    "tech_returns_1": -0.07365578197888745,
    "tech_returns_5": -0.02456398919185032,
    "tech_returns_15": 1.1180124223602261,
    "tech_returns_60": -0.7801072647489082,
    "tech_returns_240": -5.348837209302326,
    "tech_returns_1440": -1.4884644008930799,
    "tech_rsi_14": 57.41271378589066,
    "tech_rsi_7": 63.48287791929851,
    "tech_rsi_21": 53.00742211229781,
    "tech_rsi_slope": 0.2103644841186032,
    "tech_rsi_divergence": 0.0,
    "tech_rsi_zone": 3.0,
    "tech_macd": 0.00032044418383980755,
    "tech_macd_signal": -5.0582218738515905e-05,
    "tech_macd_hist": 0.00037102640257832343,
    "tech_stoch_k": 90.90909090909022,
    "tech_stoch_d": 91.41414141414096,
    "tech_ema_cross_9_21": 1.0,
    "tech_ema_cross_50_200": -1.0,
    "tech_ema_9": 0.4066077646320564,
    "tech_ema_21": 0.40604211744940766,
    "tech_ema_50": 0.406692860429254,
    "tech_price_ema_9_pct": 0.09646529212213174,
    "tech_price_ema_21_pct": 0.23590719027113388,
    "tech_adx": 20.316949149860893,
    "tech_adx_7": 15.85640493352659,
    "tech_adx_10": 20.0202982857023,
    "tech_adx_roc_5": -12.479176488744766,
    "tech_adx_slope_3": -2.318478026342005,
    "tech_adx_deceleration": 0.5735210647320486,
    "tech_plus_di": 22.910437369282935,
    "tech_minus_di": 20.185369599867496,
    "tech_di_crossover": 0.0,
    "tech_atr_14": 0.0009179014332125002,
    "tech_atr_pct": 0.22552860766891897,
    "tech_atr_14_avg": 0.0012054545620078432,
    "tech_bb_upper": 0.4090234785854578,
    "tech_bb_lower": 0.40117652141454224,
    "tech_bb_width": 1.9370420071378787,
    "tech_bb_position": 0.7421320721670607,
    "tech_volatility_20": 0.02696386562878318,
    "tech_volume_ratio": 0.23434302661307052,
    "tech_obv": -4278810.0,
    "tech_momentum_10": 0.0011999999999999789,
    "tech_roc_10": 0.29571217348447476,
    "tech_high_low_range": 0.09828009828010109,
    "tech_body_ratio": 0.7499998125000816,
    "tech_swing_high_10": 0.4076,
    "tech_swing_low_10": 0.405,
    "tech_price_vs_swing_high": -0.14720314033367146,
    "tech_price_vs_swing_low": 0.49382716049381387,
    "tech_swing_break_up": 0.0,
    "tech_swing_break_down": 0.0,
    "tech_volume_spike": 0.0,
    "tech_volume_spike_ratio": 0.23434302661307052,
    "micro_ob_best_bid_price": 0.4072,
    "micro_ob_best_ask_price": 0.4073,
    "micro_ob_best_bid_size": 981630.0,
    "micro_ob_best_ask_size": 811330.0,
    "micro_ob_spread_absolute": 9.999999999998899e-05,
    "micro_ob_spread_percentage": 0.024554941682010802,
    "micro_ob_bid_ask_size_ratio": 1.2099022592533248,
    "micro_ob_orderbook_imbalance_5": 0.06080291156891123,
    "micro_ob_orderbook_imbalance_10": 0.19262266329922723,
    "micro_ob_orderbook_imbalance_20": 0.23520480225988702,
    "micro_ob_orderbook_vwap": 0.4070072571962828,
    "micro_ob_buy_impact_0.1": 0.0,
    "micro_ob_sell_impact_0.1": 0.0,
    "micro_ob_buy_impact_1.0": 0.0,
    "micro_ob_sell_impact_1.0": 0.0,
    "micro_ob_buy_impact_10.0": 0.0,
    "micro_ob_sell_impact_10.0": -1.363240452634033e-14,
    "micro_ob_bid_depth_concentration": 0.3471064743417103,
    "micro_ob_ask_depth_concentration": 0.49633919046658614,
    "micro_ob_bid_levels": 15,
    "micro_ob_ask_levels": 15,
    "micro_ob_total_bid_volume": 13292780.0,
    "micro_ob_total_ask_volume": 8230420.0,
    "micro_ob_total_orderbook_volume": 21523200.0,
    "micro_ob_order_flow_imbalance": 0.23520480225988702,
    "micro_ob_depth_imbalance_1": 0.09498259860788863,
    "micro_ob_depth_imbalance_5": 0.06080291156891123,
    "micro_ob_depth_imbalance_10": 0.19262266329922723,
    "micro_ob_depth_imbalance_20": 0.23520480225988702,
    "micro_fr_funding_rate_current": 8.872e-05,
    "micro_fr_funding_rate_abs": 8.872e-05,
    "micro_fr_funding_rate_mean": 4.11292e-05,
    "micro_fr_funding_rate_std": 2.3451496868217177e-05,
    "micro_fr_funding_rate_min": -1.35e-06,
    "micro_fr_funding_rate_max": 8.872e-05,
    "micro_fr_funding_rate_skew": 0.043655773480462394,
    "micro_fr_funding_rate_kurtosis": -1.022232983075089,
    "micro_fr_funding_rate_trend": 1.6499999999999954e-06,
    "micro_fr_funding_rate_change": 5.34e-06,
    "micro_fr_funding_rate_change_abs": 5.34e-06,
    "micro_fr_funding_rate_positive": 1.0,
    "micro_fr_funding_rate_negative": 0.0,
    "micro_fr_funding_rate_high": 0.0,
    "micro_fr_funding_rate_extreme": 0.0,
    "micro_fr_hours_to_next_funding": 0.0,
    "micro_fr_funding_imminent": 1.0,
    "micro_vp_volume_current": 36.639,
    "micro_vp_volume_mean": 119.02135000000003,
    "micro_vp_volume_std": 244.8544952886663,
    "micro_vp_volume_max": 1753.739,
    "micro_vp_volume_sum": 11902.135000000002,
    "micro_vp_volume_ratio": 0.307835526987385,
    "micro_vp_large_volume_trade": 0.0,
    "micro_vp_recent_vwap": 0.4070497799008329,
    "micro_vp_price_vwap_deviation_pct": 0.012337581702990603,
    "micro_vp_price_clustering": 0.5435264251988118,
    "micro_vp_volume_trend": 3.7267090909090905,
    "micro_of_order_flow_imbalance": 0.23520480225988702,
    "micro_of_trade_flow_buy_pressure": 0.6176024011299435,
    "micro_of_trade_flow_sell_pressure": 0.3823975988700565,
    "micro_of_kyles_lambda_buy": 0.0,
    "micro_of_kyles_lambda_sell": -1.363240452634033e-15,
    "micro_of_kyles_lambda_avg": -6.816202263170165e-16,
    "micro_of_amihud_illiquidity": 2.3024819470953717,
    "micro_of_spread_dynamics_current": 0.024554941682010802,
    "micro_micro_funding_arbitrage": 0.0,
    "micro_micro_orderbook_pressure": 0.5,
    "micro_micro_liquidity_score": 1.0,
    "micro_micro_volume_spike": 0.0,
    "micro_micro_oi_divergence": 0.0,
    "micro_micro_composite_score": 0.35,
    "fee_maker_rate": 0.0002,
    "fee_taker_rate": 0.0008,
    "fee_round_trip_cost": 0.0016,
    "fee_breakeven_move_pct": 0.16,
    "fee_net_profit_threshold": 0.16,
    "time_hour_sin": -1.0,
    "time_hour_cos": -1.8369701987210297e-16,
    "time_day_sin": 0.7818314824680298,
    "time_day_cos": 0.6234898018587336,
    "time_day_of_week": 1.0,
    "time_is_asian": 0.0,
    "time_is_london": 0.0,
    "time_is_ny": 1.0,
    "time_is_london_ny_overlap": 0.0,
    "time_is_weekend": 0.0,
    "time_is_us_market_hours": 1.0,
    "cross_btc_return_1m": -0.007834858591681001,
    "cross_btc_return_5m": 0.07928814925340939,
    "cross_btc_return_15m": 0.3360922452010252,
    "cross_btc_correlation": 0.8081805199161617,
    "cross_btc_lead_indicator": 0.07928814925340939,
    "cross_eth_btc_ratio_change": 0.4088304097600105,
    "vol_realized_5m": 31.637967676758162,
    "vol_realized_15m": 28.02626358842673,
    "vol_realized_1h": 15.756481467169417,
    "vol_realized_4h": 9.861202586896542,
    "vol_ratio_5m_1h": 2.0079335442166952,
    "vol_ratio_15m_4h": 2.842073605268765,
    "vol_regime": 0.0,
    "vol_expansion": 1.0,
    "vol_contraction": 0.0,
    "vol_percentile": 23.157894736842106,
    "sent_fear_greed": 44.0,
    "sent_fear_greed_change": 18.0,
    "sent_extreme_fear": 0.0,
    "sent_extreme_greed": 0.0,
    "sent_fear": 0.0,
    "sent_greed": 0.0
  },
  "output_prediction": {
    "signal": "SHORT",
    "confidence": 0.6029144554546202,
    "raw_model_outputs": {
      "xgboost": 0.0629311352968216,
      "lightgbm": 0.087672407684465,
      "lstm": 0.24682365357875824,
      "random_forest": 0.4801970799765428,
      "weighted_average": 0.1985427722726899
    }
  },
  "regime_info": {
    "regime": "ranging",
    "regime_confidence": 0.5,
    "atr_ratio": 0.7614566837621939,
    "adx_value": 20.316949149860893,
    "is_exhausted": false,
    "is_weakening": false,
    "leverage_tier": "normal_volatility"
  },