{
  "timestamp": "2026-01-06T18:04:33.416741Z",
  "order_id": "703479869748544429",
  "stage": "Decision Making",
  "model_version": "ollama:qwen2.5:1.5b+ensemble_v1.0",
  "input_features": {
    "tech_returns_1": 0.01344748756106906,
    "tech_returns_5": 1.0598786121931214,
    "tech_returns_15": -0.22359359627941444,
    "tech_returns_60": -2.0888186764964067,
    "tech_returns_240": -5.967633175994602,
    "tech_returns_1440": 2.3015455284941773,
    "tech_rsi_14": 43.39493842005125,
    "tech_rsi_7": 54.54355604862501,
    "tech_rsi_21": 40.65205698711655,
    "tech_rsi_slope": 4.182090451777668,
    "tech_rsi_divergence": 0.0,
    "tech_rsi_zone": 2.0,
    "tech_macd": -0.01176926936762035,
    "tech_macd_signal": -0.013164383886645627,
    "tech_macd_hist": 0.001395114519025277,
    "tech_stoch_k": 44.53376205787769,
    "tech_stoch_d": 39.06752411575559,
    "tech_ema_cross_9_21": -1.0,
    "tech_ema_cross_50_200": -1.0,
    "tech_ema_9": 2.2255813749977524,
    "tech_ema_21": 2.2352444111965752,
    "tech_ema_50": 2.253373526031287,
    "tech_price_ema_9_pct": 0.2524565071116794,
    "tech_price_ema_21_pct": -0.18093820865031626,
    "tech_adx": 23.598649673847287,
    "tech_adx_7": 34.162564568402814,
    "tech_adx_10": 25.713485888248407,
    "tech_adx_roc_5": -8.879066407475175,
    "tech_adx_slope_3": -0.5898012995952229,
    "tech_adx_deceleration": 1.5498173761219984,
    "tech_plus_di": 31.977755142898516,
    "tech_minus_di": 20.85190804689875,
    "tech_di_crossover": 0.0,
    "tech_atr_14": 0.009311548991178684,
    "tech_atr_pct": 0.4173336765497797,
    "tech_atr_14_avg": 0.008020971869901332,
    "tech_bb_upper": 2.2706956920664574,
    "tech_bb_lower": 2.198164307933543,
    "tech_bb_width": 3.2460799457989054,
    "tech_bb_position": 0.45546755327209415,
    "tech_volatility_20": 0.054918125115319454,
    "tech_volume_ratio": 0.05093335205053105,
    "tech_obv": 31963870.0,
    "tech_momentum_10": 0.0022999999999999687,
    "tech_roc_10": 0.10318991430751101,
    "tech_high_low_range": 0.1254930082466895,
    "tech_body_ratio": 0.14285713775507958,
    "tech_swing_high_10": 2.2331,
    "tech_swing_low_10": 2.2035,
    "tech_price_vs_swing_high": -0.08508351618825906,
    "tech_price_vs_swing_low": 1.2570909916042585,
    "tech_swing_break_up": 0.0,
    "tech_swing_break_down": 0.0,
    "tech_volume_spike": 0.0,
    "tech_volume_spike_ratio": 0.05093335205053105,
    "micro_ob_best_bid_price": 2.2297,
    "micro_ob_best_ask_price": 2.2298,
    "micro_ob_best_bid_size": 64340.0,
    "micro_ob_best_ask_size": 62470.0,
    "micro_ob_spread_absolute": 0.00010000000000021103,
    "micro_ob_spread_percentage": 0.004484807713878732,
    "micro_ob_bid_ask_size_ratio": 1.0299343684968785,
    "micro_ob_orderbook_imbalance_5": -0.09279051195351129,
    "micro_ob_orderbook_imbalance_10": -0.16248554077501445,
    "micro_ob_orderbook_imbalance_20": -0.19441663531497294,
    "micro_ob_orderbook_vwap": 2.229833422498554,
    "micro_ob_buy_impact_0.1": 0.0,
    "micro_ob_sell_impact_0.1": 0.0,
    "micro_ob_buy_impact_1.0": 0.0,
    "micro_ob_sell_impact_1.0": 0.0,
    "micro_ob_buy_impact_10.0": 0.0,
    "micro_ob_sell_impact_10.0": 0.0,
    "micro_ob_bid_depth_concentration": 0.42262573812275395,
    "micro_ob_ask_depth_concentration": 0.3433522678739216,
    "micro_ob_bid_levels": 15,
    "micro_ob_ask_levels": 15,
    "micro_ob_total_bid_volume": 631670.0,
    "micro_ob_total_ask_volume": 936560.0,
    "micro_ob_total_orderbook_volume": 1568230.0,
    "micro_ob_order_flow_imbalance": -0.19441663531497294,
    "micro_ob_depth_imbalance_1": 0.01474647109849381,
    "micro_ob_depth_imbalance_5": -0.09279051195351129,
    "micro_ob_depth_imbalance_10": -0.16248554077501445,
    "micro_ob_depth_imbalance_20": -0.19441663531497294,
    "micro_fr_funding_rate_current": 0.0001,
    "micro_fr_funding_rate_abs": 0.0001,
    "micro_fr_funding_rate_mean": 8.290689999999998e-05,
    "micro_fr_funding_rate_std": 1.8234615471404932e-05,
    "micro_fr_funding_rate_min": 5.042e-05,
    "micro_fr_funding_rate_max": 0.0001,
    "micro_fr_funding_rate_skew": -0.48841228673746606,
    "micro_fr_funding_rate_kurtosis": -1.3688187042242712,
    "micro_fr_funding_rate_trend": -9.234190815370753e-21,
    "micro_fr_funding_rate_change": 0.0,
    "micro_fr_funding_rate_change_abs": 0.0,
    "micro_fr_funding_rate_positive": 1.0,
    "micro_fr_funding_rate_negative": 0.0,
    "micro_fr_funding_rate_high": 0.0,
    "micro_fr_funding_rate_extreme": 0.0,
    "micro_fr_hours_to_next_funding": 0.0,
    "micro_fr_funding_imminent": 1.0,
    "micro_vp_volume_current": 423.852,
    "micro_vp_volume_mean": 10301.014609999998,
    "micro_vp_volume_std": 35525.61399070855,
    "micro_vp_volume_max": 188807.215,
    "micro_vp_volume_sum": 1030101.4609999999,
    "micro_vp_volume_ratio": 0.04114662642925812,
    "micro_vp_large_volume_trade": 0.0,
    "micro_vp_recent_vwap": 2.230477807367269,
    "micro_vp_price_vwap_deviation_pct": 0.014445005086650435,
    "micro_vp_price_clustering": 0.5234823915111833,
    "micro_vp_volume_trend": -544.0354121212124,
    "micro_of_order_flow_imbalance": -0.19441663531497294,
    "micro_of_trade_flow_buy_pressure": 0.40279168234251356,
    "micro_of_trade_flow_sell_pressure": 0.5972083176574865,
    "micro_of_kyles_lambda_buy": 0.0,
    "micro_of_kyles_lambda_sell": 0.0,
    "micro_of_kyles_lambda_avg": 0.0,
    "micro_of_amihud_illiquidity": 0.4046135144768807,
    "micro_of_spread_dynamics_current": 0.004484807713878732,
    "micro_micro_funding_arbitrage": 0.0,
    "micro_micro_orderbook_pressure": -0.5,
    "micro_micro_liquidity_score": 1.0,
    "micro_micro_volume_spike": 0.0,
    "micro_micro_oi_divergence": 0.0,
    "micro_micro_composite_score": 0.35,
    "fee_maker_rate": 0.0002,
    "fee_taker_rate": 0.0008,
    "fee_round_trip_cost": 0.0016,
    "fee_breakeven_move_pct": 0.16,
    "fee_net_profit_threshold": 0.16,
    "time_hour_sin": -1.0,
    "time_hour_cos": -1.8369701987210297e-16,
    "time_day_sin": 0.7818314824680298,
    "time_day_cos": 0.6234898018587336,
    "time_day_of_week": 1.0,
    "time_is_asian": 0.0,
    "time_is_london": 0.0,
    "time_is_ny": 1.0,
    "time_is_london_ny_overlap": 0.0,
    "time_is_weekend": 0.0,
    "time_is_us_market_hours": 1.0,
    "cross_btc_return_1m": 0.004581371706317809,
    "cross_btc_return_5m": 0.14385880209419646,
    "cross_btc_return_15m": -0.12245049143608518,
    "cross_btc_correlation": 0.610728685132653,
    "cross_btc_lead_indicator": 0.14385880209419646,
    "cross_eth_btc_ratio_change": -0.19419475414806792,
    "vol_realized_5m": 66.79244708777084,
    "vol_realized_15m": 57.57966955630186,
    "vol_realized_1h": 21.704943667692877,
    "vol_realized_4h": 9.40017275928878,
    "vol_ratio_5m_1h": 3.0772918884461,
    "vol_ratio_15m_4h": 6.125384185030484,
    "vol_regime": 2.0,
    "vol_expansion": 1.0,
    "vol_contraction": 0.0,
    "vol_percentile": 68.42105263157895,
    "sent_fear_greed": 44.0,
    "sent_fear_greed_change": 18.0,
    "sent_extreme_fear": 0.0,
    "sent_extreme_greed": 0.0,
    "sent_fear": 0.0,
    "sent_greed": 0.0
  },
  "output_prediction": {
    "signal": "SHORT",
    "confidence": 0.5824275105772208,
    "raw_model_outputs": {
      "xgboost": 0.05162838101387024,
      "lightgbm": 0.05001573734336109,
      "lstm": 0.34282657504081726,
      "random_forest": 0.47543575969327456,
      "weighted_average": 0.2087862447113896
    }
  },
  "regime_info": {
    "regime": "ranging",
    "regime_confidence": 0.5,
    "atr_ratio": 1.160900342528346,
    "adx_value": 23.598649673847287,
    "is_exhausted": false,
    "is_weakening": false,
    "leverage_tier": "elevated_volatility"
  },