{
  "timestamp": "2026-01-06T11:47:45.441717Z",
  "order_id": "703385043443123117",
  "stage": "Decision Making",
  "model_version": "ollama:qwen2.5:1.5b+exit_manager_v1",
  "input_features": {
    "tech_returns_1": 0.012366724555712416,
    "tech_returns_5": 0.06794811622647945,
    "tech_returns_15": 0.08225351151014415,
    "tech_returns_60": 0.2673105205554416,
    "tech_returns_240": 0.6555744752990034,
    "tech_returns_1440": 1.1237182315855732,
    "tech_rsi_14": 62.89107100884632,
    "tech_rsi_7": 66.2124486789128,
    "tech_rsi_21": 61.429299569592146,
    "tech_rsi_slope": -3.790465007625233,
    "tech_rsi_divergence": 0.0,
    "tech_rsi_zone": 3.0,
    "tech_macd": 25.20240750472294,
    "tech_macd_signal": 21.84175045363302,
    "tech_macd_hist": 3.360657051089923,
    "tech_stoch_k": 73.00177619892793,
    "tech_stoch_d": 77.34458515187426,
    "tech_ema_cross_9_21": 1.0,
    "tech_ema_cross_50_200": 1.0,
    "tech_ema_9": 93780.7965181937,
    "tech_ema_21": 93757.5000421364,
    "tech_ema_50": 93706.64377685313,
    "tech_price_ema_9_pct": 0.03295288902808408,
    "tech_price_ema_21_pct": 0.057808663668766594,
    "tech_adx": 38.51445109243281,
    "tech_adx_7": 59.50272842528028,
    "tech_adx_10": 47.15056861824657,
    "tech_adx_roc_5": 17.019590097932003,
    "tech_adx_slope_3": 5.682224343722895,
    "tech_adx_deceleration": -0.8741883605727558,
    "tech_plus_di": 47.96554421543314,
    "tech_minus_di": 7.546683732192422,
    "tech_di_crossover": 0.0,
    "tech_atr_14": 24.04301743484211,
    "tech_atr_pct": 0.025629017952816236,
    "tech_atr_14_avg": 27.232594459960506,
    "tech_bb_upper": 93817.31973227595,
    "tech_bb_lower": 93702.14026772407,
    "tech_bb_width": 0.12284534581305012,
    "tech_bb_position": 0.9512089043145094,
    "tech_volatility_20": 0.004764352315917692,
    "tech_volume_ratio": 0.16874570878907977,
    "tech_obv": 643.3322999999999,
    "tech_momentum_10": 65.09999999999127,
    "tech_roc_10": 0.06944251844867022,
    "tech_high_low_range": 0.01257838840996204,
    "tech_body_ratio": 0.9830508474495261,
    "tech_swing_high_10": 93842.1,
    "tech_swing_low_10": 93739.7,
    "tech_price_vs_swing_high": -0.0323948419739208,
    "tech_price_vs_swing_low": 0.07680843868713043,
    "tech_swing_break_up": 0.0,
    "tech_swing_break_down": 0.0,
    "tech_volume_spike": 0.0,
    "tech_volume_spike_ratio": 0.16874570878907977,
    "micro_ob_best_bid_price": 93800.0,
    "micro_ob_best_ask_price": 93800.1,
    "micro_ob_best_bid_size": 2.6634,
    "micro_ob_best_ask_size": 2.8641,
    "micro_ob_spread_absolute": 0.10000000000582077,
    "micro_ob_spread_percentage": 0.00010660975128032529,
    "micro_ob_bid_ask_size_ratio": 0.9299256310883001,
    "micro_ob_orderbook_imbalance_5": -0.05010568510050616,
    "micro_ob_orderbook_imbalance_10": -0.03619802888115765,
    "micro_ob_orderbook_imbalance_20": -0.0239498829261371,
    "micro_ob_orderbook_vwap": 93799.68540786197,
    "micro_ob_buy_impact_0.1": 0.0,
    "micro_ob_sell_impact_0.1": 0.0,
    "micro_ob_buy_impact_1.0": 0.0,
    "micro_ob_sell_impact_1.0": 0.0,
    "micro_ob_buy_impact_10.0": 0.0,
    "micro_ob_sell_impact_10.0": 0.0,
    "micro_ob_bid_depth_concentration": 0.34166295619829956,
    "micro_ob_ask_depth_concentration": 0.3600385738084995,
    "micro_ob_bid_levels": 15,
    "micro_ob_ask_levels": 15,
    "micro_ob_total_bid_volume": 33.0147,
    "micro_ob_total_ask_volume": 34.6349,
    "micro_ob_total_orderbook_volume": 67.64959999999999,
    "micro_ob_order_flow_imbalance": -0.0239498829261371,
    "micro_ob_depth_imbalance_1": -0.03630936227951151,
    "micro_ob_depth_imbalance_5": -0.05010568510050616,
    "micro_ob_depth_imbalance_10": -0.03619802888115765,
    "micro_ob_depth_imbalance_20": -0.0239498829261371,
    "micro_fr_funding_rate_current": 4.872e-05,
    "micro_fr_funding_rate_abs": 4.872e-05,
    "micro_fr_funding_rate_mean": 3.61437e-05,
    "micro_fr_funding_rate_std": 7.859064404240495e-06,
    "micro_fr_funding_rate_min": 1.287e-05,
    "micro_fr_funding_rate_max": 4.948e-05,
    "micro_fr_funding_rate_skew": -0.5294821562687031,
    "micro_fr_funding_rate_kurtosis": -0.189231348464034,
    "micro_fr_funding_rate_trend": -9.800000000000032e-08,
    "micro_fr_funding_rate_change": 4.999999999999986e-07,
    "micro_fr_funding_rate_change_abs": 4.999999999999986e-07,
    "micro_fr_funding_rate_positive": 1.0,
    "micro_fr_funding_rate_negative": 0.0,
    "micro_fr_funding_rate_high": 0.0,
    "micro_fr_funding_rate_extreme": 0.0,
    "micro_fr_hours_to_next_funding": 0.0,
    "micro_fr_funding_imminent": 1.0,
    "micro_vp_volume_current": 300.15968,
    "micro_vp_volume_mean": 6485.109387600001,
    "micro_vp_volume_std": 42133.60931820752,
    "micro_vp_volume_max": 402719.58784,
    "micro_vp_volume_sum": 648510.9387600002,
    "micro_vp_volume_ratio": 0.04628444364777054,
    "micro_vp_large_volume_trade": 0.0,
    "micro_vp_recent_vwap": 93808.99171486752,
    "micro_vp_price_vwap_deviation_pct": -0.009691730719327985,
    "micro_vp_price_clustering": 0.009217661899417307,
    "micro_vp_volume_trend": 18.191499393939388,
    "micro_of_order_flow_imbalance": -0.0239498829261371,
    "micro_of_trade_flow_buy_pressure": 0.4880250585369315,
    "micro_of_trade_flow_sell_pressure": 0.5119749414630687,
    "micro_of_kyles_lambda_buy": 0.0,
    "micro_of_kyles_lambda_sell": 0.0,
    "micro_of_kyles_lambda_avg": 0.0,
    "micro_of_amihud_illiquidity": 0.014428470755055397,
    "micro_of_spread_dynamics_current": 0.00010660975128032529,
    "micro_micro_funding_arbitrage": 0.0,
    "micro_micro_orderbook_pressure": 0.0,
    "micro_micro_liquidity_score": 0.5,
    "micro_micro_volume_spike": 0.0,
    "micro_micro_oi_divergence": 0.0,
    "micro_micro_composite_score": 0.1,
    "fee_maker_rate": 0.0002,
    "fee_taker_rate": 0.0008,
    "fee_round_trip_cost": 0.0016,
    "fee_breakeven_move_pct": 0.16,
    "fee_net_profit_threshold": 0.16,
    "time_hour_sin": 0.258819045102521,
    "time_hour_cos": -0.9659258262890682,
    "time_day_sin": 0.7818314824680298,
    "time_day_cos": 0.6234898018587336,
    "time_day_of_week": 1.0,
    "time_is_asian": 0.0,
    "time_is_london": 1.0,
    "time_is_ny": 0.0,
    "time_is_london_ny_overlap": 0.0,
    "time_is_weekend": 0.0,
    "time_is_us_market_hours": 0.0,
    "cross_btc_return_1m": 0.012366724555721442,
    "cross_btc_return_5m": 0.0679481162264764,
    "cross_btc_return_15m": 0.08225351151014809,
    "cross_btc_correlation": 1.0,
    "cross_btc_lead_indicator": 0.0,
    "cross_eth_btc_ratio_change": 0.030793705201189576,
    "vol_realized_5m": 13.315871200208168,
    "vol_realized_15m": 4.821472981730393,
    "vol_realized_1h": 2.9072279836935877,
    "vol_realized_4h": 1.4813689750094778,
    "vol_ratio_5m_1h": 4.580263837200191,
    "vol_ratio_15m_4h": 3.254741433814317,
    "vol_regime": 3.0,
    "vol_expansion": 1.0,
    "vol_contraction": 0.0,
    "vol_percentile": 95.78947368421052,
    "sent_fear_greed": 44.0,
    "sent_fear_greed_change": 18.0,
    "sent_extreme_fear": 0.0,
    "sent_extreme_greed": 0.0,
    "sent_fear": 0.0,
    "sent_greed": 0.0,
    "exit_trigger": true,
    "exit_reason": "Trailing stop hit: 93817.80 >= 93788.85",
    "position_side": "SHORT",
    "entry_price": 93747.9,
    "exit_price": 93817.8,
    "position_size": 0.0001,
    "hold_duration_hours": 0.0605515075
  },
  "output_prediction": {
    "signal": "EXIT_SHORT",
    "confidence": 1.0,
    "raw_model_outputs": {
      "action": "exit"
    }
  },
  "regime_info": {
    "regime": "unknown",
    "regime_confidence": 0.0,
    "atr_ratio": 1.0,
    "adx_value": 0.0,
    "is_exhausted": false,
    "is_weakening": false,
    "leverage_tier": "unknown"
  },