{
  "timestamp": "2026-01-06T13:14:52.693869Z",
  "order_id": "703406960413770669",
  "stage": "Decision Making",
  "model_version": "ollama:qwen2.5:1.5b+exit_manager_v1",
  "input_features": {
    "tech_returns_1": 0.04311583788445539,
    "tech_returns_5": 0.2953677688927181,
    "tech_returns_15": 0.14386419220255853,
    "tech_returns_60": -0.06460412030723228,
    "tech_returns_240": 0.8986809682562713,
    "tech_returns_1440": 0.371443429165738,
    "tech_rsi_14": 64.71292502861293,
    "tech_rsi_7": 76.05691715999232,
    "tech_rsi_21": 59.41677761500501,
    "tech_rsi_slope": 14.777209636531367,
    "tech_rsi_divergence": 0.0,
    "tech_rsi_zone": 3.0,
    "tech_macd": -0.01238554073242426,
    "tech_macd_signal": -0.053133272665474844,
    "tech_macd_hist": 0.040747731933050584,
    "tech_stoch_k": 96.49122807017378,
    "tech_stoch_d": 65.74398960363924,
    "tech_ema_cross_9_21": 1.0,
    "tech_ema_cross_50_200": 1.0,
    "tech_ema_9": 138.93447004770994,
    "tech_ema_21": 138.9195544282674,
    "tech_ema_50": 138.9826103652779,
    "tech_price_ema_9_pct": 0.20551411913257497,
    "tech_price_ema_21_pct": 0.21627306031113702,
    "tech_adx": 50.661892300677984,
    "tech_adx_7": 67.22337492492355,
    "tech_adx_10": 58.57472779231839,
    "tech_adx_roc_5": 1.9579991809087858,
    "tech_adx_slope_3": -1.3028685456715294,
    "tech_adx_deceleration": -1.4753475338757909,
    "tech_plus_di": 41.2988020765663,
    "tech_minus_di": 16.05657839124167,
    "tech_di_crossover": 0.0,
    "tech_atr_14": 0.1565479153205506,
    "tech_atr_pct": 0.1124464267494258,
    "tech_atr_14_avg": 0.09971323253156114,
    "tech_bb_upper": 139.18158623888093,
    "tech_bb_lower": 138.61941376111906,
    "tech_bb_width": 0.40473034853140377,
    "tech_bb_position": 1.0683309173583306,
    "tech_volatility_20": 0.014264688939791425,
    "tech_volume_ratio": 0.49921112020930275,
    "tech_obv": -158207.5000000002,
    "tech_momentum_10": 0.3599999999999852,
    "tech_roc_10": 0.25925392481636056,
    "tech_high_low_range": 0.12929176842408188,
    "tech_body_ratio": 0.3333333331481481,
    "tech_swing_high_10": 139.24,
    "tech_swing_low_10": 138.67,
    "tech_price_vs_swing_high": -0.014363688595238601,
    "tech_price_vs_swing_low": 0.3966250811278657,
    "tech_swing_break_up": 1.0,
    "tech_swing_break_down": 0.0,
    "tech_volume_spike": 0.0,
    "tech_volume_spike_ratio": 0.49921112020930275,
    "micro_ob_best_bid_price": 139.16,
    "micro_ob_best_ask_price": 139.17,
    "micro_ob_best_bid_size": 2779.5,
    "micro_ob_best_ask_size": 2763.7,
    "micro_ob_spread_absolute": 0.009999999999990905,
    "micro_ob_spread_percentage": 0.007185714798973093,
    "micro_ob_bid_ask_size_ratio": 1.005716973622318,
    "micro_ob_orderbook_imbalance_5": 0.2050219925695008,
    "micro_ob_orderbook_imbalance_10": 0.499750906483796,
    "micro_ob_orderbook_imbalance_20": 0.5096338159672366,
    "micro_ob_orderbook_vwap": 139.11049545783388,
    "micro_ob_buy_impact_0.1": 0.0,
    "micro_ob_sell_impact_0.1": 0.0,
    "micro_ob_buy_impact_1.0": 0.0,
    "micro_ob_sell_impact_1.0": 0.0,
    "micro_ob_buy_impact_10.0": 0.0,
    "micro_ob_sell_impact_10.0": 0.0,
    "micro_ob_bid_depth_concentration": 0.33053378782021997,
    "micro_ob_ask_depth_concentration": 0.6713161633718708,
    "micro_ob_bid_levels": 15,
    "micro_ob_ask_levels": 15,
    "micro_ob_total_bid_volume": 42685.5,
    "micro_ob_total_ask_volume": 13865.3,
    "micro_ob_total_orderbook_volume": 56550.8,
    "micro_ob_order_flow_imbalance": 0.5096338159672366,
    "micro_ob_depth_imbalance_1": 0.0028503391542791497,
    "micro_ob_depth_imbalance_5": 0.2050219925695008,
    "micro_ob_depth_imbalance_10": 0.499750906483796,
    "micro_ob_depth_imbalance_20": 0.5096338159672366,
    "micro_fr_funding_rate_current": 3.706e-05,
    "micro_fr_funding_rate_abs": 3.706e-05,
    "micro_fr_funding_rate_mean": 2.6339999999999992e-05,
    "micro_fr_funding_rate_std": 2.3569009991936448e-05,
    "micro_fr_funding_rate_min": -1.213e-05,
    "micro_fr_funding_rate_max": 7.235e-05,
    "micro_fr_funding_rate_skew": -0.01950286436477107,
    "micro_fr_funding_rate_kurtosis": -1.2815916563967527,
    "micro_fr_funding_rate_trend": 2.291999999999997e-06,
    "micro_fr_funding_rate_change": 2.1300000000000016e-06,
    "micro_fr_funding_rate_change_abs": 2.1300000000000016e-06,
    "micro_fr_funding_rate_positive": 1.0,
    "micro_fr_funding_rate_negative": 0.0,
    "micro_fr_funding_rate_high": 0.0,
    "micro_fr_funding_rate_extreme": 0.0,
    "micro_fr_hours_to_next_funding": 0.0,
    "micro_fr_funding_imminent": 1.0,
    "micro_vp_volume_current": 139.17,
    "micro_vp_volume_mean": 2439.4182600000004,
    "micro_vp_volume_std": 8374.589756695648,
    "micro_vp_volume_max": 78827.445,
    "micro_vp_volume_sum": 243941.82600000006,
    "micro_vp_volume_ratio": 0.05705048711080812,
    "micro_vp_large_volume_trade": 0.0,
    "micro_vp_recent_vwap": 139.11711406915512,
    "micro_vp_price_vwap_deviation_pct": 0.03801540248928419,
    "micro_vp_price_clustering": 0.7410973405542416,
    "micro_vp_volume_trend": -182.62201212121204,
    "micro_of_order_flow_imbalance": 0.5096338159672366,
    "micro_of_trade_flow_buy_pressure": 0.7548169079836182,
    "micro_of_trade_flow_sell_pressure": 0.2451830920163817,
    "micro_of_kyles_lambda_buy": 0.0,
    "micro_of_kyles_lambda_sell": 0.0,
    "micro_of_kyles_lambda_avg": 0.0,
    "micro_of_amihud_illiquidity": 0.051221938705873396,
    "micro_of_spread_dynamics_current": 0.007185714798973093,
    "micro_micro_funding_arbitrage": 0.0,
    "micro_micro_orderbook_pressure": 1.0,
    "micro_micro_liquidity_score": 1.0,
    "micro_micro_volume_spike": 0.0,
    "micro_micro_oi_divergence": 0.0,
    "micro_micro_composite_score": 0.5,
    "fee_maker_rate": 0.0002,
    "fee_taker_rate": 0.0008,
    "fee_round_trip_cost": 0.0016,
    "fee_breakeven_move_pct": 0.16,
    "fee_net_profit_threshold": 0.16,
    "time_hour_sin": -0.2588190451025208,
    "time_hour_cos": -0.9659258262890683,
    "time_day_sin": 0.7818314824680298,
    "time_day_cos": 0.6234898018587336,
    "time_day_of_week": 1.0,
    "time_is_asian": 0.0,
    "time_is_london": 1.0,
    "time_is_ny": 1.0,
    "time_is_london_ny_overlap": 1.0,
    "time_is_weekend": 0.0,
    "time_is_us_market_hours": 1.0,
    "cross_btc_return_1m": -0.02399326908824511,
    "cross_btc_return_5m": -0.05831028105128756,
    "cross_btc_return_15m": -0.06992157272375572,
    "cross_btc_correlation": 0.3429487015830911,
    "cross_btc_lead_indicator": -0.05831028105128756,
    "cross_eth_btc_ratio_change": -0.04595642086081525,
    "vol_realized_5m": 43.962517521162106,
    "vol_realized_15m": 18.43982054863383,
    "vol_realized_1h": 5.50225323319789,
    "vol_realized_4h": 3.314043459678104,
    "vol_ratio_5m_1h": 7.989911706701156,
    "vol_ratio_15m_4h": 5.5641456646512735,
    "vol_regime": 3.0,
    "vol_expansion": 1.0,
    "vol_contraction": 0.0,
    "vol_percentile": 93.6842105263158,
    "sent_fear_greed": 44.0,
    "sent_fear_greed_change": 18.0,
    "sent_extreme_fear": 0.0,
    "sent_extreme_greed": 0.0,
    "sent_fear": 0.0,
    "sent_greed": 0.0,
    "exit_trigger": true,
    "exit_reason": "Trailing stop hit: 139.19 >= 139.08",
    "position_side": "SHORT",
    "entry_price": 139.18,
    "exit_price": 139.19,
    "position_size": 0.2,
    "hold_duration_hours": 0.7679777180555555
  },
  "output_prediction": {
    "signal": "EXIT_SHORT",
    "confidence": 1.0,
    "raw_model_outputs": {
      "action": "exit"
    }
  },
  "regime_info": {
    "regime": "unknown",
    "regime_confidence": 0.0,
    "atr_ratio": 1.0,
    "adx_value": 0.0,
    "is_exhausted": false,
    "is_weakening": false,
    "leverage_tier": "unknown"
  },