{
  "timestamp": "2026-01-05T00:23:51.298398Z",
  "order_id": "702850545437639597",
  "stage": "Decision Making",
  "model_version": "ollama:qwen2.5:1.5b+ensemble_v1.0",
  "input_features": {
    "tech_returns_1": -0.15400066956813285,
    "tech_returns_5": -0.4871538204871628,
    "tech_returns_15": -0.22748561488024066,
    "tech_returns_60": -0.4472928766940387,
    "tech_returns_240": -1.7007251153592584,
    "tech_returns_1440": 5.130002102459873,
    "tech_rsi_14": 38.433243978012996,
    "tech_rsi_7": 27.12890473198675,
    "tech_rsi_21": 42.59623267124831,
    "tech_rsi_slope": -5.721503928963962,
    "tech_rsi_divergence": 0.0,
    "tech_rsi_zone": 2.0,
    "tech_macd": -3.2838708171889497e-06,
    "tech_macd_signal": 6.320254225266068e-05,
    "tech_macd_hist": -6.648641306984963e-05,
    "tech_stoch_k": 19.090909090910216,
    "tech_stoch_d": 23.903318903319626,
    "tech_ema_cross_9_21": -1.0,
    "tech_ema_cross_50_200": -1.0,
    "tech_ema_9": 0.14953806997923696,
    "tech_ema_21": 0.14958179167532146,
    "tech_ema_50": 0.14952033561944178,
    "tech_price_ema_9_pct": -0.27957427783775096,
    "tech_price_ema_21_pct": -0.3087218505336587,
    "tech_adx": 28.376806213899815,
    "tech_adx_7": 59.275820005901,
    "tech_adx_10": 41.523088966912034,
    "tech_adx_roc_5": 4.318663434762609,
    "tech_adx_slope_3": 3.1008469007454345,
    "tech_adx_deceleration": 2.8504645487264924,
    "tech_plus_di": 10.757229592063618,
    "tech_minus_di": 39.64785981015876,
    "tech_di_crossover": 0.0,
    "tech_atr_14": 0.00029534968437556987,
    "tech_atr_pct": 0.19806175186129954,
    "tech_atr_14_avg": 0.0002619216685820245,
    "tech_bb_upper": 0.1500049652204024,
    "tech_bb_lower": 0.14922603477959756,
    "tech_bb_width": 0.5206214869481091,
    "tech_bb_position": -0.13612868883130966,
    "tech_volatility_20": 0.021287948964843255,
    "tech_volume_ratio": 3.008154545180995,
    "tech_obv": 22298400.0,
    "tech_momentum_10": -0.0006700000000000039,
    "tech_roc_10": -0.4472928766940387,
    "tech_high_low_range": 0.29506437768241933,
    "tech_body_ratio": 0.5227271539256368,
    "tech_swing_high_10": 0.15001,
    "tech_swing_low_10": 0.14891,
    "tech_price_vs_swing_high": -0.5932937804146402,
    "tech_price_vs_swing_low": 0.14102478006850833,
    "tech_swing_break_up": 0.0,
    "tech_swing_break_down": 1.0,
    "tech_volume_spike": 1.0,
    "tech_volume_spike_ratio": 3.008154545180995,
    "micro_ob_best_bid_price": 0.14905,
    "micro_ob_best_ask_price": 0.14906,
    "micro_ob_best_bid_size": 2936200.0,
    "micro_ob_best_ask_size": 2463800.0,
    "micro_ob_spread_absolute": 1.0000000000010001e-05,
    "micro_ob_spread_percentage": 0.006708932944221932,
    "micro_ob_bid_ask_size_ratio": 1.1917363422355711,
    "micro_ob_orderbook_imbalance_5": -0.07218161245712028,
    "micro_ob_orderbook_imbalance_10": 0.04146409795810742,
    "micro_ob_orderbook_imbalance_20": 0.04167303550336969,
    "micro_ob_orderbook_vwap": 0.14904645519866838,
    "micro_ob_buy_impact_0.1": 0.0,
    "micro_ob_sell_impact_0.1": 0.0,
    "micro_ob_buy_impact_1.0": 0.0,
    "micro_ob_sell_impact_1.0": 0.0,
    "micro_ob_buy_impact_10.0": 0.0,
    "micro_ob_sell_impact_10.0": 0.0,
    "micro_ob_bid_depth_concentration": 0.45942052185048826,
    "micro_ob_ask_depth_concentration": 0.5770766271302767,
    "micro_ob_bid_levels": 15,
    "micro_ob_ask_levels": 15,
    "micro_ob_total_bid_volume": 22489200.0,
    "micro_ob_total_ask_volume": 20689800.0,
    "micro_ob_total_orderbook_volume": 43179000.0,
    "micro_ob_order_flow_imbalance": 0.04167303550336969,
    "micro_ob_depth_imbalance_1": 0.08748148148148148,
    "micro_ob_depth_imbalance_5": -0.07218161245712028,
    "micro_ob_depth_imbalance_10": 0.04146409795810742,
    "micro_ob_depth_imbalance_20": 0.04167303550336969,
    "micro_fr_funding_rate_current": 0.0001,
    "micro_fr_funding_rate_abs": 0.0001,
    "micro_fr_funding_rate_mean": 9.999999999999998e-05,
    "micro_fr_funding_rate_std": 2.710505431213761e-20,
    "micro_fr_funding_rate_min": 0.0001,
    "micro_fr_funding_rate_max": 0.0001,
    "micro_fr_funding_rate_skew": 1.0,
    "micro_fr_funding_rate_kurtosis": -2.0,
    "micro_fr_funding_rate_trend": -9.234190815370753e-21,
    "micro_fr_funding_rate_change": 0.0,
    "micro_fr_funding_rate_change_abs": 0.0,
    "micro_fr_funding_rate_positive": 1.0,
    "micro_fr_funding_rate_negative": 0.0,
    "micro_fr_funding_rate_high": 0.0,
    "micro_fr_funding_rate_extreme": 0.0,
    "micro_fr_hours_to_next_funding": 0.0,
    "micro_fr_funding_imminent": 1.0,
    "micro_vp_volume_current": 238.608,
    "micro_vp_volume_mean": 1220.16765,
    "micro_vp_volume_std": 4660.7239673272425,
    "micro_vp_volume_max": 29814.0,
    "micro_vp_volume_sum": 122016.765,
    "micro_vp_volume_ratio": 0.19555345529772075,
    "micro_vp_large_volume_trade": 0.0,
    "micro_vp_recent_vwap": 0.14909184837370507,
    "micro_vp_price_vwap_deviation_pct": 0.025589344227135706,
    "micro_vp_price_clustering": 0.6267713143427576,
    "micro_vp_volume_trend": 155.23631515151513,
    "micro_of_order_flow_imbalance": 0.04167303550336969,
    "micro_of_trade_flow_buy_pressure": 0.5208365177516848,
    "micro_of_trade_flow_sell_pressure": 0.4791634822483152,
    "micro_of_kyles_lambda_buy": 0.0,
    "micro_of_kyles_lambda_sell": 0.0,
    "micro_of_kyles_lambda_avg": 0.0,
    "micro_of_amihud_illiquidity": 0.22988699248110905,
    "micro_of_spread_dynamics_current": 0.006708932944221932,
    "micro_micro_funding_arbitrage": 0.0,
    "micro_micro_orderbook_pressure": 0.0,
    "micro_micro_liquidity_score": 1.0,
    "micro_micro_volume_spike": 0.0,
    "micro_micro_oi_divergence": 0.0,
    "micro_micro_composite_score": 0.2,
    "fee_maker_rate": 0.0002,
    "fee_taker_rate": 0.0008,
    "fee_round_trip_cost": 0.0016,
    "fee_breakeven_move_pct": 0.16,
    "fee_net_profit_threshold": 0.16,
    "time_hour_sin": 0.0,
    "time_hour_cos": 1.0,
    "time_day_sin": 0.0,
    "time_day_cos": 1.0,
    "time_day_of_week": 0.0,
    "time_is_asian": 1.0,
    "time_is_london": 0.0,
    "time_is_ny": 0.0,
    "time_is_london_ny_overlap": 0.0,
    "time_is_weekend": 0.0,
    "time_is_us_market_hours": 0.0,
    "cross_btc_return_1m": -0.012094955205086659,
    "cross_btc_return_5m": -0.11005423246154178,
    "cross_btc_return_15m": 0.05353622581600904,
    "cross_btc_correlation": 0.8390048155286898,
    "cross_btc_lead_indicator": -0.11005423246154178,
    "cross_eth_btc_ratio_change": -0.083039592544868,
    "vol_realized_5m": 32.196428529805345,
    "vol_realized_15m": 20.105178236257203,
    "vol_realized_1h": 10.678363598209579,
    "vol_realized_4h": 7.2009764093613065,
    "vol_ratio_5m_1h": 3.015108844505319,
    "vol_ratio_15m_4h": 2.7920072353133065,
    "vol_regime": 3.0,
    "vol_expansion": 1.0,
    "vol_contraction": 0.0,
    "vol_percentile": 80.0,
    "sent_fear_greed": 26.0,
    "sent_fear_greed_change": 1.0,
    "sent_extreme_fear": 0.0,
    "sent_extreme_greed": 0.0,
    "sent_fear": 1.0,
    "sent_greed": 0.0
  },
  "output_prediction": {
    "signal": "SHORT",
    "confidence": 0.5337294381723554,
    "raw_model_outputs": {
      "xgboost": 0.28609055280685425,
      "lightgbm": 0.16936837589664272,
      "lstm": 0.15661737322807312,
      "random_forest": 0.3290583591506131,
      "weighted_average": 0.23313528091382232
    }
  },
  "regime_info": {
    "regime": "trending",
    "regime_confidence": 0.6405216745667978,
    "atr_ratio": 1.1276260035090486,
    "adx_value": 28.376806213899815,
    "is_exhausted": false,
    "is_weakening": false,
    "leverage_tier": "elevated_volatility"
  },