{
  "timestamp": "2026-01-05T08:40:37.302135Z",
  "order_id": "702975547034043309",
  "stage": "Decision Making",
  "model_version": "ollama:qwen2.5:1.5b+ensemble_v1.0",
  "input_features": {
    "tech_returns_1": 0.08548052265233697,
    "tech_returns_5": -0.14619883040936088,
    "tech_returns_15": -0.32834731849691323,
    "tech_returns_60": -0.4010207801677157,
    "tech_returns_240": 0.3059601028025938,
    "tech_returns_1440": -0.3278688524590116,
    "tech_rsi_14": 33.54487746519575,
    "tech_rsi_7": 33.6725452207738,
    "tech_rsi_21": 35.54467109764829,
    "tech_rsi_slope": 2.5752217413140883,
    "tech_rsi_divergence": 0.0,
    "tech_rsi_zone": 2.0,
    "tech_macd": -0.08165623097292496,
    "tech_macd_signal": -0.06525024879536799,
    "tech_macd_hist": -0.01640598217755697,
    "tech_stoch_k": 17.073170731705794,
    "tech_stoch_d": 6.671449067431824,
    "tech_ema_cross_9_21": -1.0,
    "tech_ema_cross_50_200": 1.0,
    "tech_ema_9": 82.0214164633858,
    "tech_ema_21": 82.10409219446638,
    "tech_ema_50": 82.18839283204304,
    "tech_price_ema_9_pct": -0.07487856956631218,
    "tech_price_ema_21_pct": -0.17549940644260947,
    "tech_adx": 42.8915205237593,
    "tech_adx_7": 67.89019120341098,
    "tech_adx_10": 55.68478915504683,
    "tech_adx_roc_5": 14.913264260029806,
    "tech_adx_slope_3": 4.5973874376134205,
    "tech_adx_deceleration": 0.09986646068715999,
    "tech_plus_di": 7.436957160432649,
    "tech_minus_di": 43.22357876569776,
    "tech_di_crossover": 0.0,
    "tech_atr_14": 0.06064274369596301,
    "tech_atr_pct": 0.07399065848702174,
    "tech_atr_14_avg": 0.05773621358740435,
    "tech_bb_upper": 82.34382022118491,
    "tech_bb_lower": 81.90017977881509,
    "tech_bb_width": 0.5402211860035391,
    "tech_bb_position": 0.13483942281132222,
    "tech_volatility_20": 0.010054875323036786,
    "tech_volume_ratio": 0.5425680677798798,
    "tech_obv": 26423.30000000001,
    "tech_momentum_10": -0.13000000000000966,
    "tech_roc_10": -0.15836277256671139,
    "tech_high_low_range": 0.09760858955587885,
    "tech_body_ratio": 0.8749999989061834,
    "tech_swing_high_10": 82.13,
    "tech_swing_low_10": 81.89,
    "tech_price_vs_swing_high": -0.20698892000487243,
    "tech_price_vs_swing_low": 0.08548052265233017,
    "tech_swing_break_up": 0.0,
    "tech_swing_break_down": 0.0,
    "tech_volume_spike": 0.0,
    "tech_volume_spike_ratio": 0.5425680677798798,
    "micro_ob_best_bid_price": 81.97,
    "micro_ob_best_ask_price": 81.98,
    "micro_ob_best_bid_size": 3947.8,
    "micro_ob_best_ask_size": 3461.6,
    "micro_ob_spread_absolute": 0.010000000000005116,
    "micro_ob_spread_percentage": 0.012198841110100783,
    "micro_ob_bid_ask_size_ratio": 1.1404552807950081,
    "micro_ob_orderbook_imbalance_5": 0.11968389895453237,
    "micro_ob_orderbook_imbalance_10": 0.034291757927754796,
    "micro_ob_orderbook_imbalance_20": -0.056186771078396563,
    "micro_ob_orderbook_vwap": 81.98275996803817,
    "micro_ob_buy_impact_0.1": 0.0,
    "micro_ob_sell_impact_0.1": 0.0,
    "micro_ob_buy_impact_1.0": 0.0,
    "micro_ob_sell_impact_1.0": 0.0,
    "micro_ob_buy_impact_10.0": 0.0,
    "micro_ob_sell_impact_10.0": 0.0,
    "micro_ob_bid_depth_concentration": 0.7050999942442986,
    "micro_ob_ask_depth_concentration": 0.4953809024549465,
    "micro_ob_bid_levels": 15,
    "micro_ob_ask_levels": 15,
    "micro_ob_total_bid_volume": 22586.3,
    "micro_ob_total_ask_volume": 25275.5,
    "micro_ob_total_orderbook_volume": 47861.8,
    "micro_ob_order_flow_imbalance": -0.056186771078396563,
    "micro_ob_depth_imbalance_1": 0.0656193483952817,
    "micro_ob_depth_imbalance_5": 0.11968389895453237,
    "micro_ob_depth_imbalance_10": 0.034291757927754796,
    "micro_ob_depth_imbalance_20": -0.056186771078396563,
    "micro_fr_funding_rate_current": 3.614e-05,
    "micro_fr_funding_rate_abs": 3.614e-05,
    "micro_fr_funding_rate_mean": 4.533959999999998e-05,
    "micro_fr_funding_rate_std": 2.181333605480831e-05,
    "micro_fr_funding_rate_min": 6.87e-06,
    "micro_fr_funding_rate_max": 7.795e-05,
    "micro_fr_funding_rate_skew": -0.34692402640844205,
    "micro_fr_funding_rate_kurtosis": -1.266835777953029,
    "micro_fr_funding_rate_trend": 2.150999999999997e-06,
    "micro_fr_funding_rate_change": 2.690000000000003e-06,
    "micro_fr_funding_rate_change_abs": 2.690000000000003e-06,
    "micro_fr_funding_rate_positive": 1.0,
    "micro_fr_funding_rate_negative": 0.0,
    "micro_fr_funding_rate_high": 0.0,
    "micro_fr_funding_rate_extreme": 0.0,
    "micro_fr_hours_to_next_funding": 0.0,
    "micro_fr_funding_imminent": 1.0,
    "micro_vp_volume_current": 557.328,
    "micro_vp_volume_mean": 437.30459,
    "micro_vp_volume_std": 307.8070482190132,
    "micro_vp_volume_max": 2204.455,
    "micro_vp_volume_sum": 43730.459,
    "micro_vp_volume_ratio": 1.27446181161739,
    "micro_vp_large_volume_trade": 0.0,
    "micro_vp_recent_vwap": 81.92293671671729,
    "micro_vp_price_vwap_deviation_pct": 0.04524164387669273,
    "micro_vp_price_clustering": 0.6419392131891091,
    "micro_vp_volume_trend": -52.910418181818144,
    "micro_of_order_flow_imbalance": -0.056186771078396563,
    "micro_of_trade_flow_buy_pressure": 0.4719066144608017,
    "micro_of_trade_flow_sell_pressure": 0.5280933855391983,
    "micro_of_kyles_lambda_buy": 0.0,
    "micro_of_kyles_lambda_sell": 0.0,
    "micro_of_kyles_lambda_avg": 0.0,
    "micro_of_amihud_illiquidity": 0.05027982562601382,
    "micro_of_spread_dynamics_current": 0.012198841110100783,
    "micro_micro_funding_arbitrage": 0.0,
    "micro_micro_orderbook_pressure": 0.0,
    "micro_micro_liquidity_score": 1.0,
    "micro_micro_volume_spike": 0.0,
    "micro_micro_oi_divergence": 0.0,
    "micro_micro_composite_score": 0.2,
    "fee_maker_rate": 0.0002,
    "fee_taker_rate": 0.0008,
    "fee_round_trip_cost": 0.0016,
    "fee_breakeven_move_pct": 0.16,
    "fee_net_profit_threshold": 0.16,
    "time_hour_sin": 0.8660254037844387,
    "time_hour_cos": -0.4999999999999998,
    "time_day_sin": 0.0,
    "time_day_cos": 1.0,
    "time_day_of_week": 0.0,
    "time_is_asian": 1.0,
    "time_is_london": 1.0,
    "time_is_ny": 0.0,
    "time_is_london_ny_overlap": 0.0,
    "time_is_weekend": 0.0,
    "time_is_us_market_hours": 0.0,
    "cross_btc_return_1m": 0.009409240306586672,
    "cross_btc_return_5m": -0.12086465211177677,
    "cross_btc_return_15m": -0.22238503362751513,
    "cross_btc_correlation": 0.700380488273439,
    "cross_btc_lead_indicator": -0.12086465211177677,
    "cross_eth_btc_ratio_change": 0.002680848676198966,
    "vol_realized_5m": 24.58073974769606,
    "vol_realized_15m": 12.683298415245444,
    "vol_realized_1h": 4.816470312444341,
    "vol_realized_4h": 2.629772291788917,
    "vol_ratio_5m_1h": 5.103475813852037,
    "vol_ratio_15m_4h": 4.822964503370579,
    "vol_regime": 3.0,
    "vol_expansion": 1.0,
    "vol_contraction": 0.0,
    "vol_percentile": 92.63157894736842,
    "sent_fear_greed": 26.0,
    "sent_fear_greed_change": 1.0,
    "sent_extreme_fear": 0.0,
    "sent_extreme_greed": 0.0,
    "sent_fear": 1.0,
    "sent_greed": 0.0
  },
  "output_prediction": {
    "signal": "SHORT",
    "confidence": 0.5304077620942336,
    "raw_model_outputs": {
      "xgboost": 0.17643627524375916,
      "lightgbm": 0.1763736045090335,
      "lstm": 0.2539685368537903,
      "random_forest": 0.37139849774466716,
      "weighted_average": 0.23479611895288324
    }
  },
  "regime_info": {
    "regime": "trending",
    "regime_confidence": 0.8146982462851116,
    "atr_ratio": 1.0503415435125234,
    "adx_value": 42.8915205237593,
    "is_exhausted": false,
    "is_weakening": false,
    "leverage_tier": "elevated_volatility"
  },