{
  "timestamp": "2026-01-05T01:34:49.802244Z",
  "order_id": "702868414196089773",
  "stage": "Decision Making",
  "model_version": "ollama:qwen2.5:1.5b+ensemble_v1.0",
  "input_features": {
    "tech_returns_1": 0.07414730598120922,
    "tech_returns_5": 0.19797079930710115,
    "tech_returns_15": 0.7715281234444982,
    "tech_returns_60": 1.5805318615152997,
    "tech_returns_240": 1.4532698571786407,
    "tech_returns_1440": 2.491011813045708,
    "tech_rsi_14": 63.97430885766858,
    "tech_rsi_7": 72.13959932821383,
    "tech_rsi_21": 61.26592864466431,
    "tech_rsi_slope": 4.448628342122241,
    "tech_rsi_divergence": 0.0,
    "tech_rsi_zone": 3.0,
    "tech_macd": 0.0004532248096816849,
    "tech_macd_signal": 0.00029569231114747125,
    "tech_macd_hist": 0.00015753249853421364,
    "tech_stoch_k": 97.43589743589631,
    "tech_stoch_d": 90.32176973353438,
    "tech_ema_cross_9_21": 1.0,
    "tech_ema_cross_50_200": 1.0,
    "tech_ema_9": 0.4038185866413686,
    "tech_ema_21": 0.40333844247404094,
    "tech_ema_50": 0.4025578184790366,
    "tech_price_ema_9_pct": 0.26779682620002365,
    "tech_price_ema_21_pct": 0.3871581187204956,
    "tech_adx": 23.92850664900456,
    "tech_adx_7": 36.493576630513516,
    "tech_adx_10": 29.887532511976435,
    "tech_adx_roc_5": -8.123532746579166,
    "tech_adx_slope_3": 0.6921200080592946,
    "tech_adx_deceleration": 2.3883653955504496,
    "tech_plus_di": 32.55910046028149,
    "tech_minus_di": 16.465502982778194,
    "tech_di_crossover": 0.0,
    "tech_atr_14": 0.0008273558823885005,
    "tech_atr_pct": 0.20433585635675489,
    "tech_atr_14_avg": 0.0009243927979911959,
    "tech_bb_upper": 0.40523640101231595,
    "tech_bb_lower": 0.4009335989876841,
    "tech_bb_width": 1.0674676618162042,
    "tech_bb_position": 0.9218181523597404,
    "tech_volatility_20": 0.022889299717425208,
    "tech_volume_ratio": 0.1718682299804367,
    "tech_obv": 1670290.0,
    "tech_momentum_10": 0.00269999999999998,
    "tech_roc_10": 0.67130780706115,
    "tech_high_low_range": 0.14818473697210297,
    "tech_body_ratio": 0.499999916666588,
    "tech_swing_high_10": 0.405,
    "tech_swing_low_10": 0.4022,
    "tech_price_vs_swing_high": -0.02469135802470234,
    "tech_price_vs_swing_low": 0.6713078070611587,
    "tech_swing_break_up": 1.0,
    "tech_swing_break_down": 0.0,
    "tech_volume_spike": 0.0,
    "tech_volume_spike_ratio": 0.1718682299804367,
    "micro_ob_best_bid_price": 0.4049,
    "micro_ob_best_ask_price": 0.405,
    "micro_ob_best_bid_size": 899260.0,
    "micro_ob_best_ask_size": 843610.0,
    "micro_ob_spread_absolute": 0.0001000000000000445,
    "micro_ob_spread_percentage": 0.024694406716889612,
    "micro_ob_bid_ask_size_ratio": 1.0659665011083321,
    "micro_ob_orderbook_imbalance_5": 0.26043237603571745,
    "micro_ob_orderbook_imbalance_10": 0.32599514884741915,
    "micro_ob_orderbook_imbalance_20": 0.3266357140860398,
    "micro_ob_orderbook_vwap": 0.4046781435267073,
    "micro_ob_buy_impact_0.1": 0.0,
    "micro_ob_sell_impact_0.1": 0.0,
    "micro_ob_buy_impact_1.0": 0.0,
    "micro_ob_sell_impact_1.0": 0.0,
    "micro_ob_buy_impact_10.0": 0.0,
    "micro_ob_sell_impact_10.0": 0.0,
    "micro_ob_bid_depth_concentration": 0.34388148998134604,
    "micro_ob_ask_depth_concentration": 0.39752893638220205,
    "micro_ob_bid_levels": 15,
    "micro_ob_ask_levels": 15,
    "micro_ob_total_bid_volume": 13525270.0,
    "micro_ob_total_ask_volume": 6865060.0,
    "micro_ob_total_orderbook_volume": 20390330.0,
    "micro_ob_order_flow_imbalance": 0.3266357140860398,
    "micro_ob_depth_imbalance_1": 0.03193009231899109,
    "micro_ob_depth_imbalance_5": 0.26043237603571745,
    "micro_ob_depth_imbalance_10": 0.32599514884741915,
    "micro_ob_depth_imbalance_20": 0.3266357140860398,
    "micro_fr_funding_rate_current": 0.0001,
    "micro_fr_funding_rate_abs": 0.0001,
    "micro_fr_funding_rate_mean": 0.00010000000000000003,
    "micro_fr_funding_rate_std": 2.710505431213761e-20,
    "micro_fr_funding_rate_min": 0.0001,
    "micro_fr_funding_rate_max": 0.0001,
    "micro_fr_funding_rate_skew": -1.0,
    "micro_fr_funding_rate_kurtosis": -2.0,
    "micro_fr_funding_rate_trend": -9.234190815370753e-21,
    "micro_fr_funding_rate_change": 0.0,
    "micro_fr_funding_rate_change_abs": 0.0,
    "micro_fr_funding_rate_positive": 1.0,
    "micro_fr_funding_rate_negative": 0.0,
    "micro_fr_funding_rate_high": 0.0,
    "micro_fr_funding_rate_extreme": 0.0,
    "micro_fr_hours_to_next_funding": 0.0,
    "micro_fr_funding_imminent": 1.0,
    "micro_vp_volume_current": 28.273,
    "micro_vp_volume_mean": 93.13887999999997,
    "micro_vp_volume_std": 178.83824255579566,
    "micro_vp_volume_max": 1570.236,
    "micro_vp_volume_sum": 9313.887999999997,
    "micro_vp_volume_ratio": 0.30355744024407433,
    "micro_vp_large_volume_trade": 0.0,
    "micro_vp_recent_vwap": 0.4044243600094828,
    "micro_vp_price_vwap_deviation_pct": -0.1296558915171455,
    "micro_vp_price_clustering": 0.10312018649431043,
    "micro_vp_volume_trend": -0.9308060606060579,
    "micro_of_order_flow_imbalance": 0.3266357140860398,
    "micro_of_trade_flow_buy_pressure": 0.6633178570430199,
    "micro_of_trade_flow_sell_pressure": 0.3366821429569801,
    "micro_of_kyles_lambda_buy": 0.0,
    "micro_of_kyles_lambda_sell": 0.0,
    "micro_of_kyles_lambda_avg": 0.0,
    "micro_of_amihud_illiquidity": 1.9202333286445226,
    "micro_of_spread_dynamics_current": 0.024694406716889612,
    "micro_micro_funding_arbitrage": 0.0,
    "micro_micro_orderbook_pressure": 1.0,
    "micro_micro_liquidity_score": 1.0,
    "micro_micro_volume_spike": 0.0,
    "micro_micro_oi_divergence": 0.0,
    "micro_micro_composite_score": 0.5,
    "fee_maker_rate": 0.0002,
    "fee_taker_rate": 0.0008,
    "fee_round_trip_cost": 0.0016,
    "fee_breakeven_move_pct": 0.16,
    "fee_net_profit_threshold": 0.16,
    "time_hour_sin": 0.25881904510252074,
    "time_hour_cos": 0.9659258262890683,
    "time_day_sin": 0.0,
    "time_day_cos": 1.0,
    "time_day_of_week": 0.0,
    "time_is_asian": 1.0,
    "time_is_london": 0.0,
    "time_is_ny": 0.0,
    "time_is_london_ny_overlap": 0.0,
    "time_is_weekend": 0.0,
    "time_is_us_market_hours": 0.0,
    "cross_btc_return_1m": -0.049282657561931946,
    "cross_btc_return_5m": -0.04573334768105025,
    "cross_btc_return_15m": 0.09439665344467593,
    "cross_btc_correlation": 0.8396770882351181,
    "cross_btc_lead_indicator": -0.04573334768105025,
    "cross_eth_btc_ratio_change": -0.05160430196978325,
    "vol_realized_5m": 51.68859808400059,
    "vol_realized_15m": 23.693629916651666,
    "vol_realized_1h": 13.793534055298249,
    "vol_realized_4h": 6.158904841085549,
    "vol_ratio_5m_1h": 3.747306373898169,
    "vol_ratio_15m_4h": 3.847052443251502,
    "vol_regime": 3.0,
    "vol_expansion": 1.0,
    "vol_contraction": 0.0,
    "vol_percentile": 100.0,
    "sent_fear_greed": 26.0,
    "sent_fear_greed_change": 1.0,
    "sent_extreme_fear": 0.0,
    "sent_extreme_greed": 0.0,
    "sent_fear": 1.0,
    "sent_greed": 0.0
  },
  "output_prediction": {
    "signal": "SHORT",
    "confidence": 0.4881564368835978,
    "raw_model_outputs": {
      "xgboost": 0.03361639007925987,
      "lightgbm": 0.036391008497101814,
      "lstm": 0.4060608148574829,
      "random_forest": 0.6761195397535944,
      "weighted_average": 0.2559217815582011
    }
  },
  "regime_info": {
    "regime": "ranging",
    "regime_confidence": 0.5,
    "atr_ratio": 0.8950263180180904,
    "adx_value": 23.92850664900456,
    "is_exhausted": false,
    "is_weakening": false,
    "leverage_tier": "normal_volatility"
  },