{
  "timestamp": "2026-01-05T02:56:20.229274Z",
  "order_id": "702888915144541101",
  "stage": "Decision Making",
  "model_version": "ollama:qwen2.5:1.5b+exit_manager_v1",
  "input_features": {
    "tech_returns_1": -0.05990481790044688,
    "tech_returns_5": -0.03218003062650521,
    "tech_returns_15": 0.05442025766326797,
    "tech_returns_60": -0.32748796813630854,
    "tech_returns_240": 0.8011368086558557,
    "tech_returns_1440": 1.9909440487838177,
    "tech_rsi_14": 47.21769780941529,
    "tech_rsi_7": 45.24186984363847,
    "tech_rsi_21": 46.446414325734274,
    "tech_rsi_slope": -1.2463889872042841,
    "tech_rsi_divergence": 0.0,
    "tech_rsi_zone": 2.0,
    "tech_macd": -0.03702766095750576,
    "tech_macd_signal": -0.12122888554404272,
    "tech_macd_hist": 0.08420122458653696,
    "tech_stoch_k": 66.48936170212782,
    "tech_stoch_d": 79.6099290780145,
    "tech_ema_cross_9_21": 1.0,
    "tech_ema_cross_50_200": 1.0,
    "tech_ema_9": 901.0971711922575,
    "tech_ema_21": 901.0536507687261,
    "tech_ema_50": 901.4987166233483,
    "tech_price_ema_9_pct": -0.022990993522199316,
    "tech_price_ema_21_pct": -0.01816215589232956,
    "tech_adx": 16.715463193158207,
    "tech_adx_7": 27.241586456604008,
    "tech_adx_10": 22.01977945467634,
    "tech_adx_roc_5": -4.8855875824872825,
    "tech_adx_slope_3": -0.757523924036418,
    "tech_adx_deceleration": -0.62637867388346,
    "tech_plus_di": 17.717954224670923,
    "tech_minus_di": 22.56046221949625,
    "tech_di_crossover": -1.0,
    "tech_atr_14": 0.47407036147076764,
    "tech_atr_pct": 0.05262244685486215,
    "tech_atr_14_avg": 0.5197967145190396,
    "tech_bb_upper": 901.7198429202357,
    "tech_bb_lower": 900.0551570797644,
    "tech_bb_width": 0.18478287693760795,
    "tech_bb_position": 0.5015017848648445,
    "tech_volatility_20": 0.006684306494622862,
    "tech_volume_ratio": 0.8474702937000225,
    "tech_obv": -1445.799999999995,
    "tech_momentum_10": -0.14999999999997726,
    "tech_roc_10": -0.016647429636862388,
    "tech_high_low_range": 0.08436102076835028,
    "tech_body_ratio": 0.710526315695944,
    "tech_swing_high_10": 901.52,
    "tech_swing_low_10": 900.67,
    "tech_price_vs_swing_high": -0.06988197710533271,
    "tech_price_vs_swing_low": 0.02442626045055651,
    "tech_swing_break_up": 0.0,
    "tech_swing_break_down": 0.0,
    "tech_volume_spike": 0.0,
    "tech_volume_spike_ratio": 0.8474702937000225,
    "micro_ob_best_bid_price": 900.71,
    "micro_ob_best_ask_price": 900.72,
    "micro_ob_best_bid_size": 147.0,
    "micro_ob_best_ask_size": 149.8,
    "micro_ob_spread_absolute": 0.009999999999990905,
    "micro_ob_spread_percentage": 0.0011102290957729032,
    "micro_ob_bid_ask_size_ratio": 0.9813084112149532,
    "micro_ob_orderbook_imbalance_5": 0.30672189794765575,
    "micro_ob_orderbook_imbalance_10": 0.022496416775721336,
    "micro_ob_orderbook_imbalance_20": -0.0603719890232747,
    "micro_ob_orderbook_vwap": 900.7353062877792,
    "micro_ob_buy_impact_0.1": 1.262177343920597e-14,
    "micro_ob_sell_impact_0.1": 1.2621913570584985e-14,
    "micro_ob_buy_impact_1.0": 0.0,
    "micro_ob_sell_impact_1.0": 0.0,
    "micro_ob_buy_impact_10.0": 0.0,
    "micro_ob_sell_impact_10.0": 1.2621913570584985e-14,
    "micro_ob_bid_depth_concentration": 0.7506760411032991,
    "micro_ob_ask_depth_concentration": 0.3529186235981981,
    "micro_ob_bid_levels": 15,
    "micro_ob_ask_levels": 15,
    "micro_ob_total_bid_volume": 924.5,
    "micro_ob_total_ask_volume": 1043.3,
    "micro_ob_total_orderbook_volume": 1967.8,
    "micro_ob_order_flow_imbalance": -0.0603719890232747,
    "micro_ob_depth_imbalance_1": -0.009433962264150981,
    "micro_ob_depth_imbalance_5": 0.30672189794765575,
    "micro_ob_depth_imbalance_10": 0.022496416775721336,
    "micro_ob_depth_imbalance_20": -0.0603719890232747,
    "micro_fr_funding_rate_current": 9.083e-05,
    "micro_fr_funding_rate_abs": 9.083e-05,
    "micro_fr_funding_rate_mean": 0.00012297797101449274,
    "micro_fr_funding_rate_std": 3.463132244708455e-05,
    "micro_fr_funding_rate_min": 8.772e-05,
    "micro_fr_funding_rate_max": 0.00018326,
    "micro_fr_funding_rate_skew": 0.5325700296064758,
    "micro_fr_funding_rate_kurtosis": -1.3503204871911805,
    "micro_fr_funding_rate_trend": -2.000000000010038e-09,
    "micro_fr_funding_rate_change": 0.0,
    "micro_fr_funding_rate_change_abs": 0.0,
    "micro_fr_funding_rate_positive": 1.0,
    "micro_fr_funding_rate_negative": 0.0,
    "micro_fr_funding_rate_high": 0.0,
    "micro_fr_funding_rate_extreme": 0.0,
    "micro_fr_hours_to_next_funding": 0.0,
    "micro_fr_funding_imminent": 1.0,
    "micro_vp_volume_current": 180.298,
    "micro_vp_volume_mean": 770.5061099999999,
    "micro_vp_volume_std": 1742.5405688635021,
    "micro_vp_volume_max": 15502.36,
    "micro_vp_volume_sum": 77050.61099999999,
    "micro_vp_volume_ratio": 0.23399944226269667,
    "micro_vp_large_volume_trade": 0.0,
    "micro_vp_recent_vwap": 901.176782710912,
    "micro_vp_price_vwap_deviation_pct": 0.034756475654621075,
    "micro_vp_price_clustering": 0.08315206351371894,
    "micro_vp_volume_trend": 150.78530909090904,
    "micro_of_order_flow_imbalance": -0.0603719890232747,
    "micro_of_trade_flow_buy_pressure": 0.46981400548836266,
    "micro_of_trade_flow_sell_pressure": 0.5301859945116374,
    "micro_of_kyles_lambda_buy": 0.0,
    "micro_of_kyles_lambda_sell": 1.2621913570584985e-15,
    "micro_of_kyles_lambda_avg": 6.310956785292492e-16,
    "micro_of_amihud_illiquidity": 0.031098596375247735,
    "micro_of_spread_dynamics_current": 0.0011102290957729032,
    "micro_micro_funding_arbitrage": 0.0,
    "micro_micro_orderbook_pressure": 1.0,
    "micro_micro_liquidity_score": 1.0,
    "micro_micro_volume_spike": 0.0,
    "micro_micro_oi_divergence": 0.0,
    "micro_micro_composite_score": 0.5,
    "fee_maker_rate": 0.0002,
    "fee_taker_rate": 0.0008,
    "fee_round_trip_cost": 0.0016,
    "fee_breakeven_move_pct": 0.16,
    "fee_net_profit_threshold": 0.16,
    "time_hour_sin": 0.49999999999999994,
    "time_hour_cos": 0.8660254037844387,
    "time_day_sin": 0.0,
    "time_day_cos": 1.0,
    "time_day_of_week": 0.0,
    "time_is_asian": 1.0,
    "time_is_london": 0.0,
    "time_is_ny": 0.0,
    "time_is_london_ny_overlap": 0.0,
    "time_is_weekend": 0.0,
    "time_is_us_market_hours": 0.0,
    "cross_btc_return_1m": -0.035906951542810095,
    "cross_btc_return_5m": 0.013014573095119128,
    "cross_btc_return_15m": 0.12803407924761268,
    "cross_btc_correlation": 0.6877921736737708,
    "cross_btc_lead_indicator": 0.013014573095119128,
    "cross_eth_btc_ratio_change": 0.03914879675952438,
    "vol_realized_5m": 10.362085058786052,
    "vol_realized_15m": 7.1577128445992715,
    "vol_realized_1h": 4.736610563808633,
    "vol_realized_4h": 2.8434571443968144,
    "vol_ratio_5m_1h": 2.187658225052402,
    "vol_ratio_15m_4h": 2.5172571560306194,
    "vol_regime": 2.0,
    "vol_expansion": 1.0,
    "vol_contraction": 0.0,
    "vol_percentile": 58.94736842105262,
    "sent_fear_greed": 26.0,
    "sent_fear_greed_change": 1.0,
    "sent_extreme_fear": 0.0,
    "sent_extreme_greed": 0.0,
    "sent_fear": 1.0,
    "sent_greed": 0.0,
    "exit_trigger": true,
    "exit_reason": "Trailing stop hit: 901.13 >= 901.12",
    "position_side": "SHORT",
    "entry_price": 903.41,
    "exit_price": 901.13,
    "position_size": 0.1,
    "hold_duration_hours": 0.8126638897222221
  },
  "output_prediction": {
    "signal": "EXIT_SHORT",
    "confidence": 1.0,
    "raw_model_outputs": {
      "action": "exit"
    }
  },
  "regime_info": {
    "regime": "unknown",
    "regime_confidence": 0.0,
    "atr_ratio": 1.0,
    "adx_value": 0.0,
    "is_exhausted": false,
    "is_weakening": false,
    "leverage_tier": "unknown"
  },