{
  "timestamp": "2026-01-05T02:14:51.457524Z",
  "order_id": "702878471822508973",
  "stage": "Decision Making",
  "model_version": "ollama:qwen2.5:1.5b+ensemble_v1.0",
  "input_features": {
    "tech_returns_1": -0.13154048523823514,
    "tech_returns_5": -0.11694196754860053,
    "tech_returns_15": -0.021947472382766176,
    "tech_returns_60": 0.23470734927386605,
    "tech_returns_240": 1.947034688549043,
    "tech_returns_1440": 0.44237834595486497,
    "tech_rsi_14": 45.95202664848714,
    "tech_rsi_7": 40.820937171457466,
    "tech_rsi_21": 49.05582994417452,
    "tech_rsi_slope": -2.395305827728798,
    "tech_rsi_divergence": 0.0,
    "tech_rsi_zone": 2.0,
    "tech_macd": -0.003456809088817181,
    "tech_macd_signal": 0.020190121444273137,
    "tech_macd_hist": -0.02364693053309032,
    "tech_stoch_k": 17.741935483869266,
    "tech_stoch_d": 35.483870967741616,
    "tech_ema_cross_9_21": -1.0,
    "tech_ema_cross_50_200": 1.0,
    "tech_ema_9": 136.7698752900028,
    "tech_ema_21": 136.79369357255,
    "tech_ema_50": 136.63024696067197,
    "tech_price_ema_9_pct": -0.08033588520120259,
    "tech_price_ema_21_pct": -0.09773372518749165,
    "tech_adx": 13.705557050127867,
    "tech_adx_7": 21.825283432002383,
    "tech_adx_10": 16.634397387777486,
    "tech_adx_roc_5": -3.1208135194757585,
    "tech_adx_slope_3": -0.7214179086850203,
    "tech_adx_deceleration": -1.0691706188696664,
    "tech_plus_di": 24.786772154754246,
    "tech_minus_di": 24.555399338341363,
    "tech_di_crossover": 0.0,
    "tech_atr_14": 0.18582384619078257,
    "tech_atr_pct": 0.1359753008859817,
    "tech_atr_14_avg": 0.20546200508672985,
    "tech_bb_upper": 137.08126081425078,
    "tech_bb_lower": 136.5127391857492,
    "tech_bb_width": 0.41559509967438707,
    "tech_bb_position": 0.2590241195201568,
    "tech_volatility_20": 0.016575962604115115,
    "tech_volume_ratio": 0.7975138267052936,
    "tech_obv": 72505.00000000003,
    "tech_momentum_10": -0.27000000000001023,
    "tech_roc_10": -0.19718104140802328,
    "tech_high_low_range": 0.14634860237083905,
    "tech_body_ratio": 0.8999999995500853,
    "tech_swing_high_10": 137.17,
    "tech_swing_low_10": 136.55,
    "tech_price_vs_swing_high": -0.3718014143034125,
    "tech_price_vs_swing_low": 0.0805565726839877,
    "tech_swing_break_up": 0.0,
    "tech_swing_break_down": 0.0,
    "tech_volume_spike": 0.0,
    "tech_volume_spike_ratio": 0.7975138267052936,
    "micro_ob_best_bid_price": 136.64,
    "micro_ob_best_ask_price": 136.65,
    "micro_ob_best_bid_size": 2975.4,
    "micro_ob_best_ask_size": 2546.0,
    "micro_ob_spread_absolute": 0.010000000000019327,
    "micro_ob_spread_percentage": 0.007318233378476584,
    "micro_ob_bid_ask_size_ratio": 1.1686567164179105,
    "micro_ob_orderbook_imbalance_5": -0.37209640976498826,
    "micro_ob_orderbook_imbalance_10": -0.5247965357592147,
    "micro_ob_orderbook_imbalance_20": -0.573739981263662,
    "micro_ob_orderbook_vwap": 136.6958702393076,
    "micro_ob_buy_impact_0.1": 0.0,
    "micro_ob_sell_impact_0.1": 0.0,
    "micro_ob_buy_impact_1.0": 0.0,
    "micro_ob_sell_impact_1.0": 0.0,
    "micro_ob_buy_impact_10.0": 0.0,
    "micro_ob_sell_impact_10.0": 0.0,
    "micro_ob_bid_depth_concentration": 0.6528321791027281,
    "micro_ob_ask_depth_concentration": 0.38639797022538647,
    "micro_ob_bid_levels": 15,
    "micro_ob_ask_levels": 15,
    "micro_ob_total_bid_volume": 10237.7,
    "micro_ob_total_ask_volume": 37797.3,
    "micro_ob_total_orderbook_volume": 48035.0,
    "micro_ob_order_flow_imbalance": -0.573739981263662,
    "micro_ob_depth_imbalance_1": 0.0777701307639367,
    "micro_ob_depth_imbalance_5": -0.37209640976498826,
    "micro_ob_depth_imbalance_10": -0.5247965357592147,
    "micro_ob_depth_imbalance_20": -0.573739981263662,
    "micro_fr_funding_rate_current": 8.618e-05,
    "micro_fr_funding_rate_abs": 8.618e-05,
    "micro_fr_funding_rate_mean": 6.167295081967213e-05,
    "micro_fr_funding_rate_std": 1.189938851497707e-05,
    "micro_fr_funding_rate_min": 4.828e-05,
    "micro_fr_funding_rate_max": 8.651e-05,
    "micro_fr_funding_rate_skew": 1.0216209373159337,
    "micro_fr_funding_rate_kurtosis": -0.3834510585566182,
    "micro_fr_funding_rate_trend": 4.599999999999278e-08,
    "micro_fr_funding_rate_change": -3.2999999999999176e-07,
    "micro_fr_funding_rate_change_abs": 3.2999999999999176e-07,
    "micro_fr_funding_rate_positive": 1.0,
    "micro_fr_funding_rate_negative": 0.0,
    "micro_fr_funding_rate_high": 0.0,
    "micro_fr_funding_rate_extreme": 0.0,
    "micro_fr_hours_to_next_funding": 0.0,
    "micro_fr_funding_imminent": 1.0,
    "micro_vp_volume_current": 1230.48,
    "micro_vp_volume_mean": 1233.98499,
    "micro_vp_volume_std": 4196.6588895566565,
    "micro_vp_volume_max": 42399.973,
    "micro_vp_volume_sum": 123398.49899999998,
    "micro_vp_volume_ratio": 0.9971596169901549,
    "micro_vp_large_volume_trade": 0.0,
    "micro_vp_recent_vwap": 136.72964059741116,
    "micro_vp_price_vwap_deviation_pct": -0.007050846743281671,
    "micro_vp_price_clustering": 5.551115123125783e-17,
    "micro_vp_volume_trend": 84.02065454545453,
    "micro_of_order_flow_imbalance": -0.573739981263662,
    "micro_of_trade_flow_buy_pressure": 0.21313000936816906,
    "micro_of_trade_flow_sell_pressure": 0.786869990631831,
    "micro_of_kyles_lambda_buy": 0.0,
    "micro_of_kyles_lambda_sell": 0.0,
    "micro_of_kyles_lambda_avg": 0.0,
    "micro_of_amihud_illiquidity": 0.05990212178165037,
    "micro_of_spread_dynamics_current": 0.007318233378476584,
    "micro_micro_funding_arbitrage": 0.0,
    "micro_micro_orderbook_pressure": -1.0,
    "micro_micro_liquidity_score": 1.0,
    "micro_micro_volume_spike": 0.0,
    "micro_micro_oi_divergence": 0.0,
    "micro_micro_composite_score": 0.5,
    "fee_maker_rate": 0.0002,
    "fee_taker_rate": 0.0008,
    "fee_round_trip_cost": 0.0016,
    "fee_breakeven_move_pct": 0.16,
    "fee_net_profit_threshold": 0.16,
    "time_hour_sin": 0.49999999999999994,
    "time_hour_cos": 0.8660254037844387,
    "time_day_sin": 0.0,
    "time_day_cos": 1.0,
    "time_day_of_week": 0.0,
    "time_is_asian": 1.0,
    "time_is_london": 0.0,
    "time_is_ny": 0.0,
    "time_is_london_ny_overlap": 0.0,
    "time_is_weekend": 0.0,
    "time_is_us_market_hours": 0.0,
    "cross_btc_return_1m": -0.09172168711923614,
    "cross_btc_return_5m": 0.00312494612161232,
    "cross_btc_return_15m": -0.12096830608855245,
    "cross_btc_correlation": 0.8470306191680915,
    "cross_btc_lead_indicator": 0.00312494612161232,
    "cross_eth_btc_ratio_change": -0.08968428197654732,
    "vol_realized_5m": 23.336230835941517,
    "vol_realized_15m": 21.00584805714811,
    "vol_realized_1h": 9.855369007424262,
    "vol_realized_4h": 4.701859275937192,
    "vol_ratio_5m_1h": 2.367869819827328,
    "vol_ratio_15m_4h": 4.46756204819872,
    "vol_regime": 3.0,
    "vol_expansion": 1.0,
    "vol_contraction": 0.0,
    "vol_percentile": 85.26315789473684,
    "sent_fear_greed": 26.0,
    "sent_fear_greed_change": 1.0,
    "sent_extreme_fear": 0.0,
    "sent_extreme_greed": 0.0,
    "sent_fear": 1.0,
    "sent_greed": 0.0
  },
  "output_prediction": {
    "signal": "SHORT",
    "confidence": 0.4883981056389999,
    "raw_model_outputs": {
      "xgboost": 0.16082416474819183,
      "lightgbm": 0.21102038663881106,
      "lstm": 0.33616581559181213,
      "random_forest": 0.35378572481606274,
      "weighted_average": 0.25580094718050006
    }
  },
  "regime_info": {
    "regime": "ranging",
    "regime_confidence": 0.8147221474936066,
    "atr_ratio": 0.9044195111030012,
    "adx_value": 13.705557050127867,
    "is_exhausted": false,
    "is_weakening": false,
    "leverage_tier": "normal_volatility"
  },