{
  "timestamp": "2026-01-05T08:37:38.018000Z",
  "order_id": "702974797641941933",
  "stage": "Decision Making",
  "model_version": "ollama:qwen2.5:1.5b+ensemble_v1.0",
  "input_features": {
    "tech_returns_1": -0.007237257835412958,
    "tech_returns_5": -0.10327468151577479,
    "tech_returns_15": -0.09529657957588755,
    "tech_returns_60": 0.05198780394222169,
    "tech_returns_240": 0.0859549596011755,
    "tech_returns_1440": 0.7988338836312977,
    "tech_rsi_14": 40.794550416816904,
    "tech_rsi_7": 27.464989260304222,
    "tech_rsi_21": 45.688464499697666,
    "tech_rsi_slope": -0.930300851546928,
    "tech_rsi_divergence": 0.0,
    "tech_rsi_zone": 2.0,
    "tech_macd": 1.7970697880373336,
    "tech_macd_signal": 18.07519022851044,
    "tech_macd_hist": -16.278120440473106,
    "tech_stoch_k": 3.2044198895043703,
    "tech_stoch_d": 1.1084613838856832,
    "tech_ema_cross_9_21": -1.0,
    "tech_ema_cross_50_200": 1.0,
    "tech_ema_9": 92615.05820069321,
    "tech_ema_21": 92624.17109451664,
    "tech_ema_50": 92595.24473537017,
    "tech_price_ema_9_pct": -0.048867000218402304,
    "tech_price_ema_21_pct": -0.05870076231090539,
    "tech_adx": 35.752432849333644,
    "tech_adx_7": 63.162207755852876,
    "tech_adx_10": 46.43887678411375,
    "tech_adx_roc_5": 3.1679869192890138,
    "tech_adx_slope_3": 2.164259587190301,
    "tech_adx_deceleration": 0.25313202181013494,
    "tech_plus_di": 16.197160129559016,
    "tech_minus_di": 50.11272918336341,
    "tech_di_crossover": 0.0,
    "tech_atr_14": 26.746517022862747,
    "tech_atr_pct": 0.028893350771917778,
    "tech_atr_14_avg": 33.826250988628416,
    "tech_bb_upper": 92732.84746118559,
    "tech_bb_lower": 92553.5225388144,
    "tech_bb_width": 0.19356515254866297,
    "tech_bb_position": 0.09077076945226305,
    "tech_volatility_20": 0.004904961247493578,
    "tech_volume_ratio": 0.11884859553994474,
    "tech_obv": 5971.922300000007,
    "tech_momentum_10": -127.59999999999127,
    "tech_roc_10": -0.13765218873451612,
    "tech_high_low_range": 0.01350332397823048,
    "tech_body_ratio": 0.5359999999954792,
    "tech_swing_high_10": 92697.4,
    "tech_swing_low_10": 92564.0,
    "tech_price_vs_swing_high": -0.1376521887345182,
    "tech_price_vs_swing_low": 0.006265934920706657,
    "tech_swing_break_up": 0.0,
    "tech_swing_break_down": 1.0,
    "tech_volume_spike": 0.0,
    "tech_volume_spike_ratio": 0.11884859553994474,
    "micro_ob_best_bid_price": 92569.8,
    "micro_ob_best_ask_price": 92569.9,
    "micro_ob_best_bid_size": 2.8817,
    "micro_ob_best_ask_size": 2.7564,
    "micro_ob_spread_absolute": 0.09999999999126885,
    "micro_ob_spread_percentage": 0.0001080265334677207,
    "micro_ob_bid_ask_size_ratio": 1.045457843564069,
    "micro_ob_orderbook_imbalance_5": 0.09888137335694062,
    "micro_ob_orderbook_imbalance_10": 0.0664581704456607,
    "micro_ob_orderbook_imbalance_20": 0.061256241757967525,
    "micro_ob_orderbook_vwap": 92569.83987032757,
    "micro_ob_buy_impact_0.1": 0.0,
    "micro_ob_sell_impact_0.1": 0.0,
    "micro_ob_buy_impact_1.0": 0.0,
    "micro_ob_sell_impact_1.0": 0.0,
    "micro_ob_buy_impact_10.0": 0.0,
    "micro_ob_sell_impact_10.0": 0.0,
    "micro_ob_bid_depth_concentration": 0.3519545918993997,
    "micro_ob_ask_depth_concentration": 0.32628039989600816,
    "micro_ob_bid_levels": 15,
    "micro_ob_ask_levels": 15,
    "micro_ob_total_bid_volume": 38.2663,
    "micro_ob_total_ask_volume": 33.8488,
    "micro_ob_total_orderbook_volume": 72.1151,
    "micro_ob_order_flow_imbalance": 0.061256241757967525,
    "micro_ob_depth_imbalance_1": 0.02222379879746719,
    "micro_ob_depth_imbalance_5": 0.09888137335694062,
    "micro_ob_depth_imbalance_10": 0.0664581704456607,
    "micro_ob_depth_imbalance_20": 0.061256241757967525,
    "micro_fr_funding_rate_current": 6.092e-05,
    "micro_fr_funding_rate_abs": 6.092e-05,
    "micro_fr_funding_rate_mean": 6.64979e-05,
    "micro_fr_funding_rate_std": 2.299713618235975e-05,
    "micro_fr_funding_rate_min": 3.196e-05,
    "micro_fr_funding_rate_max": 0.0001,
    "micro_fr_funding_rate_skew": 0.2442136458579315,
    "micro_fr_funding_rate_kurtosis": -1.313351383225668,
    "micro_fr_funding_rate_trend": 1.0759999999999902e-06,
    "micro_fr_funding_rate_change": -8.099999999999939e-07,
    "micro_fr_funding_rate_change_abs": 8.099999999999939e-07,
    "micro_fr_funding_rate_positive": 1.0,
    "micro_fr_funding_rate_negative": 0.0,
    "micro_fr_funding_rate_high": 0.0,
    "micro_fr_funding_rate_extreme": 0.0,
    "micro_fr_hours_to_next_funding": 0.0,
    "micro_fr_funding_imminent": 1.0,
    "micro_vp_volume_current": 101.83415,
    "micro_vp_volume_mean": 4571.132506999999,
    "micro_vp_volume_std": 19927.988746670177,
    "micro_vp_volume_max": 120349.45,
    "micro_vp_volume_sum": 457113.2507,
    "micro_vp_volume_ratio": 0.022277663105161875,
    "micro_vp_large_volume_trade": 0.0,
    "micro_vp_recent_vwap": 92570.52485286722,
    "micro_vp_price_vwap_deviation_pct": 0.006454697261653538,
    "micro_vp_price_clustering": 0.006331095343536175,
    "micro_vp_volume_trend": 3627.4839193939406,
    "micro_of_order_flow_imbalance": 0.061256241757967525,
    "micro_of_trade_flow_buy_pressure": 0.5306281208789838,
    "micro_of_trade_flow_sell_pressure": 0.46937187912101624,
    "micro_of_kyles_lambda_buy": 0.0,
    "micro_of_kyles_lambda_sell": 0.0,
    "micro_of_kyles_lambda_avg": 0.0,
    "micro_of_amihud_illiquidity": 0.018935189539980565,
    "micro_of_spread_dynamics_current": 0.0001080265334677207,
    "micro_micro_funding_arbitrage": 0.0,
    "micro_micro_orderbook_pressure": 0.0,
    "micro_micro_liquidity_score": 0.5,
    "micro_micro_volume_spike": 0.0,
    "micro_micro_oi_divergence": 0.0,
    "micro_micro_composite_score": 0.1,
    "fee_maker_rate": 0.0002,
    "fee_taker_rate": 0.0008,
    "fee_round_trip_cost": 0.0016,
    "fee_breakeven_move_pct": 0.16,
    "fee_net_profit_threshold": 0.16,
    "time_hour_sin": 0.8660254037844387,
    "time_hour_cos": -0.4999999999999998,
    "time_day_sin": 0.0,
    "time_day_cos": 1.0,
    "time_day_of_week": 0.0,
    "time_is_asian": 1.0,
    "time_is_london": 1.0,
    "time_is_ny": 0.0,
    "time_is_london_ny_overlap": 0.0,
    "time_is_weekend": 0.0,
    "time_is_us_market_hours": 0.0,
    "cross_btc_return_1m": -0.007237257835408651,
    "cross_btc_return_5m": -0.10327468151577135,
    "cross_btc_return_15m": -0.09529657957588479,
    "cross_btc_correlation": 1.0,
    "cross_btc_lead_indicator": 0.0,
    "cross_eth_btc_ratio_change": 0.010049280387206722,
    "vol_realized_5m": 4.74288479724437,
    "vol_realized_15m": 6.103946775489731,
    "vol_realized_1h": 2.6027830163559322,
    "vol_realized_4h": 1.4875994275494935,
    "vol_ratio_5m_1h": 1.822235955682822,
    "vol_ratio_15m_4h": 4.103219362987183,
    "vol_regime": 0.0,
    "vol_expansion": 1.0,
    "vol_contraction": 0.0,
    "vol_percentile": 3.1578947368421053,
    "sent_fear_greed": 26.0,
    "sent_fear_greed_change": 1.0,
    "sent_extreme_fear": 0.0,
    "sent_extreme_greed": 0.0,
    "sent_fear": 1.0,
    "sent_greed": 0.0
  },
  "output_prediction": {
    "signal": "SHORT",
    "confidence": 0.7092059422543777,
    "raw_model_outputs": {
      "xgboost": 0.07088389247655869,
      "lightgbm": 0.05139233847102983,
      "lstm": 0.34639501571655273,
      "random_forest": 0.12342511291473927,
      "weighted_average": 0.1453970288728111
    }
  },
  "regime_info": {
    "regime": "trending",
    "regime_confidence": 0.7290291941920037,
    "atr_ratio": 0.7907029671084239,
    "adx_value": 35.752432849333644,
    "is_exhausted": false,
    "is_weakening": false,
    "leverage_tier": "normal_volatility"
  },