{
  "timestamp": "2026-01-05T02:21:02.366641Z",
  "order_id": "702880034620179373",
  "stage": "Decision Making",
  "model_version": "ollama:qwen2.5:1.5b+ensemble_v1.0",
  "input_features": {
    "tech_returns_1": -0.053474324792501804,
    "tech_returns_5": 0.04113989827030373,
    "tech_returns_15": -0.16668959409846806,
    "tech_returns_60": 0.06506398137706704,
    "tech_returns_240": 1.8554844906628398,
    "tech_returns_1440": 0.7988338836312977,
    "tech_rsi_14": 47.47164219734808,
    "tech_rsi_7": 47.60419470650919,
    "tech_rsi_21": 48.80018776837509,
    "tech_rsi_slope": -1.3925156377538563,
    "tech_rsi_divergence": 0.0,
    "tech_rsi_zone": 2.0,
    "tech_macd": -18.19747092181933,
    "tech_macd_signal": -26.04222018097223,
    "tech_macd_hist": 7.8447492591528984,
    "tech_stoch_k": 67.97677534613922,
    "tech_stoch_d": 64.01768148808934,
    "tech_ema_cross_9_21": -1.0,
    "tech_ema_cross_50_200": 1.0,
    "tech_ema_9": 92903.21251076784,
    "tech_ema_21": 92916.04452002827,
    "tech_ema_50": 92895.43644500496,
    "tech_price_ema_9_pct": -0.01196138482999188,
    "tech_price_ema_21_pct": -0.025770059575774433,
    "tech_adx": 16.55266346656074,
    "tech_adx_7": 21.197145946861564,
    "tech_adx_10": 17.490559307899154,
    "tech_adx_roc_5": -9.819206152195871,
    "tech_adx_slope_3": -2.20989560324802,
    "tech_adx_deceleration": 0.08558623439505197,
    "tech_plus_di": 21.59639225844728,
    "tech_minus_di": 23.737758665299157,
    "tech_di_crossover": -1.0,
    "tech_atr_14": 62.61193189365745,
    "tech_atr_pct": 0.06740285976273272,
    "tech_atr_14_avg": 80.7335089195734,
    "tech_bb_upper": 93108.78562257407,
    "tech_bb_lower": 92718.20437742595,
    "tech_bb_width": 0.42037084618129783,
    "tech_bb_position": 0.44522266425800716,
    "tech_volatility_20": 0.010462956646178896,
    "tech_volume_ratio": 0.2664175180190953,
    "tech_obv": 6234.899400000002,
    "tech_momentum_10": 76.0,
    "tech_roc_10": 0.08188234584300957,
    "tech_high_low_range": 0.05371823868767546,
    "tech_body_ratio": 0.9959919839659978,
    "tech_swing_high_10": 92963.8,
    "tech_swing_low_10": 92797.4,
    "tech_price_vs_swing_high": -0.07712679559139912,
    "tech_price_vs_swing_low": 0.10205027296024635,
    "tech_swing_break_up": 0.0,
    "tech_swing_break_down": 0.0,
    "tech_volume_spike": 0.0,
    "tech_volume_spike_ratio": 0.2664175180190953,
    "micro_ob_best_bid_price": 92892.1,
    "micro_ob_best_ask_price": 92892.2,
    "micro_ob_best_bid_size": 2.7889,
    "micro_ob_best_ask_size": 2.9373,
    "micro_ob_spread_absolute": 0.09999999999126885,
    "micro_ob_spread_percentage": 0.00010765172298334019,
    "micro_ob_bid_ask_size_ratio": 0.9494774112279984,
    "micro_ob_orderbook_imbalance_5": -0.025913973315350825,
    "micro_ob_orderbook_imbalance_10": -0.025542888632488978,
    "micro_ob_orderbook_imbalance_20": -0.008954905448768797,
    "micro_ob_orderbook_vwap": 92892.14965795001,
    "micro_ob_buy_impact_0.1": 0.0,
    "micro_ob_sell_impact_0.1": 0.0,
    "micro_ob_buy_impact_1.0": 0.0,
    "micro_ob_sell_impact_1.0": 0.0,
    "micro_ob_buy_impact_10.0": 0.0,
    "micro_ob_sell_impact_10.0": 0.0,
    "micro_ob_bid_depth_concentration": 0.3529904608966583,
    "micro_ob_ask_depth_concentration": 0.36517266505693585,
    "micro_ob_bid_levels": 15,
    "micro_ob_ask_levels": 15,
    "micro_ob_total_bid_volume": 34.3743,
    "micro_ob_total_ask_volume": 34.9955,
    "micro_ob_total_orderbook_volume": 69.3698,
    "micro_ob_order_flow_imbalance": -0.008954905448768797,
    "micro_ob_depth_imbalance_1": -0.025915965212531884,
    "micro_ob_depth_imbalance_5": -0.025913973315350825,
    "micro_ob_depth_imbalance_10": -0.025542888632488978,
    "micro_ob_depth_imbalance_20": -0.008954905448768797,
    "micro_fr_funding_rate_current": 8.96e-05,
    "micro_fr_funding_rate_abs": 8.96e-05,
    "micro_fr_funding_rate_mean": 8.395693548387096e-05,
    "micro_fr_funding_rate_std": 1.4456826001169681e-05,
    "micro_fr_funding_rate_min": 6.191e-05,
    "micro_fr_funding_rate_max": 0.0001,
    "micro_fr_funding_rate_skew": -0.21895543349795243,
    "micro_fr_funding_rate_kurtosis": -1.543399946452908,
    "micro_fr_funding_rate_trend": -2.6610000000000237e-06,
    "micro_fr_funding_rate_change": -1.809999999999998e-06,
    "micro_fr_funding_rate_change_abs": 1.809999999999998e-06,
    "micro_fr_funding_rate_positive": 1.0,
    "micro_fr_funding_rate_negative": 0.0,
    "micro_fr_funding_rate_high": 0.0,
    "micro_fr_funding_rate_extreme": 0.0,
    "micro_fr_hours_to_next_funding": 0.0,
    "micro_fr_funding_imminent": 1.0,
    "micro_vp_volume_current": 9.29004,
    "micro_vp_volume_mean": 536.0332351999999,
    "micro_vp_volume_std": 1364.2158207984116,
    "micro_vp_volume_max": 9290.0,
    "micro_vp_volume_sum": 53603.32351999999,
    "micro_vp_volume_ratio": 0.017331089548083305,
    "micro_vp_large_volume_trade": 0.0,
    "micro_vp_recent_vwap": 92900.0407626076,
    "micro_vp_price_vwap_deviation_pct": 0.0003866923947937873,
    "micro_vp_price_clustering": 0.7111590021992299,
    "micro_vp_volume_trend": -16.83463709090909,
    "micro_of_order_flow_imbalance": -0.008954905448768797,
    "micro_of_trade_flow_buy_pressure": 0.4955225472756156,
    "micro_of_trade_flow_sell_pressure": 0.5044774527243844,
    "micro_of_kyles_lambda_buy": 0.0,
    "micro_of_kyles_lambda_sell": 0.0,
    "micro_of_kyles_lambda_avg": 0.0,
    "micro_of_amihud_illiquidity": 0.02928638793656259,
    "micro_of_spread_dynamics_current": 0.00010765172298334019,
    "micro_micro_funding_arbitrage": 0.0,
    "micro_micro_orderbook_pressure": 0.0,
    "micro_micro_liquidity_score": 0.5,
    "micro_micro_volume_spike": 0.0,
    "micro_micro_oi_divergence": 0.0,
    "micro_micro_composite_score": 0.1,
    "fee_maker_rate": 0.0002,
    "fee_taker_rate": 0.0008,
    "fee_round_trip_cost": 0.0016,
    "fee_breakeven_move_pct": 0.16,
    "fee_net_profit_threshold": 0.16,
    "time_hour_sin": 0.49999999999999994,
    "time_hour_cos": 0.8660254037844387,
    "time_day_sin": 0.0,
    "time_day_cos": 1.0,
    "time_day_of_week": 0.0,
    "time_is_asian": 1.0,
    "time_is_london": 0.0,
    "time_is_ny": 0.0,
    "time_is_london_ny_overlap": 0.0,
    "time_is_weekend": 0.0,
    "time_is_us_market_hours": 0.0,
    "cross_btc_return_1m": -0.05347432479250142,
    "cross_btc_return_5m": 0.04113989827030598,
    "cross_btc_return_15m": -0.16668959409846967,
    "cross_btc_correlation": 1.0,
    "cross_btc_lead_indicator": 0.0,
    "cross_eth_btc_ratio_change": 0.03659399783196287,
    "vol_realized_5m": 16.455184486278938,
    "vol_realized_15m": 12.576477579880882,
    "vol_realized_1h": 6.953946564956323,
    "vol_realized_4h": 3.1099771502233473,
    "vol_ratio_5m_1h": 2.3663087331161123,
    "vol_ratio_15m_4h": 4.043913177618583,
    "vol_regime": 3.0,
    "vol_expansion": 1.0,
    "vol_contraction": 0.0,
    "vol_percentile": 98.94736842105263,
    "sent_fear_greed": 26.0,
    "sent_fear_greed_change": 1.0,
    "sent_extreme_fear": 0.0,
    "sent_extreme_greed": 0.0,
    "sent_fear": 1.0,
    "sent_greed": 0.0
  },
  "output_prediction": {
    "signal": "SHORT",
    "confidence": 0.47198936745659537,
    "raw_model_outputs": {
      "xgboost": 0.10858014971017838,
      "lightgbm": 0.13338112004580424,
      "lstm": 0.5082932710647583,
      "random_forest": 0.3550633604544602,
      "weighted_average": 0.2640053162717023
    }
  },
  "regime_info": {
    "regime": "ranging",
    "regime_confidence": 0.6723668266719629,
    "atr_ratio": 0.7755383450015949,
    "adx_value": 16.55266346656074,
    "is_exhausted": false,
    "is_weakening": false,
    "leverage_tier": "normal_volatility"
  },