{
  "timestamp": "2026-01-05T07:37:41.634107Z",
  "order_id": "702959718246646701",
  "stage": "Decision Making",
  "model_version": "ollama:qwen2.5:1.5b+ensemble_v1.0",
  "input_features": {
    "tech_returns_1": -0.00183758752863028,
    "tech_returns_5": 0.0008647704412778623,
    "tech_returns_15": -0.06395153510692086,
    "tech_returns_60": 0.22545361570829314,
    "tech_returns_240": -0.4704771044517275,
    "tech_returns_1440": 0.7988338836312977,
    "tech_rsi_14": 47.35804399785814,
    "tech_rsi_7": 40.91072648496314,
    "tech_rsi_21": 50.62925600422065,
    "tech_rsi_slope": -1.2079283392256848,
    "tech_rsi_divergence": 0.0,
    "tech_rsi_zone": 2.0,
    "tech_macd": -1.3028226997412276,
    "tech_macd_signal": 3.531640652201534,
    "tech_macd_hist": -4.8344633519427616,
    "tech_stoch_k": 2.873563218390564,
    "tech_stoch_d": 6.860584516056943,
    "tech_ema_cross_9_21": -1.0,
    "tech_ema_cross_50_200": -1.0,
    "tech_ema_9": 92515.89540605037,
    "tech_ema_21": 92521.46065139376,
    "tech_ema_50": 92499.29180169136,
    "tech_price_ema_9_pct": -0.005399511109367549,
    "tech_price_ema_21_pct": -0.0114142722341557,
    "tech_adx": 11.93349409742666,
    "tech_adx_7": 35.20861622458429,
    "tech_adx_10": 18.51796148578783,
    "tech_adx_roc_5": -0.300165932986431,
    "tech_adx_slope_3": 0.2977520683340549,
    "tech_adx_deceleration": -0.04580801051293104,
    "tech_plus_di": 26.51949589268407,
    "tech_minus_di": 20.116126264710278,
    "tech_di_crossover": 0.0,
    "tech_atr_14": 11.639824172670837,
    "tech_atr_pct": 0.012582111051422954,
    "tech_atr_14_avg": 25.017098545026883,
    "tech_bb_upper": 92583.56284310822,
    "tech_bb_lower": 92478.34715689176,
    "tech_bb_width": 0.11370863536041065,
    "tech_bb_position": 0.3093915392165505,
    "tech_volatility_20": 0.00291418457383262,
    "tech_volume_ratio": 0.12877433992758242,
    "tech_obv": 5741.297800000008,
    "tech_momentum_10": -9.10000000000582,
    "tech_roc_10": -0.009835711197581087,
    "tech_high_low_range": 0.0018376212965300755,
    "tech_body_ratio": 0.9999999999411765,
    "tech_swing_high_10": 92531.3,
    "tech_swing_low_10": 92509.9,
    "tech_price_vs_swing_high": -0.022046593963349407,
    "tech_price_vs_swing_low": 0.0010809653885692234,
    "tech_swing_break_up": 0.0,
    "tech_swing_break_down": 0.0,
    "tech_volume_spike": 0.0,
    "tech_volume_spike_ratio": 0.12877433992758242,
    "micro_ob_best_bid_price": 92510.8,
    "micro_ob_best_ask_price": 92510.9,
    "micro_ob_best_bid_size": 2.7429,
    "micro_ob_best_ask_size": 2.5915,
    "micro_ob_spread_absolute": 0.09999999999126885,
    "micro_ob_spread_percentage": 0.00010809542879702094,
    "micro_ob_bid_ask_size_ratio": 1.058421763457457,
    "micro_ob_orderbook_imbalance_5": -0.11805846469337358,
    "micro_ob_orderbook_imbalance_10": -0.05203916003093372,
    "micro_ob_orderbook_imbalance_20": -0.05302884195132383,
    "micro_ob_orderbook_vwap": 92510.57498385328,
    "micro_ob_buy_impact_0.1": 0.0,
    "micro_ob_sell_impact_0.1": 0.0,
    "micro_ob_buy_impact_1.0": 0.0,
    "micro_ob_sell_impact_1.0": 0.0,
    "micro_ob_buy_impact_10.0": 0.0,
    "micro_ob_sell_impact_10.0": -1.5729963667341382e-14,
    "micro_ob_bid_depth_concentration": 0.32389062596153567,
    "micro_ob_ask_depth_concentration": 0.36924921601180594,
    "micro_ob_bid_levels": 15,
    "micro_ob_ask_levels": 15,
    "micro_ob_total_bid_volume": 34.125099999999996,
    "micro_ob_total_ask_volume": 37.947,
    "micro_ob_total_orderbook_volume": 72.0721,
    "micro_ob_order_flow_imbalance": -0.05302884195132383,
    "micro_ob_depth_imbalance_1": 0.02838182363527298,
    "micro_ob_depth_imbalance_5": -0.11805846469337358,
    "micro_ob_depth_imbalance_10": -0.05203916003093372,
    "micro_ob_depth_imbalance_20": -0.05302884195132383,
    "micro_fr_funding_rate_current": 4.213e-05,
    "micro_fr_funding_rate_abs": 4.213e-05,
    "micro_fr_funding_rate_mean": 6.983e-05,
    "micro_fr_funding_rate_std": 2.3127423548679176e-05,
    "micro_fr_funding_rate_min": 3.196e-05,
    "micro_fr_funding_rate_max": 0.0001,
    "micro_fr_funding_rate_skew": -0.11146071305102741,
    "micro_fr_funding_rate_kurtosis": -1.3852921079598872,
    "micro_fr_funding_rate_trend": 1.9299999999999528e-07,
    "micro_fr_funding_rate_change": 7.799999999999959e-07,
    "micro_fr_funding_rate_change_abs": 7.799999999999959e-07,
    "micro_fr_funding_rate_positive": 1.0,
    "micro_fr_funding_rate_negative": 0.0,
    "micro_fr_funding_rate_high": 0.0,
    "micro_fr_funding_rate_extreme": 0.0,
    "micro_fr_hours_to_next_funding": 0.0,
    "micro_fr_funding_imminent": 1.0,
    "micro_vp_volume_current": 129.5175,
    "micro_vp_volume_mean": 980.70888,
    "micro_vp_volume_std": 6470.066956960272,
    "micro_vp_volume_max": 64757.63,
    "micro_vp_volume_sum": 98070.888,
    "micro_vp_volume_ratio": 0.1320651853381811,
    "micro_vp_large_volume_trade": 0.0,
    "micro_vp_recent_vwap": 92510.97821038603,
    "micro_vp_price_vwap_deviation_pct": 0.0016449827289739085,
    "micro_vp_price_clustering": 0.05965075317654049,
    "micro_vp_volume_trend": -12.166813636363628,
    "micro_of_order_flow_imbalance": -0.05302884195132383,
    "micro_of_trade_flow_buy_pressure": 0.473485579024338,
    "micro_of_trade_flow_sell_pressure": 0.5265144209756618,
    "micro_of_kyles_lambda_buy": 0.0,
    "micro_of_kyles_lambda_sell": -1.5729963667341383e-15,
    "micro_of_kyles_lambda_avg": -7.864981833670692e-16,
    "micro_of_amihud_illiquidity": 0.004228336810216311,
    "micro_of_spread_dynamics_current": 0.00010809542879702094,
    "micro_micro_funding_arbitrage": 0.0,
    "micro_micro_orderbook_pressure": 0.0,
    "micro_micro_liquidity_score": 0.5,
    "micro_micro_volume_spike": 0.0,
    "micro_micro_oi_divergence": 0.0,
    "micro_micro_composite_score": 0.1,
    "fee_maker_rate": 0.0002,
    "fee_taker_rate": 0.0008,
    "fee_round_trip_cost": 0.0016,
    "fee_breakeven_move_pct": 0.16,
    "fee_net_profit_threshold": 0.16,
    "time_hour_sin": 0.9659258262890683,
    "time_hour_cos": -0.25881904510252063,
    "time_day_sin": 0.0,
    "time_day_cos": 1.0,
    "time_day_of_week": 0.0,
    "time_is_asian": 1.0,
    "time_is_london": 0.0,
    "time_is_ny": 0.0,
    "time_is_london_ny_overlap": 0.0,
    "time_is_weekend": 0.0,
    "time_is_us_market_hours": 0.0,
    "cross_btc_return_1m": -0.0018375875286303072,
    "cross_btc_return_5m": 0.0008647704412689625,
    "cross_btc_return_15m": -0.06395153510692074,
    "cross_btc_correlation": 1.0,
    "cross_btc_lead_indicator": 0.0,
    "cross_eth_btc_ratio_change": 0.01392449649446529,
    "vol_realized_5m": 1.8586402937748818,
    "vol_realized_15m": 2.9760590626837398,
    "vol_realized_1h": 2.4965733370285452,
    "vol_realized_4h": 1.6044957866790357,
    "vol_ratio_5m_1h": 0.7444765455947151,
    "vol_ratio_15m_4h": 1.8548251029337681,
    "vol_regime": 0.0,
    "vol_expansion": 0.0,
    "vol_contraction": 0.0,
    "vol_percentile": 1.0526315789473684,
    "sent_fear_greed": 26.0,
    "sent_fear_greed_change": 1.0,
    "sent_extreme_fear": 0.0,
    "sent_extreme_greed": 0.0,
    "sent_fear": 1.0,
    "sent_greed": 0.0
  },
  "output_prediction": {
    "signal": "SHORT",
    "confidence": 0.5948405713639973,
    "raw_model_outputs": {
      "xgboost": 0.08221248537302017,
      "lightgbm": 0.05234947116742172,
      "lstm": 0.5046811699867249,
      "random_forest": 0.19329153836250287,
      "weighted_average": 0.20257971431800134
    }
  },
  "regime_info": {
    "regime": "low_volatility",
    "regime_confidence": 0.5138901015763924,
    "atr_ratio": 0.465274746059019,
    "adx_value": 11.93349409742666,
    "is_exhausted": false,
    "is_weakening": false,
    "leverage_tier": "low_volatility"
  },