{
  "timestamp": "2026-01-05T08:13:55.328255Z",
  "order_id": "702968781839795117",
  "stage": "Decision Making",
  "model_version": "ollama:qwen2.5:1.5b+exit_manager_v1",
  "input_features": {
    "tech_returns_1": 0.029423861802779783,
    "tech_returns_5": 0.07818534040695546,
    "tech_returns_15": 0.16918597467279195,
    "tech_returns_60": 0.051265660551713665,
    "tech_returns_240": -0.5069640688036059,
    "tech_returns_1440": 0.6196017120742141,
    "tech_rsi_14": 65.2392203599388,
    "tech_rsi_7": 71.2432484739833,
    "tech_rsi_21": 61.64336560941292,
    "tech_rsi_slope": 2.757969417088244,
    "tech_rsi_divergence": 0.0,
    "tech_rsi_zone": 3.0,
    "tech_macd": 0.9069035616043948,
    "tech_macd_signal": 0.544629562701874,
    "tech_macd_hist": 0.36227399890252077,
    "tech_stoch_k": 99.18699186991945,
    "tech_stoch_d": 88.2706639566391,
    "tech_ema_cross_9_21": 1.0,
    "tech_ema_cross_50_200": -1.0,
    "tech_ema_9": 3159.882887869035,
    "tech_ema_21": 3158.8513815644164,
    "tech_ema_50": 3157.8560973547396,
    "tech_price_ema_9_pct": 0.055290407681633985,
    "tech_price_ema_21_pct": 0.08796293652180497,
    "tech_adx": 24.857135222175554,
    "tech_adx_7": 31.962174648924435,
    "tech_adx_10": 28.304668435948628,
    "tech_adx_roc_5": -4.606160284407064,
    "tech_adx_slope_3": 0.07301150193374006,
    "tech_adx_deceleration": 0.6232982169956589,
    "tech_plus_di": 29.27107379976382,
    "tech_minus_di": 16.065570916955863,
    "tech_di_crossover": 0.0,
    "tech_atr_14": 1.8617885764502309,
    "tech_atr_pct": 0.058886984765776855,
    "tech_atr_14_avg": 1.2096813106886521,
    "tech_bb_upper": 3161.7168073296875,
    "tech_bb_lower": 3154.8181926703123,
    "tech_bb_width": 0.2184303469980044,
    "tech_bb_position": 0.9874167011822517,
    "tech_volatility_20": 0.005222252454151659,
    "tech_volume_ratio": 0.6828070488423723,
    "tech_obv": 59773.034000000014,
    "tech_momentum_10": 4.570000000000164,
    "tech_roc_10": 0.1447549302199036,
    "tech_high_low_range": 0.051871977429359936,
    "tech_body_ratio": 0.5670731706973512,
    "tech_swing_high_10": 3161.69,
    "tech_swing_low_10": 3155.92,
    "tech_price_vs_swing_high": -0.0018977192577370149,
    "tech_price_vs_swing_low": 0.18092980810667053,
    "tech_swing_break_up": 0.0,
    "tech_swing_break_down": 0.0,
    "tech_volume_spike": 0.0,
    "tech_volume_spike_ratio": 0.6828070488423723,
    "micro_ob_best_bid_price": 3161.64,
    "micro_ob_best_ask_price": 3161.65,
    "micro_ob_best_bid_size": 40.248,
    "micro_ob_best_ask_size": 42.88,
    "micro_ob_spread_absolute": 0.010000000000218279,
    "micro_ob_spread_percentage": 0.00031629104470041,
    "micro_ob_bid_ask_size_ratio": 0.9386194029850745,
    "micro_ob_orderbook_imbalance_5": -0.006758553257914255,
    "micro_ob_orderbook_imbalance_10": -0.04823361466296994,
    "micro_ob_orderbook_imbalance_20": -0.037428971819089336,
    "micro_ob_orderbook_vwap": 3161.657222478657,
    "micro_ob_buy_impact_0.1": 0.0,
    "micro_ob_sell_impact_0.1": 0.0,
    "micro_ob_buy_impact_1.0": 0.0,
    "micro_ob_sell_impact_1.0": 0.0,
    "micro_ob_buy_impact_10.0": 0.0,
    "micro_ob_sell_impact_10.0": -1.438327421485255e-14,
    "micro_ob_bid_depth_concentration": 0.5773823472221531,
    "micro_ob_ask_depth_concentration": 0.5430107278169193,
    "micro_ob_bid_levels": 15,
    "micro_ob_ask_levels": 15,
    "micro_ob_total_bid_volume": 200.569,
    "micro_ob_total_ask_volume": 216.167,
    "micro_ob_total_orderbook_volume": 416.736,
    "micro_ob_order_flow_imbalance": -0.037428971819089336,
    "micro_ob_depth_imbalance_1": -0.031662015205466326,
    "micro_ob_depth_imbalance_5": -0.006758553257914255,
    "micro_ob_depth_imbalance_10": -0.04823361466296994,
    "micro_ob_depth_imbalance_20": -0.037428971819089336,
    "micro_fr_funding_rate_current": 1.298e-05,
    "micro_fr_funding_rate_abs": 1.298e-05,
    "micro_fr_funding_rate_mean": 6.58303e-05,
    "micro_fr_funding_rate_std": 3.26259982975234e-05,
    "micro_fr_funding_rate_min": 7.08e-06,
    "micro_fr_funding_rate_max": 0.0001,
    "micro_fr_funding_rate_skew": -0.8222743445081819,
    "micro_fr_funding_rate_kurtosis": -0.9564417871967912,
    "micro_fr_funding_rate_trend": 1.0309999999999985e-06,
    "micro_fr_funding_rate_change": 2.0899999999999986e-06,
    "micro_fr_funding_rate_change_abs": 2.0899999999999986e-06,
    "micro_fr_funding_rate_positive": 1.0,
    "micro_fr_funding_rate_negative": 0.0,
    "micro_fr_funding_rate_high": 0.0,
    "micro_fr_funding_rate_extreme": 0.0,
    "micro_fr_hours_to_next_funding": 0.0,
    "micro_fr_funding_imminent": 1.0,
    "micro_vp_volume_current": 72.70714,
    "micro_vp_volume_mean": 862.8210313999999,
    "micro_vp_volume_std": 3174.2741417352117,
    "micro_vp_volume_max": 21859.57896,
    "micro_vp_volume_sum": 86282.10313999999,
    "micro_vp_volume_ratio": 0.0842667683726097,
    "micro_vp_large_volume_trade": 0.0,
    "micro_vp_recent_vwap": 3161.5588749186754,
    "micro_vp_price_vwap_deviation_pct": -0.011983800829435384,
    "micro_vp_price_clustering": 1.506070670953556,
    "micro_vp_volume_trend": 474.12835793939405,
    "micro_of_order_flow_imbalance": -0.037428971819089336,
    "micro_of_trade_flow_buy_pressure": 0.48128551409045534,
    "micro_of_trade_flow_sell_pressure": 0.5187144859095447,
    "micro_of_kyles_lambda_buy": 0.0,
    "micro_of_kyles_lambda_sell": -1.4383274214852548e-15,
    "micro_of_kyles_lambda_avg": -7.191637107426274e-16,
    "micro_of_amihud_illiquidity": 0.1647689179275622,
    "micro_of_spread_dynamics_current": 0.00031629104470041,
    "micro_micro_funding_arbitrage": 0.0,
    "micro_micro_orderbook_pressure": 0.0,
    "micro_micro_liquidity_score": 0.75,
    "micro_micro_volume_spike": 0.0,
    "micro_micro_oi_divergence": 0.0,
    "micro_micro_composite_score": 0.15000000000000002,
    "fee_maker_rate": 0.0002,
    "fee_taker_rate": 0.0008,
    "fee_round_trip_cost": 0.0016,
    "fee_breakeven_move_pct": 0.16,
    "fee_net_profit_threshold": 0.16,
    "time_hour_sin": 0.8660254037844387,
    "time_hour_cos": -0.4999999999999998,
    "time_day_sin": 0.0,
    "time_day_cos": 1.0,
    "time_day_of_week": 0.0,
    "time_is_asian": 1.0,
    "time_is_london": 1.0,
    "time_is_ny": 0.0,
    "time_is_london_ny_overlap": 0.0,
    "time_is_weekend": 0.0,
    "time_is_us_market_hours": 0.0,
    "cross_btc_return_1m": -0.0061568439801696585,
    "cross_btc_return_5m": 0.011343539638108675,
    "cross_btc_return_15m": 0.08043260634076417,
    "cross_btc_correlation": 0.7506172355051218,
    "cross_btc_lead_indicator": 0.011343539638108675,
    "cross_eth_btc_ratio_change": 0.08868203905667454,
    "vol_realized_5m": 13.307648988805287,
    "vol_realized_15m": 6.624921955578704,
    "vol_realized_1h": 2.903860944878877,
    "vol_realized_4h": 2.1265709438752407,
    "vol_ratio_5m_1h": 4.582743196527396,
    "vol_ratio_15m_4h": 3.1153072859662694,
    "vol_regime": 2.0,
    "vol_expansion": 1.0,
    "vol_contraction": 0.0,
    "vol_percentile": 72.63157894736842,
    "sent_fear_greed": 26.0,
    "sent_fear_greed_change": 1.0,
    "sent_extreme_fear": 0.0,
    "sent_extreme_greed": 0.0,
    "sent_fear": 1.0,
    "sent_greed": 0.0,
    "exit_trigger": true,
    "exit_reason": "Trailing stop hit: 3161.88 >= 3157.71",
    "position_side": "SHORT",
    "entry_price": 3157.571,
    "exit_price": 3161.88,
    "position_size": 0.01,
    "hold_duration_hours": 1.017846725
  },
  "output_prediction": {
    "signal": "EXIT_SHORT",
    "confidence": 1.0,
    "raw_model_outputs": {
      "action": "exit"
    }
  },
  "regime_info": {
    "regime": "unknown",
    "regime_confidence": 0.0,
    "atr_ratio": 1.0,
    "adx_value": 0.0,
    "is_exhausted": false,
    "is_weakening": false,
    "leverage_tier": "unknown"
  },