{
  "timestamp": "2026-01-05T03:07:33.083114Z",
  "order_id": "702891723218486189",
  "stage": "Decision Making",
  "model_version": "ollama:qwen2.5:1.5b+ensemble_v1.0",
  "input_features": {
    "tech_returns_1": -0.014417531718569077,
    "tech_returns_5": -0.09419326241134618,
    "tech_returns_15": 0.03994718094961769,
    "tech_returns_60": -0.09308613792262665,
    "tech_returns_240": 0.5980874591325458,
    "tech_returns_1440": 1.9909440487838177,
    "tech_rsi_14": 49.939389637158655,
    "tech_rsi_7": 43.63219691201795,
    "tech_rsi_21": 49.773921763924925,
    "tech_rsi_slope": -3.185775064048272,
    "tech_rsi_divergence": 0.0,
    "tech_rsi_zone": 2.0,
    "tech_macd": 0.19395966008949017,
    "tech_macd_signal": 0.18357947161544705,
    "tech_macd_hist": 0.010380188474043123,
    "tech_stoch_k": 44.4444444444438,
    "tech_stoch_d": 54.37710437710416,
    "tech_ema_cross_9_21": 1.0,
    "tech_ema_cross_50_200": 1.0,
    "tech_ema_9": 901.7997039080224,
    "tech_ema_21": 901.6040554228139,
    "tech_ema_50": 901.6338034728798,
    "tech_price_ema_9_pct": -0.027689508761235902,
    "tech_price_ema_21_pct": -0.005995472456983069,
    "tech_adx": 25.014105837004717,
    "tech_adx_7": 36.646264669000324,
    "tech_adx_10": 29.21485484505252,
    "tech_adx_roc_5": -1.1319792574205643,
    "tech_adx_slope_3": -3.5054373960657,
    "tech_adx_deceleration": -2.0533030451403675,
    "tech_plus_di": 25.795316942234425,
    "tech_minus_di": 24.201357585628816,
    "tech_di_crossover": 0.0,
    "tech_atr_14": 0.3877747127582425,
    "tech_atr_pct": 0.04301200296802646,
    "tech_atr_14_avg": 0.48109820701341977,
    "tech_bb_upper": 902.460190204908,
    "tech_bb_lower": 900.709809795092,
    "tech_bb_width": 0.19414480163445366,
    "tech_bb_position": 0.4800043465958573,
    "tech_volatility_20": 0.005850468461437873,
    "tech_volume_ratio": 0.3906006153297365,
    "tech_obv": -865.1999999999903,
    "tech_momentum_10": -0.14000000000010004,
    "tech_roc_10": -0.015526400425880382,
    "tech_high_low_range": 0.031057622982650593,
    "tech_body_ratio": 0.46428571411973846,
    "tech_swing_high_10": 902.65,
    "tech_swing_low_10": 901.46,
    "tech_price_vs_swing_high": -0.12186340220462226,
    "tech_price_vs_swing_low": 0.009983804051196742,
    "tech_swing_break_up": 0.0,
    "tech_swing_break_down": 0.0,
    "tech_volume_spike": 0.0,
    "tech_volume_spike_ratio": 0.3906006153297365,
    "micro_ob_best_bid_price": 901.62,
    "micro_ob_best_ask_price": 901.63,
    "micro_ob_best_bid_size": 149.4,
    "micro_ob_best_ask_size": 180.6,
    "micro_ob_spread_absolute": 0.009999999999990905,
    "micro_ob_spread_percentage": 0.001109108553998714,
    "micro_ob_bid_ask_size_ratio": 0.8272425249169436,
    "micro_ob_orderbook_imbalance_5": -0.1757986037656018,
    "micro_ob_orderbook_imbalance_10": -0.3594168587626939,
    "micro_ob_orderbook_imbalance_20": -0.5030005235812961,
    "micro_ob_orderbook_vwap": 901.6508965173509,
    "micro_ob_buy_impact_0.1": 0.0,
    "micro_ob_sell_impact_0.1": 0.0,
    "micro_ob_buy_impact_1.0": 0.0,
    "micro_ob_sell_impact_1.0": 0.0,
    "micro_ob_buy_impact_10.0": 1.2609034495482187e-14,
    "micro_ob_sell_impact_10.0": 0.0,
    "micro_ob_bid_depth_concentration": 0.6314424635332253,
    "micro_ob_ask_depth_concentration": 0.2978723404255319,
    "micro_ob_bid_levels": 15,
    "micro_ob_ask_levels": 15,
    "micro_ob_total_bid_volume": 617.0,
    "micro_ob_total_ask_volume": 1865.9,
    "micro_ob_total_orderbook_volume": 2482.9,
    "micro_ob_order_flow_imbalance": -0.5030005235812961,
    "micro_ob_depth_imbalance_1": -0.09454545454545452,
    "micro_ob_depth_imbalance_5": -0.1757986037656018,
    "micro_ob_depth_imbalance_10": -0.3594168587626939,
    "micro_ob_depth_imbalance_20": -0.5030005235812961,
    "micro_fr_funding_rate_current": 8.963e-05,
    "micro_fr_funding_rate_abs": 8.963e-05,
    "micro_fr_funding_rate_mean": 0.00012204169014084509,
    "micro_fr_funding_rate_std": 3.4580173346770834e-05,
    "micro_fr_funding_rate_min": 8.772e-05,
    "micro_fr_funding_rate_max": 0.00018326,
    "micro_fr_funding_rate_skew": 0.576099519618009,
    "micro_fr_funding_rate_kurtosis": -1.3052444774781473,
    "micro_fr_funding_rate_trend": -3.7000000000000604e-07,
    "micro_fr_funding_rate_change": -2.2000000000000806e-07,
    "micro_fr_funding_rate_change_abs": 2.2000000000000806e-07,
    "micro_fr_funding_rate_positive": 1.0,
    "micro_fr_funding_rate_negative": 0.0,
    "micro_fr_funding_rate_high": 0.0,
    "micro_fr_funding_rate_extreme": 0.0,
    "micro_fr_hours_to_next_funding": 0.0,
    "micro_fr_funding_imminent": 1.0,
    "micro_vp_volume_current": 811.818,
    "micro_vp_volume_mean": 1296.84729,
    "micro_vp_volume_std": 3771.7124374260934,
    "micro_vp_volume_max": 29763.69,
    "micro_vp_volume_sum": 129684.72899999999,
    "micro_vp_volume_ratio": 0.6259935200234718,
    "micro_vp_large_volume_trade": 0.0,
    "micro_vp_recent_vwap": 901.8409800446897,
    "micro_vp_price_vwap_deviation_pct": 0.01985050128254742,
    "micro_vp_price_clustering": 0.01657256230874099,
    "micro_vp_volume_trend": 74.34798181818182,
    "micro_of_order_flow_imbalance": -0.5030005235812961,
    "micro_of_trade_flow_buy_pressure": 0.24849973820935195,
    "micro_of_trade_flow_sell_pressure": 0.751500261790648,
    "micro_of_kyles_lambda_buy": 1.2609034495482188e-15,
    "micro_of_kyles_lambda_sell": 0.0,
    "micro_of_kyles_lambda_avg": 6.304517247741094e-16,
    "micro_of_amihud_illiquidity": 0.02599333848216884,
    "micro_of_spread_dynamics_current": 0.001109108553998714,
    "micro_micro_funding_arbitrage": 0.0,
    "micro_micro_orderbook_pressure": -1.0,
    "micro_micro_liquidity_score": 1.0,
    "micro_micro_volume_spike": 0.0,
    "micro_micro_oi_divergence": 0.0,
    "micro_micro_composite_score": 0.5,
    "fee_maker_rate": 0.0002,
    "fee_taker_rate": 0.0008,
    "fee_round_trip_cost": 0.0016,
    "fee_breakeven_move_pct": 0.16,
    "fee_net_profit_threshold": 0.16,
    "time_hour_sin": 0.7071067811865475,
    "time_hour_cos": 0.7071067811865476,
    "time_day_sin": 0.0,
    "time_day_cos": 1.0,
    "time_day_of_week": 0.0,
    "time_is_asian": 1.0,
    "time_is_london": 0.0,
    "time_is_ny": 0.0,
    "time_is_london_ny_overlap": 0.0,
    "time_is_weekend": 0.0,
    "time_is_us_market_hours": 0.0,
    "cross_btc_return_1m": -0.032765047751028606,
    "cross_btc_return_5m": -0.03845645665646129,
    "cross_btc_return_15m": 0.12341056446076694,
    "cross_btc_correlation": 0.7477506124967107,
    "cross_btc_lead_indicator": -0.03845645665646129,
    "cross_eth_btc_ratio_change": -0.11449477950627497,
    "vol_realized_5m": 4.135067936078457,
    "vol_realized_15m": 7.048179473700659,
    "vol_realized_1h": 4.097231232826722,
    "vol_realized_4h": 2.8148668022060153,
    "vol_ratio_5m_1h": 1.0092347004847053,
    "vol_ratio_15m_4h": 2.503912251967656,
    "vol_regime": 0.0,
    "vol_expansion": 0.0,
    "vol_contraction": 0.0,
    "vol_percentile": 12.631578947368421,
    "sent_fear_greed": 26.0,
    "sent_fear_greed_change": 1.0,
    "sent_extreme_fear": 0.0,
    "sent_extreme_greed": 0.0,
    "sent_fear": 1.0,
    "sent_greed": 0.0
  },
  "output_prediction": {
    "signal": "SHORT",
    "confidence": 0.582681736874958,
    "raw_model_outputs": {
      "xgboost": 0.1807279735803604,
      "lightgbm": 0.23187334105580032,
      "lstm": 0.18370676040649414,
      "random_forest": 0.2527285668889063,
      "weighted_average": 0.20865913156252106
    }
  },
  "regime_info": {
    "regime": "trending",
    "regime_confidence": 0.6001692700440566,
    "atr_ratio": 0.806019866848986,
    "adx_value": 25.014105837004717,
    "is_exhausted": false,
    "is_weakening": false,
    "leverage_tier": "normal_volatility"
  },