{
  "timestamp": "2026-01-16T00:17:43.172384Z",
  "order_id": "706835268459561901",
  "stage": "Decision Making",
  "model_version": "ollama:qwen2.5:1.5b+ensemble_v1.0",
  "input_features": {
    "tech_returns_1": -0.11054304269725312,
    "tech_returns_5": 0.05536332179931769,
    "tech_returns_15": 0.0,
    "tech_returns_60": 0.13852334118300558,
    "tech_returns_240": 0.22182171079996316,
    "tech_returns_1440": -4.2037084074168,
    "tech_rsi_14": 53.458935238044084,
    "tech_rsi_7": 48.2652693401975,
    "tech_rsi_21": 54.20090637294132,
    "tech_rsi_slope": -9.678400947447326,
    "tech_rsi_divergence": 0.0,
    "tech_rsi_zone": 3.0,
    "tech_macd": 0.04617248970994581,
    "tech_macd_signal": 0.04325343532711361,
    "tech_macd_hist": 0.0029190543828322008,
    "tech_stoch_k": 27.272727272728446,
    "tech_stoch_d": 62.121212121211926,
    "tech_ema_cross_9_21": 1.0,
    "tech_ema_cross_50_200": 1.0,
    "tech_ema_9": 72.3149288308873,
    "tech_ema_21": 72.27197645618936,
    "tech_ema_50": 72.21831388080727,
    "tech_price_ema_9_pct": -0.03447259271399979,
    "tech_price_ema_21_pct": 0.024938495796594008,
    "tech_adx": 29.574520192709986,
    "tech_adx_7": 37.59269617809925,
    "tech_adx_10": 32.58770221559378,
    "tech_adx_roc_5": 6.558753352395687,
    "tech_adx_slope_3": 0.9419490960822596,
    "tech_adx_deceleration": -3.76222502017362,
    "tech_plus_di": 33.29030893779206,
    "tech_minus_di": 25.408881604475454,
    "tech_di_crossover": 0.0,
    "tech_atr_14": 0.06975330126136368,
    "tech_atr_pct": 0.09649094101724122,
    "tech_atr_14_avg": 0.053043714015682204,
    "tech_bb_upper": 72.4071815735379,
    "tech_bb_lower": 72.14981842646209,
    "tech_bb_width": 0.3560715109967796,
    "tech_bb_position": 0.5446839422453321,
    "tech_volatility_20": 0.010710737431327628,
    "tech_volume_ratio": 0.7827511969409724,
    "tech_obv": -368.59999999999064,
    "tech_momentum_10": 0.020000000000010232,
    "tech_roc_10": 0.027674000276745048,
    "tech_high_low_range": 0.13833171946326506,
    "tech_body_ratio": 0.7999999992000285,
    "tech_swing_high_10": 72.45,
    "tech_swing_low_10": 72.23,
    "tech_price_vs_swing_high": -0.22084195997239003,
    "tech_price_vs_swing_low": 0.08306797729475603,
    "tech_swing_break_up": 0.0,
    "tech_swing_break_down": 0.0,
    "tech_volume_spike": 0.0,
    "tech_volume_spike_ratio": 0.7827511969409724,
    "micro_ob_best_bid_price": 72.32,
    "micro_ob_best_ask_price": 72.33,
    "micro_ob_best_bid_size": 3879.5,
    "micro_ob_best_ask_size": 3984.9,
    "micro_ob_spread_absolute": 0.010000000000005116,
    "micro_ob_spread_percentage": 0.013826477704811777,
    "micro_ob_bid_ask_size_ratio": 0.9735501518231323,
    "micro_ob_orderbook_imbalance_5": -0.4494373631729337,
    "micro_ob_orderbook_imbalance_10": -0.3104123255667108,
    "micro_ob_orderbook_imbalance_20": -0.26935128892375415,
    "micro_ob_orderbook_vwap": 72.32451729599461,
    "micro_ob_buy_impact_0.1": 0.0,
    "micro_ob_sell_impact_0.1": 0.0,
    "micro_ob_buy_impact_1.0": 0.0,
    "micro_ob_sell_impact_1.0": 0.0,
    "micro_ob_buy_impact_10.0": 0.0,
    "micro_ob_sell_impact_10.0": 0.0,
    "micro_ob_bid_depth_concentration": 0.4177666700467042,
    "micro_ob_ask_depth_concentration": 0.6330722827449108,
    "micro_ob_bid_levels": 15,
    "micro_ob_ask_levels": 15,
    "micro_ob_total_bid_volume": 16765.1,
    "micro_ob_total_ask_volume": 29125.9,
    "micro_ob_total_orderbook_volume": 45891.0,
    "micro_ob_order_flow_imbalance": -0.26935128892375415,
    "micro_ob_depth_imbalance_1": -0.013402166726005811,
    "micro_ob_depth_imbalance_5": -0.4494373631729337,
    "micro_ob_depth_imbalance_10": -0.3104123255667108,
    "micro_ob_depth_imbalance_20": -0.26935128892375415,
    "micro_fr_funding_rate_current": -1.062e-05,
    "micro_fr_funding_rate_abs": 1.062e-05,
    "micro_fr_funding_rate_mean": -2.6163499999999998e-05,
    "micro_fr_funding_rate_std": 3.297523714471209e-05,
    "micro_fr_funding_rate_min": -5.424e-05,
    "micro_fr_funding_rate_max": 7.965e-05,
    "micro_fr_funding_rate_skew": 1.6831858854983777,
    "micro_fr_funding_rate_kurtosis": 1.8628412120208226,
    "micro_fr_funding_rate_trend": 2.230000000000002e-06,
    "micro_fr_funding_rate_change": 2.0500000000000007e-06,
    "micro_fr_funding_rate_change_abs": 2.0500000000000007e-06,
    "micro_fr_funding_rate_positive": 0.0,
    "micro_fr_funding_rate_negative": 1.0,
    "micro_fr_funding_rate_high": 0.0,
    "micro_fr_funding_rate_extreme": 0.0,
    "micro_fr_hours_to_next_funding": 0.0,
    "micro_fr_funding_imminent": 1.0,
    "micro_vp_volume_current": 210.076,
    "micro_vp_volume_mean": 438.73925999999994,
    "micro_vp_volume_std": 765.8568010224838,
    "micro_vp_volume_max": 7834.422,
    "micro_vp_volume_sum": 43873.92599999999,
    "micro_vp_volume_ratio": 0.47881741880131723,
    "micro_vp_large_volume_trade": 0.0,
    "micro_vp_recent_vwap": 72.37534273499938,
    "micro_vp_price_vwap_deviation_pct": 0.08933603981311736,
    "micro_vp_price_clustering": 0.7211394253672303,
    "micro_vp_volume_trend": 8.141733333333358,
    "micro_of_order_flow_imbalance": -0.26935128892375415,
    "micro_of_trade_flow_buy_pressure": 0.3653243555381229,
    "micro_of_trade_flow_sell_pressure": 0.6346756444618771,
    "micro_of_kyles_lambda_buy": 0.0,
    "micro_of_kyles_lambda_sell": 0.0,
    "micro_of_kyles_lambda_avg": 0.0,
    "micro_of_amihud_illiquidity": 0.13893518360854928,
    "micro_of_spread_dynamics_current": 0.013826477704811777,
    "micro_micro_funding_arbitrage": 0.0,
    "micro_micro_orderbook_pressure": -1.0,
    "micro_micro_liquidity_score": 1.0,
    "micro_micro_volume_spike": 0.0,
    "micro_micro_oi_divergence": 0.0,
    "micro_micro_composite_score": 0.5,
    "fee_maker_rate": 0.0002,
    "fee_taker_rate": 0.0008,
    "fee_round_trip_cost": 0.0016,
    "fee_breakeven_move_pct": 0.16,
    "fee_net_profit_threshold": 0.16,
    "time_hour_sin": 0.0,
    "time_hour_cos": 1.0,
    "time_day_sin": -0.433883739117558,
    "time_day_cos": -0.9009688679024191,
    "time_day_of_week": 4.0,
    "time_is_asian": 1.0,
    "time_is_london": 0.0,
    "time_is_ny": 0.0,
    "time_is_london_ny_overlap": 0.0,
    "time_is_weekend": 0.0,
    "time_is_us_market_hours": 0.0,
    "cross_btc_return_1m": -0.0012539040826193655,
    "cross_btc_return_5m": 0.08157127185299602,
    "cross_btc_return_15m": 0.08512996961884382,
    "cross_btc_correlation": 0.09786570086192017,
    "cross_btc_lead_indicator": 0.08157127185299602,
    "cross_eth_btc_ratio_change": -0.11425247836352351,
    "vol_realized_5m": 33.70165493413562,
    "vol_realized_15m": 12.063340039933026,
    "vol_realized_1h": 6.332659555240092,
    "vol_realized_4h": 3.8361314394883244,
    "vol_ratio_5m_1h": 5.321880110584577,
    "vol_ratio_15m_4h": 3.1446628537686583,
    "vol_regime": 3.0,
    "vol_expansion": 1.0,
    "vol_contraction": 0.0,
    "vol_percentile": 94.73684210526315,
    "sent_fear_greed": 49.0,
    "sent_fear_greed_change": -12.0,
    "sent_extreme_fear": 0.0,
    "sent_extreme_greed": 0.0,
    "sent_fear": 0.0,
    "sent_greed": 0.0,
    "mask_microstructure_available": 1.0,
    "mask_cross_asset_available": 1.0,
    "mask_sentiment_available": 1.0
  },
  "output_prediction": {
    "signal": "LONG",
    "confidence": 0.6,
    "raw_model_outputs": {
      "xgboost": 0.08089214563369751,
      "lightgbm": 0.14921250511239859,
      "lstm": 0.6568149328231812,
      "random_forest": 0.5647611378364006,
      "weighted_average": 0.3387267326039295,
      "model_agreement": 0.0,
      "technical_fallback": true,
      "fallback_reason": "Models predict SHORT (0.34) but technicals strongly bullish (+DI=33.3, -DI=25.4, EMA=bullish)",
      "technical_signal": "LONG",
      "technical_reason": "Technical LONG: DI+EMA+MTF aligned (score: 5)"
    }
  },
  "regime_info": {
    "regime": "trending",
    "regime_confidence": 0.6548942423125198,
    "atr_ratio": 1.3150154086258241,