{
  "timestamp": "2026-01-04T12:30:11.170352Z",
  "order_id": "702670943616500653",
  "stage": "Decision Making",
  "model_version": "ailogger:template_timeout+ensemble_v1.0",
  "input_features": {
    "tech_returns_1": -0.049554013875130476,
    "tech_returns_5": -0.049554013875130476,
    "tech_returns_15": 3.9155074703761006,
    "tech_returns_60": 4.0495228269280314,
    "tech_returns_240": 3.5420944558521406,
    "tech_returns_1440": 4.341085271317825,
    "tech_rsi_14": 92.02559792789364,
    "tech_rsi_7": 91.73062117932812,
    "tech_rsi_21": 90.40512581912779,
    "tech_rsi_slope": -1.1641262976640334,
    "tech_rsi_divergence": 0.0,
    "tech_rsi_zone": 5.0,
    "tech_macd": 0.004476859769815045,
    "tech_macd_signal": 0.003118453842475717,
    "tech_macd_hist": 0.0013584059273393278,
    "tech_stoch_k": 95.65217391304327,
    "tech_stoch_d": 96.68737060041396,
    "tech_ema_cross_9_21": 1.0,
    "tech_ema_cross_50_200": 1.0,
    "tech_ema_9": 0.40039138370041927,
    "tech_ema_21": 0.39551986546906115,
    "tech_ema_50": 0.39142857424438926,
    "tech_price_ema_9_pct": 0.7514188421776377,
    "tech_price_ema_21_pct": 1.9923486072168584,
    "tech_adx": 73.23311167223241,
    "tech_adx_7": 74.40088702582062,
    "tech_adx_10": 74.87105314146547,
    "tech_adx_roc_5": 11.739677116884835,
    "tech_adx_slope_3": 1.2429796562242146,
    "tech_adx_deceleration": -0.5582370739876268,
    "tech_plus_di": 73.63088672652059,
    "tech_minus_di": 8.859363055345524,
    "tech_di_crossover": 0.0,
    "tech_atr_14": 0.0012419024379721206,
    "tech_atr_pct": 0.30785880961133383,
    "tech_atr_14_avg": 0.0007237143685236824,
    "tech_bb_upper": 0.4087198723495434,
    "tech_bb_lower": 0.3785801276504565,
    "tech_bb_width": 7.656482839854408,
    "tech_bb_position": 0.8234931183838272,
    "tech_volatility_20": 0.13987206817781356,
    "tech_volume_ratio": 0.3692427600652751,
    "tech_obv": 1822020.0,
    "tech_momentum_10": 0.015199999999999991,
    "tech_roc_10": 3.9155074703761006,
    "tech_high_low_range": 0.07436787307883552,
    "tech_body_ratio": 0.6666664444445802,
    "tech_swing_high_10": 0.4041,
    "tech_swing_low_10": 0.388,
    "tech_price_vs_swing_high": -0.1732244493937228,
    "tech_price_vs_swing_low": 3.9690721649484457,
    "tech_swing_break_up": 0.0,
    "tech_swing_break_down": 0.0,
    "tech_volume_spike": 0.0,
    "tech_volume_spike_ratio": 0.3692427600652751,
    "micro_ob_best_bid_price": 0.4033,
    "micro_ob_best_ask_price": 0.4034,
    "micro_ob_best_bid_size": 987300.0,
    "micro_ob_best_ask_size": 848710.0,
    "micro_ob_spread_absolute": 9.999999999998899e-05,
    "micro_ob_spread_percentage": 0.024792363951900084,
    "micro_ob_bid_ask_size_ratio": 1.1632948828221654,
    "micro_ob_orderbook_imbalance_5": 0.0002759588500431052,
    "micro_ob_orderbook_imbalance_10": 0.1156231995859658,
    "micro_ob_orderbook_imbalance_20": 0.14269550730693467,
    "micro_ob_orderbook_vwap": 0.40325886145478335,
    "micro_ob_buy_impact_0.1": 0.0,
    "micro_ob_sell_impact_0.1": 0.0,
    "micro_ob_buy_impact_1.0": 0.0,
    "micro_ob_sell_impact_1.0": 0.0,
    "micro_ob_buy_impact_10.0": 0.0,
    "micro_ob_sell_impact_10.0": 0.0,
    "micro_ob_bid_depth_concentration": 0.3700942272455647,
    "micro_ob_ask_depth_concentration": 0.4930239722161561,
    "micro_ob_bid_levels": 15,
    "micro_ob_ask_levels": 15,
    "micro_ob_total_bid_volume": 12634350.0,
    "micro_ob_total_ask_volume": 9478890.0,
    "micro_ob_total_orderbook_volume": 22113240.0,
    "micro_ob_order_flow_imbalance": 0.14269550730693467,
    "micro_ob_depth_imbalance_1": 0.07548433832059738,
    "micro_ob_depth_imbalance_5": 0.0002759588500431052,
    "micro_ob_depth_imbalance_10": 0.1156231995859658,
    "micro_ob_depth_imbalance_20": 0.14269550730693467,
    "micro_fr_funding_rate_current": 4.024e-05,
    "micro_fr_funding_rate_abs": 4.024e-05,
    "micro_fr_funding_rate_positive": 1.0,
    "micro_fr_funding_rate_negative": 0.0,
    "micro_fr_funding_rate_high": 0.0,
    "micro_fr_funding_rate_extreme": 0.0,
    "micro_fr_hours_to_next_funding": 0.0,
    "micro_fr_funding_imminent": 1.0,
    "micro_vp_volume_current": 68.646,
    "micro_vp_volume_mean": 183.19863,
    "micro_vp_volume_std": 687.2149813052341,
    "micro_vp_volume_max": 5121.91,
    "micro_vp_volume_sum": 18319.863,
    "micro_vp_volume_ratio": 0.37470804230359145,
    "micro_vp_large_volume_trade": 0.0,
    "micro_vp_recent_vwap": 0.40352127685125155,
    "micro_vp_price_vwap_deviation_pct": 0.0690727267031283,
    "micro_vp_price_clustering": 0.4066628542202167,
    "micro_vp_volume_trend": 12.284084848484852,
    "micro_of_order_flow_imbalance": 0.14269550730693467,
    "micro_of_trade_flow_buy_pressure": 0.5713477536534673,
    "micro_of_trade_flow_sell_pressure": 0.42865224634653265,
    "micro_of_kyles_lambda_buy": 0.0,
    "micro_of_kyles_lambda_sell": 0.0,
    "micro_of_kyles_lambda_avg": 0.0,
    "micro_of_amihud_illiquidity": 0.8691818134084262,
    "micro_of_spread_dynamics_current": 0.024792363951900084,
    "micro_micro_funding_arbitrage": 0.0,
    "micro_micro_orderbook_pressure": 0.0,
    "micro_micro_liquidity_score": 1.0,
    "micro_micro_volume_spike": 0.0,
    "micro_micro_oi_divergence": 0.0,
    "micro_micro_composite_score": 0.2,
    "fee_maker_rate": 0.0002,
    "fee_taker_rate": 0.0008,
    "fee_round_trip_cost": 0.0016,
    "fee_breakeven_move_pct": 0.16,
    "fee_net_profit_threshold": 0.16,
    "time_hour_sin": 1.2246467991473532e-16,
    "time_hour_cos": -1.0,
    "time_day_sin": -0.7818314824680299,
    "time_day_cos": 0.6234898018587334,
    "time_day_of_week": 6.0,
    "time_is_asian": 0.0,
    "time_is_london": 1.0,
    "time_is_ny": 0.0,
    "time_is_london_ny_overlap": 0.0,
    "time_is_weekend": 1.0,
    "time_is_us_market_hours": 0.0,
    "cross_btc_return_1m": -0.013363360731870838,
    "cross_btc_return_5m": 0.007778682247394162,
    "cross_btc_return_15m": 1.3378539051545746,
    "cross_btc_correlation": 0.9976499292320821,
    "cross_btc_lead_indicator": 0.007778682247394162,
    "cross_eth_btc_ratio_change": -0.3178896227408964,
    "vol_realized_5m": 14.89646471219401,
    "vol_realized_15m": 184.24711591125256,
    "vol_realized_1h": 47.450050764239684,
    "vol_realized_4h": 12.249598240143111,
    "vol_ratio_5m_1h": 0.3139399109646601,
    "vol_ratio_15m_4h": 15.041074188658452,
    "vol_regime": 0.0,
    "vol_expansion": 0.0,
    "vol_contraction": 1.0,
    "vol_percentile": 20.0,
    "sent_fear_greed": 25.0,
    "sent_fear_greed_change": -4.0,
    "sent_extreme_fear": 0.0,
    "sent_extreme_greed": 0.0,
    "sent_fear": 1.0,
    "sent_greed": 0.0
  },
  "output_prediction": {
    "signal": "SHORT",
    "confidence": 0.5633177007665853,
    "raw_model_outputs": {
      "xgboost": 0.06351520866155624,
      "lightgbm": 0.0588612721326965,
      "lstm": 0.28825053572654724,
      "random_forest": 0.5625431696792124,
      "weighted_average": 0.21834114961670736
    }
  },
  "regime_info": {
    "regime": "high_volatility",
    "regime_confidence": 0.5432023715393406,
    "atr_ratio": 1.7160118576967032,
    "adx_value": 73.23311167223241,
    "is_exhausted": false,
    "is_weakening": false,
    "leverage_tier": "high_volatility"
  },