{
  "timestamp": "2026-01-04T15:06:03.807730Z",
  "order_id": "702710161986290605",
  "stage": "Decision Making",
  "model_version": "ollama:qwen2.5:1.5b+exit_manager_v1",
  "input_features": {
    "tech_returns_1": 0.0,
    "tech_returns_5": 0.09132420091324533,
    "tech_returns_15": 0.08568207440811104,
    "tech_returns_60": -0.08103727714748876,
    "tech_returns_240": 0.8932833276508623,
    "tech_returns_1440": 1.4657291488023838,
    "tech_rsi_14": 60.50613996076516,
    "tech_rsi_7": 67.17451013754615,
    "tech_rsi_21": 56.414981702869255,
    "tech_rsi_slope": 0.05999417727990419,
    "tech_rsi_divergence": 0.0,
    "tech_rsi_zone": 3.0,
    "tech_macd": 0.23196005974114087,
    "tech_macd_signal": 0.1326261382741578,
    "tech_macd_hist": 0.09933392146698306,
    "tech_stoch_k": 90.16393442622936,
    "tech_stoch_d": 94.46142446975902,
    "tech_ema_cross_9_21": 1.0,
    "tech_ema_cross_50_200": 1.0,
    "tech_ema_9": 887.4927747175557,
    "tech_ema_21": 887.2072266260989,
    "tech_ema_50": 887.204599512145,
    "tech_price_ema_9_pct": 0.03011013611117671,
    "tech_price_ema_21_pct": 0.06230487729492728,
    "tech_adx": 20.867598342242857,
    "tech_adx_7": 25.048357612914575,
    "tech_adx_10": 23.363217141927013,
    "tech_adx_roc_5": -13.921739135788329,
    "tech_adx_slope_3": -2.389264199910441,
    "tech_adx_deceleration": 0.7848946780928969,
    "tech_plus_di": 26.11933029508993,
    "tech_minus_di": 22.253800742883495,
    "tech_di_crossover": 0.0,
    "tech_atr_14": 0.31599335799262307,
    "tech_atr_pct": 0.03559445773549417,
    "tech_atr_14_avg": 0.38812320784225185,
    "tech_bb_upper": 888.4271896179711,
    "tech_bb_lower": 885.5938103820289,
    "tech_bb_width": 0.3194301799067965,
    "tech_bb_position": 0.7645251262140992,
    "tech_volatility_20": 0.005943717514139664,
    "tech_volume_ratio": 0.4890196966266697,
    "tech_obv": -10396.900000000005,
    "tech_momentum_10": 0.5199999999999818,
    "tech_roc_10": 0.05860871917406918,
    "tech_high_low_range": 0.013517166801838848,
    "tech_body_ratio": 0.0,
    "tech_swing_high_10": 887.88,
    "tech_swing_low_10": 886.66,
    "tech_price_vs_swing_high": -0.013515339910799269,
    "tech_price_vs_swing_low": 0.12406108316604142,
    "tech_swing_break_up": 0.0,
    "tech_swing_break_down": 0.0,
    "tech_volume_spike": 0.0,
    "tech_volume_spike_ratio": 0.4890196966266697,
    "micro_ob_best_bid_price": 887.81,
    "micro_ob_best_ask_price": 887.82,
    "micro_ob_best_bid_size": 172.1,
    "micro_ob_best_ask_size": 176.4,
    "micro_ob_spread_absolute": 0.010000000000104592,
    "micro_ob_spread_percentage": 0.0011263607846347032,
    "micro_ob_bid_ask_size_ratio": 0.9756235827664399,
    "micro_ob_orderbook_imbalance_5": 0.0013563613346595533,
    "micro_ob_orderbook_imbalance_10": 0.24213406292749656,
    "micro_ob_orderbook_imbalance_20": 0.2645303461573777,
    "micro_ob_orderbook_vwap": 887.8009285225717,
    "micro_ob_buy_impact_0.1": 0.0,
    "micro_ob_sell_impact_0.1": 1.2805311690746447e-14,
    "micro_ob_buy_impact_1.0": 0.0,
    "micro_ob_sell_impact_1.0": 0.0,
    "micro_ob_buy_impact_10.0": -1.2805167457549506e-14,
    "micro_ob_sell_impact_10.0": -1.2805311690746447e-14,
    "micro_ob_bid_depth_concentration": 0.4020476328783038,
    "micro_ob_ask_depth_concentration": 0.6893882646691636,
    "micro_ob_bid_levels": 15,
    "micro_ob_ask_levels": 15,
    "micro_ob_total_bid_volume": 1377.2,
    "micro_ob_total_ask_volume": 801.0,
    "micro_ob_total_orderbook_volume": 2178.2,
    "micro_ob_order_flow_imbalance": 0.2645303461573777,
    "micro_ob_depth_imbalance_1": -0.012338593974175069,
    "micro_ob_depth_imbalance_5": 0.0013563613346595533,
    "micro_ob_depth_imbalance_10": 0.24213406292749656,
    "micro_ob_depth_imbalance_20": 0.2645303461573777,
    "micro_fr_funding_rate_current": 0.00010589,
    "micro_fr_funding_rate_abs": 0.00010589,
    "micro_fr_funding_rate_mean": 8.967458333333333e-05,
    "micro_fr_funding_rate_std": 1.172800671440188e-05,
    "micro_fr_funding_rate_min": 6.772e-05,
    "micro_fr_funding_rate_max": 0.00010589,
    "micro_fr_funding_rate_skew": -0.4587546401837985,
    "micro_fr_funding_rate_kurtosis": -1.0990150211101275,
    "micro_fr_funding_rate_trend": 1.3339999999999814e-06,
    "micro_fr_funding_rate_change": 1.4399999999999998e-06,
    "micro_fr_funding_rate_change_abs": 1.4399999999999998e-06,
    "micro_fr_funding_rate_positive": 1.0,
    "micro_fr_funding_rate_negative": 0.0,
    "micro_fr_funding_rate_high": 0.0,
    "micro_fr_funding_rate_extreme": 0.0,
    "micro_fr_hours_to_next_funding": 0.0,
    "micro_fr_funding_imminent": 1.0,
    "micro_vp_volume_current": 355.132,
    "micro_vp_volume_mean": 498.94971,
    "micro_vp_volume_std": 440.10615548833886,
    "micro_vp_volume_max": 3639.816,
    "micro_vp_volume_sum": 49894.971,
    "micro_vp_volume_ratio": 0.7117591069448663,
    "micro_vp_large_volume_trade": 0.0,
    "micro_vp_recent_vwap": 887.8108727917693,
    "micro_vp_price_vwap_deviation_pct": 0.002154423742370262,
    "micro_vp_price_clustering": 0.0,
    "micro_vp_volume_trend": -3.228472727272741,
    "micro_of_order_flow_imbalance": 0.2645303461573777,
    "micro_of_trade_flow_buy_pressure": 0.6322651730786889,
    "micro_of_trade_flow_sell_pressure": 0.3677348269213112,
    "micro_of_kyles_lambda_buy": -1.2805167457549507e-15,
    "micro_of_kyles_lambda_sell": -1.2805311690746446e-15,
    "micro_of_kyles_lambda_avg": -1.2805239574147977e-15,
    "micro_of_amihud_illiquidity": 0.02620552697948107,
    "micro_of_spread_dynamics_current": 0.0011263607846347032,
    "micro_micro_funding_arbitrage": 0.0,
    "micro_micro_orderbook_pressure": 0.5,
    "micro_micro_liquidity_score": 1.0,
    "micro_micro_volume_spike": 0.0,
    "micro_micro_oi_divergence": 0.0,
    "micro_micro_composite_score": 0.35,
    "fee_maker_rate": 0.0002,
    "fee_taker_rate": 0.0008,
    "fee_round_trip_cost": 0.0016,
    "fee_breakeven_move_pct": 0.16,
    "fee_net_profit_threshold": 0.16,
    "time_hour_sin": -0.7071067811865471,
    "time_hour_cos": -0.7071067811865479,
    "time_day_sin": -0.7818314824680299,
    "time_day_cos": 0.6234898018587334,
    "time_day_of_week": 6.0,
    "time_is_asian": 0.0,
    "time_is_london": 1.0,
    "time_is_ny": 1.0,
    "time_is_london_ny_overlap": 1.0,
    "time_is_weekend": 1.0,
    "time_is_us_market_hours": 1.0,
    "cross_btc_return_1m": -0.00361605792705963,
    "cross_btc_return_5m": -0.018844461974173325,
    "cross_btc_return_15m": -0.028921142779512635,
    "cross_btc_correlation": 0.6787312857998585,
    "cross_btc_lead_indicator": -0.018844461974173325,
    "cross_eth_btc_ratio_change": -0.02590864001829786,
    "vol_realized_5m": 5.794434430064789,
    "vol_realized_15m": 5.142359261889642,
    "vol_realized_1h": 3.2395509663625646,
    "vol_realized_4h": 3.948687767641245,
    "vol_ratio_5m_1h": 1.788653578915877,
    "vol_ratio_15m_4h": 1.3022957408864564,
    "vol_regime": 0.0,
    "vol_expansion": 1.0,
    "vol_contraction": 0.0,
    "vol_percentile": 16.842105263157894,
    "sent_fear_greed": 25.0,
    "sent_fear_greed_change": -4.0,
    "sent_extreme_fear": 0.0,
    "sent_extreme_greed": 0.0,
    "sent_fear": 1.0,
    "sent_greed": 0.0,
    "exit_trigger": true,
    "exit_reason": "Trailing stop hit: 887.74 >= 887.74",
    "position_side": "SHORT",
    "entry_price": 887.43,
    "exit_price": 887.74,
    "position_size": 0.2,
    "hold_duration_hours": 0.6040210852777778
  },
  "output_prediction": {
    "signal": "EXIT_SHORT",
    "confidence": 1.0,
    "raw_model_outputs": {
      "action": "exit"
    }
  },
  "regime_info": {
    "regime": "unknown",
    "regime_confidence": 0.0,
    "atr_ratio": 1.0,
    "adx_value": 0.0,
    "is_exhausted": false,
    "is_weakening": false,
    "leverage_tier": "unknown"
  },