{
  "timestamp": "2026-01-04T16:14:08.401321Z",
  "order_id": "702727310033290157",
  "stage": "Decision Making",
  "model_version": "ollama:qwen2.5:1.5b+ensemble_v1.0",
  "input_features": {
    "tech_returns_1": -0.005259997282336393,
    "tech_returns_5": -0.007780216553021635,
    "tech_returns_15": -0.04677263351834382,
    "tech_returns_60": -0.02311794204299389,
    "tech_returns_240": 1.0357129412077226,
    "tech_returns_1440": 1.1002184453087507,
    "tech_rsi_14": 48.533554729764255,
    "tech_rsi_7": 45.27093162399074,
    "tech_rsi_21": 49.73761393691257,
    "tech_rsi_slope": 0.07579511854831367,
    "tech_rsi_divergence": 0.0,
    "tech_rsi_zone": 2.0,
    "tech_macd": 2.680033529904904,
    "tech_macd_signal": 12.542692369720857,
    "tech_macd_hist": -9.862658839815953,
    "tech_stoch_k": 18.148148148146802,
    "tech_stoch_d": 18.703703703703226,
    "tech_ema_cross_9_21": -1.0,
    "tech_ema_cross_50_200": 1.0,
    "tech_ema_9": 91259.28939866778,
    "tech_ema_21": 91263.25576693415,
    "tech_ema_50": 91248.90831411372,
    "tech_price_ema_9_pct": -0.010179126671916124,
    "tech_price_ema_21_pct": -0.01452475788065236,
    "tech_adx": 22.698879738752247,
    "tech_adx_7": 27.25504934938389,
    "tech_adx_10": 24.533286198454316,
    "tech_adx_roc_5": -14.331325114920105,
    "tech_adx_slope_3": -3.6654945497058353,
    "tech_adx_deceleration": -0.6503609068375944,
    "tech_plus_di": 22.981925880451655,
    "tech_minus_di": 23.24774738977426,
    "tech_di_crossover": 0.0,
    "tech_atr_14": 35.560696344041446,
    "tech_atr_pct": 0.038970626130456376,
    "tech_atr_14_avg": 40.02824184120807,
    "tech_bb_upper": 91386.25953478533,
    "tech_bb_lower": 91183.47046521468,
    "tech_bb_width": 0.22214971733885916,
    "tech_bb_position": 0.32807258757180213,
    "tech_volatility_20": 0.006177865125248847,
    "tech_volume_ratio": 0.03988123549674983,
    "tech_obv": 741.9702999999994,
    "tech_momentum_10": -117.80000000000291,
    "tech_roc_10": -0.1289294477923364,
    "tech_high_low_range": 0.005260273972605929,
    "tech_body_ratio": 0.9999999999791667,
    "tech_swing_high_10": 91426.8,
    "tech_swing_low_10": 91210.8,
    "tech_price_vs_swing_high": -0.19337874671322075,
    "tech_price_vs_swing_low": 0.04297736671534192,
    "tech_swing_break_up": 0.0,
    "tech_swing_break_down": 0.0,
    "tech_volume_spike": 0.0,
    "tech_volume_spike_ratio": 0.03988123549674983,
    "micro_ob_best_bid_price": 91259.9,
    "micro_ob_best_ask_price": 91260.0,
    "micro_ob_best_bid_size": 2.4479,
    "micro_ob_best_ask_size": 2.9708,
    "micro_ob_spread_absolute": 0.10000000000582077,
    "micro_ob_spread_percentage": 0.00010957709269599729,
    "micro_ob_bid_ask_size_ratio": 0.8239868049010368,
    "micro_ob_orderbook_imbalance_5": -0.08644376084423701,
    "micro_ob_orderbook_imbalance_10": -0.053957495289064725,
    "micro_ob_orderbook_imbalance_20": -0.0505961200902729,
    "micro_ob_orderbook_vwap": 91259.6902687452,
    "micro_ob_buy_impact_0.1": 0.0,
    "micro_ob_sell_impact_0.1": 0.0,
    "micro_ob_buy_impact_1.0": 0.0,
    "micro_ob_sell_impact_1.0": 0.0,
    "micro_ob_buy_impact_10.0": 0.0,
    "micro_ob_sell_impact_10.0": 0.0,
    "micro_ob_bid_depth_concentration": 0.3271204754186926,
    "micro_ob_ask_depth_concentration": 0.35155631258611525,
    "micro_ob_bid_levels": 15,
    "micro_ob_ask_levels": 15,
    "micro_ob_total_bid_volume": 33.318,
    "micro_ob_total_ask_volume": 36.8692,
    "micro_ob_total_orderbook_volume": 70.18719999999999,
    "micro_ob_order_flow_imbalance": -0.0505961200902729,
    "micro_ob_depth_imbalance_1": -0.09649916031520474,
    "micro_ob_depth_imbalance_5": -0.08644376084423701,
    "micro_ob_depth_imbalance_10": -0.053957495289064725,
    "micro_ob_depth_imbalance_20": -0.0505961200902729,
    "micro_fr_funding_rate_current": 4.712e-05,
    "micro_fr_funding_rate_abs": 4.712e-05,
    "micro_fr_funding_rate_mean": 3.306578947368421e-05,
    "micro_fr_funding_rate_std": 5.747366734142803e-06,
    "micro_fr_funding_rate_min": 2.619e-05,
    "micro_fr_funding_rate_max": 4.712e-05,
    "micro_fr_funding_rate_skew": 1.0673045047617946,
    "micro_fr_funding_rate_kurtosis": 0.09672878055556078,
    "micro_fr_funding_rate_trend": 1.2719999999999958e-06,
    "micro_fr_funding_rate_change": 2.900000000000057e-07,
    "micro_fr_funding_rate_change_abs": 2.900000000000057e-07,
    "micro_fr_funding_rate_positive": 1.0,
    "micro_fr_funding_rate_negative": 0.0,
    "micro_fr_funding_rate_high": 0.0,
    "micro_fr_funding_rate_extreme": 0.0,
    "micro_fr_hours_to_next_funding": 0.0,
    "micro_fr_funding_imminent": 1.0,
    "micro_vp_volume_current": 155.13299,
    "micro_vp_volume_mean": 10109.137703000002,
    "micro_vp_volume_std": 85991.86864076121,
    "micro_vp_volume_max": 860330.56048,
    "micro_vp_volume_sum": 1010913.7703000002,
    "micro_vp_volume_ratio": 0.015345818264396826,
    "micro_vp_large_volume_trade": 0.0,
    "micro_vp_recent_vwap": 91267.35861155104,
    "micro_vp_price_vwap_deviation_pct": -0.013869812541546995,
    "micro_vp_price_clustering": 0.007161419084384346,
    "micro_vp_volume_trend": -7.466315454545459,
    "micro_of_order_flow_imbalance": -0.0505961200902729,
    "micro_of_trade_flow_buy_pressure": 0.4747019399548636,
    "micro_of_trade_flow_sell_pressure": 0.5252980600451365,
    "micro_of_kyles_lambda_buy": 0.0,
    "micro_of_kyles_lambda_sell": 0.0,
    "micro_of_kyles_lambda_avg": 0.0,
    "micro_of_amihud_illiquidity": 0.017782441296864973,
    "micro_of_spread_dynamics_current": 0.00010957709269599729,
    "micro_micro_funding_arbitrage": 0.0,
    "micro_micro_orderbook_pressure": 0.0,
    "micro_micro_liquidity_score": 0.5,
    "micro_micro_volume_spike": 0.0,
    "micro_micro_oi_divergence": 0.0,
    "micro_micro_composite_score": 0.1,
    "fee_maker_rate": 0.0002,
    "fee_taker_rate": 0.0008,
    "fee_round_trip_cost": 0.0016,
    "fee_breakeven_move_pct": 0.16,
    "fee_net_profit_threshold": 0.16,
    "time_hour_sin": -0.8660254037844384,
    "time_hour_cos": -0.5000000000000004,
    "time_day_sin": -0.7818314824680299,
    "time_day_cos": 0.6234898018587334,
    "time_day_of_week": 6.0,
    "time_is_asian": 0.0,
    "time_is_london": 1.0,
    "time_is_ny": 1.0,
    "time_is_london_ny_overlap": 1.0,
    "time_is_weekend": 1.0,
    "time_is_us_market_hours": 1.0,
    "cross_btc_return_1m": -0.005259997282337927,
    "cross_btc_return_5m": -0.0077802165530197875,
    "cross_btc_return_15m": -0.04677263351833946,
    "cross_btc_correlation": 1.0,
    "cross_btc_lead_indicator": 0.0,
    "cross_eth_btc_ratio_change": -0.001407264229999026,
    "vol_realized_5m": 7.733221918390617,
    "vol_realized_15m": 7.843837964723578,
    "vol_realized_1h": 3.2045648998361718,
    "vol_realized_4h": 3.6265110096597524,
    "vol_ratio_5m_1h": 2.4131893595869958,
    "vol_ratio_15m_4h": 2.162915800842834,
    "vol_regime": 1.0,
    "vol_expansion": 1.0,
    "vol_contraction": 0.0,
    "vol_percentile": 34.73684210526316,
    "sent_fear_greed": 25.0,
    "sent_fear_greed_change": -4.0,
    "sent_extreme_fear": 0.0,
    "sent_extreme_greed": 0.0,
    "sent_fear": 1.0,
    "sent_greed": 0.0
  },
  "output_prediction": {
    "signal": "SHORT",
    "confidence": 0.6211077380075314,
    "raw_model_outputs": {
      "xgboost": 0.09144271165132523,
      "lightgbm": 0.08898495762716886,
      "lstm": 0.25143685936927795,
      "random_forest": 0.38453931253333484,
      "weighted_average": 0.1894461309962343
    }
  },
  "regime_info": {
    "regime": "ranging",
    "regime_confidence": 0.5,
    "atr_ratio": 0.8883901642522956,
    "adx_value": 22.698879738752247,
    "is_exhausted": false,
    "is_weakening": false,
    "leverage_tier": "normal_volatility"
  },