{
  "timestamp": "2026-01-04T15:52:05.795261Z",
  "order_id": "702721763762504621",
  "stage": "Decision Making",
  "model_version": "ollama:qwen2.5:1.5b+exit_manager_v1",
  "input_features": {
    "tech_returns_1": 0.09239748949259052,
    "tech_returns_5": 0.21548320133577548,
    "tech_returns_15": 0.02927829014784944,
    "tech_returns_60": 0.16914940403025547,
    "tech_returns_240": 1.0247020289327669,
    "tech_returns_1440": 1.4657291488023838,
    "tech_rsi_14": 59.397032756289455,
    "tech_rsi_7": 71.57938532913296,
    "tech_rsi_21": 55.83323508066255,
    "tech_rsi_slope": 7.409764547842656,
    "tech_rsi_divergence": 0.0,
    "tech_rsi_zone": 3.0,
    "tech_macd": -0.21160121376260577,
    "tech_macd_signal": -0.28804540433445913,
    "tech_macd_hist": 0.07644419057185337,
    "tech_stoch_k": 100.0,
    "tech_stoch_d": 77.69423558897347,
    "tech_ema_cross_9_21": -1.0,
    "tech_ema_cross_50_200": 1.0,
    "tech_ema_9": 887.3518228000306,
    "tech_ema_21": 887.5062085512557,
    "tech_ema_50": 887.6970223733582,
    "tech_price_ema_9_pct": 0.10572775936932613,
    "tech_price_ema_21_pct": 0.08831391163152973,
    "tech_adx": 38.276189272277506,
    "tech_adx_7": 38.63288064956289,
    "tech_adx_10": 37.367506079003924,
    "tech_adx_roc_5": -13.720776330382108,
    "tech_adx_slope_3": -3.3708877723727966,
    "tech_adx_deceleration": -0.1564576451975057,
    "tech_plus_di": 39.46510539795674,
    "tech_minus_di": 25.007166088136074,
    "tech_di_crossover": 1.0,
    "tech_atr_14": 0.5370070406162174,
    "tech_atr_pct": 0.060454022967298675,
    "tech_atr_14_avg": 0.33245422618668924,
    "tech_bb_upper": 888.8860812533543,
    "tech_bb_lower": 886.1499187466458,
    "tech_bb_width": 0.30829374803762,
    "tech_bb_position": 0.7821469843648339,
    "tech_volatility_20": 0.006933230682473371,
    "tech_volume_ratio": 1.086682808716707,
    "tech_obv": -10922.499999999996,
    "tech_momentum_10": 0.6699999999999591,
    "tech_roc_10": 0.07548275162794216,
    "tech_high_low_range": 0.09231219534160424,
    "tech_body_ratio": 0.9999999998780488,
    "tech_swing_high_10": 888.29,
    "tech_swing_low_10": 885.56,
    "tech_price_vs_swing_high": 0.0,
    "tech_price_vs_swing_low": 0.30827950675279125,
    "tech_swing_break_up": 1.0,
    "tech_swing_break_down": 0.0,
    "tech_volume_spike": 0.0,
    "tech_volume_spike_ratio": 1.086682808716707,
    "micro_ob_best_bid_price": 887.95,
    "micro_ob_best_ask_price": 887.96,
    "micro_ob_best_bid_size": 164.4,
    "micro_ob_best_ask_size": 146.3,
    "micro_ob_spread_absolute": 0.009999999999990905,
    "micro_ob_spread_percentage": 0.001126183196219505,
    "micro_ob_bid_ask_size_ratio": 1.1237183868762817,
    "micro_ob_orderbook_imbalance_5": 0.15566944266495833,
    "micro_ob_orderbook_imbalance_10": 0.13345302214242963,
    "micro_ob_orderbook_imbalance_20": 0.02903954208895655,
    "micro_ob_orderbook_vwap": 887.9420879047809,
    "micro_ob_buy_impact_0.1": 0.0,
    "micro_ob_sell_impact_0.1": 0.0,
    "micro_ob_buy_impact_1.0": 0.0,
    "micro_ob_sell_impact_1.0": 0.0,
    "micro_ob_buy_impact_10.0": 1.2803148533899728e-14,
    "micro_ob_sell_impact_10.0": 0.0,
    "micro_ob_bid_depth_concentration": 0.736476832006532,
    "micro_ob_ask_depth_concentration": 0.5702541914548405,
    "micro_ob_bid_levels": 15,
    "micro_ob_ask_levels": 15,
    "micro_ob_total_bid_volume": 979.8,
    "micro_ob_total_ask_volume": 924.5,
    "micro_ob_total_orderbook_volume": 1904.3,
    "micro_ob_order_flow_imbalance": 0.02903954208895655,
    "micro_ob_depth_imbalance_1": 0.05825555197940133,
    "micro_ob_depth_imbalance_5": 0.15566944266495833,
    "micro_ob_depth_imbalance_10": 0.13345302214242963,
    "micro_ob_depth_imbalance_20": 0.02903954208895655,
    "micro_fr_funding_rate_current": 0.00010097,
    "micro_fr_funding_rate_abs": 0.00010097,
    "micro_fr_funding_rate_mean": 9.389424242424243e-05,
    "micro_fr_funding_rate_std": 1.2189485044012326e-05,
    "micro_fr_funding_rate_min": 6.772e-05,
    "micro_fr_funding_rate_max": 0.00010706,
    "micro_fr_funding_rate_skew": -0.7931696383221586,
    "micro_fr_funding_rate_kurtosis": -0.6780470087666335,
    "micro_fr_funding_rate_trend": -1.2500000000000067e-06,
    "micro_fr_funding_rate_change": -1.92999999999999e-06,
    "micro_fr_funding_rate_change_abs": 1.92999999999999e-06,
    "micro_fr_funding_rate_positive": 1.0,
    "micro_fr_funding_rate_negative": 0.0,
    "micro_fr_funding_rate_high": 0.0,
    "micro_fr_funding_rate_extreme": 0.0,
    "micro_fr_hours_to_next_funding": 0.0,
    "micro_fr_funding_imminent": 1.0,
    "micro_vp_volume_current": 621.229,
    "micro_vp_volume_mean": 1284.7672100000002,
    "micro_vp_volume_std": 3824.362873847311,
    "micro_vp_volume_max": 29655.86,
    "micro_vp_volume_sum": 128476.72100000002,
    "micro_vp_volume_ratio": 0.4835342894531064,
    "micro_vp_large_volume_trade": 0.0,
    "micro_vp_recent_vwap": 887.8833947841025,
    "micro_vp_price_vwap_deviation_pct": -0.04655958051822787,
    "micro_vp_price_clustering": 2.220446049250313e-16,
    "micro_vp_volume_trend": 6.45432727272727,
    "micro_of_order_flow_imbalance": 0.02903954208895655,
    "micro_of_trade_flow_buy_pressure": 0.5145197710444783,
    "micro_of_trade_flow_sell_pressure": 0.48548022895552173,
    "micro_of_kyles_lambda_buy": 1.2803148533899728e-15,
    "micro_of_kyles_lambda_sell": 0.0,
    "micro_of_kyles_lambda_avg": 6.401574266949864e-16,
    "micro_of_amihud_illiquidity": 0.04488575862478904,
    "micro_of_spread_dynamics_current": 0.001126183196219505,
    "micro_micro_funding_arbitrage": 0.0,
    "micro_micro_orderbook_pressure": 0.5,
    "micro_micro_liquidity_score": 1.0,
    "micro_micro_volume_spike": 0.0,
    "micro_micro_oi_divergence": 0.0,
    "micro_micro_composite_score": 0.35,
    "fee_maker_rate": 0.0002,
    "fee_taker_rate": 0.0008,
    "fee_round_trip_cost": 0.0016,
    "fee_breakeven_move_pct": 0.16,
    "fee_net_profit_threshold": 0.16,
    "time_hour_sin": -0.7071067811865471,
    "time_hour_cos": -0.7071067811865479,
    "time_day_sin": -0.7818314824680299,
    "time_day_cos": 0.6234898018587334,
    "time_day_of_week": 6.0,
    "time_is_asian": 0.0,
    "time_is_london": 1.0,
    "time_is_ny": 1.0,
    "time_is_london_ny_overlap": 1.0,
    "time_is_weekend": 1.0,
    "time_is_us_market_hours": 1.0,
    "cross_btc_return_1m": 0.0460636929262619,
    "cross_btc_return_5m": 0.12084293710899552,
    "cross_btc_return_15m": 0.00756469458368825,
    "cross_btc_correlation": 0.6867426358819236,
    "cross_btc_lead_indicator": 0.12084293710899552,
    "cross_eth_btc_ratio_change": -0.07618456743791933,
    "vol_realized_5m": 10.24989688967278,
    "vol_realized_15m": 8.649697005931506,
    "vol_realized_1h": 3.03738057197771,
    "vol_realized_4h": 3.9929523338290975,
    "vol_ratio_5m_1h": 3.37458433238046,
    "vol_ratio_15m_4h": 2.166240987313955,
    "vol_regime": 2.0,
    "vol_expansion": 1.0,
    "vol_contraction": 0.0,
    "vol_percentile": 71.57894736842105,
    "sent_fear_greed": 25.0,
    "sent_fear_greed_change": -4.0,
    "sent_extreme_fear": 0.0,
    "sent_extreme_greed": 0.0,
    "sent_fear": 1.0,
    "sent_greed": 0.0,
    "exit_trigger": true,
    "exit_reason": "Trailing stop hit: 888.29 >= 888.03",
    "position_side": "SHORT",
    "entry_price": 887.23,
    "exit_price": 888.29,
    "position_size": 0.1,
    "hold_duration_hours": 0.2010272575
  },
  "output_prediction": {
    "signal": "EXIT_SHORT",
    "confidence": 1.0,
    "raw_model_outputs": {
      "action": "exit"
    }
  },
  "regime_info": {
    "regime": "unknown",
    "regime_confidence": 0.0,
    "atr_ratio": 1.0,
    "adx_value": 0.0,
    "is_exhausted": false,
    "is_weakening": false,
    "leverage_tier": "unknown"
  },