{
  "timestamp": "2026-01-04T14:31:40.802731Z",
  "order_id": "702701515063690157",
  "stage": "Decision Making",
  "model_version": "ollama:qwen2.5:1.5b+ensemble_v1.0",
  "input_features": {
    "tech_returns_1": 0.07530120481928915,
    "tech_returns_5": 0.15071590052750938,
    "tech_returns_15": -0.34991252186953314,
    "tech_returns_60": 0.2262443438914019,
    "tech_returns_240": 2.4409044193216767,
    "tech_returns_1440": 3.4134988363072125,
    "tech_rsi_14": 42.84436409592208,
    "tech_rsi_7": 43.08895349127271,
    "tech_rsi_21": 45.85041744409514,
    "tech_rsi_slope": 3.017970782602859,
    "tech_rsi_divergence": 0.0,
    "tech_rsi_zone": 2.0,
    "tech_macd": -0.0003250398534465626,
    "tech_macd_signal": -0.00015588639164892986,
    "tech_macd_hist": -0.00016915346179763275,
    "tech_stoch_k": 30.434782608695127,
    "tech_stoch_d": 19.78818283165994,
    "tech_ema_cross_9_21": -1.0,
    "tech_ema_cross_50_200": 1.0,
    "tech_ema_9": 0.3987684331685408,
    "tech_ema_21": 0.39917981014821063,
    "tech_ema_50": 0.3990133008774523,
    "tech_price_ema_9_pct": -0.017161129830932056,
    "tech_price_ema_21_pct": -0.12019900205686447,
    "tech_adx": 40.73858830953489,
    "tech_adx_7": 53.20460779677267,
    "tech_adx_10": 50.13028024008112,
    "tech_adx_roc_5": 15.89242725056867,
    "tech_adx_slope_3": 0.30926153404862333,
    "tech_adx_deceleration": -3.0656348584985054,
    "tech_plus_di": 15.811221875695768,
    "tech_minus_di": 28.961736021268653,
    "tech_di_crossover": 0.0,
    "tech_atr_14": 0.0004948376956967989,
    "tech_atr_pct": 0.12411279049330297,
    "tech_atr_14_avg": 0.00044762055129641317,
    "tech_bb_upper": 0.4011042893182874,
    "tech_bb_lower": 0.3978557106817126,
    "tech_bb_width": 0.813201821511664,
    "tech_bb_position": 0.259894991853295,
    "tech_volatility_20": 0.015001295997087171,
    "tech_volume_ratio": 0.582351633696377,
    "tech_obv": 1319460.0,
    "tech_momentum_10": -0.0014000000000000123,
    "tech_roc_10": -0.34991252186953314,
    "tech_high_low_range": 0.125407574617507,
    "tech_body_ratio": 0.5999998800000683,
    "tech_swing_high_10": 0.4002,
    "tech_swing_low_10": 0.398,
    "tech_price_vs_swing_high": -0.3748125937031488,
    "tech_price_vs_swing_low": 0.1758793969849192,
    "tech_swing_break_up": 0.0,
    "tech_swing_break_down": 0.0,
    "tech_volume_spike": 0.0,
    "tech_volume_spike_ratio": 0.582351633696377,
    "micro_ob_best_bid_price": 0.3987,
    "micro_ob_best_ask_price": 0.3988,
    "micro_ob_best_bid_size": 936120.0,
    "micro_ob_best_ask_size": 961370.0,
    "micro_ob_spread_absolute": 9.999999999998899e-05,
    "micro_ob_spread_percentage": 0.02507836990595335,
    "micro_ob_bid_ask_size_ratio": 0.973735398441807,
    "micro_ob_orderbook_imbalance_5": 0.06088083825925618,
    "micro_ob_orderbook_imbalance_10": -0.09044028856363598,
    "micro_ob_orderbook_imbalance_20": -0.12270106601611304,
    "micro_ob_orderbook_vwap": 0.3989506733281631,
    "micro_ob_buy_impact_0.1": 0.0,
    "micro_ob_sell_impact_0.1": 0.0,
    "micro_ob_buy_impact_1.0": 0.0,
    "micro_ob_sell_impact_1.0": 0.0,
    "micro_ob_buy_impact_10.0": 0.0,
    "micro_ob_sell_impact_10.0": 0.0,
    "micro_ob_bid_depth_concentration": 0.4935128023255428,
    "micro_ob_ask_depth_concentration": 0.3413783591917274,
    "micro_ob_bid_levels": 15,
    "micro_ob_ask_levels": 15,
    "micro_ob_total_bid_volume": 9037030.0,
    "micro_ob_total_ask_volume": 11564910.0,
    "micro_ob_total_orderbook_volume": 20601940.0,
    "micro_ob_order_flow_imbalance": -0.12270106601611304,
    "micro_ob_depth_imbalance_1": -0.013307053001596847,
    "micro_ob_depth_imbalance_5": 0.06088083825925618,
    "micro_ob_depth_imbalance_10": -0.09044028856363598,
    "micro_ob_depth_imbalance_20": -0.12270106601611304,
    "micro_fr_funding_rate_current": 6.915e-05,
    "micro_fr_funding_rate_abs": 6.915e-05,
    "micro_fr_funding_rate_mean": 5.339888888888889e-05,
    "micro_fr_funding_rate_std": 9.223398920914187e-06,
    "micro_fr_funding_rate_min": 4.069e-05,
    "micro_fr_funding_rate_max": 6.915e-05,
    "micro_fr_funding_rate_skew": 0.09487737963946787,
    "micro_fr_funding_rate_kurtosis": -1.2666571824217296,
    "micro_fr_funding_rate_trend": 2.5219999999999917e-06,
    "micro_fr_funding_rate_change": 1.549999999999997e-06,
    "micro_fr_funding_rate_change_abs": 1.549999999999997e-06,
    "micro_fr_funding_rate_positive": 1.0,
    "micro_fr_funding_rate_negative": 0.0,
    "micro_fr_funding_rate_high": 0.0,
    "micro_fr_funding_rate_extreme": 0.0,
    "micro_fr_hours_to_next_funding": 0.0,
    "micro_fr_funding_imminent": 1.0,
    "micro_vp_volume_current": 51.753,
    "micro_vp_volume_mean": 109.50978,
    "micro_vp_volume_std": 202.392702889288,
    "micro_vp_volume_max": 1633.03,
    "micro_vp_volume_sum": 10950.978000000001,
    "micro_vp_volume_ratio": 0.47258792776316416,
    "micro_vp_large_volume_trade": 0.0,
    "micro_vp_recent_vwap": 0.39836228866499407,
    "micro_vp_price_vwap_deviation_pct": -0.06584174066100744,
    "micro_vp_price_clustering": 2.220446049250313e-16,
    "micro_vp_volume_trend": -1.0133454545454526,
    "micro_of_order_flow_imbalance": -0.12270106601611304,
    "micro_of_trade_flow_buy_pressure": 0.43864946699194346,
    "micro_of_trade_flow_sell_pressure": 0.5613505330080565,
    "micro_of_kyles_lambda_buy": 0.0,
    "micro_of_kyles_lambda_sell": 0.0,
    "micro_of_kyles_lambda_avg": 0.0,
    "micro_of_amihud_illiquidity": 1.4192881752603024,
    "micro_of_spread_dynamics_current": 0.02507836990595335,
    "micro_micro_funding_arbitrage": 0.0,
    "micro_micro_orderbook_pressure": 0.0,
    "micro_micro_liquidity_score": 1.0,
    "micro_micro_volume_spike": 0.0,
    "micro_micro_oi_divergence": 0.0,
    "micro_micro_composite_score": 0.2,
    "fee_maker_rate": 0.0002,
    "fee_taker_rate": 0.0008,
    "fee_round_trip_cost": 0.0016,
    "fee_breakeven_move_pct": 0.16,
    "fee_net_profit_threshold": 0.16,
    "time_hour_sin": -0.4999999999999997,
    "time_hour_cos": -0.8660254037844388,
    "time_day_sin": -0.7818314824680299,
    "time_day_cos": 0.6234898018587334,
    "time_day_of_week": 6.0,
    "time_is_asian": 0.0,
    "time_is_london": 1.0,
    "time_is_ny": 1.0,
    "time_is_london_ny_overlap": 1.0,
    "time_is_weekend": 1.0,
    "time_is_us_market_hours": 1.0,
    "cross_btc_return_1m": 0.0,
    "cross_btc_return_5m": -0.004714193779663361,
    "cross_btc_return_15m": -0.0835835545248372,
    "cross_btc_correlation": 0.39051704193779646,
    "cross_btc_lead_indicator": -0.004714193779663361,
    "cross_eth_btc_ratio_change": 0.02464940912987709,
    "vol_realized_5m": 22.6726986262232,
    "vol_realized_15m": 18.32087104612646,
    "vol_realized_1h": 7.903818274630792,
    "vol_realized_4h": 10.766878701815758,
    "vol_ratio_5m_1h": 2.868575394628782,
    "vol_ratio_15m_4h": 1.701595379080176,
    "vol_regime": 1.0,
    "vol_expansion": 1.0,
    "vol_contraction": 0.0,
    "vol_percentile": 42.10526315789473,
    "sent_fear_greed": 25.0,
    "sent_fear_greed_change": -4.0,
    "sent_extreme_fear": 0.0,
    "sent_extreme_greed": 0.0,
    "sent_fear": 1.0,
    "sent_greed": 0.0
  },
  "output_prediction": {
    "signal": "SHORT",
    "confidence": 0.5172120026752973,
    "raw_model_outputs": {
      "xgboost": 0.19454461336135864,
      "lightgbm": 0.18347138209413186,
      "lstm": 0.1450682133436203,
      "random_forest": 0.504478571521948,
      "weighted_average": 0.24139399866235134
    }
  },
  "regime_info": {
    "regime": "trending",
    "regime_confidence": 0.7888630597144186,
    "atr_ratio": 1.105484755477902,
    "adx_value": 40.73858830953489,
    "is_exhausted": false,
    "is_weakening": false,
    "leverage_tier": "elevated_volatility"
  },