{
  "timestamp": "2026-01-04T15:42:38.172697Z",
  "order_id": "702719374871495597",
  "stage": "Decision Making",
  "model_version": "ollama:qwen2.5:1.5b+ensemble_v1.0",
  "input_features": {
    "tech_returns_1": 0.0022357145822882174,
    "tech_returns_5": -0.009580501762818106,
    "tech_returns_15": -0.1224919455166118,
    "tech_returns_60": -0.10592206433170936,
    "tech_returns_240": 0.34033661919472546,
    "tech_returns_1440": 0.9086399711399724,
    "tech_rsi_14": 39.02925346374819,
    "tech_rsi_7": 39.61646944411608,
    "tech_rsi_21": 40.64740076472519,
    "tech_rsi_slope": 0.17690245393887594,
    "tech_rsi_divergence": 0.0,
    "tech_rsi_zone": 2.0,
    "tech_macd": -1.3910499728813193,
    "tech_macd_signal": -1.0507700896247165,
    "tech_macd_hist": -0.34027988325660274,
    "tech_stoch_k": 40.68965517241423,
    "tech_stoch_d": 40.15325670498006,
    "tech_ema_cross_9_21": -1.0,
    "tech_ema_cross_50_200": 1.0,
    "tech_ema_9": 3131.6234047144876,
    "tech_ema_21": 3133.088286724746,
    "tech_ema_50": 3134.4210222046027,
    "tech_price_ema_9_pct": -0.01799081951040107,
    "tech_price_ema_21_pct": -0.06473761793882893,
    "tech_adx": 49.457964502106826,
    "tech_adx_7": 54.87382843269055,
    "tech_adx_10": 54.045748937287954,
    "tech_adx_roc_5": 13.668493329520317,
    "tech_adx_slope_3": 0.6955955329196186,
    "tech_adx_deceleration": -0.32936558093678414,
    "tech_plus_di": 14.789568215107437,
    "tech_minus_di": 47.23984000535065,
    "tech_di_crossover": 0.0,
    "tech_atr_14": 1.1541554389707258,
    "tech_atr_pct": 0.03686149224130888,
    "tech_atr_14_avg": 1.0650081951271964,
    "tech_bb_upper": 3137.8792704122234,
    "tech_bb_lower": 3129.0447295877766,
    "tech_bb_width": 0.28194185295519064,
    "tech_bb_position": 0.22811263791398484,
    "tech_volatility_20": 0.00568390941781432,
    "tech_volume_ratio": 0.17892913780151906,
    "tech_obv": -7265.807999999993,
    "tech_momentum_10": -3.9700000000002547,
    "tech_roc_10": -0.12663355693566247,
    "tech_high_low_range": 0.003832567884355166,
    "tech_body_ratio": 0.583333332849117,
    "tech_swing_high_10": 3136.22,
    "tech_swing_low_10": 3127.52,
    "tech_price_vs_swing_high": -0.16452927409428722,
    "tech_price_vs_swing_low": 0.11318872461247133,
    "tech_swing_break_up": 0.0,
    "tech_swing_break_down": 0.0,
    "tech_volume_spike": 0.0,
    "tech_volume_spike_ratio": 0.17892913780151906,
    "micro_ob_best_bid_price": 3130.98,
    "micro_ob_best_ask_price": 3130.99,
    "micro_ob_best_bid_size": 48.413,
    "micro_ob_best_ask_size": 43.437,
    "micro_ob_spread_absolute": 0.009999999999763531,
    "micro_ob_spread_percentage": 0.00031938830750589774,
    "micro_ob_bid_ask_size_ratio": 1.1145567143218915,
    "micro_ob_orderbook_imbalance_5": 0.0069887546855476775,
    "micro_ob_orderbook_imbalance_10": 0.10601922422446755,
    "micro_ob_orderbook_imbalance_20": 0.18379614586717993,
    "micro_ob_orderbook_vwap": 3130.980525105603,
    "micro_ob_buy_impact_0.1": 0.0,
    "micro_ob_sell_impact_0.1": 0.0,
    "micro_ob_buy_impact_1.0": 0.0,
    "micro_ob_sell_impact_1.0": 0.0,
    "micro_ob_buy_impact_10.0": 0.0,
    "micro_ob_sell_impact_10.0": 0.0,
    "micro_ob_bid_depth_concentration": 0.4254033606052608,
    "micro_ob_ask_depth_concentration": 0.6084273705807598,
    "micro_ob_bid_levels": 15,
    "micro_ob_ask_levels": 15,
    "micro_ob_total_bid_volume": 284.175,
    "micro_ob_total_ask_volume": 195.933,
    "micro_ob_total_orderbook_volume": 480.108,
    "micro_ob_order_flow_imbalance": 0.18379614586717993,
    "micro_ob_depth_imbalance_1": 0.054175285792052254,
    "micro_ob_depth_imbalance_5": 0.0069887546855476775,
    "micro_ob_depth_imbalance_10": 0.10601922422446755,
    "micro_ob_depth_imbalance_20": 0.18379614586717993,
    "micro_fr_funding_rate_current": 6.536e-05,
    "micro_fr_funding_rate_abs": 6.536e-05,
    "micro_fr_funding_rate_mean": 5.3047096774193546e-05,
    "micro_fr_funding_rate_std": 7.68360348658244e-06,
    "micro_fr_funding_rate_min": 4.022e-05,
    "micro_fr_funding_rate_max": 6.536e-05,
    "micro_fr_funding_rate_skew": 0.040966885523735945,
    "micro_fr_funding_rate_kurtosis": -1.285514775432406,
    "micro_fr_funding_rate_trend": 8.00999999999996e-07,
    "micro_fr_funding_rate_change": 3.9000000000000135e-07,
    "micro_fr_funding_rate_change_abs": 3.9000000000000135e-07,
    "micro_fr_funding_rate_positive": 1.0,
    "micro_fr_funding_rate_negative": 0.0,
    "micro_fr_funding_rate_high": 0.0,
    "micro_fr_funding_rate_extreme": 0.0,
    "micro_fr_hours_to_next_funding": 0.0,
    "micro_fr_funding_imminent": 1.0,
    "micro_vp_volume_current": 90.79871,
    "micro_vp_volume_mean": 514.7347485,
    "micro_vp_volume_std": 2933.0929836133114,
    "micro_vp_volume_max": 25041.65802,
    "micro_vp_volume_sum": 51473.47485,
    "micro_vp_volume_ratio": 0.17639902933423193,
    "micro_vp_large_volume_trade": 0.0,
    "micro_vp_recent_vwap": 3130.9899543797073,
    "micro_vp_price_vwap_deviation_pct": 1.4570564934548176e-06,
    "micro_vp_price_clustering": 1.3877787807814457e-17,
    "micro_vp_volume_trend": 457.7317623030303,
    "micro_of_order_flow_imbalance": 0.18379614586717993,
    "micro_of_trade_flow_buy_pressure": 0.59189807293359,
    "micro_of_trade_flow_sell_pressure": 0.40810192706641,
    "micro_of_kyles_lambda_buy": 0.0,
    "micro_of_kyles_lambda_sell": 0.0,
    "micro_of_kyles_lambda_avg": 0.0,
    "micro_of_amihud_illiquidity": 0.1982545045189012,
    "micro_of_spread_dynamics_current": 0.00031938830750589774,
    "micro_micro_funding_arbitrage": 0.0,
    "micro_micro_orderbook_pressure": 0.0,
    "micro_micro_liquidity_score": 0.75,
    "micro_micro_volume_spike": 0.0,
    "micro_micro_oi_divergence": 0.0,
    "micro_micro_composite_score": 0.15000000000000002,
    "fee_maker_rate": 0.0002,
    "fee_taker_rate": 0.0008,
    "fee_round_trip_cost": 0.0016,
    "fee_breakeven_move_pct": 0.16,
    "fee_net_profit_threshold": 0.16,
    "time_hour_sin": -0.7071067811865471,
    "time_hour_cos": -0.7071067811865479,
    "time_day_sin": -0.7818314824680299,
    "time_day_cos": 0.6234898018587334,
    "time_day_of_week": 6.0,
    "time_is_asian": 0.0,
    "time_is_london": 1.0,
    "time_is_ny": 1.0,
    "time_is_london_ny_overlap": 1.0,
    "time_is_weekend": 1.0,
    "time_is_us_market_hours": 1.0,
    "cross_btc_return_1m": 0.0,
    "cross_btc_return_5m": 0.03992729721815193,
    "cross_btc_return_15m": -0.003398929008424157,
    "cross_btc_correlation": 0.7638027162900836,
    "cross_btc_lead_indicator": 0.03992729721815193,
    "cross_eth_btc_ratio_change": -0.11909706453286342,
    "vol_realized_5m": 17.4490989869182,
    "vol_realized_15m": 7.40673200900952,
    "vol_realized_1h": 3.195766302545751,
    "vol_realized_4h": 2.9037867690491863,
    "vol_ratio_5m_1h": 5.460067268691779,
    "vol_ratio_15m_4h": 2.5507148417219265,
    "vol_regime": 3.0,
    "vol_expansion": 1.0,
    "vol_contraction": 0.0,
    "vol_percentile": 84.21052631578947,
    "sent_fear_greed": 25.0,
    "sent_fear_greed_change": -4.0,
    "sent_extreme_fear": 0.0,
    "sent_extreme_greed": 0.0,
    "sent_fear": 1.0,
    "sent_greed": 0.0
  },
  "output_prediction": {
    "signal": "SHORT",
    "confidence": 0.48754044991424683,
    "raw_model_outputs": {
      "xgboost": 0.21748176217079163,
      "lightgbm": 0.304743803995478,
      "lstm": 0.29303523898124695,
      "random_forest": 0.2077024058855474,
      "weighted_average": 0.2562297750428766
    }
  },
  "regime_info": {
    "regime": "trending",
    "regime_confidence": 0.8934955740252819,
    "atr_ratio": 1.0837056881359326,
    "adx_value": 49.457964502106826,
    "is_exhausted": false,
    "is_weakening": false,
    "leverage_tier": "elevated_volatility"
  },