{
  "timestamp": "2026-01-04T13:23:59.058753Z",
  "order_id": "702684475942765485",
  "stage": "Decision Making",
  "model_version": "ollama:qwen2.5:1.5b+exit_manager_v1",
  "input_features": {
    "tech_returns_1": 0.012952799121856984,
    "tech_returns_5": 0.13793285362742047,
    "tech_returns_15": -0.04541804346966938,
    "tech_returns_60": 0.8930815799294223,
    "tech_returns_240": 0.5521374218504294,
    "tech_returns_1440": 1.1002184453087507,
    "tech_rsi_14": 69.05537346148178,
    "tech_rsi_7": 64.66266519135405,
    "tech_rsi_21": 70.03034776141192,
    "tech_rsi_slope": 2.2901944989917453,
    "tech_rsi_divergence": 0.0,
    "tech_rsi_zone": 3.0,
    "tech_macd": 122.85670896527881,
    "tech_macd_signal": 158.09797361965428,
    "tech_macd_hist": -35.24126465437547,
    "tech_stoch_k": 67.97583081571295,
    "tech_stoch_d": 53.28350829768249,
    "tech_ema_cross_9_21": 1.0,
    "tech_ema_cross_50_200": 1.0,
    "tech_ema_9": 91072.56066923452,
    "tech_ema_21": 90988.61954586513,
    "tech_ema_50": 90760.02522358706,
    "tech_price_ema_9_pct": 0.04308578838361487,
    "tech_price_ema_21_pct": 0.13538006703440103,
    "tech_adx": 38.72752139370437,
    "tech_adx_7": 49.785905794857996,
    "tech_adx_10": 40.07349046062414,
    "tech_adx_roc_5": -21.53014373456665,
    "tech_adx_slope_3": -3.053700378733751,
    "tech_adx_deceleration": 1.4984582979083534,
    "tech_plus_di": 39.6559660765851,
    "tech_minus_di": 24.559510659300376,
    "tech_di_crossover": 0.0,
    "tech_atr_14": 44.79976840492568,
    "tech_atr_pct": 0.0491701057436311,
    "tech_atr_14_avg": 62.2595017073587,
    "tech_bb_upper": 91226.9703606038,
    "tech_bb_lower": 90999.0496393962,
    "tech_bb_width": 0.2501516756032973,
    "tech_bb_position": 0.49469113649000024,
    "tech_volatility_20": 0.005743502934483087,
    "tech_volume_ratio": 0.2753516189096447,
    "tech_obv": 832.3649000000056,
    "tech_momentum_10": -53.09999999999127,
    "tech_roc_10": -0.05824610129555596,
    "tech_high_low_range": 0.01975594818673322,
    "tech_body_ratio": 0.6555555555520753,
    "tech_swing_high_10": 91164.9,
    "tech_swing_low_10": 90976.8,
    "tech_price_vs_swing_high": -0.05824610129555484,
    "tech_price_vs_swing_low": 0.14838947951565673,
    "tech_swing_break_up": 0.0,
    "tech_swing_break_down": 0.0,
    "tech_volume_spike": 0.0,
    "tech_volume_spike_ratio": 0.2753516189096447,
    "micro_ob_best_bid_price": 91113.6,
    "micro_ob_best_ask_price": 91113.7,
    "micro_ob_best_bid_size": 2.918,
    "micro_ob_best_ask_size": 2.6244,
    "micro_ob_spread_absolute": 0.09999999999126885,
    "micro_ob_spread_percentage": 0.00010975303918926402,
    "micro_ob_bid_ask_size_ratio": 1.1118731900624905,
    "micro_ob_orderbook_imbalance_5": 0.05859610970158267,
    "micro_ob_orderbook_imbalance_10": -0.00901274917444911,
    "micro_ob_orderbook_imbalance_20": 0.024991930254546813,
    "micro_ob_orderbook_vwap": 91113.88127254511,
    "micro_ob_buy_impact_0.1": 0.0,
    "micro_ob_sell_impact_0.1": 0.0,
    "micro_ob_buy_impact_1.0": 0.0,
    "micro_ob_sell_impact_1.0": 0.0,
    "micro_ob_buy_impact_10.0": 0.0,
    "micro_ob_sell_impact_10.0": 0.0,
    "micro_ob_bid_depth_concentration": 0.354072492768002,
    "micro_ob_ask_depth_concentration": 0.33101686374236794,
    "micro_ob_bid_levels": 15,
    "micro_ob_ask_levels": 15,
    "micro_ob_total_bid_volume": 35.8822,
    "micro_ob_total_ask_volume": 34.132400000000004,
    "micro_ob_total_orderbook_volume": 70.0146,
    "micro_ob_order_flow_imbalance": 0.024991930254546813,
    "micro_ob_depth_imbalance_1": 0.052973441108545044,
    "micro_ob_depth_imbalance_5": 0.05859610970158267,
    "micro_ob_depth_imbalance_10": -0.00901274917444911,
    "micro_ob_depth_imbalance_20": 0.024991930254546813,
    "micro_fr_funding_rate_current": 2.898e-05,
    "micro_fr_funding_rate_abs": 2.898e-05,
    "micro_fr_funding_rate_positive": 1.0,
    "micro_fr_funding_rate_negative": 0.0,
    "micro_fr_funding_rate_high": 0.0,
    "micro_fr_funding_rate_extreme": 0.0,
    "micro_fr_hours_to_next_funding": 0.0,
    "micro_fr_funding_imminent": 1.0,
    "micro_vp_volume_current": 100.20989,
    "micro_vp_volume_mean": 3610.1613043999996,
    "micro_vp_volume_std": 13424.062111798401,
    "micro_vp_volume_max": 69150.5166,
    "micro_vp_volume_sum": 361016.13044,
    "micro_vp_volume_ratio": 0.027757732009887202,
    "micro_vp_large_volume_trade": 0.0,
    "micro_vp_recent_vwap": 91108.17212888117,
    "micro_vp_price_vwap_deviation_pct": -0.009079458722398518,
    "micro_vp_price_clustering": 0.007982299876930499,
    "micro_vp_volume_trend": -15.84590896969696,
    "micro_of_order_flow_imbalance": 0.024991930254546813,
    "micro_of_trade_flow_buy_pressure": 0.5124959651272734,
    "micro_of_trade_flow_sell_pressure": 0.4875040348727266,
    "micro_of_kyles_lambda_buy": 0.0,
    "micro_of_kyles_lambda_sell": 0.0,
    "micro_of_kyles_lambda_avg": 0.0,
    "micro_of_amihud_illiquidity": 0.04141514328372355,
    "micro_of_spread_dynamics_current": 0.00010975303918926402,
    "micro_micro_funding_arbitrage": 0.0,
    "micro_micro_orderbook_pressure": 0.0,
    "micro_micro_liquidity_score": 0.5,
    "micro_micro_volume_spike": 0.0,
    "micro_micro_oi_divergence": 0.0,
    "micro_micro_composite_score": 0.1,
    "fee_maker_rate": 0.0002,
    "fee_taker_rate": 0.0008,
    "fee_round_trip_cost": 0.0016,
    "fee_breakeven_move_pct": 0.16,
    "fee_net_profit_threshold": 0.16,
    "time_hour_sin": -0.2588190451025208,
    "time_hour_cos": -0.9659258262890683,
    "time_day_sin": -0.7818314824680299,
    "time_day_cos": 0.6234898018587334,
    "time_day_of_week": 6.0,
    "time_is_asian": 0.0,
    "time_is_london": 1.0,
    "time_is_ny": 1.0,
    "time_is_london_ny_overlap": 1.0,
    "time_is_weekend": 1.0,
    "time_is_us_market_hours": 1.0,
    "cross_btc_return_1m": 0.012952799121847321,
    "cross_btc_return_5m": 0.13793285362741423,
    "cross_btc_return_15m": -0.045418043469668844,
    "cross_btc_correlation": 1.0,
    "cross_btc_lead_indicator": 0.0,
    "cross_eth_btc_ratio_change": -0.014207294683157377,
    "vol_realized_5m": 7.12063510698121,
    "vol_realized_15m": 6.532344389463763,
    "vol_realized_1h": 13.599432342866308,
    "vol_realized_4h": 3.6725114555339307,
    "vol_ratio_5m_1h": 0.523597965522171,
    "vol_ratio_15m_4h": 1.7787131418257356,
    "vol_regime": 1.0,
    "vol_expansion": 0.0,
    "vol_contraction": 0.0,
    "vol_percentile": 45.26315789473684,
    "sent_fear_greed": 25.0,
    "sent_fear_greed_change": -4.0,
    "sent_extreme_fear": 0.0,
    "sent_extreme_greed": 0.0,
    "sent_fear": 1.0,
    "sent_greed": 0.0,
    "exit_trigger": true,
    "exit_reason": "Trailing stop hit: 91108.10 >= 91072.31",
    "position_side": "SHORT",
    "entry_price": 91282.1,
    "exit_price": 91108.1,
    "position_size": 0.0007,
    "hold_duration_hours": 0.33960441055555557
  },
  "output_prediction": {
    "signal": "EXIT_SHORT",
    "confidence": 1.0,
    "raw_model_outputs": {
      "action": "exit"
    }
  },
  "regime_info": {
    "regime": "unknown",
    "regime_confidence": 0.0,
    "atr_ratio": 1.0,
    "adx_value": 0.0,
    "is_exhausted": false,
    "is_weakening": false,
    "leverage_tier": "unknown"
  },
  "explanation": "The BTCUSDT EXIT_SHORT signal is confirmed with a high RSI of 69.1 and an ADX of 38.7, indicating overbought conditions in the market. The MACD line at 122.8567 suggests strong momentum, while the ATR (Average True Range) of 0.05% shows low volatility. The BB channel is within normal limits, and the Volatility index is 0.28, suggesting stable price movements. These indicators combined with a high confidence level of 100.0% indicate that the market may be ready for a short position in BTCUSDT.",
  "symbol": "cmt_btcusdt",
  "position_size": 0.0007,