{
  "timestamp": "2026-01-04T16:33:48.152980Z",
  "order_id": "702732250042598317",
  "stage": "Decision Making",
  "model_version": "ollama:qwen2.5:1.5b+ensemble_v1.0",
  "input_features": {
    "tech_returns_1": 0.04150092898234092,
    "tech_returns_5": 0.08847041989914484,
    "tech_returns_15": 0.12012779552716957,
    "tech_returns_60": -0.07429633715868578,
    "tech_returns_240": 0.5980488775749304,
    "tech_returns_1440": 0.9086399711399724,
    "tech_rsi_14": 54.557333151906825,
    "tech_rsi_7": 61.16973862111626,
    "tech_rsi_21": 52.71061288423357,
    "tech_rsi_slope": 5.027711133171994,
    "tech_rsi_divergence": 0.0,
    "tech_rsi_zone": 3.0,
    "tech_macd": -0.1624076011703437,
    "tech_macd_signal": -0.2383100278694233,
    "tech_macd_hist": 0.0759024266990796,
    "tech_stoch_k": 75.10204081633107,
    "tech_stoch_d": 48.26821434893768,
    "tech_ema_cross_9_21": -1.0,
    "tech_ema_cross_50_200": 1.0,
    "tech_ema_9": 3132.127032281147,
    "tech_ema_21": 3132.2405439004506,
    "tech_ema_50": 3132.5116591979977,
    "tech_price_ema_9_pct": 0.052136062874306575,
    "tech_price_ema_21_pct": 0.048510198315022346,
    "tech_adx": 15.010241365730694,
    "tech_adx_7": 33.24480073703418,
    "tech_adx_10": 21.513576143363927,
    "tech_adx_roc_5": 2.632297593511794,
    "tech_adx_slope_3": 2.1339817619547725,
    "tech_adx_deceleration": 1.176993187346433,
    "tech_plus_di": 30.412390656921286,
    "tech_minus_di": 14.683099483619328,
    "tech_di_crossover": 0.0,
    "tech_atr_14": 1.5116298215139639,
    "tech_atr_pct": 0.04823693650802754,
    "tech_atr_14_avg": 2.0151812115142205,
    "tech_bb_upper": 3134.45394913899,
    "tech_bb_lower": 3129.8480508610105,
    "tech_bb_width": 0.1470522423082277,
    "tech_bb_position": 0.8493346797718961,
    "tech_volatility_20": 0.007232100566679346,
    "tech_volume_ratio": 0.32827746993744406,
    "tech_obv": -7947.1869999999935,
    "tech_momentum_10": 1.9500000000002728,
    "tech_roc_10": 0.06226431360778495,
    "tech_high_low_range": 0.0418028183396286,
    "tech_body_ratio": 0.9923664121381675,
    "tech_swing_high_10": 3133.77,
    "tech_swing_low_10": 3130.48,
    "tech_price_vs_swing_high": -0.0003191044652212361,
    "tech_price_vs_swing_low": 0.10477626434285477,
    "tech_swing_break_up": 1.0,
    "tech_swing_break_down": 0.0,
    "tech_volume_spike": 0.0,
    "tech_volume_spike_ratio": 0.32827746993744406,
    "micro_ob_best_bid_price": 3133.3,
    "micro_ob_best_ask_price": 3133.31,
    "micro_ob_best_bid_size": 48.319,
    "micro_ob_best_ask_size": 40.252,
    "micro_ob_spread_absolute": 0.009999999999763531,
    "micro_ob_spread_percentage": 0.00031915182210999347,
    "micro_ob_bid_ask_size_ratio": 1.20041240186823,
    "micro_ob_orderbook_imbalance_5": 0.11018963092293517,
    "micro_ob_orderbook_imbalance_10": 0.045949248387371786,
    "micro_ob_orderbook_imbalance_20": 0.13576432945330172,
    "micro_ob_orderbook_vwap": 3133.312006966067,
    "micro_ob_buy_impact_0.1": 0.0,
    "micro_ob_sell_impact_0.1": 0.0,
    "micro_ob_buy_impact_1.0": 0.0,
    "micro_ob_sell_impact_1.0": 0.0,
    "micro_ob_buy_impact_10.0": 0.0,
    "micro_ob_sell_impact_10.0": 0.0,
    "micro_ob_bid_depth_concentration": 0.423566201300804,
    "micro_ob_ask_depth_concentration": 0.4461466445380655,
    "micro_ob_bid_levels": 15,
    "micro_ob_ask_levels": 15,
    "micro_ob_total_bid_volume": 216.174,
    "micro_ob_total_ask_volume": 164.493,
    "micro_ob_total_orderbook_volume": 380.66700000000003,
    "micro_ob_order_flow_imbalance": 0.13576432945330172,
    "micro_ob_depth_imbalance_1": 0.09107947296519177,
    "micro_ob_depth_imbalance_5": 0.11018963092293517,
    "micro_ob_depth_imbalance_10": 0.045949248387371786,
    "micro_ob_depth_imbalance_20": 0.13576432945330172,
    "micro_fr_funding_rate_current": 7.989e-05,
    "micro_fr_funding_rate_abs": 7.989e-05,
    "micro_fr_funding_rate_mean": 5.7862926829268304e-05,
    "micro_fr_funding_rate_std": 1.1081056180157954e-05,
    "micro_fr_funding_rate_min": 4.022e-05,
    "micro_fr_funding_rate_max": 7.989e-05,
    "micro_fr_funding_rate_skew": 0.2722325834485307,
    "micro_fr_funding_rate_kurtosis": -0.9264361182918619,
    "micro_fr_funding_rate_trend": 1.4449999999999896e-06,
    "micro_fr_funding_rate_change": 9.400000000000012e-07,
    "micro_fr_funding_rate_change_abs": 9.400000000000012e-07,
    "micro_fr_funding_rate_positive": 1.0,
    "micro_fr_funding_rate_negative": 0.0,
    "micro_fr_funding_rate_high": 0.0,
    "micro_fr_funding_rate_extreme": 0.0,
    "micro_fr_hours_to_next_funding": 0.0,
    "micro_fr_funding_imminent": 1.0,
    "micro_vp_volume_current": 109.6417,
    "micro_vp_volume_mean": 1305.9159979,
    "micro_vp_volume_std": 4636.41737997045,
    "micro_vp_volume_max": 33504.302,
    "micro_vp_volume_sum": 130591.59979000001,
    "micro_vp_volume_ratio": 0.08395769726101154,
    "micro_vp_large_volume_trade": 0.0,
    "micro_vp_recent_vwap": 3133.0454416890816,
    "micro_vp_price_vwap_deviation_pct": -0.013579173906023685,
    "micro_vp_price_clustering": 0.7619725488413974,
    "micro_vp_volume_trend": -645.5862280000002,
    "micro_of_order_flow_imbalance": 0.13576432945330172,
    "micro_of_trade_flow_buy_pressure": 0.5678821647266509,
    "micro_of_trade_flow_sell_pressure": 0.4321178352733491,
    "micro_of_kyles_lambda_buy": 0.0,
    "micro_of_kyles_lambda_sell": 0.0,
    "micro_of_kyles_lambda_avg": 0.0,
    "micro_of_amihud_illiquidity": 0.07907642108662549,
    "micro_of_spread_dynamics_current": 0.00031915182210999347,
    "micro_micro_funding_arbitrage": 0.0,
    "micro_micro_orderbook_pressure": 0.0,
    "micro_micro_liquidity_score": 0.75,
    "micro_micro_volume_spike": 0.0,
    "micro_micro_oi_divergence": 0.0,
    "micro_micro_composite_score": 0.15000000000000002,
    "fee_maker_rate": 0.0002,
    "fee_taker_rate": 0.0008,
    "fee_round_trip_cost": 0.0016,
    "fee_breakeven_move_pct": 0.16,
    "fee_net_profit_threshold": 0.16,
    "time_hour_sin": -0.8660254037844384,
    "time_hour_cos": -0.5000000000000004,
    "time_day_sin": -0.7818314824680299,
    "time_day_cos": 0.6234898018587334,
    "time_day_of_week": 6.0,
    "time_is_asian": 0.0,
    "time_is_london": 1.0,
    "time_is_ny": 1.0,
    "time_is_london_ny_overlap": 1.0,
    "time_is_weekend": 1.0,
    "time_is_us_market_hours": 1.0,
    "cross_btc_return_1m": 0.019934304418747054,
    "cross_btc_return_5m": 0.04590462793149663,
    "cross_btc_return_15m": 0.11818840635323302,
    "cross_btc_correlation": 0.9407669508144109,
    "cross_btc_lead_indicator": 0.04590462793149663,
    "cross_eth_btc_ratio_change": 0.0019370997466216708,
    "vol_realized_5m": 11.528127784562143,
    "vol_realized_15m": 7.425898122658306,
    "vol_realized_1h": 5.510036340914276,
    "vol_realized_4h": 3.043583935165197,
    "vol_ratio_5m_1h": 2.0922053996197945,
    "vol_ratio_15m_4h": 2.439853239091055,
    "vol_regime": 2.0,
    "vol_expansion": 1.0,
    "vol_contraction": 0.0,
    "vol_percentile": 57.89473684210527,
    "sent_fear_greed": 25.0,
    "sent_fear_greed_change": -4.0,
    "sent_extreme_fear": 0.0,
    "sent_extreme_greed": 0.0,
    "sent_fear": 1.0,
    "sent_greed": 0.0
  },
  "output_prediction": {
    "signal": "SHORT",
    "confidence": 0.5457196508178436,
    "raw_model_outputs": {
      "xgboost": 0.18690666556358337,
      "lightgbm": 0.14708742444328837,
      "lstm": 0.31983330845832825,
      "random_forest": 0.27168995475770485,
      "weighted_average": 0.22714017459107821
    }
  },
  "regime_info": {
    "regime": "ranging",
    "regime_confidence": 0.7494879317134653,
    "atr_ratio": 0.7501210376897645,
    "adx_value": 15.010241365730694,
    "is_exhausted": false,
    "is_weakening": false,
    "leverage_tier": "normal_volatility"
  },