{
  "timestamp": "2026-01-04T23:53:29.349037Z",
  "order_id": "702842900693648301",
  "stage": "Decision Making",
  "model_version": "ollama:qwen2.5:1.5b+ensemble_v1.0",
  "input_features": {
    "tech_returns_1": 0.03734408843081294,
    "tech_returns_5": 0.20948675744425493,
    "tech_returns_15": -0.07460459564309074,
    "tech_returns_60": -0.014929829799947836,
    "tech_returns_240": -0.39413995686770065,
    "tech_returns_1440": 0.44237834595486497,
    "tech_rsi_14": 50.707484512813394,
    "tech_rsi_7": 57.024166408527435,
    "tech_rsi_21": 49.35662983227554,
    "tech_rsi_slope": 2.307810174500972,
    "tech_rsi_divergence": 0.0,
    "tech_rsi_zone": 3.0,
    "tech_macd": -0.051708640154657814,
    "tech_macd_signal": -0.06109373359675864,
    "tech_macd_hist": 0.009385093442100825,
    "tech_stoch_k": 73.07692307692076,
    "tech_stoch_d": 61.328671328668925,
    "tech_ema_cross_9_21": -1.0,
    "tech_ema_cross_50_200": -1.0,
    "tech_ema_9": 133.86339688463656,
    "tech_ema_21": 133.9040988670155,
    "tech_ema_50": 133.9769528249728,
    "tech_price_ema_9_pct": 0.057224840506218934,
    "tech_price_ema_21_pct": 0.026811078442151647,
    "tech_adx": 23.882607012425552,
    "tech_adx_7": 22.178589799250027,
    "tech_adx_10": 24.97549880945595,
    "tech_adx_roc_5": -5.383567831060617,
    "tech_adx_slope_3": -1.657924441147296,
    "tech_adx_deceleration": 0.25506529863804595,
    "tech_plus_di": 15.61032613190339,
    "tech_minus_di": 20.64042562698462,
    "tech_di_crossover": 0.0,
    "tech_atr_14": 0.13856091749379887,
    "tech_atr_pct": 0.10344999066283327,
    "tech_atr_14_avg": 0.1503107554228175,
    "tech_bb_upper": 134.18026692478458,
    "tech_bb_lower": 133.65373307521543,
    "tech_bb_width": 0.39317924503173457,
    "tech_bb_position": 0.5436819019685374,
    "tech_volatility_20": 0.010746658127620514,
    "tech_volume_ratio": 0.3790532944784607,
    "tech_obv": 2592.1999999999716,
    "tech_momentum_10": 0.009999999999990905,
    "tech_roc_10": 0.007466587023063909,
    "tech_high_low_range": 0.06719426608929625,
    "tech_body_ratio": 0.5555555549383769,
    "tech_swing_high_10": 133.97,
    "tech_swing_low_10": 133.56,
    "tech_price_vs_swing_high": -0.022393073076062656,
    "tech_price_vs_swing_low": 0.2845163222521679,
    "tech_swing_break_up": 0.0,
    "tech_swing_break_down": 0.0,
    "tech_volume_spike": 0.0,
    "tech_volume_spike_ratio": 0.3790532944784607,
    "micro_ob_best_bid_price": 133.86,
    "micro_ob_best_ask_price": 133.87,
    "micro_ob_best_bid_size": 2902.5,
    "micro_ob_best_ask_size": 2530.2,
    "micro_ob_spread_absolute": 0.009999999999990905,
    "micro_ob_spread_percentage": 0.007470212527539614,
    "micro_ob_bid_ask_size_ratio": 1.147142518377994,
    "micro_ob_orderbook_imbalance_5": -0.07054724414968944,
    "micro_ob_orderbook_imbalance_10": -0.05373403374672166,
    "micro_ob_orderbook_imbalance_20": -0.04305063809311777,
    "micro_ob_orderbook_vwap": 133.86449457282777,
    "micro_ob_buy_impact_0.1": 0.0,
    "micro_ob_sell_impact_0.1": 0.0,
    "micro_ob_buy_impact_1.0": 0.0,
    "micro_ob_sell_impact_1.0": 0.0,
    "micro_ob_buy_impact_10.0": 0.0,
    "micro_ob_sell_impact_10.0": 0.0,
    "micro_ob_bid_depth_concentration": 0.49748777659786036,
    "micro_ob_ask_depth_concentration": 0.52570789224546,
    "micro_ob_bid_levels": 15,
    "micro_ob_ask_levels": 15,
    "micro_ob_total_bid_volume": 26649.7,
    "micro_ob_total_ask_volume": 29047.5,
    "micro_ob_total_orderbook_volume": 55697.2,
    "micro_ob_order_flow_imbalance": -0.04305063809311777,
    "micro_ob_depth_imbalance_1": 0.06852946048925952,
    "micro_ob_depth_imbalance_5": -0.07054724414968944,
    "micro_ob_depth_imbalance_10": -0.05373403374672166,
    "micro_ob_depth_imbalance_20": -0.04305063809311777,
    "micro_fr_funding_rate_current": 5.305e-05,
    "micro_fr_funding_rate_abs": 5.305e-05,
    "micro_fr_funding_rate_mean": 5.449818181818181e-05,
    "micro_fr_funding_rate_std": 3.8035346037723474e-06,
    "micro_fr_funding_rate_min": 4.828e-05,
    "micro_fr_funding_rate_max": 6.179e-05,
    "micro_fr_funding_rate_skew": 0.3432210669567447,
    "micro_fr_funding_rate_kurtosis": -0.83517091104014,
    "micro_fr_funding_rate_trend": -2.5000000000000444e-07,
    "micro_fr_funding_rate_change": -1.23e-06,
    "micro_fr_funding_rate_change_abs": 1.23e-06,
    "micro_fr_funding_rate_positive": 1.0,
    "micro_fr_funding_rate_negative": 0.0,
    "micro_fr_funding_rate_high": 0.0,
    "micro_fr_funding_rate_extreme": 0.0,
    "micro_fr_hours_to_next_funding": 0.0,
    "micro_fr_funding_imminent": 1.0,
    "micro_vp_volume_current": 374.948,
    "micro_vp_volume_mean": 853.88757,
    "micro_vp_volume_std": 1001.7024364130423,
    "micro_vp_volume_max": 9330.739,
    "micro_vp_volume_sum": 85388.757,
    "micro_vp_volume_ratio": 0.4391069892257595,
    "micro_vp_large_volume_trade": 0.0,
    "micro_vp_recent_vwap": 133.90114278358683,
    "micro_vp_price_vwap_deviation_pct": 0.00661474295815169,
    "micro_vp_price_clustering": 0.0,
    "micro_vp_volume_trend": -2.8405151515151497,
    "micro_of_order_flow_imbalance": -0.04305063809311777,
    "micro_of_trade_flow_buy_pressure": 0.47847468095344114,
    "micro_of_trade_flow_sell_pressure": 0.521525319046559,
    "micro_of_kyles_lambda_buy": 0.0,
    "micro_of_kyles_lambda_sell": 0.0,
    "micro_of_kyles_lambda_avg": 0.0,
    "micro_of_amihud_illiquidity": 0.03880256884632566,
    "micro_of_spread_dynamics_current": 0.007470212527539614,
    "micro_micro_funding_arbitrage": 0.0,
    "micro_micro_orderbook_pressure": 0.0,
    "micro_micro_liquidity_score": 1.0,
    "micro_micro_volume_spike": 0.0,
    "micro_micro_oi_divergence": 0.0,
    "micro_micro_composite_score": 0.2,
    "fee_maker_rate": 0.0002,
    "fee_taker_rate": 0.0008,
    "fee_round_trip_cost": 0.0016,
    "fee_breakeven_move_pct": 0.16,
    "fee_net_profit_threshold": 0.16,
    "time_hour_sin": -0.25881904510252157,
    "time_hour_cos": 0.9659258262890681,
    "time_day_sin": -0.7818314824680299,
    "time_day_cos": 0.6234898018587334,
    "time_day_of_week": 6.0,
    "time_is_asian": 0.0,
    "time_is_london": 0.0,
    "time_is_ny": 0.0,
    "time_is_london_ny_overlap": 0.0,
    "time_is_weekend": 1.0,
    "time_is_us_market_hours": 0.0,
    "cross_btc_return_1m": 0.016194969929883344,
    "cross_btc_return_5m": 0.17349295123237307,
    "cross_btc_return_15m": 0.10459368911250885,
    "cross_btc_correlation": 0.8590093828988825,
    "cross_btc_lead_indicator": 0.17349295123237307,
    "cross_eth_btc_ratio_change": -0.09016607111706738,
    "vol_realized_5m": 24.70071315639209,
    "vol_realized_15m": 11.814881181129588,
    "vol_realized_1h": 9.171511967739537,
    "vol_realized_4h": 3.508078938241236,
    "vol_ratio_5m_1h": 2.6931996865158068,
    "vol_ratio_15m_4h": 3.3679063068782997,
    "vol_regime": 3.0,
    "vol_expansion": 1.0,
    "vol_contraction": 0.0,
    "vol_percentile": 89.47368421052632,
    "sent_fear_greed": 25.0,
    "sent_fear_greed_change": -4.0,
    "sent_extreme_fear": 0.0,
    "sent_extreme_greed": 0.0,
    "sent_fear": 1.0,
    "sent_greed": 0.0
  },
  "output_prediction": {
    "signal": "SHORT",
    "confidence": 0.46050366449672653,
    "raw_model_outputs": {
      "xgboost": 0.29569536447525024,
      "lightgbm": 0.2380775344480997,
      "lstm": 0.23742426931858063,
      "random_forest": 0.31082053733695786,
      "weighted_average": 0.26974816775163674
    }
  },
  "regime_info": {
    "regime": "ranging",
    "regime_confidence": 0.5,
    "atr_ratio": 0.921829692785677,
    "adx_value": 23.882607012425552,
    "is_exhausted": false,
    "is_weakening": false,
    "leverage_tier": "normal_volatility"
  },