{
  "timestamp": "2026-01-04T14:10:02.001436Z",
  "order_id": "702696069779162029",
  "stage": "Decision Making",
  "model_version": "ollama:qwen2.5:1.5b+exit_manager_v1",
  "input_features": {
    "tech_returns_1": 0.03571956851637914,
    "tech_returns_5": 0.09187055241828279,
    "tech_returns_15": 0.0774977967387569,
    "tech_returns_60": 0.1635765222161245,
    "tech_returns_240": 0.7687417358883675,
    "tech_returns_1440": 1.1002184453087507,
    "tech_rsi_14": 64.60684423929686,
    "tech_rsi_7": 67.08838094771929,
    "tech_rsi_21": 64.49716551220392,
    "tech_rsi_slope": -1.3926151648525789,
    "tech_rsi_divergence": 0.0,
    "tech_rsi_zone": 3.0,
    "tech_macd": 27.29823871755798,
    "tech_macd_signal": 25.092238659171894,
    "tech_macd_hist": 2.206000058386085,
    "tech_stoch_k": 88.71442590775366,
    "tech_stoch_d": 84.58655825884182,
    "tech_ema_cross_9_21": 1.0,
    "tech_ema_cross_50_200": 1.0,
    "tech_ema_9": 91254.46609931102,
    "tech_ema_21": 91230.84081875454,
    "tech_ema_50": 91143.09434918273,
    "tech_price_ema_9_pct": 0.04891146986758519,
    "tech_price_ema_21_pct": 0.07482029172686389,
    "tech_adx": 30.188872686618307,
    "tech_adx_7": 51.05327277884163,
    "tech_adx_10": 37.939066210602746,
    "tech_adx_roc_5": 11.401296284886286,
    "tech_adx_slope_3": 4.69291214285067,
    "tech_adx_deceleration": -0.3290612758307825,
    "tech_plus_di": 41.62416531437195,
    "tech_minus_di": 10.119660648586153,
    "tech_di_crossover": 0.0,
    "tech_atr_14": 30.33954714352738,
    "tech_atr_pct": 0.03323093781157468,
    "tech_atr_14_avg": 20.398316003622163,
    "tech_bb_upper": 91291.19025624805,
    "tech_bb_lower": 91169.07974375194,
    "tech_bb_width": 0.13384887843925447,
    "tech_bb_position": 1.0647752891234787,
    "tech_volatility_20": 0.004744166189333736,
    "tech_volume_ratio": 1.955784138581127,
    "tech_obv": 1084.9480000000055,
    "tech_momentum_10": 71.70000000001164,
    "tech_roc_10": 0.07859480813878772,
    "tech_high_low_range": 0.0483027762595752,
    "tech_body_ratio": 0.7392290249416688,
    "tech_swing_high_10": 91310.6,
    "tech_swing_low_10": 91208.7,
    "tech_price_vs_swing_high": -0.012594375680370076,
    "tech_price_vs_swing_low": 0.09911335212540989,
    "tech_swing_break_up": 1.0,
    "tech_swing_break_down": 0.0,
    "tech_volume_spike": 1.0,
    "tech_volume_spike_ratio": 1.955784138581127,
    "micro_ob_best_bid_price": 91298.9,
    "micro_ob_best_ask_price": 91299.0,
    "micro_ob_best_bid_size": 2.8754,
    "micro_ob_best_ask_size": 2.5762,
    "micro_ob_spread_absolute": 0.10000000000582077,
    "micro_ob_spread_percentage": 0.0001095302848563108,
    "micro_ob_bid_ask_size_ratio": 1.1161400512382578,
    "micro_ob_orderbook_imbalance_5": 0.03339817171150254,
    "micro_ob_orderbook_imbalance_10": -0.0027848813632263027,
    "micro_ob_orderbook_imbalance_20": -0.013440394045597954,
    "micro_ob_orderbook_vwap": 91298.811015592,
    "micro_ob_buy_impact_0.1": 0.0,
    "micro_ob_sell_impact_0.1": 0.0,
    "micro_ob_buy_impact_1.0": 0.0,
    "micro_ob_sell_impact_1.0": 0.0,
    "micro_ob_buy_impact_10.0": 0.0,
    "micro_ob_sell_impact_10.0": 0.0,
    "micro_ob_bid_depth_concentration": 0.39708297882397425,
    "micro_ob_ask_depth_concentration": 0.36156494180645865,
    "micro_ob_bid_levels": 15,
    "micro_ob_ask_levels": 15,
    "micro_ob_total_bid_volume": 33.8496,
    "micro_ob_total_ask_volume": 34.7719,
    "micro_ob_total_orderbook_volume": 68.6215,
    "micro_ob_order_flow_imbalance": -0.013440394045597954,
    "micro_ob_depth_imbalance_1": 0.05488297013720741,
    "micro_ob_depth_imbalance_5": 0.03339817171150254,
    "micro_ob_depth_imbalance_10": -0.0027848813632263027,
    "micro_ob_depth_imbalance_20": -0.013440394045597954,
    "micro_fr_funding_rate_current": 3.097e-05,
    "micro_fr_funding_rate_abs": 3.097e-05,
    "micro_fr_funding_rate_mean": 2.9753846153846153e-05,
    "micro_fr_funding_rate_std": 1.7399228031572966e-06,
    "micro_fr_funding_rate_min": 2.619e-05,
    "micro_fr_funding_rate_max": 3.151e-05,
    "micro_fr_funding_rate_skew": -0.7941741477884112,
    "micro_fr_funding_rate_kurtosis": -0.825335790308634,
    "micro_fr_funding_rate_trend": 1.1900000000000158e-07,
    "micro_fr_funding_rate_change": -4.699999999999938e-07,
    "micro_fr_funding_rate_change_abs": 4.699999999999938e-07,
    "micro_fr_funding_rate_positive": 1.0,
    "micro_fr_funding_rate_negative": 0.0,
    "micro_fr_funding_rate_high": 0.0,
    "micro_fr_funding_rate_extreme": 0.0,
    "micro_fr_hours_to_next_funding": 0.0,
    "micro_fr_funding_imminent": 1.0,
    "micro_vp_volume_current": 392.55431,
    "micro_vp_volume_mean": 1370.4532495,
    "micro_vp_volume_std": 7523.730006114083,
    "micro_vp_volume_max": 61243.0338,
    "micro_vp_volume_sum": 137045.32495,
    "micro_vp_volume_ratio": 0.2864412267570751,
    "micro_vp_large_volume_trade": 0.0,
    "micro_vp_recent_vwap": 91296.5991651291,
    "micro_vp_price_vwap_deviation_pct": -0.005366207694372805,
    "micro_vp_price_clustering": 0.9039172749561647,
    "micro_vp_volume_trend": 1366.7648310303032,
    "micro_of_order_flow_imbalance": -0.013440394045597954,
    "micro_of_trade_flow_buy_pressure": 0.4932798029772011,
    "micro_of_trade_flow_sell_pressure": 0.506720197022799,
    "micro_of_kyles_lambda_buy": 0.0,
    "micro_of_kyles_lambda_sell": 0.0,
    "micro_of_kyles_lambda_avg": 0.0,
    "micro_of_amihud_illiquidity": 0.019100548991538527,
    "micro_of_spread_dynamics_current": 0.0001095302848563108,
    "micro_micro_funding_arbitrage": 0.0,
    "micro_micro_orderbook_pressure": 0.0,
    "micro_micro_liquidity_score": 0.5,
    "micro_micro_volume_spike": 0.0,
    "micro_micro_oi_divergence": 0.0,
    "micro_micro_composite_score": 0.1,
    "fee_maker_rate": 0.0002,
    "fee_taker_rate": 0.0008,
    "fee_round_trip_cost": 0.0016,
    "fee_breakeven_move_pct": 0.16,
    "fee_net_profit_threshold": 0.16,
    "time_hour_sin": -0.4999999999999997,
    "time_hour_cos": -0.8660254037844388,
    "time_day_sin": -0.7818314824680299,
    "time_day_cos": 0.6234898018587334,
    "time_day_of_week": 6.0,
    "time_is_asian": 0.0,
    "time_is_london": 1.0,
    "time_is_ny": 1.0,
    "time_is_london_ny_overlap": 1.0,
    "time_is_weekend": 1.0,
    "time_is_us_market_hours": 1.0,
    "cross_btc_return_1m": 0.035719568516384234,
    "cross_btc_return_5m": 0.09187055241829267,
    "cross_btc_return_15m": 0.07749779673874764,
    "cross_btc_correlation": 1.0,
    "cross_btc_lead_indicator": 0.0,
    "cross_eth_btc_ratio_change": -0.05228825977674505,
    "vol_realized_5m": 14.534598134090086,
    "vol_realized_15m": 6.120416164463073,
    "vol_realized_1h": 2.7237324394383875,
    "vol_realized_4h": 3.6756225430389846,
    "vol_ratio_5m_1h": 5.336279703408389,
    "vol_ratio_15m_4h": 1.6651372911111668,
    "vol_regime": 3.0,
    "vol_expansion": 1.0,
    "vol_contraction": 0.0,
    "vol_percentile": 96.84210526315789,
    "sent_fear_greed": 25.0,
    "sent_fear_greed_change": -4.0,
    "sent_extreme_fear": 0.0,
    "sent_extreme_greed": 0.0,
    "sent_fear": 1.0,
    "sent_greed": 0.0,
    "exit_trigger": true,
    "exit_reason": "Trailing stop hit: 91307.50 >= 91300.52",
    "position_side": "SHORT",
    "entry_price": 91243.7,
    "exit_price": 91307.5,
    "position_size": 0.0002,
    "hold_duration_hours": 0.12157639555555556
  },
  "output_prediction": {
    "signal": "EXIT_SHORT",
    "confidence": 1.0,
    "raw_model_outputs": {
      "action": "exit"
    }
  },
  "regime_info": {
    "regime": "unknown",
    "regime_confidence": 0.0,
    "atr_ratio": 1.0,
    "adx_value": 0.0,
    "is_exhausted": false,
    "is_weakening": false,
    "leverage_tier": "unknown"
  },