{
  "timestamp": "2026-01-04T02:15:12.304316Z",
  "order_id": "702516179347964845",
  "stage": "Decision Making",
  "model_version": "ollama:qwen2.5:1.5b+ensemble_v1.0",
  "input_features": {
    "tech_returns_1": 0.005599141025891541,
    "tech_returns_5": -0.010428100987924793,
    "tech_returns_15": -0.15531796887502392,
    "tech_returns_60": 1.4528991156750548,
    "tech_returns_240": 1.3019379491502336,
    "tech_returns_1440": 0.9987706415921884,
    "tech_rsi_14": 72.14847371254001,
    "tech_rsi_7": 62.816948656342674,
    "tech_rsi_21": 73.095796526737,
    "tech_rsi_slope": -0.12231489319691491,
    "tech_rsi_divergence": 0.0,
    "tech_rsi_zone": 4.0,
    "tech_macd": 217.04029028947116,
    "tech_macd_signal": 268.7071903887063,
    "tech_macd_hist": -51.666900099235136,
    "tech_stoch_k": 15.6250000000005,
    "tech_stoch_d": 13.603152156090731,
    "tech_ema_cross_9_21": 1.0,
    "tech_ema_cross_50_200": 1.0,
    "tech_ema_9": 91086.06013179653,
    "tech_ema_21": 90929.21736979215,
    "tech_ema_50": 90536.31074361525,
    "tech_price_ema_9_pct": 0.004874366282877896,
    "tech_price_ema_21_pct": 0.17737162473524892,
    "tech_adx": 45.49945562232327,
    "tech_adx_7": 35.00360732272847,
    "tech_adx_10": 20.145683885104514,
    "tech_adx_roc_5": -14.760169036147659,
    "tech_adx_slope_3": -2.477012879766203,
    "tech_adx_deceleration": 0.4017987273933592,
    "tech_plus_di": 41.80670458589743,
    "tech_minus_di": 22.212475634529973,
    "tech_di_crossover": 0.0,
    "tech_atr_14": 34.83205249022905,
    "tech_atr_pct": 0.03823895191071413,
    "tech_atr_14_avg": 96.00958661825904,
    "tech_bb_upper": 91247.75549815326,
    "tech_bb_lower": 91033.81450184675,
    "tech_bb_width": 0.23473683741753135,
    "tech_bb_position": 0.2649585592844463,
    "tech_volatility_20": 0.004688367378773717,
    "tech_volume_ratio": 0.08644505393796507,
    "tech_obv": 1187.0468999999994,
    "tech_momentum_10": -31.69999999999709,
    "tech_roc_10": -0.03478844891804389,
    "tech_high_low_range": 0.005598827539651029,
    "tech_body_ratio": 0.9999999999803921,
    "tech_swing_high_10": 91150.5,
    "tech_swing_low_10": 91062.0,
    "tech_price_vs_swing_high": -0.0658252011782711,
    "tech_price_vs_swing_low": 0.03129735784410621,
    "tech_swing_break_up": 0.0,
    "tech_swing_break_down": 0.0,
    "tech_volume_spike": 0.0,
    "tech_volume_spike_ratio": 0.08644505393796507,
    "micro_ob_best_bid_price": 91089.5,
    "micro_ob_best_ask_price": 91089.6,
    "micro_ob_best_bid_size": 2.4415,
    "micro_ob_best_ask_size": 2.5151,
    "micro_ob_spread_absolute": 0.10000000000582077,
    "micro_ob_spread_percentage": 0.00010978207709426687,
    "micro_ob_bid_ask_size_ratio": 0.97073675002982,
    "micro_ob_orderbook_imbalance_5": -0.01949512226023058,
    "micro_ob_orderbook_imbalance_10": -0.0021217253341559764,
    "micro_ob_orderbook_imbalance_20": 0.02299213871197262,
    "micro_ob_orderbook_vwap": 91089.82432575934,
    "micro_ob_buy_impact_0.1": 0.0,
    "micro_ob_sell_impact_0.1": 0.0,
    "micro_ob_buy_impact_1.0": 0.0,
    "micro_ob_sell_impact_1.0": 0.0,
    "micro_ob_buy_impact_10.0": 0.0004282420825195753,
    "micro_ob_sell_impact_10.0": 0.00022554191205907115,
    "micro_ob_bid_depth_concentration": 0.34938630399819415,
    "micro_ob_ask_depth_concentration": 0.3803781032205838,
    "micro_ob_bid_levels": 15,
    "micro_ob_ask_levels": 15,
    "micro_ob_total_bid_volume": 35.441,
    "micro_ob_total_ask_volume": 33.8479,
    "micro_ob_total_orderbook_volume": 69.28890000000001,
    "micro_ob_order_flow_imbalance": 0.02299213871197262,
    "micro_ob_depth_imbalance_1": -0.014848888350885665,
    "micro_ob_depth_imbalance_5": -0.01949512226023058,
    "micro_ob_depth_imbalance_10": -0.0021217253341559764,
    "micro_ob_depth_imbalance_20": 0.02299213871197262,
    "micro_fr_funding_rate_current": 0.0001,
    "micro_fr_funding_rate_abs": 0.0001,
    "micro_fr_funding_rate_positive": 1.0,
    "micro_fr_funding_rate_negative": 0.0,
    "micro_fr_funding_rate_high": 0.0,
    "micro_fr_funding_rate_extreme": 0.0,
    "micro_fr_hours_to_next_funding": 0.0,
    "micro_fr_funding_imminent": 1.0,
    "micro_vp_volume_current": 145.73648,
    "micro_vp_volume_mean": 1113.2842690999998,
    "micro_vp_volume_std": 6801.002965413718,
    "micro_vp_volume_max": 66449.5714,
    "micro_vp_volume_sum": 111328.42691,
    "micro_vp_volume_ratio": 0.13090679895963692,
    "micro_vp_large_volume_trade": 0.0,
    "micro_vp_recent_vwap": 91088.55093077882,
    "micro_vp_price_vwap_deviation_pct": -0.0035689784781884264,
    "micro_vp_price_clustering": 0.0,
    "micro_vp_volume_trend": -4.029834484848472,
    "micro_of_order_flow_imbalance": 0.02299213871197262,
    "micro_of_trade_flow_buy_pressure": 0.5114960693559862,
    "micro_of_trade_flow_sell_pressure": 0.48850393064401365,
    "micro_of_kyles_lambda_buy": 4.282420825195753e-05,
    "micro_of_kyles_lambda_sell": 2.2554191205907113e-05,
    "micro_of_kyles_lambda_avg": 3.2689199728932325e-05,
    "micro_of_amihud_illiquidity": 0.0072647482998178916,
    "micro_of_spread_dynamics_current": 0.00010978207709426687,
    "micro_micro_funding_arbitrage": 0.0,
    "micro_micro_orderbook_pressure": 0.0,
    "micro_micro_liquidity_score": 0.5,
    "micro_micro_volume_spike": 0.0,
    "micro_micro_oi_divergence": 0.0,
    "micro_micro_composite_score": 0.1,
    "fee_maker_rate": 0.0002,
    "fee_taker_rate": 0.0008,
    "fee_round_trip_cost": 0.0016,
    "fee_breakeven_move_pct": 0.16,
    "fee_net_profit_threshold": 0.16,
    "time_hour_sin": 0.49999999999999994,
    "time_hour_cos": 0.8660254037844387,
    "time_day_sin": -0.7818314824680299,
    "time_day_cos": 0.6234898018587334,
    "time_day_of_week": 6.0,
    "time_is_asian": 1.0,
    "time_is_london": 0.0,
    "time_is_ny": 0.0,
    "time_is_london_ny_overlap": 0.0,
    "time_is_weekend": 1.0,
    "time_is_us_market_hours": 0.0,
    "cross_btc_return_1m": 0.005599141025900771,
    "cross_btc_return_5m": -0.010428100987925357,
    "cross_btc_return_15m": -0.1553179688750212,
    "cross_btc_correlation": 1.0,
    "cross_btc_lead_indicator": 0.0,
    "cross_eth_btc_ratio_change": -0.09729986621539358,
    "vol_realized_5m": 4.025452694048023,
    "vol_realized_15m": 5.533603986985958,
    "vol_realized_1h": 21.591830916659692,
    "vol_realized_4h": 5.534322852322622,
    "vol_ratio_5m_1h": 0.18643405969533083,
    "vol_ratio_15m_4h": 0.9998701078061678,
    "vol_regime": 0.0,
    "vol_expansion": 0.0,
    "vol_contraction": 1.0,
    "vol_percentile": 0.0,
    "sent_fear_greed": 25.0,
    "sent_fear_greed_change": -4.0,
    "sent_extreme_fear": 0.0,
    "sent_extreme_greed": 0.0,
    "sent_fear": 1.0,
    "sent_greed": 0.0
  },
  "output_prediction": {
    "signal": "SHORT",
    "confidence": 0.594477951387873,
    "raw_model_outputs": {
      "xgboost": 0.11835639923810959,
      "lightgbm": 0.040775162150344976,
      "lstm": 0.3029960095882416,
      "random_forest": 0.4065565430987587,
      "weighted_average": 0.20276102430606352
    }
  },
  "regime_info": {
    "regime": "low_volatility",
    "regime_confidence": 0.5548809396348147,
    "atr_ratio": 0.3627976509129633,
    "adx_value": 45.49945562232327,
    "is_exhausted": false,
    "is_weakening": false,
    "leverage_tier": "low_volatility"
  },