{
  "timestamp": "2026-01-04T17:22:44.652510Z",
  "order_id": "702744550879265709",
  "stage": "Decision Making",
  "model_version": "ollama:qwen2.5:1.5b+ensemble_v1.0",
  "input_features": {
    "tech_returns_1": 0.0679085752908426,
    "tech_returns_5": 0.1375068195087481,
    "tech_returns_15": 0.004460644371939715,
    "tech_returns_60": 0.20272319504524017,
    "tech_returns_240": 0.14805077120412236,
    "tech_returns_1440": 0.9086399711399724,
    "tech_rsi_14": 56.869901407755926,
    "tech_rsi_7": 64.32270685450393,
    "tech_rsi_21": 55.22617813758881,
    "tech_rsi_slope": 8.256893995846362,
    "tech_rsi_divergence": 0.0,
    "tech_rsi_zone": 3.0,
    "tech_macd": -0.2727034883541819,
    "tech_macd_signal": -0.1931357238194252,
    "tech_macd_hist": -0.0795677645347567,
    "tech_stoch_k": 77.48691099476332,
    "tech_stoch_d": 41.53577661431047,
    "tech_ema_cross_9_21": -1.0,
    "tech_ema_cross_50_200": 1.0,
    "tech_ema_9": 3136.5333814296027,
    "tech_ema_21": 3136.878542817073,
    "tech_ema_50": 3136.4751494377256,
    "tech_price_ema_9_pct": 0.06907685354872749,
    "tech_price_ema_21_pct": 0.05806591355274213,
    "tech_adx": 37.76411331391871,
    "tech_adx_7": 67.31896347770966,
    "tech_adx_10": 51.665556753327216,
    "tech_adx_roc_5": 1.6823860192652518,
    "tech_adx_slope_3": -3.15012561808523,
    "tech_adx_deceleration": -1.5296032994308426,
    "tech_plus_di": 28.813480667056673,
    "tech_minus_di": 14.439063422697263,
    "tech_di_crossover": 0.0,
    "tech_atr_14": 1.6166816192639486,
    "tech_atr_pct": 0.05150800074119695,
    "tech_atr_14_avg": 1.2331841049369818,
    "tech_bb_upper": 3140.756477598361,
    "tech_bb_lower": 3133.952522401639,
    "tech_bb_width": 0.21686918697654983,
    "tech_bb_position": 0.6977526249214715,
    "tech_volatility_20": 0.006171141676232769,
    "tech_volume_ratio": 1.336216807180964,
    "tech_obv": -216.44400000000417,
    "tech_momentum_10": 0.9899999999997817,
    "tech_roc_10": 0.03155167303541262,
    "tech_high_low_range": 0.08634147895625693,
    "tech_body_ratio": 0.7859778597494568,
    "tech_swing_high_10": 3138.71,
    "tech_swing_low_10": 3134.26,
    "tech_price_vs_swing_high": -0.00031860222831093913,
    "tech_price_vs_swing_low": 0.14166023239934147,
    "tech_swing_break_up": 1.0,
    "tech_swing_break_down": 0.0,
    "tech_volume_spike": 0.0,
    "tech_volume_spike_ratio": 1.336216807180964,
    "micro_ob_best_bid_price": 3136.79,
    "micro_ob_best_ask_price": 3136.8,
    "micro_ob_best_bid_size": 47.597,
    "micro_ob_best_ask_size": 42.278,
    "micro_ob_spread_absolute": 0.010000000000218279,
    "micro_ob_spread_percentage": 0.0003187967336156261,
    "micro_ob_bid_ask_size_ratio": 1.1258101140072851,
    "micro_ob_orderbook_imbalance_5": 0.10101883890811228,
    "micro_ob_orderbook_imbalance_10": 0.06279662737960029,
    "micro_ob_orderbook_imbalance_20": 0.04745534840581682,
    "micro_ob_orderbook_vwap": 3136.807209013711,
    "micro_ob_buy_impact_0.1": 0.0,
    "micro_ob_sell_impact_0.1": 0.0,
    "micro_ob_buy_impact_1.0": 0.0,
    "micro_ob_sell_impact_1.0": 0.0,
    "micro_ob_buy_impact_10.0": 0.0,
    "micro_ob_sell_impact_10.0": 1.449722011631203e-14,
    "micro_ob_bid_depth_concentration": 0.49629834224222436,
    "micro_ob_ask_depth_concentration": 0.4456037542580814,
    "micro_ob_bid_levels": 15,
    "micro_ob_ask_levels": 15,
    "micro_ob_total_bid_volume": 184.647,
    "micro_ob_total_ask_volume": 167.916,
    "micro_ob_total_orderbook_volume": 352.563,
    "micro_ob_order_flow_imbalance": 0.04745534840581682,
    "micro_ob_depth_imbalance_1": 0.059182197496522974,
    "micro_ob_depth_imbalance_5": 0.10101883890811228,
    "micro_ob_depth_imbalance_10": 0.06279662737960029,
    "micro_ob_depth_imbalance_20": 0.04745534840581682,
    "micro_fr_funding_rate_current": 8.772e-05,
    "micro_fr_funding_rate_abs": 8.772e-05,
    "micro_fr_funding_rate_mean": 6.359705882352942e-05,
    "micro_fr_funding_rate_std": 1.531903369375057e-05,
    "micro_fr_funding_rate_min": 4.022e-05,
    "micro_fr_funding_rate_max": 9.014e-05,
    "micro_fr_funding_rate_skew": 0.29909040980309903,
    "micro_fr_funding_rate_kurtosis": -1.1442382630099,
    "micro_fr_funding_rate_trend": -2.3099999999999718e-07,
    "micro_fr_funding_rate_change": -1.4100000000000017e-06,
    "micro_fr_funding_rate_change_abs": 1.4100000000000017e-06,
    "micro_fr_funding_rate_positive": 1.0,
    "micro_fr_funding_rate_negative": 0.0,
    "micro_fr_funding_rate_high": 0.0,
    "micro_fr_funding_rate_extreme": 0.0,
    "micro_fr_hours_to_next_funding": 0.0,
    "micro_fr_funding_imminent": 1.0,
    "micro_vp_volume_current": 119.18966,
    "micro_vp_volume_mean": 1884.3354819,
    "micro_vp_volume_std": 8923.621126596187,
    "micro_vp_volume_max": 76248.704,
    "micro_vp_volume_sum": 188433.54819,
    "micro_vp_volume_ratio": 0.06325288736792214,
    "micro_vp_large_volume_trade": 0.0,
    "micro_vp_recent_vwap": 3136.2729201458856,
    "micro_vp_price_vwap_deviation_pct": 0.009472385269990495,
    "micro_vp_price_clustering": 0.0,
    "micro_vp_volume_trend": 0.11405709090909497,
    "micro_of_order_flow_imbalance": 0.04745534840581682,
    "micro_of_trade_flow_buy_pressure": 0.5237276742029084,
    "micro_of_trade_flow_sell_pressure": 0.4762723257970916,
    "micro_of_kyles_lambda_buy": 0.0,
    "micro_of_kyles_lambda_sell": 1.449722011631203e-15,
    "micro_of_kyles_lambda_avg": 7.248610058156015e-16,
    "micro_of_amihud_illiquidity": 0.10055253540053521,
    "micro_of_spread_dynamics_current": 0.0003187967336156261,
    "micro_micro_funding_arbitrage": 0.0,
    "micro_micro_orderbook_pressure": 0.0,
    "micro_micro_liquidity_score": 0.75,
    "micro_micro_volume_spike": 0.0,
    "micro_micro_oi_divergence": 0.0,
    "micro_micro_composite_score": 0.15000000000000002,
    "fee_maker_rate": 0.0002,
    "fee_taker_rate": 0.0008,
    "fee_round_trip_cost": 0.0016,
    "fee_breakeven_move_pct": 0.16,
    "fee_net_profit_threshold": 0.16,
    "time_hour_sin": -0.9659258262890683,
    "time_hour_cos": -0.25881904510252063,
    "time_day_sin": -0.7818314824680299,
    "time_day_cos": 0.6234898018587334,
    "time_day_of_week": 6.0,
    "time_is_asian": 0.0,
    "time_is_london": 0.0,
    "time_is_ny": 1.0,
    "time_is_london_ny_overlap": 0.0,
    "time_is_weekend": 1.0,
    "time_is_us_market_hours": 1.0,
    "cross_btc_return_1m": 0.03831623152199735,
    "cross_btc_return_5m": 0.11437874483571063,
    "cross_btc_return_15m": 0.06515506906437321,
    "cross_btc_correlation": 0.777509598147483,
    "cross_btc_lead_indicator": 0.11437874483571063,
    "cross_eth_btc_ratio_change": -0.06734151483985942,
    "vol_realized_5m": 10.834717439735277,
    "vol_realized_15m": 7.322900118572711,
    "vol_realized_1h": 3.511498187438867,
    "vol_realized_4h": 1.971191742374924,
    "vol_ratio_5m_1h": 3.085497090242739,
    "vol_ratio_15m_4h": 3.714960833668044,
    "vol_regime": 2.0,
    "vol_expansion": 1.0,
    "vol_contraction": 0.0,
    "vol_percentile": 51.578947368421055,
    "sent_fear_greed": 25.0,
    "sent_fear_greed_change": -4.0,
    "sent_extreme_fear": 0.0,
    "sent_extreme_greed": 0.0,
    "sent_fear": 1.0,
    "sent_greed": 0.0
  },
  "output_prediction": {
    "signal": "SHORT",
    "confidence": 0.5789992218685108,
    "raw_model_outputs": {
      "xgboost": 0.16754119098186493,
      "lightgbm": 0.09898270433637262,
      "lstm": 0.30547404289245605,
      "random_forest": 0.29561922109459937,
      "weighted_average": 0.2105003890657446
    }
  },
  "regime_info": {
    "regime": "trending",
    "regime_confidence": 0.7531693597670246,
    "atr_ratio": 1.3109815580590574,
    "adx_value": 37.76411331391871,
    "is_exhausted": false,
    "is_weakening": false,
    "leverage_tier": "elevated_volatility"
  },