{
  "timestamp": "2026-01-04T14:02:45.349280Z",
  "order_id": "702694232019698605",
  "stage": "Decision Making",
  "model_version": "ollama:qwen2.5:1.5b+ensemble_v1.0",
  "input_features": {
    "tech_returns_1": 0.011946999165890482,
    "tech_returns_5": 0.012056617877553855,
    "tech_returns_15": 0.03464319699699736,
    "tech_returns_60": 0.18093506539134108,
    "tech_returns_240": 0.6876765536723228,
    "tech_returns_1440": 1.1002184453087507,
    "tech_rsi_14": 64.50633311317944,
    "tech_rsi_7": 67.42351703387988,
    "tech_rsi_21": 64.97021289344528,
    "tech_rsi_slope": 3.7999697572801594,
    "tech_rsi_divergence": 0.0,
    "tech_rsi_zone": 3.0,
    "tech_macd": 26.241076308040647,
    "tech_macd_signal": 29.17299900717564,
    "tech_macd_hist": -2.9319226991349936,
    "tech_stoch_k": 84.77690288713089,
    "tech_stoch_d": 78.44484123499343,
    "tech_ema_cross_9_21": 1.0,
    "tech_ema_cross_50_200": 1.0,
    "tech_ema_9": 91226.32828300002,
    "tech_ema_21": 91207.39317460226,
    "tech_ema_50": 91107.61502050147,
    "tech_price_ema_9_pct": 0.022879049713833696,
    "tech_price_ema_21_pct": 0.043644296818719466,
    "tech_adx": 22.856950048865926,
    "tech_adx_7": 27.214451198684074,
    "tech_adx_10": 23.319351539880238,
    "tech_adx_roc_5": -3.8422286527587133,
    "tech_adx_slope_3": 0.06285456138289724,
    "tech_adx_deceleration": 2.4808809609948383,
    "tech_plus_di": 40.186630719464425,
    "tech_minus_di": 19.275266960762913,
    "tech_di_crossover": 0.0,
    "tech_atr_14": 17.77353437254834,
    "tech_atr_pct": 0.019478443582431396,
    "tech_atr_14_avg": 22.1657129453957,
    "tech_bb_upper": 91250.53273830206,
    "tech_bb_lower": 91170.59726169794,
    "tech_bb_width": 0.0876383964994861,
    "tech_bb_position": 0.9583071441661467,
    "tech_volatility_20": 0.002417186061144846,
    "tech_volume_ratio": 2.883811568648674,
    "tech_obv": 1011.6231000000055,
    "tech_momentum_10": 54.69999999999709,
    "tech_roc_10": 0.05998300298817316,
    "tech_high_low_range": 0.024658290884542213,
    "tech_body_ratio": 0.4844444444420327,
    "tech_swing_high_10": 91258.8,
    "tech_swing_low_10": 91192.5,
    "tech_price_vs_swing_high": -0.01271110292925813,
    "tech_price_vs_swing_low": 0.05998300298818114,
    "tech_swing_break_up": 1.0,
    "tech_swing_break_down": 0.0,
    "tech_volume_spike": 1.0,
    "tech_volume_spike_ratio": 2.883811568648674,
    "micro_ob_best_bid_price": 91240.4,
    "micro_ob_best_ask_price": 91240.5,
    "micro_ob_best_bid_size": 2.424,
    "micro_ob_best_ask_size": 2.6668,
    "micro_ob_spread_absolute": 0.10000000000582077,
    "micro_ob_spread_percentage": 0.00010960051162156782,
    "micro_ob_bid_ask_size_ratio": 0.9089545522723864,
    "micro_ob_orderbook_imbalance_5": -0.058680425952354794,
    "micro_ob_orderbook_imbalance_10": -0.009305658055257265,
    "micro_ob_orderbook_imbalance_20": -0.010413343824653242,
    "micro_ob_orderbook_vwap": 91240.32856395943,
    "micro_ob_buy_impact_0.1": 0.0,
    "micro_ob_sell_impact_0.1": 0.0,
    "micro_ob_buy_impact_1.0": 0.0,
    "micro_ob_sell_impact_1.0": 0.0,
    "micro_ob_buy_impact_10.0": 0.0,
    "micro_ob_sell_impact_10.0": 0.0,
    "micro_ob_bid_depth_concentration": 0.30710888252149,
    "micro_ob_ask_depth_concentration": 0.33827891509632513,
    "micro_ob_bid_levels": 15,
    "micro_ob_ask_levels": 15,
    "micro_ob_total_bid_volume": 34.9,
    "micro_ob_total_ask_volume": 35.6345,
    "micro_ob_total_orderbook_volume": 70.53450000000001,
    "micro_ob_order_flow_imbalance": -0.010413343824653242,
    "micro_ob_depth_imbalance_1": -0.047693879154553295,
    "micro_ob_depth_imbalance_5": -0.058680425952354794,
    "micro_ob_depth_imbalance_10": -0.009305658055257265,
    "micro_ob_depth_imbalance_20": -0.010413343824653242,
    "micro_fr_funding_rate_current": 3.144e-05,
    "micro_fr_funding_rate_abs": 3.144e-05,
    "micro_fr_funding_rate_mean": 2.9652499999999998e-05,
    "micro_fr_funding_rate_std": 1.773720783174924e-06,
    "micro_fr_funding_rate_min": 2.619e-05,
    "micro_fr_funding_rate_max": 3.151e-05,
    "micro_fr_funding_rate_skew": -0.667366753788519,
    "micro_fr_funding_rate_kurtosis": -1.0091539093203994,
    "micro_fr_funding_rate_trend": 1.9999999999995633e-08,
    "micro_fr_funding_rate_change": 4.299999999999942e-07,
    "micro_fr_funding_rate_change_abs": 4.299999999999942e-07,
    "micro_fr_funding_rate_positive": 1.0,
    "micro_fr_funding_rate_negative": 0.0,
    "micro_fr_funding_rate_high": 0.0,
    "micro_fr_funding_rate_extreme": 0.0,
    "micro_fr_hours_to_next_funding": 0.0,
    "micro_fr_funding_imminent": 1.0,
    "micro_vp_volume_current": 200371.58076,
    "micro_vp_volume_mean": 4860.72682,
    "micro_vp_volume_std": 23388.51435263543,
    "micro_vp_volume_max": 200371.58076,
    "micro_vp_volume_sum": 486072.68200000003,
    "micro_vp_volume_ratio": 41.22255542844928,
    "micro_vp_large_volume_trade": 1.0,
    "micro_vp_recent_vwap": 91246.98394688954,
    "micro_vp_price_vwap_deviation_pct": 0.005716411529279768,
    "micro_vp_price_clustering": 0.1859788753686656,
    "micro_vp_volume_trend": 12278.466823636361,
    "micro_of_order_flow_imbalance": -0.010413343824653242,
    "micro_of_trade_flow_buy_pressure": 0.49479332808767335,
    "micro_of_trade_flow_sell_pressure": 0.5052066719123266,
    "micro_of_kyles_lambda_buy": 0.0,
    "micro_of_kyles_lambda_sell": 0.0,
    "micro_of_kyles_lambda_avg": 0.0,
    "micro_of_amihud_illiquidity": 0.019386321165894824,
    "micro_of_spread_dynamics_current": 0.00010960051162156782,
    "micro_micro_funding_arbitrage": 0.0,
    "micro_micro_orderbook_pressure": 0.0,
    "micro_micro_liquidity_score": 0.5,
    "micro_micro_volume_spike": 1.0,
    "micro_micro_oi_divergence": 0.0,
    "micro_micro_composite_score": 0.2,
    "fee_maker_rate": 0.0002,
    "fee_taker_rate": 0.0008,
    "fee_round_trip_cost": 0.0016,
    "fee_breakeven_move_pct": 0.16,
    "fee_net_profit_threshold": 0.16,
    "time_hour_sin": -0.4999999999999997,
    "time_hour_cos": -0.8660254037844388,
    "time_day_sin": -0.7818314824680299,
    "time_day_cos": 0.6234898018587334,
    "time_day_of_week": 6.0,
    "time_is_asian": 0.0,
    "time_is_london": 1.0,
    "time_is_ny": 1.0,
    "time_is_london_ny_overlap": 1.0,
    "time_is_weekend": 1.0,
    "time_is_us_market_hours": 1.0,
    "cross_btc_return_1m": 0.011946999165895788,
    "cross_btc_return_5m": 0.012056617877552989,
    "cross_btc_return_15m": 0.03464319699699532,
    "cross_btc_correlation": 1.0,
    "cross_btc_lead_indicator": 0.0,
    "cross_eth_btc_ratio_change": 0.03865742751793601,
    "vol_realized_5m": 5.374032732322553,
    "vol_realized_15m": 2.9857369174734476,
    "vol_realized_1h": 2.5246560837259726,
    "vol_realized_4h": 3.668973953596419,
    "vol_ratio_5m_1h": 2.128619722489637,
    "vol_ratio_15m_4h": 0.8137798074436463,
    "vol_regime": 1.0,
    "vol_expansion": 1.0,
    "vol_contraction": 0.0,
    "vol_percentile": 29.47368421052631,
    "sent_fear_greed": 25.0,
    "sent_fear_greed_change": -4.0,
    "sent_extreme_fear": 0.0,
    "sent_extreme_greed": 0.0,
    "sent_fear": 1.0,
    "sent_greed": 0.0
  },
  "output_prediction": {
    "signal": "SHORT",
    "confidence": 0.46096738362343537,
    "raw_model_outputs": {
      "xgboost": 0.23003342747688293,
      "lightgbm": 0.16078874898556095,
      "lstm": 0.4238155782222748,
      "random_forest": 0.27177596091397005,
      "weighted_average": 0.2695163081882823
    }
  },
  "regime_info": {
    "regime": "ranging",
    "regime_confidence": 0.5,
    "atr_ratio": 0.8018480802459498,
    "adx_value": 22.856950048865926,
    "is_exhausted": false,
    "is_weakening": false,
    "leverage_tier": "normal_volatility"
  },