{
  "timestamp": "2026-01-14T16:38:22.952419Z",
  "order_id": "706357281008124845",
  "stage": "Decision Making",
  "model_version": "ollama:qwen2.5:1.5b+ensemble_v1.0",
  "input_features": {
    "tech_returns_1": 0.05337247314696203,
    "tech_returns_5": -0.41832669322710014,
    "tech_returns_15": -0.2062816076656926,
    "tech_returns_60": 1.167026443604957,
    "tech_returns_240": 2.2499488647985233,
    "tech_returns_1440": 5.325832846288713,
    "tech_rsi_14": 49.90710167670447,
    "tech_rsi_7": 47.984289676832056,
    "tech_rsi_21": 51.897532538834035,
    "tech_rsi_slope": 2.65329004239398,
    "tech_rsi_divergence": 0.0,
    "tech_rsi_zone": 2.0,
    "tech_macd": 4.2325416879013256e-05,
    "tech_macd_signal": 0.00013890615797750518,
    "tech_macd_hist": -9.658074109849193e-05,
    "tech_stoch_k": 35.8585858585851,
    "tech_stoch_d": 29.124579124578688,
    "tech_ema_cross_9_21": -1.0,
    "tech_ema_cross_50_200": 1.0,
    "tech_ema_9": 0.14999271708967674,
    "tech_ema_21": 0.15002601767886858,
    "tech_ema_50": 0.1497058450510214,
    "tech_price_ema_9_pct": -0.015145461804763312,
    "tech_price_ema_21_pct": -0.0373386428136071,
    "tech_adx": 23.900661809756247,
    "tech_adx_7": 31.56026702986905,
    "tech_adx_10": 28.250301787585418,
    "tech_adx_roc_5": -11.21215483346727,
    "tech_adx_slope_3": -2.6678128694948136,
    "tech_adx_deceleration": -1.2756646405866707,
    "tech_plus_di": 30.98573595662371,
    "tech_minus_di": 33.18789605421193,
    "tech_di_crossover": 0.0,
    "tech_atr_14": 0.000373881577975512,
    "tech_atr_pct": 0.24930424616624128,
    "tech_atr_14_avg": 0.0003077505494146639,
    "tech_bb_upper": 0.15095288056279613,
    "tech_bb_lower": 0.14941111943720384,
    "tech_bb_width": 1.0265951482816111,
    "tech_bb_position": 0.36249491151325586,
    "tech_volatility_20": 0.031707241676572614,
    "tech_volume_ratio": 0.13946970058669392,
    "tech_obv": -51861000.0,
    "tech_momentum_10": -1.0000000000010001e-05,
    "tech_roc_10": -0.006667555674100267,
    "tech_high_low_range": 0.10002000400080767,
    "tech_body_ratio": 0.5333329777779531,
    "tech_swing_high_10": 0.15124,
    "tech_swing_low_10": 0.14926,
    "tech_price_vs_swing_high": -0.8397249404919472,
    "tech_price_vs_swing_low": 0.47568002143909177,
    "tech_swing_break_up": 0.0,
    "tech_swing_break_down": 0.0,
    "tech_volume_spike": 0.0,
    "tech_volume_spike_ratio": 0.13946970058669392,
    "micro_ob_best_bid_price": 0.14992,
    "micro_ob_best_ask_price": 0.14993,
    "micro_ob_best_bid_size": 1789300.0,
    "micro_ob_best_ask_size": 1683500.0,
    "micro_ob_spread_absolute": 1.0000000000010001e-05,
    "micro_ob_spread_percentage": 0.006670001667507088,
    "micro_ob_bid_ask_size_ratio": 1.062845262845263,
    "micro_ob_orderbook_imbalance_5": 0.10752671932500667,
    "micro_ob_orderbook_imbalance_10": 0.29079410262443545,
    "micro_ob_orderbook_imbalance_20": 0.329367109744793,
    "micro_ob_orderbook_vwap": 0.14989958042319237,
    "micro_ob_buy_impact_0.1": 0.0,
    "micro_ob_sell_impact_0.1": 0.0,
    "micro_ob_buy_impact_1.0": 0.0,
    "micro_ob_sell_impact_1.0": 0.0,
    "micro_ob_buy_impact_10.0": 0.0,
    "micro_ob_sell_impact_10.0": 0.0,
    "micro_ob_bid_depth_concentration": 0.3542857694995829,
    "micro_ob_ask_depth_concentration": 0.5659196833301411,
    "micro_ob_bid_levels": 15,
    "micro_ob_ask_levels": 15,
    "micro_ob_total_bid_volume": 31048100.0,
    "micro_ob_total_ask_volume": 15663000.0,
    "micro_ob_total_orderbook_volume": 46711100.0,
    "micro_ob_order_flow_imbalance": 0.329367109744793,
    "micro_ob_depth_imbalance_1": 0.03046533056899332,
    "micro_ob_depth_imbalance_5": 0.10752671932500667,
    "micro_ob_depth_imbalance_10": 0.29079410262443545,
    "micro_ob_depth_imbalance_20": 0.329367109744793,
    "micro_fr_funding_rate_current": 8.232e-05,
    "micro_fr_funding_rate_abs": 8.232e-05,
    "micro_fr_funding_rate_mean": 9.856190000000003e-05,
    "micro_fr_funding_rate_std": 4.356424151755659e-06,
    "micro_fr_funding_rate_min": 8.004e-05,
    "micro_fr_funding_rate_max": 0.0001,
    "micro_fr_funding_rate_skew": -2.97761384062055,
    "micro_fr_funding_rate_kurtosis": 7.550933338080389,
    "micro_fr_funding_rate_trend": -9.490000000000104e-07,
    "micro_fr_funding_rate_change": 2.2799999999999985e-06,
    "micro_fr_funding_rate_change_abs": 2.2799999999999985e-06,
    "micro_fr_funding_rate_positive": 1.0,
    "micro_fr_funding_rate_negative": 0.0,
    "micro_fr_funding_rate_high": 0.0,
    "micro_fr_funding_rate_extreme": 0.0,
    "micro_fr_hours_to_next_funding": 0.0,
    "micro_fr_funding_imminent": 1.0,
    "micro_vp_volume_current": 554.482,
    "micro_vp_volume_mean": 364.57546,
    "micro_vp_volume_std": 589.7895869275317,
    "micro_vp_volume_max": 2565.0,
    "micro_vp_volume_sum": 36457.546,
    "micro_vp_volume_ratio": 1.520897758724627,
    "micro_vp_large_volume_trade": 0.0,
    "micro_vp_recent_vwap": 0.14996934963148645,
    "micro_vp_price_vwap_deviation_pct": -0.07291465339761452,
    "micro_vp_price_clustering": 0.47288494927159197,
    "micro_vp_volume_trend": 22.512739393939412,
    "micro_of_order_flow_imbalance": 0.329367109744793,
    "micro_of_trade_flow_buy_pressure": 0.6646835548723965,
    "micro_of_trade_flow_sell_pressure": 0.3353164451276035,
    "micro_of_kyles_lambda_buy": 0.0,
    "micro_of_kyles_lambda_sell": 0.0,
    "micro_of_kyles_lambda_avg": 0.0,
    "micro_of_amihud_illiquidity": 0.6199673900924675,
    "micro_of_spread_dynamics_current": 0.006670001667507088,
    "micro_micro_funding_arbitrage": 0.0,
    "micro_micro_orderbook_pressure": 0.5,
    "micro_micro_liquidity_score": 1.0,
    "micro_micro_volume_spike": 0.5,
    "micro_micro_oi_divergence": 0.0,
    "micro_micro_composite_score": 0.39999999999999997,
    "fee_maker_rate": 0.0002,
    "fee_taker_rate": 0.0008,
    "fee_round_trip_cost": 0.0016,
    "fee_breakeven_move_pct": 0.16,
    "fee_net_profit_threshold": 0.16,
    "time_hour_sin": -0.8660254037844384,
    "time_hour_cos": -0.5000000000000004,
    "time_day_sin": 0.9749279121818236,
    "time_day_cos": -0.22252093395631434,
    "time_day_of_week": 2.0,
    "time_is_asian": 0.0,
    "time_is_london": 1.0,
    "time_is_ny": 1.0,
    "time_is_london_ny_overlap": 1.0,
    "time_is_weekend": 0.0,
    "time_is_us_market_hours": 1.0,
    "cross_btc_return_1m": 0.015532055178902807,
    "cross_btc_return_5m": -0.07009134484942861,
    "cross_btc_return_15m": 0.14800746114160113,
    "cross_btc_correlation": 0.8079289634895199,
    "cross_btc_lead_indicator": -0.07009134484942861,
    "cross_eth_btc_ratio_change": 0.35546246007800875,
    "vol_realized_5m": 87.75507382812401,
    "vol_realized_15m": 40.08749723430088,
    "vol_realized_1h": 13.77217444880237,
    "vol_realized_4h": 6.031539019093312,
    "vol_ratio_5m_1h": 6.371911287818112,
    "vol_ratio_15m_4h": 6.646313172707787,
    "vol_regime": 3.0,
    "vol_expansion": 1.0,
    "vol_contraction": 0.0,
    "vol_percentile": 96.84210526315789,
    "sent_fear_greed": 48.0,
    "sent_fear_greed_change": 22.0,
    "sent_extreme_fear": 0.0,
    "sent_extreme_greed": 0.0,
    "sent_fear": 0.0,
    "sent_greed": 0.0
  },
  "output_prediction": {
    "signal": "SHORT",
    "confidence": 0.5571808653204725,
    "raw_model_outputs": {
      "xgboost": 0.1905503123998642,
      "lightgbm": 0.02887433487014371,
      "lstm": 0.3116745054721832,
      "random_forest": 0.39553629904466236,
      "weighted_average": 0.22140956733976375,
      "model_agreement": 0.44838493542652025
    }
  },
  "regime_info": {
    "regime": "ranging",
    "regime_confidence": 0.5,
    "atr_ratio": 1.2148851681552744,
    "adx_value": 23.900661809756247,
    "is_exhausted": false,
    "is_weakening": false,
    "leverage_tier": "elevated_volatility"
  },