{
  "timestamp": "2026-01-14T01:10:42.577932Z",
  "order_id": "706123824021636013",
  "stage": "Decision Making",
  "model_version": "ollama:qwen2.5:1.5b+ensemble_v1.0",
  "input_features": {
    "tech_returns_1": 0.06454587367450415,
    "tech_returns_5": -0.004607233356379581,
    "tech_returns_15": 0.16614362193096976,
    "tech_returns_60": 0.4117510987739825,
    "tech_returns_240": 1.7200168721001052,
    "tech_returns_1440": 3.8721932687155958,
    "tech_rsi_14": 56.05447519756974,
    "tech_rsi_7": 60.60095503602866,
    "tech_rsi_21": 54.72112553505695,
    "tech_rsi_slope": 1.5325728712038327,
    "tech_rsi_divergence": 0.0,
    "tech_rsi_zone": 3.0,
    "tech_macd": 0.0009734239219545415,
    "tech_macd_signal": 0.0007529668071788768,
    "tech_macd_hist": 0.00022045711477566474,
    "tech_stoch_k": 76.04166666666657,
    "tech_stoch_d": 65.6250000000009,
    "tech_ema_cross_9_21": 1.0,
    "tech_ema_cross_50_200": 1.0,
    "tech_ema_9": 2.1690097863288456,
    "tech_ema_21": 2.1680451786598174,
    "tech_ema_50": 2.1664762546622773,
    "tech_price_ema_9_pct": 0.06409439366833526,
    "tech_price_ema_21_pct": 0.1086149570756703,
    "tech_adx": 17.821441050273734,
    "tech_adx_7": 23.224322033821686,
    "tech_adx_10": 20.794346867933367,
    "tech_adx_roc_5": 3.092061203725745,
    "tech_adx_slope_3": -0.5365094567218005,
    "tech_adx_deceleration": 0.1150852572976433,
    "tech_plus_di": 27.395278666309032,
    "tech_minus_di": 18.502105354345186,
    "tech_di_crossover": 0.0,
    "tech_atr_14": 0.0030711445319306606,
    "tech_atr_pct": 0.14150131459319298,
    "tech_atr_14_avg": 0.003532119087979147,
    "tech_bb_upper": 2.172081117213901,
    "tech_bb_lower": 2.162868882786099,
    "tech_bb_width": 0.4250214848061583,
    "tech_bb_position": 0.8175125451836388,
    "tech_volatility_20": 0.015268113263161985,
    "tech_volume_ratio": 0.5789356316532802,
    "tech_obv": -370820.0,
    "tech_momentum_10": 0.006299999999999972,
    "tech_roc_10": 0.29111408899773483,
    "tech_high_low_range": 0.12440103206781813,
    "tech_body_ratio": 0.518518499314087,
    "tech_swing_high_10": 2.1727,
    "tech_swing_low_10": 2.1631,
    "tech_price_vs_swing_high": -0.10585906936070184,
    "tech_price_vs_swing_low": 0.33747861864915457,
    "tech_swing_break_up": 0.0,
    "tech_swing_break_down": 0.0,
    "tech_volume_spike": 0.0,
    "tech_volume_spike_ratio": 0.5789356316532802,
    "micro_ob_best_bid_price": 2.1696,
    "micro_ob_best_ask_price": 2.1697,
    "micro_ob_best_bid_size": 67740.0,
    "micro_ob_best_ask_size": 59090.0,
    "micro_ob_spread_absolute": 0.00010000000000021103,
    "micro_ob_spread_percentage": 0.0046090383241633925,
    "micro_ob_bid_ask_size_ratio": 1.146386867490269,
    "micro_ob_orderbook_imbalance_5": -0.044186370928367164,
    "micro_ob_orderbook_imbalance_10": 0.12140234513798413,
    "micro_ob_orderbook_imbalance_20": 0.18814470636516029,
    "micro_ob_orderbook_vwap": 2.169530545027439,
    "micro_ob_buy_impact_0.1": 0.0,
    "micro_ob_sell_impact_0.1": 0.0,
    "micro_ob_buy_impact_1.0": 0.0,
    "micro_ob_sell_impact_1.0": 0.0,
    "micro_ob_buy_impact_10.0": 0.0,
    "micro_ob_sell_impact_10.0": 0.0,
    "micro_ob_bid_depth_concentration": 0.3208949981266392,
    "micro_ob_ask_depth_concentration": 0.5130485443547697,
    "micro_ob_bid_levels": 15,
    "micro_ob_ask_levels": 15,
    "micro_ob_total_bid_volume": 854080.0,
    "micro_ob_total_ask_volume": 583590.0,
    "micro_ob_total_orderbook_volume": 1437670.0,
    "micro_ob_order_flow_imbalance": 0.18814470636516029,
    "micro_ob_depth_imbalance_1": 0.06820152960655997,
    "micro_ob_depth_imbalance_5": -0.044186370928367164,
    "micro_ob_depth_imbalance_10": 0.12140234513798413,
    "micro_ob_depth_imbalance_20": 0.18814470636516029,
    "micro_fr_funding_rate_current": 0.0001,
    "micro_fr_funding_rate_abs": 0.0001,
    "micro_fr_funding_rate_mean": 5.963836734693877e-05,
    "micro_fr_funding_rate_std": 2.7068509480533085e-05,
    "micro_fr_funding_rate_min": 2.207e-05,
    "micro_fr_funding_rate_max": 0.0001,
    "micro_fr_funding_rate_skew": 0.06019824721074296,
    "micro_fr_funding_rate_kurtosis": -1.439000017903995,
    "micro_fr_funding_rate_trend": -9.234190815370753e-21,
    "micro_fr_funding_rate_change": 0.0,
    "micro_fr_funding_rate_change_abs": 0.0,
    "micro_fr_funding_rate_positive": 1.0,
    "micro_fr_funding_rate_negative": 0.0,
    "micro_fr_funding_rate_high": 0.0,
    "micro_fr_funding_rate_extreme": 0.0,
    "micro_fr_hours_to_next_funding": 0.0,
    "micro_fr_funding_imminent": 1.0,
    "micro_vp_volume_current": 238.678,
    "micro_vp_volume_mean": 509.86422,
    "micro_vp_volume_std": 943.239868921841,
    "micro_vp_volume_max": 7683.216,
    "micro_vp_volume_sum": 50986.422,
    "micro_vp_volume_ratio": 0.46812070868593214,
    "micro_vp_large_volume_trade": 0.0,
    "micro_vp_recent_vwap": 2.170558652956663,
    "micro_vp_price_vwap_deviation_pct": -0.03495196757893676,
    "micro_vp_price_clustering": 0.5298345950730796,
    "micro_vp_volume_trend": -19.604339393939398,
    "micro_of_order_flow_imbalance": 0.18814470636516029,
    "micro_of_trade_flow_buy_pressure": 0.5940723531825801,
    "micro_of_trade_flow_sell_pressure": 0.40592764681741983,
    "micro_of_kyles_lambda_buy": 0.0,
    "micro_of_kyles_lambda_sell": 0.0,
    "micro_of_kyles_lambda_avg": 0.0,
    "micro_of_amihud_illiquidity": 0.1489495946668435,
    "micro_of_spread_dynamics_current": 0.0046090383241633925,
    "micro_micro_funding_arbitrage": 0.0,
    "micro_micro_orderbook_pressure": 0.0,
    "micro_micro_liquidity_score": 1.0,
    "micro_micro_volume_spike": 0.0,
    "micro_micro_oi_divergence": 0.0,
    "micro_micro_composite_score": 0.2,
    "fee_maker_rate": 0.0002,
    "fee_taker_rate": 0.0008,
    "fee_round_trip_cost": 0.0016,
    "fee_breakeven_move_pct": 0.16,
    "fee_net_profit_threshold": 0.16,
    "time_hour_sin": 0.25881904510252074,
    "time_hour_cos": 0.9659258262890683,
    "time_day_sin": 0.9749279121818236,
    "time_day_cos": -0.22252093395631434,
    "time_day_of_week": 2.0,
    "time_is_asian": 1.0,
    "time_is_london": 0.0,
    "time_is_ny": 0.0,
    "time_is_london_ny_overlap": 0.0,
    "time_is_weekend": 0.0,
    "time_is_us_market_hours": 0.0,
    "cross_btc_return_1m": 0.08520300770814096,
    "cross_btc_return_5m": 0.08614818957638996,
    "cross_btc_return_15m": 0.15109340596456095,
    "cross_btc_correlation": 0.5215288773927642,
    "cross_btc_lead_indicator": 0.08614818957638996,
    "cross_eth_btc_ratio_change": 0.042322700425360946,
    "vol_realized_5m": 14.313940340974208,
    "vol_realized_15m": 15.332554744930672,
    "vol_realized_1h": 10.74669614034813,
    "vol_realized_4h": 6.540271174883691,
    "vol_ratio_5m_1h": 1.3319386864613183,
    "vol_ratio_15m_4h": 2.344330125608796,
    "vol_regime": 0.0,
    "vol_expansion": 0.0,
    "vol_contraction": 0.0,
    "vol_percentile": 2.1052631578947367,
    "sent_fear_greed": 48.0,
    "sent_fear_greed_change": 22.0,
    "sent_extreme_fear": 0.0,
    "sent_extreme_greed": 0.0,
    "sent_fear": 0.0,
    "sent_greed": 0.0
  },
  "output_prediction": {
    "signal": "SHORT",
    "confidence": 0.6319812194366162,
    "raw_model_outputs": {
      "xgboost": 0.12648022174835205,
      "lightgbm": 0.04548355454992758,
      "lstm": 0.23268410563468933,
      "random_forest": 0.3826170398298699,
      "weighted_average": 0.1840093902816919,
      "model_agreement": 0.49539251629951486
    }
  },
  "regime_info": {
    "regime": "ranging",
    "regime_confidence": 0.7089279474863133,
    "atr_ratio": 0.8694906529008831,
    "adx_value": 17.821441050273734,
    "is_exhausted": false,
    "is_weakening": false,
    "leverage_tier": "normal_volatility"
  },