{
  "timestamp": "2026-01-14T09:34:47.863526Z",
  "order_id": "706250679349412781",
  "stage": "Decision Making",
  "model_version": "ollama:qwen2.5:1.5b+ensemble_v1.0",
  "input_features": {
    "tech_returns_1": 0.07122507122505617,
    "tech_returns_5": 0.16634980988592396,
    "tech_returns_15": 0.21398002853068032,
    "tech_returns_60": -0.1657981999052649,
    "tech_returns_240": -0.1421464108031234,
    "tech_returns_1440": 5.584281282316446,
    "tech_rsi_14": 59.68328020149044,
    "tech_rsi_7": 74.72671047135076,
    "tech_rsi_21": 53.65842830668567,
    "tech_rsi_slope": 4.37341492591375,
    "tech_rsi_divergence": 0.0,
    "tech_rsi_zone": 3.0,
    "tech_macd": -2.2170692666190206e-05,
    "tech_macd_signal": -8.917757148697041e-05,
    "tech_macd_hist": 6.70068788207802e-05,
    "tech_stoch_k": 92.30769230769296,
    "tech_stoch_d": 82.28438228438237,
    "tech_ema_cross_9_21": 1.0,
    "tech_ema_cross_50_200": -1.0,
    "tech_ema_9": 0.4211001299479019,
    "tech_ema_21": 0.421070523704549,
    "tech_ema_50": 0.42138004163121473,
    "tech_price_ema_9_pct": 0.09495842524378798,
    "tech_price_ema_21_pct": 0.1019962859600047,
    "tech_adx": 14.0409167287388,
    "tech_adx_7": 25.051788545737928,
    "tech_adx_10": 18.141183619552557,
    "tech_adx_roc_5": -1.9585490680869952,
    "tech_adx_slope_3": -0.31279295894736414,
    "tech_adx_deceleration": 1.7359483854140443,
    "tech_plus_di": 29.341293330207463,
    "tech_minus_di": 18.625421086675782,
    "tech_di_crossover": 0.0,
    "tech_atr_14": 0.00037854267691236627,
    "tech_atr_pct": 0.0898084642733965,
    "tech_atr_14_avg": 0.00039168716923684784,
    "tech_bb_upper": 0.4215350848433669,
    "tech_bb_lower": 0.4204649151566331,
    "tech_bb_width": 0.2541970752336795,
    "tech_bb_position": 0.967215625893894,
    "tech_volatility_20": 0.00859852841669174,
    "tech_volume_ratio": 0.6880767099525381,
    "tech_obv": -1987520.0,
    "tech_momentum_10": 0.00040000000000001146,
    "tech_roc_10": 0.09498931370222063,
    "tech_high_low_range": 0.09489916963225527,
    "tech_body_ratio": 0.7499998125000469,
    "tech_swing_high_10": 0.4216,
    "tech_swing_low_10": 0.4203,
    "tech_price_vs_swing_high": -0.023719165085386386,
    "tech_price_vs_swing_low": 0.2855103497501734,
    "tech_swing_break_up": 1.0,
    "tech_swing_break_down": 0.0,
    "tech_volume_spike": 0.0,
    "tech_volume_spike_ratio": 0.6880767099525381,
    "micro_ob_best_bid_price": 0.4214,
    "micro_ob_best_ask_price": 0.4215,
    "micro_ob_best_bid_size": 921230.0,
    "micro_ob_best_ask_size": 861260.0,
    "micro_ob_spread_absolute": 9.999999999998899e-05,
    "micro_ob_spread_percentage": 0.023727607070824296,
    "micro_ob_bid_ask_size_ratio": 1.0696305412999558,
    "micro_ob_orderbook_imbalance_5": 0.04179035078556964,
    "micro_ob_orderbook_imbalance_10": 0.09105341539030568,
    "micro_ob_orderbook_imbalance_20": 0.06702934845706125,
    "micro_ob_orderbook_vwap": 0.4213260522855984,
    "micro_ob_buy_impact_0.1": 0.0,
    "micro_ob_sell_impact_0.1": 0.0,
    "micro_ob_buy_impact_1.0": 0.0,
    "micro_ob_sell_impact_1.0": 0.0,
    "micro_ob_buy_impact_10.0": 0.0,
    "micro_ob_sell_impact_10.0": 0.0,
    "micro_ob_bid_depth_concentration": 0.4465776639433053,
    "micro_ob_ask_depth_concentration": 0.46977033582397737,
    "micro_ob_bid_levels": 15,
    "micro_ob_ask_levels": 15,
    "micro_ob_total_bid_volume": 10385450.0,
    "micro_ob_total_ask_volume": 9080650.0,
    "micro_ob_total_orderbook_volume": 19466100.0,
    "micro_ob_order_flow_imbalance": 0.06702934845706125,
    "micro_ob_depth_imbalance_1": 0.03364394751162699,
    "micro_ob_depth_imbalance_5": 0.04179035078556964,
    "micro_ob_depth_imbalance_10": 0.09105341539030568,
    "micro_ob_depth_imbalance_20": 0.06702934845706125,
    "micro_fr_funding_rate_current": 0.0001,
    "micro_fr_funding_rate_abs": 0.0001,
    "micro_fr_funding_rate_mean": 0.0001,
    "micro_fr_funding_rate_std": 0.0,
    "micro_fr_funding_rate_min": 0.0001,
    "micro_fr_funding_rate_max": 0.0001,
    "micro_fr_funding_rate_skew": 0.0,
    "micro_fr_funding_rate_kurtosis": 0.0,
    "micro_fr_funding_rate_trend": -9.234190815370753e-21,
    "micro_fr_funding_rate_change": 0.0,
    "micro_fr_funding_rate_change_abs": 0.0,
    "micro_fr_funding_rate_positive": 1.0,
    "micro_fr_funding_rate_negative": 0.0,
    "micro_fr_funding_rate_high": 0.0,
    "micro_fr_funding_rate_extreme": 0.0,
    "micro_fr_hours_to_next_funding": 0.0,
    "micro_fr_funding_imminent": 1.0,
    "micro_vp_volume_current": 379.08,
    "micro_vp_volume_mean": 72.5632,
    "micro_vp_volume_std": 163.26591426565437,
    "micro_vp_volume_max": 1614.345,
    "micro_vp_volume_sum": 7256.32,
    "micro_vp_volume_ratio": 5.22413565002646,
    "micro_vp_large_volume_trade": 0.0,
    "micro_vp_recent_vwap": 0.4213891397292291,
    "micro_vp_price_vwap_deviation_pct": -0.04488481344123056,
    "micro_vp_price_clustering": 1.1102230246251565e-16,
    "micro_vp_volume_trend": 19.196509090909082,
    "micro_of_order_flow_imbalance": 0.06702934845706125,
    "micro_of_trade_flow_buy_pressure": 0.5335146742285306,
    "micro_of_trade_flow_sell_pressure": 0.4664853257714694,
    "micro_of_kyles_lambda_buy": 0.0,
    "micro_of_kyles_lambda_sell": 0.0,
    "micro_of_kyles_lambda_avg": 0.0,
    "micro_of_amihud_illiquidity": 0.6754466018255315,
    "micro_of_spread_dynamics_current": 0.023727607070824296,
    "micro_micro_funding_arbitrage": 0.0,
    "micro_micro_orderbook_pressure": 0.0,
    "micro_micro_liquidity_score": 1.0,
    "micro_micro_volume_spike": 1.0,
    "micro_micro_oi_divergence": 0.0,
    "micro_micro_composite_score": 0.30000000000000004,
    "fee_maker_rate": 0.0002,
    "fee_taker_rate": 0.0008,
    "fee_round_trip_cost": 0.0016,
    "fee_breakeven_move_pct": 0.16,
    "fee_net_profit_threshold": 0.16,
    "time_hour_sin": 0.7071067811865476,
    "time_hour_cos": -0.7071067811865475,
    "time_day_sin": 0.9749279121818236,
    "time_day_cos": -0.22252093395631434,
    "time_day_of_week": 2.0,
    "time_is_asian": 0.0,
    "time_is_london": 1.0,
    "time_is_ny": 0.0,
    "time_is_london_ny_overlap": 0.0,
    "time_is_weekend": 0.0,
    "time_is_us_market_hours": 0.0,
    "cross_btc_return_1m": 0.01704134841248441,
    "cross_btc_return_5m": 0.04850946513317039,
    "cross_btc_return_15m": -0.021976866456355604,
    "cross_btc_correlation": 0.6378504654315948,
    "cross_btc_lead_indicator": 0.04850946513317039,
    "cross_eth_btc_ratio_change": 0.0823375635496572,
    "vol_realized_5m": 7.850598978487028,
    "vol_realized_15m": 5.576788901248044,
    "vol_realized_1h": 5.5330282024109865,
    "vol_realized_4h": 3.6678202061728498,
    "vol_ratio_5m_1h": 1.4188611898031123,
    "vol_ratio_15m_4h": 1.5204640870516084,
    "vol_regime": 0.0,
    "vol_expansion": 0.0,
    "vol_contraction": 0.0,
    "vol_percentile": 14.736842105263156,
    "sent_fear_greed": 48.0,
    "sent_fear_greed_change": 22.0,
    "sent_extreme_fear": 0.0,
    "sent_extreme_greed": 0.0,
    "sent_fear": 0.0,
    "sent_greed": 0.0
  },
  "output_prediction": {
    "signal": "SHORT",
    "confidence": 0.5528950017188221,
    "raw_model_outputs": {
      "xgboost": 0.16926291584968567,
      "lightgbm": 0.048322276081174426,
      "lstm": 0.43808886408805847,
      "random_forest": 0.2558541855410042,
      "weighted_average": 0.22355249914058895,
      "model_agreement": 0.4320307742347733
    }
  },
  "regime_info": {
    "regime": "ranging",
    "regime_confidence": 0.89795416356306,
    "atr_ratio": 0.9664413507593523,
    "adx_value": 14.0409167287388,
    "is_exhausted": false,
    "is_weakening": false,
    "leverage_tier": "normal_volatility"
  },