{
  "timestamp": "2026-01-14T16:29:12.553344Z",
  "order_id": "706354979538994093",
  "stage": "Decision Making",
  "model_version": "ollama:qwen2.5:1.5b+ensemble_v1.0",
  "input_features": {
    "tech_returns_1": 0.02374732842556071,
    "tech_returns_5": 0.14265335235379428,
    "tech_returns_15": -0.4019862851737943,
    "tech_returns_60": 0.0950570342205248,
    "tech_returns_240": 1.3962445835339565,
    "tech_returns_1440": 5.584281282316446,
    "tech_rsi_14": 50.97457094512228,
    "tech_rsi_7": 50.18850688010556,
    "tech_rsi_21": 51.90686555263355,
    "tech_rsi_slope": 2.3970067759521747,
    "tech_rsi_divergence": 0.0,
    "tech_rsi_zone": 3.0,
    "tech_macd": 7.572518548337737e-05,
    "tech_macd_signal": 0.00026122267232683616,
    "tech_macd_hist": -0.0001854974868434588,
    "tech_stoch_k": 35.71428571428614,
    "tech_stoch_d": 25.036075036074447,
    "tech_ema_cross_9_21": -1.0,
    "tech_ema_cross_50_200": 1.0,
    "tech_ema_9": 0.421108897305852,
    "tech_ema_21": 0.42117190266725835,
    "tech_ema_50": 0.4206960085850627,
    "tech_price_ema_9_pct": 0.02163399888505761,
    "tech_price_ema_21_pct": 0.006671226775512185,
    "tech_adx": 21.4730933404634,
    "tech_adx_7": 28.159803397312658,
    "tech_adx_10": 26.065952498271102,
    "tech_adx_roc_5": -6.075090161014572,
    "tech_adx_slope_3": -2.687310005133961,
    "tech_adx_deceleration": -1.2535371218048716,
    "tech_plus_di": 25.027123082513807,
    "tech_minus_di": 27.802393883721916,
    "tech_di_crossover": 0.0,
    "tech_atr_14": 0.0006405550798850572,
    "tech_atr_pct": 0.15207860396131462,
    "tech_atr_14_avg": 0.0007479789887643141,
    "tech_bb_upper": 0.42333382323156304,
    "tech_bb_lower": 0.4199861767684369,
    "tech_bb_width": 0.7939208042323509,
    "tech_bb_position": 0.3625900300205539,
    "tech_volatility_20": 0.021927355414117212,
    "tech_volume_ratio": 0.04968409198181562,
    "tech_obv": -4434260.0,
    "tech_momentum_10": -0.0005999999999999894,
    "tech_roc_10": -0.14224751066855834,
    "tech_high_low_range": 0.023741690408367638,
    "tech_body_ratio": 0.9999990000010001,
    "tech_swing_high_10": 0.4229,
    "tech_swing_low_10": 0.4202,
    "tech_price_vs_swing_high": -0.4019862851737951,
    "tech_price_vs_swing_low": 0.23798191337458374,
    "tech_swing_break_up": 0.0,
    "tech_swing_break_down": 0.0,
    "tech_volume_spike": 0.0,
    "tech_volume_spike_ratio": 0.04968409198181562,
    "micro_ob_best_bid_price": 0.421,
    "micro_ob_best_ask_price": 0.4211,
    "micro_ob_best_bid_size": 871160.0,
    "micro_ob_best_ask_size": 811530.0,
    "micro_ob_spread_absolute": 9.999999999998899e-05,
    "micro_ob_spread_percentage": 0.023750148438425125,
    "micro_ob_bid_ask_size_ratio": 1.0734784912449324,
    "micro_ob_orderbook_imbalance_5": 0.06685917088968013,
    "micro_ob_orderbook_imbalance_10": -0.11557743657351499,
    "micro_ob_orderbook_imbalance_20": -0.11367438790470104,
    "micro_ob_orderbook_vwap": 0.4212379138846904,
    "micro_ob_buy_impact_0.1": 0.0,
    "micro_ob_sell_impact_0.1": 0.0,
    "micro_ob_buy_impact_1.0": 0.0,
    "micro_ob_sell_impact_1.0": 0.0,
    "micro_ob_buy_impact_10.0": 0.0,
    "micro_ob_sell_impact_10.0": 0.0,
    "micro_ob_bid_depth_concentration": 0.5108053473167024,
    "micro_ob_ask_depth_concentration": 0.3555744931561616,
    "micro_ob_bid_levels": 15,
    "micro_ob_ask_levels": 15,
    "micro_ob_total_bid_volume": 9077450.0,
    "micro_ob_total_ask_volume": 11405880.0,
    "micro_ob_total_orderbook_volume": 20483330.0,
    "micro_ob_order_flow_imbalance": -0.11367438790470104,
    "micro_ob_depth_imbalance_1": 0.035437305742590734,
    "micro_ob_depth_imbalance_5": 0.06685917088968013,
    "micro_ob_depth_imbalance_10": -0.11557743657351499,
    "micro_ob_depth_imbalance_20": -0.11367438790470104,
    "micro_fr_funding_rate_current": 0.0001,
    "micro_fr_funding_rate_abs": 0.0001,
    "micro_fr_funding_rate_mean": 0.0001,
    "micro_fr_funding_rate_std": 0.0,
    "micro_fr_funding_rate_min": 0.0001,
    "micro_fr_funding_rate_max": 0.0001,
    "micro_fr_funding_rate_skew": 0.0,
    "micro_fr_funding_rate_kurtosis": 0.0,
    "micro_fr_funding_rate_trend": -9.234190815370753e-21,
    "micro_fr_funding_rate_change": 0.0,
    "micro_fr_funding_rate_change_abs": 0.0,
    "micro_fr_funding_rate_positive": 1.0,
    "micro_fr_funding_rate_negative": 0.0,
    "micro_fr_funding_rate_high": 0.0,
    "micro_fr_funding_rate_extreme": 0.0,
    "micro_fr_hours_to_next_funding": 0.0,
    "micro_fr_funding_imminent": 1.0,
    "micro_vp_volume_current": 387.044,
    "micro_vp_volume_mean": 99.43446999999998,
    "micro_vp_volume_std": 254.46578966908123,
    "micro_vp_volume_max": 2471.27,
    "micro_vp_volume_sum": 9943.446999999998,
    "micro_vp_volume_ratio": 3.892452989390903,
    "micro_vp_large_volume_trade": 0.0,
    "micro_vp_recent_vwap": 0.4209757835788736,
    "micro_vp_price_vwap_deviation_pct": -0.06551055657621195,
    "micro_vp_price_clustering": 0.2567322175222377,
    "micro_vp_volume_trend": 17.208890909090904,
    "micro_of_order_flow_imbalance": -0.11367438790470104,
    "micro_of_trade_flow_buy_pressure": 0.44316280604764946,
    "micro_of_trade_flow_sell_pressure": 0.5568371939523505,
    "micro_of_kyles_lambda_buy": 0.0,
    "micro_of_kyles_lambda_sell": 0.0,
    "micro_of_kyles_lambda_avg": 0.0,
    "micro_of_amihud_illiquidity": 1.7455829298586032,
    "micro_of_spread_dynamics_current": 0.023750148438425125,
    "micro_micro_funding_arbitrage": 0.0,
    "micro_micro_orderbook_pressure": 0.0,
    "micro_micro_liquidity_score": 1.0,
    "micro_micro_volume_spike": 1.0,
    "micro_micro_oi_divergence": 0.0,
    "micro_micro_composite_score": 0.30000000000000004,
    "fee_maker_rate": 0.0002,
    "fee_taker_rate": 0.0008,
    "fee_round_trip_cost": 0.0016,
    "fee_breakeven_move_pct": 0.16,
    "fee_net_profit_threshold": 0.16,
    "time_hour_sin": -0.8660254037844384,
    "time_hour_cos": -0.5000000000000004,
    "time_day_sin": 0.9749279121818236,
    "time_day_cos": -0.22252093395631434,
    "time_day_of_week": 2.0,
    "time_is_asian": 0.0,
    "time_is_london": 1.0,
    "time_is_ny": 1.0,
    "time_is_london_ny_overlap": 1.0,
    "time_is_weekend": 0.0,
    "time_is_us_market_hours": 1.0,
    "cross_btc_return_1m": 0.010288087012524717,
    "cross_btc_return_5m": 0.06927966646936501,
    "cross_btc_return_15m": -0.12308691292269042,
    "cross_btc_correlation": 0.7899047680052895,
    "cross_btc_lead_indicator": 0.06927966646936501,
    "cross_eth_btc_ratio_change": 0.28676579351358905,
    "vol_realized_5m": 23.073802996377854,
    "vol_realized_15m": 22.55851786422921,
    "vol_realized_1h": 12.995221700297217,
    "vol_realized_4h": 6.051811340099053,
    "vol_ratio_5m_1h": 1.7755605505252847,
    "vol_ratio_15m_4h": 3.7275646242898217,
    "vol_regime": 0.0,
    "vol_expansion": 1.0,
    "vol_contraction": 0.0,
    "vol_percentile": 9.473684210526317,
    "sent_fear_greed": 48.0,
    "sent_fear_greed_change": 22.0,
    "sent_extreme_fear": 0.0,
    "sent_extreme_greed": 0.0,
    "sent_fear": 0.0,
    "sent_greed": 0.0
  },
  "output_prediction": {
    "signal": "SHORT",
    "confidence": 0.5503053213359774,
    "raw_model_outputs": {
      "xgboost": 0.2679096758365631,
      "lightgbm": 0.027152628284092886,
      "lstm": 0.3121786117553711,
      "random_forest": 0.29820811050414003,
      "weighted_average": 0.2248473393320113,
      "model_agreement": 0.5355134551169499
    }
  },
  "regime_info": {
    "regime": "ranging",
    "regime_confidence": 0.5,
    "atr_ratio": 0.8563811143188331,
    "adx_value": 21.4730933404634,
    "is_exhausted": false,
    "is_weakening": false,
    "leverage_tier": "normal_volatility"
  },