{
  "timestamp": "2026-01-14T10:59:14.193225Z",
  "order_id": "706271932688892845",
  "stage": "Decision Making",
  "model_version": "ollama:qwen2.5:1.5b+ensemble_v1.0",
  "input_features": {
    "tech_returns_1": -0.009960730574321008,
    "tech_returns_5": -0.10343444578135852,
    "tech_returns_15": 0.02083339623610847,
    "tech_returns_60": -0.4441826498290058,
    "tech_returns_240": -0.6192024768099214,
    "tech_returns_1440": 3.5415104584119743,
    "tech_rsi_14": 41.419714913023036,
    "tech_rsi_7": 30.421103802307073,
    "tech_rsi_21": 42.343728648878226,
    "tech_rsi_slope": -1.3532741375093806,
    "tech_rsi_divergence": 0.0,
    "tech_rsi_zone": 2.0,
    "tech_macd": -0.36215117159599686,
    "tech_macd_signal": -0.32470464949187067,
    "tech_macd_hist": -0.03744652210412619,
    "tech_stoch_k": 5.517241379305586,
    "tech_stoch_d": 18.136787317461337,
    "tech_ema_cross_9_21": -1.0,
    "tech_ema_cross_50_200": -1.0,
    "tech_ema_9": 3314.249365633146,
    "tech_ema_21": 3314.4717873349186,
    "tech_ema_50": 3316.7757366985643,
    "tech_price_ema_9_pct": -0.04735206859869406,
    "tech_price_ema_21_pct": -0.05405951384970269,
    "tech_adx": 24.759219219823226,
    "tech_adx_7": 58.12341408175429,
    "tech_adx_10": 38.727504605192955,
    "tech_adx_roc_5": -5.514016316712574,
    "tech_adx_slope_3": 0.534538763729806,
    "tech_adx_deceleration": 0.37204078060413437,
    "tech_plus_di": 18.095183596352832,
    "tech_minus_di": 33.62681213442817,
    "tech_di_crossover": 0.0,
    "tech_atr_14": 1.437461325335515,
    "tech_atr_pct": 0.04339270093505908,
    "tech_atr_14_avg": 2.613809012804898,
    "tech_bb_upper": 3317.942315428767,
    "tech_bb_lower": 3310.7836845712336,
    "tech_bb_width": 0.2159881358056843,
    "tech_bb_position": 0.2648991778603376,
    "tech_volatility_20": 0.004600072004347337,
    "tech_volume_ratio": 0.06437747301767231,
    "tech_obv": 489929.46200000006,
    "tech_momentum_10": -2.630000000000109,
    "tech_roc_10": -0.07932893153279608,
    "tech_high_low_range": 0.00996172283469523,
    "tech_body_ratio": 0.9999999996969696,
    "tech_swing_high_10": 3318.16,
    "tech_swing_low_10": 3312.68,
    "tech_price_vs_swing_high": -0.16515177086095964,
    "tech_price_vs_swing_low": 0.0,
    "tech_swing_break_up": 0.0,
    "tech_swing_break_down": 1.0,
    "tech_volume_spike": 0.0,
    "tech_volume_spike_ratio": 0.06437747301767231,
    "micro_ob_best_bid_price": 3312.67,
    "micro_ob_best_ask_price": 3312.68,
    "micro_ob_best_bid_size": 49.108,
    "micro_ob_best_ask_size": 41.109,
    "micro_ob_spread_absolute": 0.009999999999763531,
    "micro_ob_spread_percentage": 0.00030187084455201706,
    "micro_ob_bid_ask_size_ratio": 1.194580262229682,
    "micro_ob_orderbook_imbalance_5": 0.026012899547446792,
    "micro_ob_orderbook_imbalance_10": -0.1274185449868283,
    "micro_ob_orderbook_imbalance_20": -0.10531655686191073,
    "micro_ob_orderbook_vwap": 3312.6865145439415,
    "micro_ob_buy_impact_0.1": 0.0,
    "micro_ob_sell_impact_0.1": 0.0,
    "micro_ob_buy_impact_1.0": 0.0,
    "micro_ob_sell_impact_1.0": 0.0,
    "micro_ob_buy_impact_10.0": 1.3727475967689731e-14,
    "micro_ob_sell_impact_10.0": 0.0,
    "micro_ob_bid_depth_concentration": 0.5010470019779927,
    "micro_ob_ask_depth_concentration": 0.3850007512301393,
    "micro_ob_bid_levels": 15,
    "micro_ob_ask_levels": 15,
    "micro_ob_total_bid_volume": 172.397,
    "micro_ob_total_ask_volume": 212.984,
    "micro_ob_total_orderbook_volume": 385.381,
    "micro_ob_order_flow_imbalance": -0.10531655686191073,
    "micro_ob_depth_imbalance_1": 0.08866399902457403,
    "micro_ob_depth_imbalance_5": 0.026012899547446792,
    "micro_ob_depth_imbalance_10": -0.1274185449868283,
    "micro_ob_depth_imbalance_20": -0.10531655686191073,
    "micro_fr_funding_rate_current": 0.0001,
    "micro_fr_funding_rate_abs": 0.0001,
    "micro_fr_funding_rate_mean": 0.0001,
    "micro_fr_funding_rate_std": 0.0,
    "micro_fr_funding_rate_min": 0.0001,
    "micro_fr_funding_rate_max": 0.0001,
    "micro_fr_funding_rate_skew": 0.0,
    "micro_fr_funding_rate_kurtosis": 0.0,
    "micro_fr_funding_rate_trend": -9.234190815370753e-21,
    "micro_fr_funding_rate_change": 0.0,
    "micro_fr_funding_rate_change_abs": 0.0,
    "micro_fr_funding_rate_positive": 1.0,
    "micro_fr_funding_rate_negative": 0.0,
    "micro_fr_funding_rate_high": 0.0,
    "micro_fr_funding_rate_extreme": 0.0,
    "micro_fr_hours_to_next_funding": 0.0,
    "micro_fr_funding_imminent": 1.0,
    "micro_vp_volume_current": 89.46585,
    "micro_vp_volume_mean": 498.9552725000001,
    "micro_vp_volume_std": 1970.282603396645,
    "micro_vp_volume_max": 14238.36732,
    "micro_vp_volume_sum": 49895.52725000001,
    "micro_vp_volume_ratio": 0.17930635255487753,
    "micro_vp_large_volume_trade": 0.0,
    "micro_vp_recent_vwap": 3313.556066549902,
    "micro_vp_price_vwap_deviation_pct": -0.00018308276003022972,
    "micro_vp_price_clustering": 0.0,
    "micro_vp_volume_trend": -1.0442703030303035,
    "micro_of_order_flow_imbalance": -0.10531655686191073,
    "micro_of_trade_flow_buy_pressure": 0.44734172156904467,
    "micro_of_trade_flow_sell_pressure": 0.5526582784309554,
    "micro_of_kyles_lambda_buy": 1.3727475967689732e-15,
    "micro_of_kyles_lambda_sell": 0.0,
    "micro_of_kyles_lambda_avg": 6.863737983844866e-16,
    "micro_of_amihud_illiquidity": 0.08246734996599832,
    "micro_of_spread_dynamics_current": 0.00030187084455201706,
    "micro_micro_funding_arbitrage": 0.0,
    "micro_micro_orderbook_pressure": 0.0,
    "micro_micro_liquidity_score": 0.75,
    "micro_micro_volume_spike": 0.0,
    "micro_micro_oi_divergence": 0.0,
    "micro_micro_composite_score": 0.15000000000000002,
    "fee_maker_rate": 0.0002,
    "fee_taker_rate": 0.0008,
    "fee_round_trip_cost": 0.0016,
    "fee_breakeven_move_pct": 0.16,
    "fee_net_profit_threshold": 0.16,
    "time_hour_sin": 0.49999999999999994,
    "time_hour_cos": -0.8660254037844387,
    "time_day_sin": 0.9749279121818236,
    "time_day_cos": -0.22252093395631434,
    "time_day_of_week": 2.0,
    "time_is_asian": 0.0,
    "time_is_london": 1.0,
    "time_is_ny": 0.0,
    "time_is_london_ny_overlap": 0.0,
    "time_is_weekend": 0.0,
    "time_is_us_market_hours": 0.0,
    "cross_btc_return_1m": -0.011150875554131,
    "cross_btc_return_5m": -0.06350568186598275,
    "cross_btc_return_15m": -0.015252930403508386,
    "cross_btc_correlation": 0.880236398450807,
    "cross_btc_lead_indicator": -0.06350568186598275,
    "cross_eth_btc_ratio_change": 0.03609183170157185,
    "vol_realized_5m": 5.123115528193242,
    "vol_realized_15m": 5.3836834603672585,
    "vol_realized_1h": 5.501024253464724,
    "vol_realized_4h": 2.107629990664914,
    "vol_ratio_5m_1h": 0.9313021161407419,
    "vol_ratio_15m_4h": 2.554377895651797,
    "vol_regime": 0.0,
    "vol_expansion": 0.0,
    "vol_contraction": 0.0,
    "vol_percentile": 14.736842105263156,
    "sent_fear_greed": 48.0,
    "sent_fear_greed_change": 22.0,
    "sent_extreme_fear": 0.0,
    "sent_extreme_greed": 0.0,
    "sent_fear": 0.0,
    "sent_greed": 0.0
  },
  "output_prediction": {
    "signal": "SHORT",
    "confidence": 0.6184569845643813,
    "raw_model_outputs": {
      "xgboost": 0.22255899012088776,
      "lightgbm": 0.09963937975327275,
      "lstm": 0.25923117995262146,
      "random_forest": 0.17143083887418636,
      "weighted_average": 0.1907715077178094,
      "model_agreement": 0.7604157263989251
    }
  },
  "regime_info": {
    "regime": "ranging",
    "regime_confidence": 0.5,
    "atr_ratio": 0.5499488747240047,
    "adx_value": 24.759219219823226,
    "is_exhausted": false,
    "is_weakening": false,
    "leverage_tier": "normal_volatility"
  },