{
  "timestamp": "2026-01-14T21:07:22.161426Z",
  "order_id": "706424976411984813",
  "stage": "Decision Making",
  "model_version": "ollama:qwen2.5:1.5b+ensemble_v1.0",
  "input_features": {
    "tech_returns_1": 0.020366598777998846,
    "tech_returns_5": -0.04070832485241205,
    "tech_returns_15": 0.03394894079304933,
    "tech_returns_60": 1.327372764786805,
    "tech_returns_240": 2.2344042745125137,
    "tech_returns_1440": 2.958208330426275,
    "tech_rsi_14": 57.40386608013776,
    "tech_rsi_7": 49.114319997478496,
    "tech_rsi_21": 61.18851650993889,
    "tech_rsi_slope": -3.1900544232951695,
    "tech_rsi_divergence": 0.0,
    "tech_rsi_zone": 3.0,
    "tech_macd": 0.16577917079314375,
    "tech_macd_signal": 0.2205899617135378,
    "tech_macd_hist": -0.054810790920394065,
    "tech_stoch_k": 55.2631578947396,
    "tech_stoch_d": 63.15789473684276,
    "tech_ema_cross_9_21": 1.0,
    "tech_ema_cross_50_200": 1.0,
    "tech_ema_9": 147.35462619594188,
    "tech_ema_21": 147.25418527913178,
    "tech_ema_50": 146.77565857451404,
    "tech_price_ema_9_pct": -0.01671219735518654,
    "tech_price_ema_21_pct": 0.05148561361738185,
    "tech_adx": 26.28829458822643,
    "tech_adx_7": 47.05318940188821,
    "tech_adx_10": 37.278656517972486,
    "tech_adx_roc_5": -1.8293935486317956,
    "tech_adx_slope_3": 0.643486562794676,
    "tech_adx_deceleration": 0.22409804069340744,
    "tech_plus_di": 9.769767452948388,
    "tech_minus_di": 18.625811721008738,
    "tech_di_crossover": 0.0,
    "tech_atr_14": 0.152361397607198,
    "tech_atr_pct": 0.10341505301513472,
    "tech_atr_14_avg": 0.22341314849600505,
    "tech_bb_upper": 147.5306552322498,
    "tech_bb_lower": 147.09134476775014,
    "tech_bb_width": 0.2982197286690537,
    "tech_bb_position": 0.5432495957538206,
    "tech_volatility_20": 0.010071863864255867,
    "tech_volume_ratio": 0.6495197148472511,
    "tech_obv": -18957.599999999966,
    "tech_momentum_10": -0.05999999999997385,
    "tech_roc_10": -0.04070832485241205,
    "tech_high_low_range": 0.06787483879725399,
    "tech_body_ratio": 0.29999999970002844,
    "tech_swing_high_10": 147.5,
    "tech_swing_low_10": 147.12,
    "tech_price_vs_swing_high": -0.11525423728812711,
    "tech_price_vs_swing_low": 0.14274061990212614,
    "tech_swing_break_up": 0.0,
    "tech_swing_break_down": 0.0,
    "tech_volume_spike": 0.0,
    "tech_volume_spike_ratio": 0.6495197148472511,
    "micro_ob_best_bid_price": 147.33,
    "micro_ob_best_ask_price": 147.34,
    "micro_ob_best_bid_size": 2561.0,
    "micro_ob_best_ask_size": 5366.9,
    "micro_ob_spread_absolute": 0.009999999999990905,
    "micro_ob_spread_percentage": 0.006787253537849733,
    "micro_ob_bid_ask_size_ratio": 0.477184221804021,
    "micro_ob_orderbook_imbalance_5": -0.2857383350635504,
    "micro_ob_orderbook_imbalance_10": -0.30937185840878506,
    "micro_ob_orderbook_imbalance_20": -0.31037154154750896,
    "micro_ob_orderbook_vwap": 147.3492246432437,
    "micro_ob_buy_impact_0.1": 0.0,
    "micro_ob_sell_impact_0.1": 0.0,
    "micro_ob_buy_impact_1.0": 0.0,
    "micro_ob_sell_impact_1.0": 0.0,
    "micro_ob_buy_impact_10.0": 0.0,
    "micro_ob_sell_impact_10.0": 0.0,
    "micro_ob_bid_depth_concentration": 0.6378628491725097,
    "micro_ob_ask_depth_concentration": 0.6042870423891041,
    "micro_ob_bid_levels": 15,
    "micro_ob_ask_levels": 15,
    "micro_ob_total_bid_volume": 23945.9,
    "micro_ob_total_ask_volume": 45499.9,
    "micro_ob_total_orderbook_volume": 69445.8,
    "micro_ob_order_flow_imbalance": -0.31037154154750896,
    "micro_ob_depth_imbalance_1": -0.3539272695165176,
    "micro_ob_depth_imbalance_5": -0.2857383350635504,
    "micro_ob_depth_imbalance_10": -0.30937185840878506,
    "micro_ob_depth_imbalance_20": -0.31037154154750896,
    "micro_fr_funding_rate_current": 0.0001,
    "micro_fr_funding_rate_abs": 0.0001,
    "micro_fr_funding_rate_positive": 1.0,
    "micro_fr_funding_rate_negative": 0.0,
    "micro_fr_funding_rate_high": 0.0,
    "micro_fr_funding_rate_extreme": 0.0,
    "micro_fr_hours_to_next_funding": 0.0,
    "micro_fr_funding_imminent": 1.0,
    "micro_vp_volume_current": 736.5,
    "micro_vp_volume_mean": 2149.62871,
    "micro_vp_volume_std": 11548.010875393398,
    "micro_vp_volume_max": 116131.32,
    "micro_vp_volume_sum": 214962.87099999998,
    "micro_vp_volume_ratio": 0.3426173071534758,
    "micro_vp_large_volume_trade": 0.0,
    "micro_vp_recent_vwap": 147.31556787167216,
    "micro_vp_price_vwap_deviation_pct": -0.010567702990975196,
    "micro_vp_price_clustering": 0.0,
    "micro_vp_volume_trend": -29.81709090909094,
    "micro_of_order_flow_imbalance": -0.31037154154750896,
    "micro_of_trade_flow_buy_pressure": 0.3448142292262455,
    "micro_of_trade_flow_sell_pressure": 0.6551857707737545,
    "micro_of_kyles_lambda_buy": 0.0,
    "micro_of_kyles_lambda_sell": 0.0,
    "micro_of_kyles_lambda_avg": 0.0,
    "micro_of_amihud_illiquidity": 0.03324865966577857,
    "micro_of_spread_dynamics_current": 0.006787253537849733,
    "micro_micro_funding_arbitrage": 0.0,
    "micro_micro_orderbook_pressure": -1.0,
    "micro_micro_liquidity_score": 1.0,
    "micro_micro_volume_spike": 0.0,
    "micro_micro_oi_divergence": 0.0,
    "micro_micro_composite_score": 0.5,
    "fee_maker_rate": 0.0002,
    "fee_taker_rate": 0.0008,
    "fee_round_trip_cost": 0.0016,
    "fee_breakeven_move_pct": 0.16,
    "fee_net_profit_threshold": 0.16,
    "time_hour_sin": -0.7071067811865477,
    "time_hour_cos": 0.7071067811865474,
    "time_day_sin": 0.9749279121818236,
    "time_day_cos": -0.22252093395631434,
    "time_day_of_week": 2.0,
    "time_is_asian": 0.0,
    "time_is_london": 0.0,
    "time_is_ny": 1.0,
    "time_is_london_ny_overlap": 0.0,
    "time_is_weekend": 0.0,
    "time_is_us_market_hours": 0.0,
    "cross_btc_return_1m": -0.00010255537221530964,
    "cross_btc_return_5m": 0.03898627477936847,
    "cross_btc_return_15m": 0.06824593577493004,
    "cross_btc_correlation": 0.8255879486082184,
    "cross_btc_lead_indicator": 0.03898627477936847,
    "cross_eth_btc_ratio_change": 0.10617733063125406,
    "vol_realized_5m": 18.474620309133368,
    "vol_realized_15m": 9.679330816398227,
    "vol_realized_1h": 12.92688591038005,
    "vol_realized_4h": 4.029977621126378,
    "vol_ratio_5m_1h": 1.4291624786677035,
    "vol_ratio_15m_4h": 2.401832398685345,
    "vol_regime": 3.0,
    "vol_expansion": 0.0,
    "vol_contraction": 0.0,
    "vol_percentile": 75.78947368421053,
    "sent_fear_greed": 48.0,
    "sent_fear_greed_change": 22.0,
    "sent_extreme_fear": 0.0,
    "sent_extreme_greed": 0.0,
    "sent_fear": 0.0,
    "sent_greed": 0.0
  },
  "output_prediction": {
    "signal": "SHORT",
    "confidence": 0.5688095757668619,
    "raw_model_outputs": {
      "xgboost": 0.11047430336475372,
      "lightgbm": 0.06345518482581285,
      "lstm": 0.30784350633621216,
      "random_forest": 0.4481412415831834,
      "weighted_average": 0.21559521211656907,
      "model_agreement": 0.38147204636717424
    }
  },
  "regime_info": {
    "regime": "trending",
    "regime_confidence": 0.6154595350587172,
    "atr_ratio": 0.6819714892918329,
    "adx_value": 26.28829458822643,
    "is_exhausted": false,
    "is_weakening": false,
    "leverage_tier": "normal_volatility"
  },