{
  "timestamp": "2026-01-14T13:03:46.372656Z",
  "order_id": "706303276068373421",
  "stage": "Decision Making",
  "model_version": "ollama:qwen2.5:1.5b+ensemble_v1.0",
  "input_features": {
    "tech_returns_1": -0.03770916804149982,
    "tech_returns_5": -0.1976563602993031,
    "tech_returns_15": -0.05655308921250768,
    "tech_returns_60": 0.22211720226841258,
    "tech_returns_240": -0.9666573269823564,
    "tech_returns_1440": 3.8721932687155958,
    "tech_rsi_14": 38.732630131990845,
    "tech_rsi_7": 25.024660906614557,
    "tech_rsi_21": 44.13882603582906,
    "tech_rsi_slope": -3.6045889529575064,
    "tech_rsi_divergence": 0.0,
    "tech_rsi_zone": 2.0,
    "tech_macd": 1.7283497840914208e-05,
    "tech_macd_signal": 0.0004160949115443034,
    "tech_macd_hist": -0.0003988114137033892,
    "tech_stoch_k": 11.538461538459568,
    "tech_stoch_d": 15.414430530710668,
    "tech_ema_cross_9_21": -1.0,
    "tech_ema_cross_50_200": -1.0,
    "tech_ema_9": 2.1226202233474996,
    "tech_ema_21": 2.122873405003088,
    "tech_ema_50": 2.12232115064883,
    "tech_price_ema_9_pct": -0.09046476267296852,
    "tech_price_ema_21_pct": -0.1023803396832897,
    "tech_adx": 32.50047055674024,
    "tech_adx_7": 60.82330510468677,
    "tech_adx_10": 45.287923741409585,
    "tech_adx_roc_5": 6.674447977999513,
    "tech_adx_slope_3": 3.070714523604975,
    "tech_adx_deceleration": 0.8468511845578082,
    "tech_plus_di": 13.333502189393535,
    "tech_minus_di": 46.53526087908519,
    "tech_di_crossover": 0.0,
    "tech_atr_14": 0.0011375894020429179,
    "tech_atr_pct": 0.05364216541910303,
    "tech_atr_14_avg": 0.0012611176873140808,
    "tech_bb_upper": 2.125425421016703,
    "tech_bb_lower": 2.120424578983296,
    "tech_bb_width": 0.23556376383562014,
    "tech_bb_position": 0.05507492835487758,
    "tech_volatility_20": 0.005477331886025567,
    "tech_volume_ratio": 0.8641103737620267,
    "tech_obv": -1970890.0,
    "tech_momentum_10": -0.002500000000000391,
    "tech_roc_10": -0.11774679728713267,
    "tech_high_low_range": 0.0660159381336488,
    "tech_body_ratio": 0.5714285306123837,
    "tech_swing_high_10": 2.1253,
    "tech_swing_low_10": 2.1201,
    "tech_price_vs_swing_high": -0.21644003199550094,
    "tech_price_vs_swing_low": 0.02830055186075817,
    "tech_swing_break_up": 0.0,
    "tech_swing_break_down": 1.0,
    "tech_volume_spike": 0.0,
    "tech_volume_spike_ratio": 0.8641103737620267,
    "micro_ob_best_bid_price": 2.12,
    "micro_ob_best_ask_price": 2.1201,
    "micro_ob_best_bid_size": 69200.0,
    "micro_ob_best_ask_size": 56150.0,
    "micro_ob_spread_absolute": 9.999999999976694e-05,
    "micro_ob_spread_percentage": 0.004716869885133225,
    "micro_ob_bid_ask_size_ratio": 1.232413178984862,
    "micro_ob_orderbook_imbalance_5": -0.19020073551946062,
    "micro_ob_orderbook_imbalance_10": -0.22030780186738408,
    "micro_ob_orderbook_imbalance_20": -0.24202211276461957,
    "micro_ob_orderbook_vwap": 2.1201577721949674,
    "micro_ob_buy_impact_0.1": 0.0,
    "micro_ob_sell_impact_0.1": 0.0,
    "micro_ob_buy_impact_1.0": 0.0,
    "micro_ob_sell_impact_1.0": 0.0,
    "micro_ob_buy_impact_10.0": 0.0,
    "micro_ob_sell_impact_10.0": 0.0,
    "micro_ob_bid_depth_concentration": 0.3653410760270303,
    "micro_ob_ask_depth_concentration": 0.32769404394004914,
    "micro_ob_bid_levels": 15,
    "micro_ob_ask_levels": 15,
    "micro_ob_total_bid_volume": 578610.0,
    "micro_ob_total_ask_volume": 948110.0,
    "micro_ob_total_orderbook_volume": 1526720.0,
    "micro_ob_order_flow_imbalance": -0.24202211276461957,
    "micro_ob_depth_imbalance_1": 0.10410849621061029,
    "micro_ob_depth_imbalance_5": -0.19020073551946062,
    "micro_ob_depth_imbalance_10": -0.22030780186738408,
    "micro_ob_depth_imbalance_20": -0.24202211276461957,
    "micro_fr_funding_rate_current": 0.0001,
    "micro_fr_funding_rate_abs": 0.0001,
    "micro_fr_funding_rate_mean": 0.0001,
    "micro_fr_funding_rate_std": 0.0,
    "micro_fr_funding_rate_min": 0.0001,
    "micro_fr_funding_rate_max": 0.0001,
    "micro_fr_funding_rate_skew": 0.0,
    "micro_fr_funding_rate_kurtosis": 0.0,
    "micro_fr_funding_rate_trend": -9.234190815370753e-21,
    "micro_fr_funding_rate_change": 0.0,
    "micro_fr_funding_rate_change_abs": 0.0,
    "micro_fr_funding_rate_positive": 1.0,
    "micro_fr_funding_rate_negative": 0.0,
    "micro_fr_funding_rate_high": 0.0,
    "micro_fr_funding_rate_extreme": 0.0,
    "micro_fr_hours_to_next_funding": 0.0,
    "micro_fr_funding_imminent": 1.0,
    "micro_vp_volume_current": 212.05,
    "micro_vp_volume_mean": 463.10358,
    "micro_vp_volume_std": 601.2407387996456,
    "micro_vp_volume_max": 3032.029,
    "micro_vp_volume_sum": 46310.358,
    "micro_vp_volume_ratio": 0.45788892411498955,
    "micro_vp_large_volume_trade": 0.0,
    "micro_vp_recent_vwap": 2.1204376501343396,
    "micro_vp_price_vwap_deviation_pct": 0.002940424381555247,
    "micro_vp_price_clustering": 0.3108349360793804,
    "micro_vp_volume_trend": 12.210563636363648,
    "micro_of_order_flow_imbalance": -0.24202211276461957,
    "micro_of_trade_flow_buy_pressure": 0.3789889436176902,
    "micro_of_trade_flow_sell_pressure": 0.6210110563823098,
    "micro_of_kyles_lambda_buy": 0.0,
    "micro_of_kyles_lambda_sell": 0.0,
    "micro_of_kyles_lambda_avg": 0.0,
    "micro_of_amihud_illiquidity": 0.038710008605769494,
    "micro_of_spread_dynamics_current": 0.004716869885133225,
    "micro_micro_funding_arbitrage": 0.0,
    "micro_micro_orderbook_pressure": -0.5,
    "micro_micro_liquidity_score": 1.0,
    "micro_micro_volume_spike": 0.0,
    "micro_micro_oi_divergence": 0.0,
    "micro_micro_composite_score": 0.35,
    "fee_maker_rate": 0.0002,
    "fee_taker_rate": 0.0008,
    "fee_round_trip_cost": 0.0016,
    "fee_breakeven_move_pct": 0.16,
    "fee_net_profit_threshold": 0.16,
    "time_hour_sin": -0.2588190451025208,
    "time_hour_cos": -0.9659258262890683,
    "time_day_sin": 0.9749279121818236,
    "time_day_cos": -0.22252093395631434,
    "time_day_of_week": 2.0,
    "time_is_asian": 0.0,
    "time_is_london": 1.0,
    "time_is_ny": 1.0,
    "time_is_london_ny_overlap": 1.0,
    "time_is_weekend": 0.0,
    "time_is_us_market_hours": 1.0,
    "cross_btc_return_1m": -0.03893630231407916,
    "cross_btc_return_5m": -0.06249381900358569,
    "cross_btc_return_15m": -0.029468100780904668,
    "cross_btc_correlation": 0.4551543514712702,
    "cross_btc_lead_indicator": -0.06249381900358569,
    "cross_eth_btc_ratio_change": 0.003051969351855523,
    "vol_realized_5m": 6.224692967321642,
    "vol_realized_15m": 6.761638281244481,
    "vol_realized_1h": 4.2121113132031835,
    "vol_realized_4h": 2.777488000411723,
    "vol_ratio_5m_1h": 1.4778082781929023,
    "vol_ratio_15m_4h": 2.4344437420583507,
    "vol_regime": 0.0,
    "vol_expansion": 0.0,
    "vol_contraction": 0.0,
    "vol_percentile": 5.263157894736842,
    "sent_fear_greed": 48.0,
    "sent_fear_greed_change": 22.0,
    "sent_extreme_fear": 0.0,
    "sent_extreme_greed": 0.0,
    "sent_fear": 0.0,
    "sent_greed": 0.0
  },
  "output_prediction": {
    "signal": "SHORT",
    "confidence": 0.6179452506812738,
    "raw_model_outputs": {
      "xgboost": 0.21091881394386292,
      "lightgbm": 0.23513758939425775,
      "lstm": 0.12284598499536514,
      "random_forest": 0.19127915459166997,
      "weighted_average": 0.1910273746593631,
      "model_agreement": 0.8328319590185222
    }
  },
  "regime_info": {
    "regime": "trending",
    "regime_confidence": 0.6900056466808828,
    "atr_ratio": 0.9020485665106699,
    "adx_value": 32.50047055674024,
    "is_exhausted": false,
    "is_weakening": false,
    "leverage_tier": "normal_volatility"
  },