{
  "timestamp": "2026-01-14T13:34:36.004700Z",
  "order_id": "706311025644798893",
  "stage": "Decision Making",
  "model_version": "ollama:qwen2.5:1.5b+ensemble_v1.0",
  "input_features": {
    "tech_returns_1": 0.006829201666302964,
    "tech_returns_5": -0.1908396946564861,
    "tech_returns_15": -0.04777830864788335,
    "tech_returns_60": -0.08187772925765113,
    "tech_returns_240": -1.3805643477675433,
    "tech_returns_1440": 5.325832846288713,
    "tech_rsi_14": 44.27424825654943,
    "tech_rsi_7": 38.40652260466406,
    "tech_rsi_21": 46.4431349832394,
    "tech_rsi_slope": 2.929055949219734,
    "tech_rsi_divergence": 0.0,
    "tech_rsi_zone": 2.0,
    "tech_macd": -8.505601804903451e-06,
    "tech_macd_signal": 2.9844569553721505e-05,
    "tech_macd_hist": -3.835017135862496e-05,
    "tech_stoch_k": 21.666666666664586,
    "tech_stoch_d": 15.555555555555246,
    "tech_ema_cross_9_21": -1.0,
    "tech_ema_cross_50_200": -1.0,
    "tech_ema_9": 0.14651743165035466,
    "tech_ema_21": 0.14654773673970953,
    "tech_ema_50": 0.14653469905337219,
    "tech_price_ema_9_pct": -0.05284808058842892,
    "tech_price_ema_21_pct": -0.07351648145948318,
    "tech_adx": 31.51017156352335,
    "tech_adx_7": 57.988996456568145,
    "tech_adx_10": 42.911343648221575,
    "tech_adx_roc_5": 10.461788107953915,
    "tech_adx_slope_3": 2.082918431393372,
    "tech_adx_deceleration": -0.5357348838576552,
    "tech_plus_di": 12.73873672164359,
    "tech_minus_di": 32.82352639898568,
    "tech_di_crossover": 0.0,
    "tech_atr_14": 0.0001331041541970538,
    "tech_atr_pct": 0.09089330387670978,
    "tech_atr_14_avg": 0.00012883209311015528,
    "tech_bb_upper": 0.14689962139382598,
    "tech_bb_lower": 0.14630237860617404,
    "tech_bb_width": 0.40739339271351593,
    "tech_bb_position": 0.23042788740406003,
    "tech_volatility_20": 0.010674087591669476,
    "tech_volume_ratio": 0.9968548430086892,
    "tech_obv": 14781200.0,
    "tech_momentum_10": -0.00024000000000001798,
    "tech_roc_10": -0.1636214889555565,
    "tech_high_low_range": 0.04097241190929851,
    "tech_body_ratio": 0.16666638888912055,
    "tech_swing_high_10": 0.1468,
    "tech_swing_low_10": 0.14631,
    "tech_price_vs_swing_high": -0.24523160762944615,
    "tech_price_vs_swing_low": 0.0888524366071979,
    "tech_swing_break_up": 0.0,
    "tech_swing_break_down": 0.0,
    "tech_volume_spike": 0.0,
    "tech_volume_spike_ratio": 0.9968548430086892,
    "micro_ob_best_bid_price": 0.14639,
    "micro_ob_best_ask_price": 0.1464,
    "micro_ob_best_bid_size": 2770200.0,
    "micro_ob_best_ask_size": 2762400.0,
    "micro_ob_spread_absolute": 1.0000000000010001e-05,
    "micro_ob_spread_percentage": 0.0068308343864271325,
    "micro_ob_bid_ask_size_ratio": 1.0028236316246741,
    "micro_ob_orderbook_imbalance_5": -0.029225876895856415,
    "micro_ob_orderbook_imbalance_10": -0.18452418520874095,
    "micro_ob_orderbook_imbalance_20": -0.20256683215106502,
    "micro_ob_orderbook_vwap": 0.1464126503959257,
    "micro_ob_buy_impact_0.1": 0.0,
    "micro_ob_sell_impact_0.1": 0.0,
    "micro_ob_buy_impact_1.0": 0.0,
    "micro_ob_sell_impact_1.0": 0.0,
    "micro_ob_buy_impact_10.0": 0.0,
    "micro_ob_sell_impact_10.0": 0.0,
    "micro_ob_bid_depth_concentration": 0.6078620228464775,
    "micro_ob_ask_depth_concentration": 0.4273489000079422,
    "micro_ob_bid_levels": 15,
    "micro_ob_ask_levels": 15,
    "micro_ob_total_bid_volume": 20038100.0,
    "micro_ob_total_ask_volume": 30218400.0,
    "micro_ob_total_orderbook_volume": 50256500.0,
    "micro_ob_order_flow_imbalance": -0.20256683215106502,
    "micro_ob_depth_imbalance_1": 0.0014098253985467954,
    "micro_ob_depth_imbalance_5": -0.029225876895856415,
    "micro_ob_depth_imbalance_10": -0.18452418520874095,
    "micro_ob_depth_imbalance_20": -0.20256683215106502,
    "micro_fr_funding_rate_current": 0.0001,
    "micro_fr_funding_rate_abs": 0.0001,
    "micro_fr_funding_rate_mean": 0.0001,
    "micro_fr_funding_rate_std": 0.0,
    "micro_fr_funding_rate_min": 0.0001,
    "micro_fr_funding_rate_max": 0.0001,
    "micro_fr_funding_rate_skew": 0.0,
    "micro_fr_funding_rate_kurtosis": 0.0,
    "micro_fr_funding_rate_trend": -9.234190815370753e-21,
    "micro_fr_funding_rate_change": 0.0,
    "micro_fr_funding_rate_change_abs": 0.0,
    "micro_fr_funding_rate_positive": 1.0,
    "micro_fr_funding_rate_negative": 0.0,
    "micro_fr_funding_rate_high": 0.0,
    "micro_fr_funding_rate_extreme": 0.0,
    "micro_fr_hours_to_next_funding": 0.0,
    "micro_fr_funding_imminent": 1.0,
    "micro_vp_volume_current": 204.974,
    "micro_vp_volume_mean": 946.72519,
    "micro_vp_volume_std": 7448.964834100612,
    "micro_vp_volume_max": 74980.958,
    "micro_vp_volume_sum": 94672.519,
    "micro_vp_volume_ratio": 0.21650844634228017,
    "micro_vp_large_volume_trade": 0.0,
    "micro_vp_recent_vwap": 0.14639325743482118,
    "micro_vp_price_vwap_deviation_pct": 0.011436705127139304,
    "micro_vp_price_clustering": 0.6159503660414601,
    "micro_vp_volume_trend": 5.239575757575758,
    "micro_of_order_flow_imbalance": -0.20256683215106502,
    "micro_of_trade_flow_buy_pressure": 0.39871658392446746,
    "micro_of_trade_flow_sell_pressure": 0.6012834160755325,
    "micro_of_kyles_lambda_buy": 0.0,
    "micro_of_kyles_lambda_sell": 0.0,
    "micro_of_kyles_lambda_avg": 0.0,
    "micro_of_amihud_illiquidity": 0.175923841955716,
    "micro_of_spread_dynamics_current": 0.0068308343864271325,
    "micro_micro_funding_arbitrage": 0.0,
    "micro_micro_orderbook_pressure": -0.5,
    "micro_micro_liquidity_score": 1.0,
    "micro_micro_volume_spike": 0.0,
    "micro_micro_oi_divergence": 0.0,
    "micro_micro_composite_score": 0.35,
    "fee_maker_rate": 0.0002,
    "fee_taker_rate": 0.0008,
    "fee_round_trip_cost": 0.0016,
    "fee_breakeven_move_pct": 0.16,
    "fee_net_profit_threshold": 0.16,
    "time_hour_sin": -0.2588190451025208,
    "time_hour_cos": -0.9659258262890683,
    "time_day_sin": 0.9749279121818236,
    "time_day_cos": -0.22252093395631434,
    "time_day_of_week": 2.0,
    "time_is_asian": 0.0,
    "time_is_london": 1.0,
    "time_is_ny": 1.0,
    "time_is_london_ny_overlap": 1.0,
    "time_is_weekend": 0.0,
    "time_is_us_market_hours": 1.0,
    "cross_btc_return_1m": 0.003682346096344903,
    "cross_btc_return_5m": -0.10646023400231455,
    "cross_btc_return_15m": 0.05863410947210526,
    "cross_btc_correlation": 0.5696531253118299,
    "cross_btc_lead_indicator": -0.10646023400231455,
    "cross_eth_btc_ratio_change": 0.04020778825405155,
    "vol_realized_5m": 22.012897316873804,
    "vol_realized_15m": 13.874471649867962,
    "vol_realized_1h": 5.107231475577223,
    "vol_realized_4h": 3.029926553747988,
    "vol_ratio_5m_1h": 4.310142867449706,
    "vol_ratio_15m_4h": 4.579144544842311,
    "vol_regime": 3.0,
    "vol_expansion": 1.0,
    "vol_contraction": 0.0,
    "vol_percentile": 80.0,
    "sent_fear_greed": 48.0,
    "sent_fear_greed_change": 22.0,
    "sent_extreme_fear": 0.0,
    "sent_extreme_greed": 0.0,
    "sent_fear": 0.0,
    "sent_greed": 0.0
  },
  "output_prediction": {
    "signal": "SHORT",
    "confidence": 0.5806863070408995,
    "raw_model_outputs": {
      "xgboost": 0.3247470557689667,
      "lightgbm": 0.08879064474434613,
      "lstm": 0.19011391699314117,
      "random_forest": 0.21253293167128093,
      "weighted_average": 0.20965684647955024,
      "model_agreement": 0.6646275340766461
    }
  },
  "regime_info": {
    "regime": "trending",
    "regime_confidence": 0.6781220587622802,
    "atr_ratio": 1.0331599136811802,
    "adx_value": 31.51017156352335,
    "is_exhausted": false,
    "is_weakening": false,
    "leverage_tier": "elevated_volatility"
  },