{
  "timestamp": "2026-01-14T23:31:00.071423Z",
  "order_id": "706461118482088877",
  "stage": "Decision Making",
  "model_version": "ollama:qwen2.5:1.5b+ensemble_v1.0",
  "input_features": {
    "tech_returns_1": -0.02734855736359343,
    "tech_returns_5": -0.1297725565193586,
    "tech_returns_15": -0.4832233036139666,
    "tech_returns_60": -0.19112627986348496,
    "tech_returns_240": 0.9806629834254066,
    "tech_returns_1440": 2.958208330426275,
    "tech_rsi_14": 34.558796728560196,
    "tech_rsi_7": 17.418567894853666,
    "tech_rsi_21": 40.9222499198264,
    "tech_rsi_slope": -1.3366866769779264,
    "tech_rsi_divergence": 0.0,
    "tech_rsi_zone": 2.0,
    "tech_macd": -0.047840521813895975,
    "tech_macd_signal": 0.01063470380660807,
    "tech_macd_hist": -0.05847522562050404,
    "tech_stoch_k": 3.0769230769246243,
    "tech_stoch_d": 6.58119658119767,
    "tech_ema_cross_9_21": -1.0,
    "tech_ema_cross_50_200": 1.0,
    "tech_ema_9": 146.36925498637922,
    "tech_ema_21": 146.45075262817133,
    "tech_ema_50": 146.4520590809932,
    "tech_price_ema_9_pct": -0.10197154203805199,
    "tech_price_ema_21_pct": -0.15756329280000103,
    "tech_adx": 39.810997898915105,
    "tech_adx_7": 72.13927244569638,
    "tech_adx_10": 53.462910939270934,
    "tech_adx_roc_5": 7.954187371413344,
    "tech_adx_slope_3": 2.7782703001652322,
    "tech_adx_deceleration": -0.00777749010555695,
    "tech_plus_di": 12.954397006752554,
    "tech_minus_di": 50.41199992147101,
    "tech_di_crossover": 0.0,
    "tech_atr_14": 0.08937208878438493,
    "tech_atr_pct": 0.06112165831239566,
    "tech_atr_14_avg": 0.12650553009671675,
    "tech_bb_upper": 146.94129289881775,
    "tech_bb_lower": 146.1667071011823,
    "tech_bb_width": 0.528532689408299,
    "tech_bb_position": 0.06880180217656173,
    "tech_volatility_20": 0.00883830467983183,
    "tech_volume_ratio": 0.7399862811532146,
    "tech_obv": -42116.30000000001,
    "tech_momentum_10": -0.36000000000001364,
    "tech_roc_10": -0.24559967253378057,
    "tech_high_low_range": 0.041034058268364294,
    "tech_body_ratio": 0.6666666655553977,
    "tech_swing_high_10": 146.66,
    "tech_swing_low_10": 146.2,
    "tech_price_vs_swing_high": -0.3000136369834977,
    "tech_price_vs_swing_low": 0.01367989056088251,
    "tech_swing_break_up": 0.0,
    "tech_swing_break_down": 0.0,
    "tech_volume_spike": 0.0,
    "tech_volume_spike_ratio": 0.7399862811532146,
    "micro_ob_best_bid_price": 146.22,
    "micro_ob_best_ask_price": 146.23,
    "micro_ob_best_bid_size": 2821.2,
    "micro_ob_best_ask_size": 2632.9,
    "micro_ob_spread_absolute": 0.009999999999990905,
    "micro_ob_spread_percentage": 0.006838775859114997,
    "micro_ob_bid_ask_size_ratio": 1.0715180979148466,
    "micro_ob_orderbook_imbalance_5": -0.2839026798940612,
    "micro_ob_orderbook_imbalance_10": -0.43126186896425195,
    "micro_ob_orderbook_imbalance_20": -0.47832887341423524,
    "micro_ob_orderbook_vwap": 146.2579715121031,
    "micro_ob_buy_impact_0.1": 0.0,
    "micro_ob_sell_impact_0.1": 0.0,
    "micro_ob_buy_impact_1.0": 0.0,
    "micro_ob_sell_impact_1.0": 0.0,
    "micro_ob_buy_impact_10.0": 0.0,
    "micro_ob_sell_impact_10.0": 0.0,
    "micro_ob_bid_depth_concentration": 0.6238593701115862,
    "micro_ob_ask_depth_concentration": 0.39470488387176905,
    "micro_ob_bid_levels": 15,
    "micro_ob_ask_levels": 15,
    "micro_ob_total_bid_volume": 15342.4,
    "micro_ob_total_ask_volume": 43477.8,
    "micro_ob_total_orderbook_volume": 58820.200000000004,
    "micro_ob_order_flow_imbalance": -0.47832887341423524,
    "micro_ob_depth_imbalance_1": 0.0345244861663702,
    "micro_ob_depth_imbalance_5": -0.2839026798940612,
    "micro_ob_depth_imbalance_10": -0.43126186896425195,
    "micro_ob_depth_imbalance_20": -0.47832887341423524,
    "micro_fr_funding_rate_current": 0.0001,
    "micro_fr_funding_rate_abs": 0.0001,
    "micro_fr_funding_rate_mean": 9.999999999999999e-05,
    "micro_fr_funding_rate_std": 1.3552527156068805e-20,
    "micro_fr_funding_rate_min": 0.0001,
    "micro_fr_funding_rate_max": 0.0001,
    "micro_fr_funding_rate_skew": 1.0,
    "micro_fr_funding_rate_kurtosis": -2.0,
    "micro_fr_funding_rate_trend": -9.234190815370753e-21,
    "micro_fr_funding_rate_change": 0.0,
    "micro_fr_funding_rate_change_abs": 0.0,
    "micro_fr_funding_rate_positive": 1.0,
    "micro_fr_funding_rate_negative": 0.0,
    "micro_fr_funding_rate_high": 0.0,
    "micro_fr_funding_rate_extreme": 0.0,
    "micro_fr_hours_to_next_funding": 0.0,
    "micro_fr_funding_imminent": 1.0,
    "micro_vp_volume_current": 1184.382,
    "micro_vp_volume_mean": 787.06512,
    "micro_vp_volume_std": 405.38143255416327,
    "micro_vp_volume_max": 1447.479,
    "micro_vp_volume_sum": 78706.512,
    "micro_vp_volume_ratio": 1.5048081409070702,
    "micro_vp_large_volume_trade": 0.0,
    "micro_vp_recent_vwap": 146.21310065728738,
    "micro_vp_price_vwap_deviation_pct": 0.00471868983121153,
    "micro_vp_price_clustering": 0.5910828046792393,
    "micro_vp_volume_trend": 84.9834424242424,
    "micro_of_order_flow_imbalance": -0.47832887341423524,
    "micro_of_trade_flow_buy_pressure": 0.2608355632928824,
    "micro_of_trade_flow_sell_pressure": 0.7391644367071176,
    "micro_of_kyles_lambda_buy": 0.0,
    "micro_of_kyles_lambda_sell": 0.0,
    "micro_of_kyles_lambda_avg": 0.0,
    "micro_of_amihud_illiquidity": 0.014903755034509138,
    "micro_of_spread_dynamics_current": 0.006838775859114997,
    "micro_micro_funding_arbitrage": 0.0,
    "micro_micro_orderbook_pressure": -1.0,
    "micro_micro_liquidity_score": 1.0,
    "micro_micro_volume_spike": 0.5,
    "micro_micro_oi_divergence": 0.0,
    "micro_micro_composite_score": 0.55,
    "fee_maker_rate": 0.0002,
    "fee_taker_rate": 0.0008,
    "fee_round_trip_cost": 0.0016,
    "fee_breakeven_move_pct": 0.16,
    "fee_net_profit_threshold": 0.16,
    "time_hour_sin": -0.25881904510252157,
    "time_hour_cos": 0.9659258262890681,
    "time_day_sin": 0.9749279121818236,
    "time_day_cos": -0.22252093395631434,
    "time_day_of_week": 2.0,
    "time_is_asian": 0.0,
    "time_is_london": 0.0,
    "time_is_ny": 0.0,
    "time_is_london_ny_overlap": 0.0,
    "time_is_weekend": 0.0,
    "time_is_us_market_hours": 0.0,
    "cross_btc_return_1m": -0.008458604928475366,
    "cross_btc_return_5m": -0.11036503932334774,
    "cross_btc_return_15m": -0.3646855306801497,
    "cross_btc_correlation": 0.7633215062666742,
    "cross_btc_lead_indicator": -0.11036503932334774,
    "cross_eth_btc_ratio_change": -0.04656566325289081,
    "vol_realized_5m": 6.918493059773681,
    "vol_realized_15m": 6.430004312030571,
    "vol_realized_1h": 6.5049595761407435,
    "vol_realized_4h": 4.247371009684055,
    "vol_ratio_5m_1h": 1.0635720297401567,
    "vol_ratio_15m_4h": 1.5138786551422252,
    "vol_regime": 0.0,
    "vol_expansion": 0.0,
    "vol_contraction": 0.0,
    "vol_percentile": 3.1578947368421053,
    "sent_fear_greed": 48.0,
    "sent_fear_greed_change": 22.0,
    "sent_extreme_fear": 0.0,
    "sent_extreme_greed": 0.0,
    "sent_fear": 0.0,
    "sent_greed": 0.0
  },
  "output_prediction": {
    "signal": "SHORT",
    "confidence": 0.6083760626952596,
    "raw_model_outputs": {
      "xgboost": 0.1398811936378479,
      "lightgbm": 0.14520186996896922,
      "lstm": 0.25785353779792786,
      "random_forest": 0.2654187856458773,
      "weighted_average": 0.19581196865237022,
      "model_agreement": 0.7614518735245756
    }
  },
  "regime_info": {
    "regime": "trending",
    "regime_confidence": 0.7777319747869813,
    "atr_ratio": 0.7064678414932348,
    "adx_value": 39.810997898915105,
    "is_exhausted": false,
    "is_weakening": false,
    "leverage_tier": "normal_volatility"
  },