{
  "timestamp": "2026-01-14T02:25:29.343153Z",
  "order_id": "706142643012240301",
  "stage": "Decision Making",
  "model_version": "ollama:qwen2.5:1.5b+ensemble_v1.0",
  "input_features": {
    "tech_returns_1": -0.004195661685824081,
    "tech_returns_5": -0.0781612637568374,
    "tech_returns_15": -0.1472366200217845,
    "tech_returns_60": 0.11371648889089148,
    "tech_returns_240": 0.3374009899501429,
    "tech_returns_1440": 3.5415104584119743,
    "tech_rsi_14": 45.150389760949245,
    "tech_rsi_7": 36.46789314109101,
    "tech_rsi_21": 48.25632545737884,
    "tech_rsi_slope": 0.1385436702877456,
    "tech_rsi_divergence": 0.0,
    "tech_rsi_zone": 2.0,
    "tech_macd": 0.14897184621213455,
    "tech_macd_signal": 1.5271102976936202,
    "tech_macd_hist": -1.3781384514814856,
    "tech_stoch_k": 5.153508771930057,
    "tech_stoch_d": 4.203662685569355,
    "tech_ema_cross_9_21": -1.0,
    "tech_ema_cross_50_200": 1.0,
    "tech_ema_9": 3339.057475137736,
    "tech_ema_21": 3339.840582119037,
    "tech_ema_50": 3337.3538642180315,
    "tech_price_ema_9_pct": -0.07239992589934756,
    "tech_price_ema_21_pct": -0.09583038592239196,
    "tech_adx": 24.66630808268029,
    "tech_adx_7": 43.92063479817957,
    "tech_adx_10": 31.251651912878827,
    "tech_adx_roc_5": -16.871883172408218,
    "tech_adx_slope_3": -2.840186293981038,
    "tech_adx_deceleration": 0.5305345392941234,
    "tech_plus_di": 18.53479424483197,
    "tech_minus_di": 21.797075500633106,
    "tech_di_crossover": 0.0,
    "tech_atr_14": 3.289838137991472,
    "tech_atr_pct": 0.09859733558284597,
    "tech_atr_14_avg": 3.585719012786599,
    "tech_bb_upper": 3352.8907188311914,
    "tech_bb_lower": 3331.730281168808,
    "tech_bb_width": 0.6331080748597006,
    "tech_bb_position": 0.23202350109799366,
    "tech_volatility_20": 0.020588825230992192,
    "tech_volume_ratio": 0.13535165286397002,
    "tech_obv": 550224.2580000004,
    "tech_momentum_10": -13.769999999999982,
    "tech_roc_10": -0.410994475303017,
    "tech_high_low_range": 0.03836194495061499,
    "tech_body_ratio": 0.10937499999169377,
    "tech_swing_high_10": 3351.39,
    "tech_swing_low_10": 3335.7,
    "tech_price_vs_swing_high": -0.4401158922118882,
    "tech_price_vs_swing_low": 0.028179992205535707,
    "tech_swing_break_up": 0.0,
    "tech_swing_break_down": 0.0,
    "tech_volume_spike": 0.0,
    "tech_volume_spike_ratio": 0.13535165286397002,
    "micro_ob_best_bid_price": 3336.03,
    "micro_ob_best_ask_price": 3336.04,
    "micro_ob_best_bid_size": 49.473,
    "micro_ob_best_ask_size": 49.113,
    "micro_ob_spread_absolute": 0.009999999999763531,
    "micro_ob_spread_percentage": 0.00029975704690638833,
    "micro_ob_bid_ask_size_ratio": 1.0073300348176655,
    "micro_ob_orderbook_imbalance_5": -0.057335136562262606,
    "micro_ob_orderbook_imbalance_10": -0.04281607240674375,
    "micro_ob_orderbook_imbalance_20": -0.14872392765657916,
    "micro_ob_orderbook_vwap": 3336.0359231466,
    "micro_ob_buy_impact_0.1": 0.0,
    "micro_ob_sell_impact_0.1": 0.0,
    "micro_ob_buy_impact_1.0": 0.0,
    "micro_ob_sell_impact_1.0": 0.0,
    "micro_ob_buy_impact_10.0": 1.3631351868876396e-14,
    "micro_ob_sell_impact_10.0": 1.3631392729875453e-14,
    "micro_ob_bid_depth_concentration": 0.49711876157894136,
    "micro_ob_ask_depth_concentration": 0.4132094621627199,
    "micro_ob_bid_levels": 15,
    "micro_ob_ask_levels": 15,
    "micro_ob_total_bid_volume": 175.966,
    "micro_ob_total_ask_volume": 237.451,
    "micro_ob_total_orderbook_volume": 413.41700000000003,
    "micro_ob_order_flow_imbalance": -0.14872392765657916,
    "micro_ob_depth_imbalance_1": 0.003651634106262547,
    "micro_ob_depth_imbalance_5": -0.057335136562262606,
    "micro_ob_depth_imbalance_10": -0.04281607240674375,
    "micro_ob_depth_imbalance_20": -0.14872392765657916,
    "micro_fr_funding_rate_current": 0.0001,
    "micro_fr_funding_rate_abs": 0.0001,
    "micro_fr_funding_rate_mean": 8.748406250000001e-05,
    "micro_fr_funding_rate_std": 2.0378511485657973e-05,
    "micro_fr_funding_rate_min": 4.879e-05,
    "micro_fr_funding_rate_max": 0.0001,
    "micro_fr_funding_rate_skew": -1.175054837861211,
    "micro_fr_funding_rate_kurtosis": -0.4813667700292372,
    "micro_fr_funding_rate_trend": -9.234190815370753e-21,
    "micro_fr_funding_rate_change": 0.0,
    "micro_fr_funding_rate_change_abs": 0.0,
    "micro_fr_funding_rate_positive": 1.0,
    "micro_fr_funding_rate_negative": 0.0,
    "micro_fr_funding_rate_high": 0.0,
    "micro_fr_funding_rate_extreme": 0.0,
    "micro_fr_hours_to_next_funding": 0.0,
    "micro_fr_funding_imminent": 1.0,
    "micro_vp_volume_current": 13.348,
    "micro_vp_volume_mean": 2383.3919932999997,
    "micro_vp_volume_std": 8947.741114933957,
    "micro_vp_volume_max": 67580.29536,
    "micro_vp_volume_sum": 238339.19932999997,
    "micro_vp_volume_ratio": 0.005600421599771597,
    "micro_vp_large_volume_trade": 0.0,
    "micro_vp_recent_vwap": 3336.8222445776596,
    "micro_vp_price_vwap_deviation_pct": 0.005327086950143944,
    "micro_vp_price_clustering": 1.1102230246251565e-16,
    "micro_vp_volume_trend": -3.923503030303029,
    "micro_of_order_flow_imbalance": -0.14872392765657916,
    "micro_of_trade_flow_buy_pressure": 0.42563803617171037,
    "micro_of_trade_flow_sell_pressure": 0.5743619638282895,
    "micro_of_kyles_lambda_buy": 1.3631351868876396e-15,
    "micro_of_kyles_lambda_sell": 1.3631392729875453e-15,
    "micro_of_kyles_lambda_avg": 1.3631372299375924e-15,
    "micro_of_amihud_illiquidity": 0.1623448319118411,
    "micro_of_spread_dynamics_current": 0.00029975704690638833,
    "micro_micro_funding_arbitrage": 0.0,
    "micro_micro_orderbook_pressure": 0.0,
    "micro_micro_liquidity_score": 0.75,
    "micro_micro_volume_spike": 0.0,
    "micro_micro_oi_divergence": 0.0,
    "micro_micro_composite_score": 0.15000000000000002,
    "fee_maker_rate": 0.0002,
    "fee_taker_rate": 0.0008,
    "fee_round_trip_cost": 0.0016,
    "fee_breakeven_move_pct": 0.16,
    "fee_net_profit_threshold": 0.16,
    "time_hour_sin": 0.49999999999999994,
    "time_hour_cos": 0.8660254037844387,
    "time_day_sin": 0.9749279121818236,
    "time_day_cos": -0.22252093395631434,
    "time_day_of_week": 2.0,
    "time_is_asian": 1.0,
    "time_is_london": 0.0,
    "time_is_ny": 0.0,
    "time_is_london_ny_overlap": 0.0,
    "time_is_weekend": 0.0,
    "time_is_us_market_hours": 0.0,
    "cross_btc_return_1m": -0.04444942986268767,
    "cross_btc_return_5m": -0.03533213253010742,
    "cross_btc_return_15m": 0.05551241421285094,
    "cross_btc_correlation": 0.8884431806604907,
    "cross_btc_lead_indicator": -0.03533213253010742,
    "cross_eth_btc_ratio_change": -0.2026365457959812,
    "vol_realized_5m": 15.422673975295117,
    "vol_realized_15m": 26.71257552808121,
    "vol_realized_1h": 8.61654072164175,
    "vol_realized_4h": 4.421623797750832,
    "vol_ratio_5m_1h": 1.789891613528702,
    "vol_ratio_15m_4h": 6.041349682817706,
    "vol_regime": 1.0,
    "vol_expansion": 1.0,
    "vol_contraction": 0.0,
    "vol_percentile": 36.84210526315789,
    "sent_fear_greed": 48.0,
    "sent_fear_greed_change": 22.0,
    "sent_extreme_fear": 0.0,
    "sent_extreme_greed": 0.0,
    "sent_fear": 0.0,
    "sent_greed": 0.0
  },
  "output_prediction": {
    "signal": "SHORT",
    "confidence": 0.5862629897250029,
    "raw_model_outputs": {
      "xgboost": 0.3200697898864746,
      "lightgbm": 0.03982296705113867,
      "lstm": 0.13465067744255066,
      "random_forest": 0.3361457479877661,
      "weighted_average": 0.20686850513749855,
      "model_agreement": 0.499423618204192
    }
  },
  "regime_info": {
    "regime": "ranging",
    "regime_confidence": 0.5,
    "atr_ratio": 0.9174835301539184,
    "adx_value": 24.66630808268029,
    "is_exhausted": false,
    "is_weakening": false,
    "leverage_tier": "normal_volatility"
  },