{
  "timestamp": "2026-01-14T21:43:20.511796Z",
  "order_id": "706434034032444333",
  "stage": "Decision Making",
  "model_version": "ollama:qwen2.5:1.5b+ensemble_v1.0",
  "input_features": {
    "tech_returns_1": -0.01751568247332358,
    "tech_returns_5": -0.21244507391131595,
    "tech_returns_15": -0.10885394884753152,
    "tech_returns_60": -0.17872756643003695,
    "tech_returns_240": 1.0668403220627454,
    "tech_returns_1440": 5.3059392609584535,
    "tech_rsi_14": 38.036798962629994,
    "tech_rsi_7": 23.68210012635042,
    "tech_rsi_21": 44.04038501538357,
    "tech_rsi_slope": -3.292577359502136,
    "tech_rsi_divergence": 0.0,
    "tech_rsi_zone": 2.0,
    "tech_macd": -0.3843339907339214,
    "tech_macd_signal": 0.30567936005894764,
    "tech_macd_hist": -0.690013350792869,
    "tech_stoch_k": 0.0,
    "tech_stoch_d": 5.453805453806024,
    "tech_ema_cross_9_21": -1.0,
    "tech_ema_cross_50_200": 1.0,
    "tech_ema_9": 3371.3134573793586,
    "tech_ema_21": 3372.1027783184,
    "tech_ema_50": 3370.467126984729,
    "tech_price_ema_9_pct": -0.10362303664501278,
    "tech_price_ema_21_pct": -0.12700616202853443,
    "tech_adx": 20.136077805333983,
    "tech_adx_7": 42.10655955515952,
    "tech_adx_10": 29.056733321667362,
    "tech_adx_roc_5": 3.7206685936940325,
    "tech_adx_slope_3": 2.1355824463811555,
    "tech_adx_deceleration": 1.6101136643115463,
    "tech_plus_di": 21.657332447240485,
    "tech_minus_di": 44.98553255528861,
    "tech_di_crossover": 0.0,
    "tech_atr_14": 1.9180230925116943,
    "tech_atr_pct": 0.05695147283737534,
    "tech_atr_14_avg": 2.7587753507903257,
    "tech_bb_upper": 3377.2361358720723,
    "tech_bb_lower": 3367.5708641279284,
    "tech_bb_width": 0.2865989121451174,
    "tech_bb_position": 0.025776396015217803,
    "tech_volatility_20": 0.007958705394004622,
    "tech_volume_ratio": 0.1468348329545232,
    "tech_obv": 210.9349999999984,
    "tech_momentum_10": -7.429999999999836,
    "tech_roc_10": -0.22013184208576897,
    "tech_high_low_range": 0.013955615205082218,
    "tech_body_ratio": 0.829787233866085,
    "tech_swing_high_10": 3377.67,
    "tech_swing_low_10": 3367.82,
    "tech_price_vs_swing_high": -0.2916211471221259,
    "tech_price_vs_swing_low": 0.0,
    "tech_swing_break_up": 0.0,
    "tech_swing_break_down": 1.0,
    "tech_volume_spike": 0.0,
    "tech_volume_spike_ratio": 0.1468348329545232,
    "micro_ob_best_bid_price": 3368.25,
    "micro_ob_best_ask_price": 3368.26,
    "micro_ob_best_bid_size": 48.834,
    "micro_ob_best_ask_size": 41.215,
    "micro_ob_spread_absolute": 0.010000000000218279,
    "micro_ob_spread_percentage": 0.0002968896357377419,
    "micro_ob_bid_ask_size_ratio": 1.1848598811112458,
    "micro_ob_orderbook_imbalance_5": -0.2902520543814239,
    "micro_ob_orderbook_imbalance_10": -0.21419875967774576,
    "micro_ob_orderbook_imbalance_20": -0.18247165115213684,
    "micro_ob_orderbook_vwap": 3368.2738425521757,
    "micro_ob_buy_impact_0.1": 0.0,
    "micro_ob_sell_impact_0.1": 0.0,
    "micro_ob_buy_impact_1.0": 0.0,
    "micro_ob_sell_impact_1.0": 0.0,
    "micro_ob_buy_impact_10.0": 0.0,
    "micro_ob_sell_impact_10.0": 0.0,
    "micro_ob_bid_depth_concentration": 0.4894772416103893,
    "micro_ob_ask_depth_concentration": 0.6151981243983976,
    "micro_ob_bid_levels": 15,
    "micro_ob_ask_levels": 15,
    "micro_ob_total_bid_volume": 173.101,
    "micro_ob_total_ask_volume": 250.373,
    "micro_ob_total_orderbook_volume": 423.474,
    "micro_ob_order_flow_imbalance": -0.18247165115213684,
    "micro_ob_depth_imbalance_1": 0.08460949038856622,
    "micro_ob_depth_imbalance_5": -0.2902520543814239,
    "micro_ob_depth_imbalance_10": -0.21419875967774576,
    "micro_ob_depth_imbalance_20": -0.18247165115213684,
    "micro_fr_funding_rate_current": 6.465e-05,
    "micro_fr_funding_rate_abs": 6.465e-05,
    "micro_fr_funding_rate_mean": 6.63623076923077e-05,
    "micro_fr_funding_rate_std": 1.0700262674428845e-06,
    "micro_fr_funding_rate_min": 6.465e-05,
    "micro_fr_funding_rate_max": 6.816e-05,
    "micro_fr_funding_rate_skew": 0.20461227084930786,
    "micro_fr_funding_rate_kurtosis": -1.1575731257894946,
    "micro_fr_funding_rate_trend": -4.910000000000081e-07,
    "micro_fr_funding_rate_change": -6.00000000000001e-07,
    "micro_fr_funding_rate_change_abs": 6.00000000000001e-07,
    "micro_fr_funding_rate_positive": 1.0,
    "micro_fr_funding_rate_negative": 0.0,
    "micro_fr_funding_rate_high": 0.0,
    "micro_fr_funding_rate_extreme": 0.0,
    "micro_fr_hours_to_next_funding": 0.0,
    "micro_fr_funding_imminent": 1.0,
    "micro_vp_volume_current": 124.69592,
    "micro_vp_volume_mean": 5753.400885599999,
    "micro_vp_volume_std": 25258.163502738407,
    "micro_vp_volume_max": 192903.47984,
    "micro_vp_volume_sum": 575340.08856,
    "micro_vp_volume_ratio": 0.021673428026212704,
    "micro_vp_large_volume_trade": 0.0,
    "micro_vp_recent_vwap": 3368.896234924474,
    "micro_vp_price_vwap_deviation_pct": 0.03751273376795723,
    "micro_vp_price_clustering": 0.033857973838128316,
    "micro_vp_volume_trend": -193.49339024242434,
    "micro_of_order_flow_imbalance": -0.18247165115213684,
    "micro_of_trade_flow_buy_pressure": 0.4087641744239316,
    "micro_of_trade_flow_sell_pressure": 0.5912358255760685,
    "micro_of_kyles_lambda_buy": 0.0,
    "micro_of_kyles_lambda_sell": 0.0,
    "micro_of_kyles_lambda_avg": 0.0,
    "micro_of_amihud_illiquidity": 0.1597597252680462,
    "micro_of_spread_dynamics_current": 0.0002968896357377419,
    "micro_micro_funding_arbitrage": 0.0,
    "micro_micro_orderbook_pressure": -0.5,
    "micro_micro_liquidity_score": 0.75,
    "micro_micro_volume_spike": 0.0,
    "micro_micro_oi_divergence": 0.0,
    "micro_micro_composite_score": 0.30000000000000004,
    "fee_maker_rate": 0.0002,
    "fee_taker_rate": 0.0008,
    "fee_round_trip_cost": 0.0016,
    "fee_breakeven_move_pct": 0.16,
    "fee_net_profit_threshold": 0.16,
    "time_hour_sin": -0.7071067811865477,
    "time_hour_cos": 0.7071067811865474,
    "time_day_sin": 0.9749279121818236,
    "time_day_cos": -0.22252093395631434,
    "time_day_of_week": 2.0,
    "time_is_asian": 0.0,
    "time_is_london": 0.0,
    "time_is_ny": 1.0,
    "time_is_london_ny_overlap": 0.0,
    "time_is_weekend": 0.0,
    "time_is_us_market_hours": 0.0,
    "cross_btc_return_1m": -0.009336301798526528,
    "cross_btc_return_5m": -0.16451462551411417,
    "cross_btc_return_15m": -0.08754906694634056,
    "cross_btc_correlation": 0.8270728168901014,
    "cross_btc_lead_indicator": -0.16451462551411417,
    "cross_eth_btc_ratio_change": -0.02132355047066685,
    "vol_realized_5m": 8.084671968345418,
    "vol_realized_15m": 7.563961255335909,
    "vol_realized_1h": 5.8161553289666275,
    "vol_realized_4h": 3.324176729213,
    "vol_ratio_5m_1h": 1.3900371484373415,
    "vol_ratio_15m_4h": 2.2754389647408066,
    "vol_regime": 0.0,
    "vol_expansion": 0.0,
    "vol_contraction": 0.0,
    "vol_percentile": 6.315789473684211,
    "sent_fear_greed": 48.0,
    "sent_fear_greed_change": 22.0,
    "sent_extreme_fear": 0.0,
    "sent_extreme_greed": 0.0,
    "sent_fear": 0.0,
    "sent_greed": 0.0
  },
  "output_prediction": {
    "signal": "SHORT",
    "confidence": 0.6427719626466681,
    "raw_model_outputs": {
      "xgboost": 0.22439217567443848,
      "lightgbm": 0.02187953632573021,
      "lstm": 0.2402840405702591,
      "random_forest": 0.2287773363999436,
      "weighted_average": 0.17861401867666596,
      "model_agreement": 0.6367882415296191
    }
  },
  "regime_info": {
    "regime": "ranging",
    "regime_confidence": 0.5931961097333008,
    "atr_ratio": 0.6952443923939747,
    "adx_value": 20.136077805333983,
    "is_exhausted": false,
    "is_weakening": false,
    "leverage_tier": "normal_volatility"
  },