{
  "timestamp": "2026-01-14T10:17:47.522446Z",
  "order_id": "706261496367154093",
  "stage": "Decision Making",
  "model_version": "ollama:qwen2.5:1.5b+ensemble_v1.0",
  "input_features": {
    "tech_returns_1": 0.006753106428969424,
    "tech_returns_5": -0.07422402159243946,
    "tech_returns_15": 0.013507125008427323,
    "tech_returns_60": -0.1550701186623593,
    "tech_returns_240": 0.45448378781711707,
    "tech_returns_1440": 5.325832846288713,
    "tech_rsi_14": 44.150022382821724,
    "tech_rsi_7": 39.51458172433627,
    "tech_rsi_21": 45.64576314952281,
    "tech_rsi_slope": -1.5881900773826132,
    "tech_rsi_divergence": 0.0,
    "tech_rsi_zone": 2.0,
    "tech_macd": -2.1686191312292324e-05,
    "tech_macd_signal": -2.143465722384711e-05,
    "tech_macd_hist": -2.515340884452141e-07,
    "tech_stoch_k": 31.818181818176082,
    "tech_stoch_d": 37.87878787877985,
    "tech_ema_cross_9_21": -1.0,
    "tech_ema_cross_50_200": 1.0,
    "tech_ema_9": 0.14813423480684043,
    "tech_ema_21": 0.14815281740752628,
    "tech_ema_50": 0.14818477101195315,
    "tech_price_ema_9_pct": -0.029861299042798488,
    "tech_price_ema_21_pct": -0.04240041372516761,
    "tech_adx": 25.313005932065767,
    "tech_adx_7": 43.14122206424376,
    "tech_adx_10": 31.53672311292598,
    "tech_adx_roc_5": 5.747193669993081,
    "tech_adx_slope_3": 3.3669823162039414,
    "tech_adx_deceleration": 0.8623465450192285,
    "tech_plus_di": 10.317440282850288,
    "tech_minus_di": 29.46814345182962,
    "tech_di_crossover": 0.0,
    "tech_atr_14": 7.127228373429298e-05,
    "tech_atr_pct": 0.04812768163568977,
    "tech_atr_14_avg": 9.237686732875471e-05,
    "tech_bb_upper": 0.14822645400800205,
    "tech_bb_lower": 0.14804454599199796,
    "tech_bb_width": 0.1227983947157132,
    "tech_bb_position": 0.24987358446601102,
    "tech_volatility_20": 0.005841680971186844,
    "tech_volume_ratio": 0.49191723858997205,
    "tech_obv": 56130000.0,
    "tech_momentum_10": -1.9999999999992246e-05,
    "tech_roc_10": -0.013503477145360154,
    "tech_high_low_range": 0.02701060166116027,
    "tech_body_ratio": 0.24999937500173597,
    "tech_swing_high_10": 0.14824,
    "tech_swing_low_10": 0.14806,
    "tech_price_vs_swing_high": -0.10118726389639181,
    "tech_price_vs_swing_low": 0.020262055923275867,
    "tech_swing_break_up": 0.0,
    "tech_swing_break_down": 0.0,
    "tech_volume_spike": 0.0,
    "tech_volume_spike_ratio": 0.49191723858997205,
    "micro_ob_best_bid_price": 0.14807,
    "micro_ob_best_ask_price": 0.14808,
    "micro_ob_best_bid_size": 1581700.0,
    "micro_ob_best_ask_size": 2877700.0,
    "micro_ob_spread_absolute": 9.999999999982245e-06,
    "micro_ob_spread_percentage": 0.006753334458877085,
    "micro_ob_bid_ask_size_ratio": 0.5496403377697466,
    "micro_ob_orderbook_imbalance_5": -0.03381098120568738,
    "micro_ob_orderbook_imbalance_10": -0.1620693810264864,
    "micro_ob_orderbook_imbalance_20": -0.22239606571680695,
    "micro_ob_orderbook_vwap": 0.1480929278629095,
    "micro_ob_buy_impact_0.1": 0.0,
    "micro_ob_sell_impact_0.1": 0.0,
    "micro_ob_buy_impact_1.0": 0.0,
    "micro_ob_sell_impact_1.0": 0.0,
    "micro_ob_buy_impact_10.0": 0.0,
    "micro_ob_sell_impact_10.0": 0.0,
    "micro_ob_bid_depth_concentration": 0.5772312525820256,
    "micro_ob_ask_depth_concentration": 0.3928939906170308,
    "micro_ob_bid_levels": 15,
    "micro_ob_ask_levels": 15,
    "micro_ob_total_bid_volume": 19606700.0,
    "micro_ob_total_ask_volume": 30821800.0,
    "micro_ob_total_orderbook_volume": 50428500.0,
    "micro_ob_order_flow_imbalance": -0.22239606571680695,
    "micro_ob_depth_imbalance_1": -0.2906220567789389,
    "micro_ob_depth_imbalance_5": -0.03381098120568738,
    "micro_ob_depth_imbalance_10": -0.1620693810264864,
    "micro_ob_depth_imbalance_20": -0.22239606571680695,
    "micro_fr_funding_rate_current": 0.0001,
    "micro_fr_funding_rate_abs": 0.0001,
    "micro_fr_funding_rate_mean": 0.0001,
    "micro_fr_funding_rate_std": 0.0,
    "micro_fr_funding_rate_min": 0.0001,
    "micro_fr_funding_rate_max": 0.0001,
    "micro_fr_funding_rate_skew": 0.0,
    "micro_fr_funding_rate_kurtosis": 0.0,
    "micro_fr_funding_rate_trend": -9.234190815370753e-21,
    "micro_fr_funding_rate_change": 0.0,
    "micro_fr_funding_rate_change_abs": 0.0,
    "micro_fr_funding_rate_positive": 1.0,
    "micro_fr_funding_rate_negative": 0.0,
    "micro_fr_funding_rate_high": 0.0,
    "micro_fr_funding_rate_extreme": 0.0,
    "micro_fr_hours_to_next_funding": 0.0,
    "micro_fr_funding_imminent": 1.0,
    "micro_vp_volume_current": 148.08,
    "micro_vp_volume_mean": 303.27412,
    "micro_vp_volume_std": 736.6971491877822,
    "micro_vp_volume_max": 5998.05,
    "micro_vp_volume_sum": 30327.412,
    "micro_vp_volume_ratio": 0.4882711389946495,
    "micro_vp_large_volume_trade": 0.0,
    "micro_vp_recent_vwap": 0.1480830676696053,
    "micro_vp_price_vwap_deviation_pct": -0.0020715870177376006,
    "micro_vp_price_clustering": 0.0,
    "micro_vp_volume_trend": -3.7693090909090836,
    "micro_of_order_flow_imbalance": -0.22239606571680695,
    "micro_of_trade_flow_buy_pressure": 0.38880196714159654,
    "micro_of_trade_flow_sell_pressure": 0.6111980328584035,
    "micro_of_kyles_lambda_buy": 0.0,
    "micro_of_kyles_lambda_sell": 0.0,
    "micro_of_kyles_lambda_avg": 0.0,
    "micro_of_amihud_illiquidity": 0.07933989481970917,
    "micro_of_spread_dynamics_current": 0.006753334458877085,
    "micro_micro_funding_arbitrage": 0.0,
    "micro_micro_orderbook_pressure": -0.5,
    "micro_micro_liquidity_score": 1.0,
    "micro_micro_volume_spike": 0.0,
    "micro_micro_oi_divergence": 0.0,
    "micro_micro_composite_score": 0.35,
    "fee_maker_rate": 0.0002,
    "fee_taker_rate": 0.0008,
    "fee_round_trip_cost": 0.0016,
    "fee_breakeven_move_pct": 0.16,
    "fee_net_profit_threshold": 0.16,
    "time_hour_sin": 0.49999999999999994,
    "time_hour_cos": -0.8660254037844387,
    "time_day_sin": 0.9749279121818236,
    "time_day_cos": -0.22252093395631434,
    "time_day_of_week": 2.0,
    "time_is_asian": 0.0,
    "time_is_london": 1.0,
    "time_is_ny": 0.0,
    "time_is_london_ny_overlap": 0.0,
    "time_is_weekend": 0.0,
    "time_is_us_market_hours": 0.0,
    "cross_btc_return_1m": 0.03225430258738036,
    "cross_btc_return_5m": 0.09545736483006162,
    "cross_btc_return_15m": 0.1557902753627366,
    "cross_btc_correlation": 0.6351844392609127,
    "cross_btc_lead_indicator": 0.09545736483006162,
    "cross_eth_btc_ratio_change": -0.020521234689974212,
    "vol_realized_5m": 6.096179110333464,
    "vol_realized_15m": 6.857863306103948,
    "vol_realized_1h": 4.181413259288937,
    "vol_realized_4h": 2.3816540522111738,
    "vol_ratio_5m_1h": 1.457923130843599,
    "vol_ratio_15m_4h": 2.879454007913943,
    "vol_regime": 0.0,
    "vol_expansion": 0.0,
    "vol_contraction": 0.0,
    "vol_percentile": 4.2105263157894735,
    "sent_fear_greed": 48.0,
    "sent_fear_greed_change": 22.0,
    "sent_extreme_fear": 0.0,
    "sent_extreme_greed": 0.0,
    "sent_fear": 0.0,
    "sent_greed": 0.0
  },
  "output_prediction": {
    "signal": "SHORT",
    "confidence": 0.6131043014265608,
    "raw_model_outputs": {
      "xgboost": 0.24646587669849396,
      "lightgbm": 0.08204700905568163,
      "lstm": 0.21339212357997894,
      "random_forest": 0.22824151559128125,
      "weighted_average": 0.1934478492867196,
      "model_agreement": 0.740569003752927
    }
  },
  "regime_info": {
    "regime": "trending",
    "regime_confidence": 0.6037560711847891,
    "atr_ratio": 0.771538219418571,
    "adx_value": 25.313005932065767,
    "is_exhausted": false,
    "is_weakening": false,
    "leverage_tier": "normal_volatility"
  },