{
  "timestamp": "2026-01-14T01:04:36.567220Z",
  "order_id": "706122285970359213",
  "stage": "Decision Making",
  "model_version": "ollama:qwen2.5:1.5b+ensemble_v1.0",
  "input_features": {
    "tech_returns_1": 0.040562466197946456,
    "tech_returns_5": -0.1619214680879666,
    "tech_returns_15": -0.12823108591482058,
    "tech_returns_60": -0.22250691119951593,
    "tech_returns_240": 2.4863217674354177,
    "tech_returns_1440": 5.325832846288713,
    "tech_rsi_14": 42.41888761936358,
    "tech_rsi_7": 38.369543567508764,
    "tech_rsi_21": 44.40185121874242,
    "tech_rsi_slope": 2.3468851335149203,
    "tech_rsi_divergence": 0.0,
    "tech_rsi_zone": 2.0,
    "tech_macd": -8.458281228013176e-05,
    "tech_macd_signal": -4.6519014405947456e-05,
    "tech_macd_hist": -3.80637978741843e-05,
    "tech_stoch_k": 42.105263157895656,
    "tech_stoch_d": 27.842846553002015,
    "tech_ema_cross_9_21": -1.0,
    "tech_ema_cross_50_200": 1.0,
    "tech_ema_9": 0.14807207311844067,
    "tech_ema_21": 0.14816930868784892,
    "tech_ema_50": 0.14826758926363875,
    "tech_price_ema_9_pct": -0.06218128543862831,
    "tech_price_ema_21_pct": -0.1277651151411768,
    "tech_adx": 30.922315870586385,
    "tech_adx_7": 56.48099664891711,
    "tech_adx_10": 42.562252242508364,
    "tech_adx_roc_5": 13.347785122193141,
    "tech_adx_slope_3": 3.295020638010385,
    "tech_adx_deceleration": -0.4986665140071338,
    "tech_plus_di": 15.794135380609065,
    "tech_minus_di": 40.834936663265154,
    "tech_di_crossover": 0.0,
    "tech_atr_14": 0.00021018976041802675,
    "tech_atr_pct": 0.1420393028909493,
    "tech_atr_14_avg": 0.0002048280427379306,
    "tech_bb_upper": 0.1485461602505959,
    "tech_bb_lower": 0.1478418397494041,
    "tech_bb_width": 0.4752692424739131,
    "tech_bb_position": 0.1961610521944491,
    "tech_volatility_20": 0.013908210242282872,
    "tech_volume_ratio": 0.33993241265533114,
    "tech_obv": 86327400.0,
    "tech_momentum_10": -0.00032999999999999696,
    "tech_roc_10": -0.22250691119951593,
    "tech_high_low_range": 0.06081902959859896,
    "tech_body_ratio": 0.666665925926749,
    "tech_swing_high_10": 0.14853,
    "tech_swing_low_10": 0.14758,
    "tech_price_vs_swing_high": -0.37029556318588497,
    "tech_price_vs_swing_low": 0.27103943623798044,
    "tech_swing_break_up": 0.0,
    "tech_swing_break_down": 0.0,
    "tech_volume_spike": 0.0,
    "tech_volume_spike_ratio": 0.33993241265533114,
    "micro_ob_best_bid_price": 0.14799,
    "micro_ob_best_ask_price": 0.148,
    "micro_ob_best_bid_size": 2720300.0,
    "micro_ob_best_ask_size": 2261500.0,
    "micro_ob_spread_absolute": 9.999999999982245e-06,
    "micro_ob_spread_percentage": 0.006756985033266155,
    "micro_ob_bid_ask_size_ratio": 1.2028741985407916,
    "micro_ob_orderbook_imbalance_5": 0.26202699522984446,
    "micro_ob_orderbook_imbalance_10": 0.41303343457797675,
    "micro_ob_orderbook_imbalance_20": 0.45843492933980173,
    "micro_ob_orderbook_vwap": 0.14796950487494448,
    "micro_ob_buy_impact_0.1": 0.0,
    "micro_ob_sell_impact_0.1": 0.0,
    "micro_ob_buy_impact_1.0": 0.0,
    "micro_ob_sell_impact_1.0": 0.0,
    "micro_ob_buy_impact_10.0": 0.0,
    "micro_ob_sell_impact_10.0": 0.0,
    "micro_ob_bid_depth_concentration": 0.3413060204441719,
    "micro_ob_ask_depth_concentration": 0.5374674788515166,
    "micro_ob_bid_levels": 15,
    "micro_ob_ask_levels": 15,
    "micro_ob_total_bid_volume": 34572200.0,
    "micro_ob_total_ask_volume": 12837800.0,
    "micro_ob_total_orderbook_volume": 47410000.0,
    "micro_ob_order_flow_imbalance": 0.45843492933980173,
    "micro_ob_depth_imbalance_1": 0.09209522662491469,
    "micro_ob_depth_imbalance_5": 0.26202699522984446,
    "micro_ob_depth_imbalance_10": 0.41303343457797675,
    "micro_ob_depth_imbalance_20": 0.45843492933980173,
    "micro_fr_funding_rate_current": 0.0001,
    "micro_fr_funding_rate_abs": 0.0001,
    "micro_fr_funding_rate_mean": 9.326229166666666e-05,
    "micro_fr_funding_rate_std": 9.006563402963267e-06,
    "micro_fr_funding_rate_min": 7.708e-05,
    "micro_fr_funding_rate_max": 0.0001,
    "micro_fr_funding_rate_skew": -0.7812950021116604,
    "micro_fr_funding_rate_kurtosis": -1.2193409565054842,
    "micro_fr_funding_rate_trend": -9.234190815370753e-21,
    "micro_fr_funding_rate_change": 0.0,
    "micro_fr_funding_rate_change_abs": 0.0,
    "micro_fr_funding_rate_positive": 1.0,
    "micro_fr_funding_rate_negative": 0.0,
    "micro_fr_funding_rate_high": 0.0,
    "micro_fr_funding_rate_extreme": 0.0,
    "micro_fr_hours_to_next_funding": 0.0,
    "micro_fr_funding_imminent": 1.0,
    "micro_vp_volume_current": 73.925,
    "micro_vp_volume_mean": 241.58133999999995,
    "micro_vp_volume_std": 531.0602323695161,
    "micro_vp_volume_max": 3506.889,
    "micro_vp_volume_sum": 24158.133999999995,
    "micro_vp_volume_ratio": 0.3060045945601594,
    "micro_vp_large_volume_trade": 0.0,
    "micro_vp_recent_vwap": 0.1479371427023296,
    "micro_vp_price_vwap_deviation_pct": -0.05890522200022414,
    "micro_vp_price_clustering": 0.3716128562039046,
    "micro_vp_volume_trend": -7.530545454545456,
    "micro_of_order_flow_imbalance": 0.45843492933980173,
    "micro_of_trade_flow_buy_pressure": 0.7292174646699009,
    "micro_of_trade_flow_sell_pressure": 0.27078253533009916,
    "micro_of_kyles_lambda_buy": 0.0,
    "micro_of_kyles_lambda_sell": 0.0,
    "micro_of_kyles_lambda_avg": 0.0,
    "micro_of_amihud_illiquidity": 0.2698064174795434,
    "micro_of_spread_dynamics_current": 0.006756985033266155,
    "micro_micro_funding_arbitrage": 0.0,
    "micro_micro_orderbook_pressure": 1.0,
    "micro_micro_liquidity_score": 1.0,
    "micro_micro_volume_spike": 0.0,
    "micro_micro_oi_divergence": 0.0,
    "micro_micro_composite_score": 0.5,
    "fee_maker_rate": 0.0002,
    "fee_taker_rate": 0.0008,
    "fee_round_trip_cost": 0.0016,
    "fee_breakeven_move_pct": 0.16,
    "fee_net_profit_threshold": 0.16,
    "time_hour_sin": 0.25881904510252074,
    "time_hour_cos": 0.9659258262890683,
    "time_day_sin": 0.9749279121818236,
    "time_day_cos": -0.22252093395631434,
    "time_day_of_week": 2.0,
    "time_is_asian": 1.0,
    "time_is_london": 0.0,
    "time_is_ny": 0.0,
    "time_is_london_ny_overlap": 0.0,
    "time_is_weekend": 0.0,
    "time_is_us_market_hours": 0.0,
    "cross_btc_return_1m": 0.04643686372566224,
    "cross_btc_return_5m": 0.03245924473954784,
    "cross_btc_return_15m": 0.014703843584713043,
    "cross_btc_correlation": 0.6910079213552011,
    "cross_btc_lead_indicator": 0.03245924473954784,
    "cross_eth_btc_ratio_change": 0.11874258160557995,
    "vol_realized_5m": 22.770740430009,
    "vol_realized_15m": 16.72281749030477,
    "vol_realized_1h": 10.246124581521352,
    "vol_realized_4h": 8.238203406172545,
    "vol_ratio_5m_1h": 2.2223759089437096,
    "vol_ratio_15m_4h": 2.0299107300233756,
    "vol_regime": 1.0,
    "vol_expansion": 1.0,
    "vol_contraction": 0.0,
    "vol_percentile": 25.263157894736842,
    "sent_fear_greed": 48.0,
    "sent_fear_greed_change": 22.0,
    "sent_extreme_fear": 0.0,
    "sent_extreme_greed": 0.0,
    "sent_fear": 0.0,
    "sent_greed": 0.0
  },
  "output_prediction": {
    "signal": "SHORT",
    "confidence": 0.5755689031962041,
    "raw_model_outputs": {
      "xgboost": 0.20508325099945068,
      "lightgbm": 0.08105196314710884,
      "lstm": 0.20958450436592102,
      "random_forest": 0.39015727739373596,
      "weighted_average": 0.21221554840189794,
      "model_agreement": 0.5591716289749504
    }
  },
  "regime_info": {
    "regime": "trending",
    "regime_confidence": 0.6710677904470366,
    "atr_ratio": 1.0261766778045927,
    "adx_value": 30.922315870586385,
    "is_exhausted": false,
    "is_weakening": false,
    "leverage_tier": "elevated_volatility"
  },