{
  "timestamp": "2026-01-14T09:39:44.385310Z",
  "order_id": "706251925082866605",
  "stage": "Decision Making",
  "model_version": "ollama:qwen2.5:1.5b+ensemble_v1.0",
  "input_features": {
    "tech_returns_1": 0.033735915255372895,
    "tech_returns_5": -0.15489258535928974,
    "tech_returns_15": -0.10780218299419886,
    "tech_returns_60": 0.18921475875117721,
    "tech_returns_240": 0.3315963998105076,
    "tech_returns_1440": 5.325832846288713,
    "tech_rsi_14": 47.18928129935915,
    "tech_rsi_7": 41.5870272760667,
    "tech_rsi_21": 49.38693825138795,
    "tech_rsi_slope": 0.007378955817596733,
    "tech_rsi_divergence": 0.0,
    "tech_rsi_zone": 2.0,
    "tech_macd": 1.4200983279699653e-05,
    "tech_macd_signal": 4.192665136373918e-05,
    "tech_macd_hist": -2.772566808403953e-05,
    "tech_stoch_k": 20.58823529412149,
    "tech_stoch_d": 14.943553178851127,
    "tech_ema_cross_9_21": -1.0,
    "tech_ema_cross_50_200": 1.0,
    "tech_ema_9": 0.14831293333729362,
    "tech_ema_21": 0.14831930412683142,
    "tech_ema_50": 0.14826124002283772,
    "tech_price_ema_9_pct": -0.03569030434671102,
    "tech_price_ema_21_pct": -0.03998409187566314,
    "tech_adx": 24.020705434757865,
    "tech_adx_7": 42.36197884825894,
    "tech_adx_10": 31.357110600948445,
    "tech_adx_roc_5": 5.520226756962163,
    "tech_adx_slope_3": 0.8516194704979192,
    "tech_adx_deceleration": -0.5034157903596839,
    "tech_plus_di": 14.549095559188437,
    "tech_minus_di": 27.09012662535371,
    "tech_di_crossover": 0.0,
    "tech_atr_14": 0.00011170898628844341,
    "tech_atr_pct": 0.07534667900205275,
    "tech_atr_14_avg": 0.00012421704723719745,
    "tech_bb_upper": 0.1485046047040009,
    "tech_bb_lower": 0.14820239529599905,
    "tech_bb_width": 0.2037089842854077,
    "tech_bb_position": 0.19061188194579454,
    "tech_volatility_20": 0.007696368934742593,
    "tech_volume_ratio": 1.086924840021728,
    "tech_obv": 49769500.0,
    "tech_momentum_10": -1.9999999999992246e-05,
    "tech_roc_10": -0.013487995683836296,
    "tech_high_low_range": 0.060704168352898116,
    "tech_body_ratio": 0.555554938272188,
    "tech_swing_high_10": 0.14853,
    "tech_swing_low_10": 0.14819,
    "tech_price_vs_swing_high": -0.18178145829124923,
    "tech_price_vs_swing_low": 0.04723665564479014,
    "tech_swing_break_up": 0.0,
    "tech_swing_break_down": 0.0,
    "tech_volume_spike": 0.0,
    "tech_volume_spike_ratio": 1.086924840021728,
    "micro_ob_best_bid_price": 0.14824,
    "micro_ob_best_ask_price": 0.14825,
    "micro_ob_best_bid_size": 1700000.0,
    "micro_ob_best_ask_size": 2658300.0,
    "micro_ob_spread_absolute": 9.999999999982245e-06,
    "micro_ob_spread_percentage": 0.006745590070479438,
    "micro_ob_bid_ask_size_ratio": 0.6395064514915547,
    "micro_ob_orderbook_imbalance_5": -0.204302243467869,
    "micro_ob_orderbook_imbalance_10": -0.30209489323760935,
    "micro_ob_orderbook_imbalance_20": -0.3418216566916461,
    "micro_ob_orderbook_vwap": 0.14827116883754285,
    "micro_ob_buy_impact_0.1": 0.0,
    "micro_ob_sell_impact_0.1": 0.0,
    "micro_ob_buy_impact_1.0": 0.0,
    "micro_ob_sell_impact_1.0": 0.0,
    "micro_ob_buy_impact_10.0": 0.0,
    "micro_ob_sell_impact_10.0": 0.0,
    "micro_ob_bid_depth_concentration": 0.4924991747258256,
    "micro_ob_ask_depth_concentration": 0.36562986329548147,
    "micro_ob_bid_levels": 15,
    "micro_ob_ask_levels": 15,
    "micro_ob_total_bid_volume": 16358200.0,
    "micro_ob_total_ask_volume": 33349300.0,
    "micro_ob_total_orderbook_volume": 49707500.0,
    "micro_ob_order_flow_imbalance": -0.3418216566916461,
    "micro_ob_depth_imbalance_1": -0.21987931074042633,
    "micro_ob_depth_imbalance_5": -0.204302243467869,
    "micro_ob_depth_imbalance_10": -0.30209489323760935,
    "micro_ob_depth_imbalance_20": -0.3418216566916461,
    "micro_fr_funding_rate_current": 0.0001,
    "micro_fr_funding_rate_abs": 0.0001,
    "micro_fr_funding_rate_mean": 0.0001,
    "micro_fr_funding_rate_std": 0.0,
    "micro_fr_funding_rate_min": 0.0001,
    "micro_fr_funding_rate_max": 0.0001,
    "micro_fr_funding_rate_skew": 0.0,
    "micro_fr_funding_rate_kurtosis": 0.0,
    "micro_fr_funding_rate_trend": -9.234190815370753e-21,
    "micro_fr_funding_rate_change": 0.0,
    "micro_fr_funding_rate_change_abs": 0.0,
    "micro_fr_funding_rate_positive": 1.0,
    "micro_fr_funding_rate_negative": 0.0,
    "micro_fr_funding_rate_high": 0.0,
    "micro_fr_funding_rate_extreme": 0.0,
    "micro_fr_hours_to_next_funding": 0.0,
    "micro_fr_funding_imminent": 1.0,
    "micro_vp_volume_current": 148.19,
    "micro_vp_volume_mean": 242.22969999999998,
    "micro_vp_volume_std": 1004.003705833116,
    "micro_vp_volume_max": 10198.224,
    "micro_vp_volume_sum": 24222.969999999998,
    "micro_vp_volume_ratio": 0.6117746915427795,
    "micro_vp_large_volume_trade": 0.0,
    "micro_vp_recent_vwap": 0.14824339211252793,
    "micro_vp_price_vwap_deviation_pct": -0.03601652105168774,
    "micro_vp_price_clustering": 1.0354956827050628,
    "micro_vp_volume_trend": 303.1950363636364,
    "micro_of_order_flow_imbalance": -0.3418216566916461,
    "micro_of_trade_flow_buy_pressure": 0.32908917165417695,
    "micro_of_trade_flow_sell_pressure": 0.670910828345823,
    "micro_of_kyles_lambda_buy": 0.0,
    "micro_of_kyles_lambda_sell": 0.0,
    "micro_of_kyles_lambda_avg": 0.0,
    "micro_of_amihud_illiquidity": 0.08197067735685518,
    "micro_of_spread_dynamics_current": 0.006745590070479438,
    "micro_micro_funding_arbitrage": 0.0,
    "micro_micro_orderbook_pressure": -1.0,
    "micro_micro_liquidity_score": 1.0,
    "micro_micro_volume_spike": 0.0,
    "micro_micro_oi_divergence": 0.0,
    "micro_micro_composite_score": 0.5,
    "fee_maker_rate": 0.0002,
    "fee_taker_rate": 0.0008,
    "fee_round_trip_cost": 0.0016,
    "fee_breakeven_move_pct": 0.16,
    "fee_net_profit_threshold": 0.16,
    "time_hour_sin": 0.7071067811865476,
    "time_hour_cos": -0.7071067811865475,
    "time_day_sin": 0.9749279121818236,
    "time_day_cos": -0.22252093395631434,
    "time_day_of_week": 2.0,
    "time_is_asian": 0.0,
    "time_is_london": 1.0,
    "time_is_ny": 0.0,
    "time_is_london_ny_overlap": 0.0,
    "time_is_weekend": 0.0,
    "time_is_us_market_hours": 0.0,
    "cross_btc_return_1m": 0.027063713457402126,
    "cross_btc_return_5m": -0.11892756985022201,
    "cross_btc_return_15m": -0.16994487564175692,
    "cross_btc_correlation": 0.5224020978770534,
    "cross_btc_lead_indicator": -0.11892756985022201,
    "cross_eth_btc_ratio_change": 0.15219572710464008,
    "vol_realized_5m": 15.04907460269088,
    "vol_realized_15m": 9.636345860383384,
    "vol_realized_1h": 4.793405238866095,
    "vol_realized_4h": 2.8332619930644247,
    "vol_ratio_5m_1h": 3.1395373127790918,
    "vol_ratio_15m_4h": 3.4011488820914932,
    "vol_regime": 2.0,
    "vol_expansion": 1.0,
    "vol_contraction": 0.0,
    "vol_percentile": 62.10526315789474,
    "sent_fear_greed": 48.0,
    "sent_fear_greed_change": 22.0,
    "sent_extreme_fear": 0.0,
    "sent_extreme_greed": 0.0,
    "sent_fear": 0.0,
    "sent_greed": 0.0
  },
  "output_prediction": {
    "signal": "SHORT",
    "confidence": 0.5594100752950611,
    "raw_model_outputs": {
      "xgboost": 0.21192380785942078,
      "lightgbm": 0.10465225203897009,
      "lstm": 0.3090752065181732,
      "random_forest": 0.26642976187562556,
      "weighted_average": 0.22029496235246943,
      "model_agreement": 0.693902268991708
    }
  },
  "regime_info": {
    "regime": "ranging",
    "regime_confidence": 0.5,
    "atr_ratio": 0.8993047957027235,
    "adx_value": 24.020705434757865,
    "is_exhausted": false,
    "is_weakening": false,
    "leverage_tier": "normal_volatility"
  },