{
  "timestamp": "2026-01-14T15:18:12.156630Z",
  "order_id": "706337096696071085",
  "stage": "Decision Making",
  "model_version": "ollama:qwen2.5:1.5b+ensemble_v1.0",
  "input_features": {
    "tech_returns_1": 0.013618412093130416,
    "tech_returns_5": -0.373058400596904,
    "tech_returns_15": 0.5751848808545734,
    "tech_returns_60": 1.0248297682096563,
    "tech_returns_240": 2.014168634532587,
    "tech_returns_1440": 3.2283577796951257,
    "tech_rsi_14": 53.22807552890731,
    "tech_rsi_7": 49.07644163202201,
    "tech_rsi_21": 54.526381435354345,
    "tech_rsi_slope": -1.0593135410697982,
    "tech_rsi_divergence": 0.0,
    "tech_rsi_zone": 3.0,
    "tech_macd": 0.16840409819837987,
    "tech_macd_signal": 0.1595578593969317,
    "tech_macd_hist": 0.008846238801448164,
    "tech_stoch_k": 62.1118012422355,
    "tech_stoch_d": 63.768115942028665,
    "tech_ema_cross_9_21": 1.0,
    "tech_ema_cross_50_200": 1.0,
    "tech_ema_9": 146.95122548376614,
    "tech_ema_21": 146.8013277596626,
    "tech_ema_50": 146.44068075141342,
    "tech_price_ema_9_pct": -0.04846879196254832,
    "tech_price_ema_21_pct": 0.05359095965820983,
    "tech_adx": 24.246557126575524,
    "tech_adx_7": 39.60219782788394,
    "tech_adx_10": 29.707132052813485,
    "tech_adx_roc_5": -6.133149480258734,
    "tech_adx_slope_3": -3.2840026453172264,
    "tech_adx_deceleration": 0.3084454148069735,
    "tech_plus_di": 20.957425372780524,
    "tech_minus_di": 24.080718393085036,
    "tech_di_crossover": 0.0,
    "tech_atr_14": 0.32360113574924954,
    "tech_atr_pct": 0.22031667738919494,
    "tech_atr_14_avg": 0.34822370492444016,
    "tech_bb_upper": 147.53871533935302,
    "tech_bb_lower": 145.79828466064697,
    "tech_bb_width": 1.186642447905343,
    "tech_bb_position": 0.6215216455258328,
    "tech_volatility_20": 0.02478914339096608,
    "tech_volume_ratio": 0.5055967316209291,
    "tech_obv": -52316.80000000002,
    "tech_momentum_10": 0.38999999999998636,
    "tech_roc_10": 0.266229776776572,
    "tech_high_low_range": 0.14297385620915573,
    "tech_body_ratio": 0.09523809519265353,
    "tech_swing_high_10": 147.49,
    "tech_swing_low_10": 146.2,
    "tech_price_vs_swing_high": -0.41358736185505024,
    "tech_price_vs_swing_low": 0.4651162790697721,
    "tech_swing_break_up": 0.0,
    "tech_swing_break_down": 0.0,
    "tech_volume_spike": 0.0,
    "tech_volume_spike_ratio": 0.5055967316209291,
    "micro_ob_best_bid_price": 146.9,
    "micro_ob_best_ask_price": 146.91,
    "micro_ob_best_bid_size": 2875.8,
    "micro_ob_best_ask_size": 2764.6,
    "micro_ob_spread_absolute": 0.009999999999990905,
    "micro_ob_spread_percentage": 0.006807120247772986,
    "micro_ob_bid_ask_size_ratio": 1.040222817044057,
    "micro_ob_orderbook_imbalance_5": -0.0029888543706473487,
    "micro_ob_orderbook_imbalance_10": 0.057207912644678505,
    "micro_ob_orderbook_imbalance_20": 0.0987174030834072,
    "micro_ob_orderbook_vwap": 146.9065109571129,
    "micro_ob_buy_impact_0.1": 0.0,
    "micro_ob_sell_impact_0.1": 0.0,
    "micro_ob_buy_impact_1.0": 0.0,
    "micro_ob_sell_impact_1.0": 0.0,
    "micro_ob_buy_impact_10.0": 0.0,
    "micro_ob_sell_impact_10.0": 0.0,
    "micro_ob_bid_depth_concentration": 0.4622063260207773,
    "micro_ob_ask_depth_concentration": 0.5668354419846978,
    "micro_ob_bid_levels": 15,
    "micro_ob_ask_levels": 15,
    "micro_ob_total_bid_volume": 29301.2,
    "micro_ob_total_ask_volume": 24035.9,
    "micro_ob_total_orderbook_volume": 53337.100000000006,
    "micro_ob_order_flow_imbalance": 0.0987174030834072,
    "micro_ob_depth_imbalance_1": 0.019714913835898212,
    "micro_ob_depth_imbalance_5": -0.0029888543706473487,
    "micro_ob_depth_imbalance_10": 0.057207912644678505,
    "micro_ob_depth_imbalance_20": 0.0987174030834072,
    "micro_fr_funding_rate_current": 7.887e-05,
    "micro_fr_funding_rate_abs": 7.887e-05,
    "micro_fr_funding_rate_mean": 8.49927e-05,
    "micro_fr_funding_rate_std": 1.8221572811094e-05,
    "micro_fr_funding_rate_min": 4.886e-05,
    "micro_fr_funding_rate_max": 0.0001,
    "micro_fr_funding_rate_skew": -0.7259092117190373,
    "micro_fr_funding_rate_kurtosis": -1.075196213664578,
    "micro_fr_funding_rate_trend": 1.6360000000000024e-06,
    "micro_fr_funding_rate_change": 3.8599999999999935e-06,
    "micro_fr_funding_rate_change_abs": 3.8599999999999935e-06,
    "micro_fr_funding_rate_positive": 1.0,
    "micro_fr_funding_rate_negative": 0.0,
    "micro_fr_funding_rate_high": 0.0,
    "micro_fr_funding_rate_extreme": 0.0,
    "micro_fr_hours_to_next_funding": 0.0,
    "micro_fr_funding_imminent": 1.0,
    "micro_vp_volume_current": 264.564,
    "micro_vp_volume_mean": 997.8449400000002,
    "micro_vp_volume_std": 861.2524328277956,
    "micro_vp_volume_max": 5156.892,
    "micro_vp_volume_sum": 99784.49400000002,
    "micro_vp_volume_ratio": 0.2651353826577504,
    "micro_vp_large_volume_trade": 0.0,
    "micro_vp_recent_vwap": 146.9363830242001,
    "micro_vp_price_vwap_deviation_pct": 0.029684258522076814,
    "micro_vp_price_clustering": 0.9688353862041134,
    "micro_vp_volume_trend": -81.06502424242426,
    "micro_of_order_flow_imbalance": 0.0987174030834072,
    "micro_of_trade_flow_buy_pressure": 0.5493587015417035,
    "micro_of_trade_flow_sell_pressure": 0.45064129845829637,
    "micro_of_kyles_lambda_buy": 0.0,
    "micro_of_kyles_lambda_sell": 0.0,
    "micro_of_kyles_lambda_avg": 0.0,
    "micro_of_amihud_illiquidity": 0.21761342240523981,
    "micro_of_spread_dynamics_current": 0.006807120247772986,
    "micro_micro_funding_arbitrage": 0.0,
    "micro_micro_orderbook_pressure": 0.0,
    "micro_micro_liquidity_score": 1.0,
    "micro_micro_volume_spike": 0.0,
    "micro_micro_oi_divergence": 0.0,
    "micro_micro_composite_score": 0.2,
    "fee_maker_rate": 0.0002,
    "fee_taker_rate": 0.0008,
    "fee_round_trip_cost": 0.0016,
    "fee_breakeven_move_pct": 0.16,
    "fee_net_profit_threshold": 0.16,
    "time_hour_sin": -0.7071067811865471,
    "time_hour_cos": -0.7071067811865479,
    "time_day_sin": 0.9749279121818236,
    "time_day_cos": -0.22252093395631434,
    "time_day_of_week": 2.0,
    "time_is_asian": 0.0,
    "time_is_london": 1.0,
    "time_is_ny": 1.0,
    "time_is_london_ny_overlap": 1.0,
    "time_is_weekend": 0.0,
    "time_is_us_market_hours": 1.0,
    "cross_btc_return_1m": 0.030887249144411558,
    "cross_btc_return_5m": -0.0858468294454595,
    "cross_btc_return_15m": 0.6462824726281006,
    "cross_btc_correlation": 0.8026000841584494,
    "cross_btc_lead_indicator": -0.0858468294454595,
    "cross_eth_btc_ratio_change": 0.12519734910640543,
    "vol_realized_5m": 20.707939268096936,
    "vol_realized_15m": 28.670094752017032,
    "vol_realized_1h": 14.419572309256553,
    "vol_realized_4h": 4.6619515583700855,
    "vol_ratio_5m_1h": 1.4360994087739762,
    "vol_ratio_15m_4h": 6.149805375077876,
    "vol_regime": 0.0,
    "vol_expansion": 0.0,
    "vol_contraction": 0.0,
    "vol_percentile": 22.105263157894736,
    "sent_fear_greed": 48.0,
    "sent_fear_greed_change": 22.0,
    "sent_extreme_fear": 0.0,
    "sent_extreme_greed": 0.0,
    "sent_fear": 0.0,
    "sent_greed": 0.0
  },
  "output_prediction": {
    "signal": "SHORT",
    "confidence": 0.6233789157169631,
    "raw_model_outputs": {
      "xgboost": 0.18084962666034698,
      "lightgbm": 0.05109029384593061,
      "lstm": 0.1966845542192459,
      "random_forest": 0.3605597031850205,
      "weighted_average": 0.18831054214151843,
      "model_agreement": 0.5604456695621862
    }
  },
  "regime_info": {
    "regime": "ranging",
    "regime_confidence": 0.5,
    "atr_ratio": 0.9292909447950036,
    "adx_value": 24.246557126575524,
    "is_exhausted": false,
    "is_weakening": false,
    "leverage_tier": "normal_volatility"
  },