{
  "timestamp": "2026-01-14T20:20:38.589966Z",
  "order_id": "706413208826545069",
  "stage": "Decision Making",
  "model_version": "ollama:qwen2.5:1.5b+ensemble_v1.0",
  "input_features": {
    "tech_returns_1": -0.032005405357349304,
    "tech_returns_5": -0.07139133113729379,
    "tech_returns_15": 0.056652350331010126,
    "tech_returns_60": 0.44216167932111805,
    "tech_returns_240": 0.039442233438702345,
    "tech_returns_1440": 3.5415104584119743,
    "tech_rsi_14": 50.06677181183734,
    "tech_rsi_7": 44.28492191635887,
    "tech_rsi_21": 52.063176724804315,
    "tech_rsi_slope": -1.1116683442687183,
    "tech_rsi_divergence": 0.0,
    "tech_rsi_zone": 3.0,
    "tech_macd": 1.6654550835964983,
    "tech_macd_signal": 2.4712259103904093,
    "tech_macd_hist": -0.805770826793911,
    "tech_stoch_k": 13.086770981506895,
    "tech_stoch_d": 26.952158902586092,
    "tech_ema_cross_9_21": 1.0,
    "tech_ema_cross_50_200": 1.0,
    "tech_ema_9": 3375.1091910071673,
    "tech_ema_21": 3374.1717992516215,
    "tech_ema_50": 3369.33806995553,
    "tech_price_ema_9_pct": -0.05212249167685189,
    "tech_price_ema_21_pct": -0.024355584140790157,
    "tech_adx": 22.83592160352479,
    "tech_adx_7": 31.774576334440805,
    "tech_adx_10": 25.821818029486085,
    "tech_adx_roc_5": -16.890228362006347,
    "tech_adx_slope_3": -3.0131740127653472,
    "tech_adx_deceleration": 0.23231834898810533,
    "tech_plus_di": 23.01356954906899,
    "tech_minus_di": 25.500186031508253,
    "tech_di_crossover": -1.0,
    "tech_atr_14": 4.620951254292082,
    "tech_atr_pct": 0.1369840441784008,
    "tech_atr_14_avg": 5.344178735249851,
    "tech_bb_upper": 3387.20010358649,
    "tech_bb_lower": 3361.95589641351,
    "tech_bb_width": 0.7480700452910014,
    "tech_bb_position": 0.4513551765921791,
    "tech_volatility_20": 0.017599175151237607,
    "tech_volume_ratio": 0.365220248247339,
    "tech_obv": 49118.045999999995,
    "tech_momentum_10": -8.639999999999873,
    "tech_roc_10": -0.2554708913982573,
    "tech_high_low_range": 0.0832999836957446,
    "tech_body_ratio": 0.38434163699691787,
    "tech_swing_high_10": 3391.68,
    "tech_swing_low_10": 3370.59,
    "tech_price_vs_swing_high": -0.5404401358618717,
    "tech_price_vs_swing_low": 0.08188477388231032,
    "tech_swing_break_up": 0.0,
    "tech_swing_break_down": 0.0,
    "tech_volume_spike": 0.0,
    "tech_volume_spike_ratio": 0.365220248247339,
    "micro_ob_best_bid_price": 3374.75,
    "micro_ob_best_ask_price": 3374.76,
    "micro_ob_best_bid_size": 48.957,
    "micro_ob_best_ask_size": 42.662,
    "micro_ob_spread_absolute": 0.010000000000218279,
    "micro_ob_spread_percentage": 0.0002963178067805893,
    "micro_ob_bid_ask_size_ratio": 1.1475552013501478,
    "micro_ob_orderbook_imbalance_5": 0.04992033988316515,
    "micro_ob_orderbook_imbalance_10": 0.03991076590130891,
    "micro_ob_orderbook_imbalance_20": 0.1323332401669285,
    "micro_ob_orderbook_vwap": 3374.754632242859,
    "micro_ob_buy_impact_0.1": 0.0,
    "micro_ob_sell_impact_0.1": 0.0,
    "micro_ob_buy_impact_1.0": 0.0,
    "micro_ob_sell_impact_1.0": 0.0,
    "micro_ob_buy_impact_10.0": 0.0,
    "micro_ob_sell_impact_10.0": 0.0,
    "micro_ob_bid_depth_concentration": 0.39544206830513884,
    "micro_ob_ask_depth_concentration": 0.4669902750856692,
    "micro_ob_bid_levels": 15,
    "micro_ob_ask_levels": 15,
    "micro_ob_total_bid_volume": 234.975,
    "micro_ob_total_ask_volume": 180.053,
    "micro_ob_total_orderbook_volume": 415.028,
    "micro_ob_order_flow_imbalance": 0.1323332401669285,
    "micro_ob_depth_imbalance_1": 0.06870845566967552,
    "micro_ob_depth_imbalance_5": 0.04992033988316515,
    "micro_ob_depth_imbalance_10": 0.03991076590130891,
    "micro_ob_depth_imbalance_20": 0.1323332401669285,
    "micro_fr_funding_rate_current": 6.435e-05,
    "micro_fr_funding_rate_abs": 6.435e-05,
    "micro_fr_funding_rate_mean": 7.404230000000001e-05,
    "micro_fr_funding_rate_std": 2.7240722598895945e-05,
    "micro_fr_funding_rate_min": 2.898e-05,
    "micro_fr_funding_rate_max": 0.0001,
    "micro_fr_funding_rate_skew": -0.37376071663570287,
    "micro_fr_funding_rate_kurtosis": -1.543828679348886,
    "micro_fr_funding_rate_trend": 2.6960000000000035e-06,
    "micro_fr_funding_rate_change": 4.490000000000006e-06,
    "micro_fr_funding_rate_change_abs": 4.490000000000006e-06,
    "micro_fr_funding_rate_positive": 1.0,
    "micro_fr_funding_rate_negative": 0.0,
    "micro_fr_funding_rate_high": 0.0,
    "micro_fr_funding_rate_extreme": 0.0,
    "micro_fr_hours_to_next_funding": 0.0,
    "micro_fr_funding_imminent": 1.0,
    "micro_vp_volume_current": 94.46416,
    "micro_vp_volume_mean": 6342.3757862,
    "micro_vp_volume_std": 12937.894360080123,
    "micro_vp_volume_max": 48382.2317,
    "micro_vp_volume_sum": 634237.57862,
    "micro_vp_volume_ratio": 0.014894128507102807,
    "micro_vp_large_volume_trade": 0.0,
    "micro_vp_recent_vwap": 3373.4606338434164,
    "micro_vp_price_vwap_deviation_pct": 0.007688429916192154,
    "micro_vp_price_clustering": 0.2863961138967089,
    "micro_vp_volume_trend": -209.54098454545422,
    "micro_of_order_flow_imbalance": 0.1323332401669285,
    "micro_of_trade_flow_buy_pressure": 0.5661666200834642,
    "micro_of_trade_flow_sell_pressure": 0.4338333799165357,
    "micro_of_kyles_lambda_buy": 0.0,
    "micro_of_kyles_lambda_sell": 0.0,
    "micro_of_kyles_lambda_avg": 0.0,
    "micro_of_amihud_illiquidity": 0.26566506144709484,
    "micro_of_spread_dynamics_current": 0.0002963178067805893,
    "micro_micro_funding_arbitrage": 0.0,
    "micro_micro_orderbook_pressure": 0.0,
    "micro_micro_liquidity_score": 0.75,
    "micro_micro_volume_spike": 0.0,
    "micro_micro_oi_divergence": 0.0,
    "micro_micro_composite_score": 0.15000000000000002,
    "fee_maker_rate": 0.0002,
    "fee_taker_rate": 0.0008,
    "fee_round_trip_cost": 0.0016,
    "fee_breakeven_move_pct": 0.16,
    "fee_net_profit_threshold": 0.16,
    "time_hour_sin": -0.8660254037844386,
    "time_hour_cos": 0.5000000000000001,
    "time_day_sin": 0.9749279121818236,
    "time_day_cos": -0.22252093395631434,
    "time_day_of_week": 2.0,
    "time_is_asian": 0.0,
    "time_is_london": 0.0,
    "time_is_ny": 1.0,
    "time_is_london_ny_overlap": 0.0,
    "time_is_weekend": 0.0,
    "time_is_us_market_hours": 0.0,
    "cross_btc_return_1m": -0.02420731307029893,
    "cross_btc_return_5m": -0.002667481958579411,
    "cross_btc_return_15m": 0.05830975620773355,
    "cross_btc_correlation": 0.934500696531004,
    "cross_btc_lead_indicator": -0.002667481958579411,
    "cross_eth_btc_ratio_change": -0.0016564400106032482,
    "vol_realized_5m": 19.53334148148583,
    "vol_realized_15m": 20.279803040330044,
    "vol_realized_1h": 15.522488892571207,
    "vol_realized_4h": 5.942082189661025,
    "vol_ratio_5m_1h": 1.2583897863720905,
    "vol_ratio_15m_4h": 3.412911904116045,
    "vol_regime": 0.0,
    "vol_expansion": 0.0,
    "vol_contraction": 0.0,
    "vol_percentile": 18.947368421052634,
    "sent_fear_greed": 48.0,
    "sent_fear_greed_change": 22.0,
    "sent_extreme_fear": 0.0,
    "sent_extreme_greed": 0.0,
    "sent_fear": 0.0,
    "sent_greed": 0.0
  },
  "output_prediction": {
    "signal": "SHORT",
    "confidence": 0.5655687993342529,
    "raw_model_outputs": {
      "xgboost": 0.230936199426651,
      "lightgbm": 0.02353098075752383,
      "lstm": 0.185713529586792,
      "random_forest": 0.47811804969283533,
      "weighted_average": 0.21721560033287357,
      "model_agreement": 0.3483759769114948
    }
  },
  "regime_info": {
    "regime": "ranging",
    "regime_confidence": 0.5,
    "atr_ratio": 0.8646700425291902,
    "adx_value": 22.83592160352479,
    "is_exhausted": false,
    "is_weakening": false,
    "leverage_tier": "normal_volatility"
  },