{
  "timestamp": "2026-01-14T08:27:40.307662Z",
  "order_id": "706233791592530861",
  "stage": "Decision Making",
  "model_version": "ollama:qwen2.5:1.5b+ensemble_v1.0",
  "input_features": {
    "tech_returns_1": 0.0,
    "tech_returns_5": -0.048309178743954906,
    "tech_returns_15": -0.15855508065627522,
    "tech_returns_60": 0.3394762366634385,
    "tech_returns_240": -0.5288461538461409,
    "tech_returns_1440": 3.2283577796951257,
    "tech_rsi_14": 46.144592851419574,
    "tech_rsi_7": 37.149350548617186,
    "tech_rsi_21": 49.79862064750028,
    "tech_rsi_slope": -0.31664079867183403,
    "tech_rsi_divergence": 0.0,
    "tech_rsi_zone": 2.0,
    "tech_macd": 0.011909217491080426,
    "tech_macd_signal": 0.0421737182216297,
    "tech_macd_hist": -0.030264500730549274,
    "tech_stoch_k": 13.793103448281945,
    "tech_stoch_d": 12.766830870283309,
    "tech_ema_cross_9_21": -1.0,
    "tech_ema_cross_50_200": 1.0,
    "tech_ema_9": 144.88267448984982,
    "tech_ema_21": 144.89403666544655,
    "tech_ema_50": 144.80633562449245,
    "tech_price_ema_9_pct": -0.036356652053311504,
    "tech_price_ema_21_pct": -0.044195514819146325,
    "tech_adx": 18.932247298176122,
    "tech_adx_7": 28.15135105358653,
    "tech_adx_10": 21.854638412473655,
    "tech_adx_roc_5": -2.5762730954976085,
    "tech_adx_slope_3": 0.6049802518691667,
    "tech_adx_deceleration": 0.8067633562230814,
    "tech_plus_di": 22.53150803423769,
    "tech_minus_di": 35.67721104078666,
    "tech_di_crossover": 0.0,
    "tech_atr_14": 0.07561572837886893,
    "tech_atr_pct": 0.05220998990462537,
    "tech_atr_14_avg": 0.09036583406242964,
    "tech_bb_upper": 145.11036403211102,
    "tech_bb_lower": 144.794635967889,
    "tech_bb_width": 0.21781484570601706,
    "tech_bb_position": 0.1120078831070828,
    "tech_volatility_20": 0.008232879269782018,
    "tech_volume_ratio": 0.4177121277420596,
    "tech_obv": 206275.79999999996,
    "tech_momentum_10": -0.21999999999999886,
    "tech_roc_10": -0.15167183729748457,
    "tech_high_low_range": 0.0069046468273085025,
    "tech_body_ratio": 0.0,
    "tech_swing_high_10": 145.05,
    "tech_swing_low_10": 144.79,
    "tech_price_vs_swing_high": -0.15167183729748285,
    "tech_price_vs_swing_low": 0.027626217280213045,
    "tech_swing_break_up": 0.0,
    "tech_swing_break_down": 0.0,
    "tech_volume_spike": 0.0,
    "tech_volume_spike_ratio": 0.4177121277420596,
    "micro_ob_best_bid_price": 144.83,
    "micro_ob_best_ask_price": 144.84,
    "micro_ob_best_bid_size": 2665.6,
    "micro_ob_best_ask_size": 2934.7,
    "micro_ob_spread_absolute": 0.009999999999990905,
    "micro_ob_spread_percentage": 0.006904408464798497,
    "micro_ob_bid_ask_size_ratio": 0.9083040855964835,
    "micro_ob_orderbook_imbalance_5": -0.08834607131368817,
    "micro_ob_orderbook_imbalance_10": -0.34767659655694877,
    "micro_ob_orderbook_imbalance_20": -0.34152293807714645,
    "micro_ob_orderbook_vwap": 144.8641671896064,
    "micro_ob_buy_impact_0.1": 0.0,
    "micro_ob_sell_impact_0.1": 0.0,
    "micro_ob_buy_impact_1.0": 0.0,
    "micro_ob_sell_impact_1.0": 0.0,
    "micro_ob_buy_impact_10.0": 0.0,
    "micro_ob_sell_impact_10.0": 0.0,
    "micro_ob_bid_depth_concentration": 0.6978978342456018,
    "micro_ob_ask_depth_concentration": 0.4089511225623246,
    "micro_ob_bid_levels": 15,
    "micro_ob_ask_levels": 15,
    "micro_ob_total_bid_volume": 16040.6,
    "micro_ob_total_ask_volume": 32679.7,
    "micro_ob_total_orderbook_volume": 48720.3,
    "micro_ob_order_flow_imbalance": -0.34152293807714645,
    "micro_ob_depth_imbalance_1": -0.04805099726800349,
    "micro_ob_depth_imbalance_5": -0.08834607131368817,
    "micro_ob_depth_imbalance_10": -0.34767659655694877,
    "micro_ob_depth_imbalance_20": -0.34152293807714645,
    "micro_fr_funding_rate_current": 0.0001,
    "micro_fr_funding_rate_abs": 0.0001,
    "micro_fr_funding_rate_mean": 0.0001,
    "micro_fr_funding_rate_std": 0.0,
    "micro_fr_funding_rate_min": 0.0001,
    "micro_fr_funding_rate_max": 0.0001,
    "micro_fr_funding_rate_skew": 0.0,
    "micro_fr_funding_rate_kurtosis": 0.0,
    "micro_fr_funding_rate_trend": -9.234190815370753e-21,
    "micro_fr_funding_rate_change": 0.0,
    "micro_fr_funding_rate_change_abs": 0.0,
    "micro_fr_funding_rate_positive": 1.0,
    "micro_fr_funding_rate_negative": 0.0,
    "micro_fr_funding_rate_high": 0.0,
    "micro_fr_funding_rate_extreme": 0.0,
    "micro_fr_hours_to_next_funding": 0.0,
    "micro_fr_funding_imminent": 1.0,
    "micro_vp_volume_current": 840.014,
    "micro_vp_volume_mean": 769.1921299999999,
    "micro_vp_volume_std": 365.091668458256,
    "micro_vp_volume_max": 1766.926,
    "micro_vp_volume_sum": 76919.21299999999,
    "micro_vp_volume_ratio": 1.0920730559216723,
    "micro_vp_large_volume_trade": 0.0,
    "micro_vp_recent_vwap": 144.83000000000004,
    "micro_vp_price_vwap_deviation_pct": -1.9624186584550162e-14,
    "micro_vp_price_clustering": 0.0,
    "micro_vp_volume_trend": -54.420969696969706,
    "micro_of_order_flow_imbalance": -0.34152293807714645,
    "micro_of_trade_flow_buy_pressure": 0.32923853096142675,
    "micro_of_trade_flow_sell_pressure": 0.6707614690385733,
    "micro_of_kyles_lambda_buy": 0.0,
    "micro_of_kyles_lambda_sell": 0.0,
    "micro_of_kyles_lambda_avg": 0.0,
    "micro_of_amihud_illiquidity": 0.021901630708261188,
    "micro_of_spread_dynamics_current": 0.006904408464798497,
    "micro_micro_funding_arbitrage": 0.0,
    "micro_micro_orderbook_pressure": -1.0,
    "micro_micro_liquidity_score": 1.0,
    "micro_micro_volume_spike": 0.0,
    "micro_micro_oi_divergence": 0.0,
    "micro_micro_composite_score": 0.5,
    "fee_maker_rate": 0.0002,
    "fee_taker_rate": 0.0008,
    "fee_round_trip_cost": 0.0016,
    "fee_breakeven_move_pct": 0.16,
    "fee_net_profit_threshold": 0.16,
    "time_hour_sin": 0.8660254037844387,
    "time_hour_cos": -0.4999999999999998,
    "time_day_sin": 0.9749279121818236,
    "time_day_cos": -0.22252093395631434,
    "time_day_of_week": 2.0,
    "time_is_asian": 1.0,
    "time_is_london": 1.0,
    "time_is_ny": 0.0,
    "time_is_london_ny_overlap": 0.0,
    "time_is_weekend": 0.0,
    "time_is_us_market_hours": 0.0,
    "cross_btc_return_1m": -0.00809167765698337,
    "cross_btc_return_5m": -0.033094040656291596,
    "cross_btc_return_15m": -0.09544038545735703,
    "cross_btc_correlation": 0.5555075796679398,
    "cross_btc_lead_indicator": -0.033094040656291596,
    "cross_eth_btc_ratio_change": -0.003358707802325941,
    "vol_realized_5m": 5.937042513596759,
    "vol_realized_15m": 8.29847455606651,
    "vol_realized_1h": 4.237220742155904,
    "vol_realized_4h": 2.609663991603852,
    "vol_ratio_5m_1h": 1.4011643185188374,
    "vol_ratio_15m_4h": 3.1799015439403058,
    "vol_regime": 0.0,
    "vol_expansion": 0.0,
    "vol_contraction": 0.0,
    "vol_percentile": 9.473684210526317,
    "sent_fear_greed": 48.0,
    "sent_fear_greed_change": 22.0,
    "sent_extreme_fear": 0.0,
    "sent_extreme_greed": 0.0,
    "sent_fear": 0.0,
    "sent_greed": 0.0
  },
  "output_prediction": {
    "signal": "SHORT",
    "confidence": 0.6512250599766023,
    "raw_model_outputs": {
      "xgboost": 0.22943508625030518,
      "lightgbm": 0.11041494283130453,
      "lstm": 0.1387135088443756,
      "random_forest": 0.21637414863785576,
      "weighted_average": 0.17438747001169888,
      "model_agreement": 0.798440767156402
    }
  },
  "regime_info": {
    "regime": "ranging",
    "regime_confidence": 0.6533876350911939,
    "atr_ratio": 0.8367734239760292,
    "adx_value": 18.932247298176122,
    "is_exhausted": false,
    "is_weakening": false,
    "leverage_tier": "normal_volatility"
  },