{
  "timestamp": "2026-01-14T20:21:04.873918Z",
  "order_id": "706413331354747821",
  "stage": "Decision Making",
  "model_version": "ollama:qwen2.5:1.5b+ensemble_v1.0",
  "input_features": {
    "tech_returns_1": 0.0,
    "tech_returns_5": -0.025368638021250334,
    "tech_returns_15": -0.09717659734033157,
    "tech_returns_60": 0.16308894701726473,
    "tech_returns_240": 0.014804318631234104,
    "tech_returns_1440": 4.1685056050842935,
    "tech_rsi_14": 47.94149753094297,
    "tech_rsi_7": 39.716536788857006,
    "tech_rsi_21": 50.26084393174401,
    "tech_rsi_slope": -1.2042962821679062,
    "tech_rsi_divergence": 0.0,
    "tech_rsi_zone": 2.0,
    "tech_macd": 0.1799415837235756,
    "tech_macd_signal": 0.34003266920510106,
    "tech_macd_hist": -0.16009108548152545,
    "tech_stoch_k": 3.7542662116007453,
    "tech_stoch_d": 6.93970420932646,
    "tech_ema_cross_9_21": 1.0,
    "tech_ema_cross_50_200": 1.0,
    "tech_ema_9": 946.1813641857061,
    "tech_ema_21": 946.1228501699195,
    "tech_ema_50": 945.6158210931326,
    "tech_price_ema_9_pct": -0.03924873177202874,
    "tech_price_ema_21_pct": -0.033066548373012046,
    "tech_adx": 21.13737311365491,
    "tech_adx_7": 30.487284738210395,
    "tech_adx_10": 24.792852187945215,
    "tech_adx_roc_5": -13.895571694241085,
    "tech_adx_slope_3": -1.8402333348635054,
    "tech_adx_deceleration": 0.957781859412961,
    "tech_plus_di": 25.79333062996899,
    "tech_minus_di": 31.544454056816633,
    "tech_di_crossover": 0.0,
    "tech_atr_14": 0.5242006345236482,
    "tech_atr_pct": 0.05542346079272245,
    "tech_atr_14_avg": 0.702185510442904,
    "tech_bb_upper": 947.9188764522137,
    "tech_bb_lower": 944.8671235477864,
    "tech_bb_width": 0.32246148317108253,
    "tech_bb_position": 0.30896225275830763,
    "tech_volatility_20": 0.00910770970647903,
    "tech_volume_ratio": 0.009248217284431355,
    "tech_obv": -9063.499999999987,
    "tech_momentum_10": -2.1000000000000227,
    "tech_roc_10": -0.2215400196221129,
    "tech_high_low_range": 0.0,
    "tech_body_ratio": 0.0,
    "tech_swing_high_10": 947.91,
    "tech_swing_low_10": 945.7,
    "tech_price_vs_swing_high": -0.22154001962211844,
    "tech_price_vs_swing_low": 0.011631595643428144,
    "tech_swing_break_up": 0.0,
    "tech_swing_break_down": 0.0,
    "tech_volume_spike": 0.0,
    "tech_volume_spike_ratio": 0.009248217284431355,
    "micro_ob_best_bid_price": 945.79,
    "micro_ob_best_ask_price": 945.8,
    "micro_ob_best_bid_size": 175.1,
    "micro_ob_best_ask_size": 162.5,
    "micro_ob_spread_absolute": 0.009999999999990905,
    "micro_ob_spread_percentage": 0.0010573115738601816,
    "micro_ob_bid_ask_size_ratio": 1.0775384615384616,
    "micro_ob_orderbook_imbalance_5": -0.40912412569161705,
    "micro_ob_orderbook_imbalance_10": -0.567962431515784,
    "micro_ob_orderbook_imbalance_20": -0.5912484293000222,
    "micro_ob_orderbook_vwap": 945.8322113227238,
    "micro_ob_buy_impact_0.1": 0.0,
    "micro_ob_sell_impact_0.1": 0.0,
    "micro_ob_buy_impact_1.0": 0.0,
    "micro_ob_sell_impact_1.0": 0.0,
    "micro_ob_buy_impact_10.0": 0.0,
    "micro_ob_sell_impact_10.0": 0.0,
    "micro_ob_bid_depth_concentration": 0.5117540687160941,
    "micro_ob_ask_depth_concentration": 0.3134986993682645,
    "micro_ob_bid_levels": 15,
    "micro_ob_ask_levels": 15,
    "micro_ob_total_bid_volume": 553.0,
    "micro_ob_total_ask_volume": 2152.8,
    "micro_ob_total_orderbook_volume": 2705.8,
    "micro_ob_order_flow_imbalance": -0.5912484293000222,
    "micro_ob_depth_imbalance_1": 0.03732227488151657,
    "micro_ob_depth_imbalance_5": -0.40912412569161705,
    "micro_ob_depth_imbalance_10": -0.567962431515784,
    "micro_ob_depth_imbalance_20": -0.5912484293000222,
    "micro_fr_funding_rate_current": 8.413e-05,
    "micro_fr_funding_rate_abs": 8.413e-05,
    "micro_fr_funding_rate_mean": 5.5678e-05,
    "micro_fr_funding_rate_std": 9.155506102886941e-06,
    "micro_fr_funding_rate_min": 4.679e-05,
    "micro_fr_funding_rate_max": 8.413e-05,
    "micro_fr_funding_rate_skew": 1.5612697416447174,
    "micro_fr_funding_rate_kurtosis": 1.363755951266306,
    "micro_fr_funding_rate_trend": 1.4839999999999904e-06,
    "micro_fr_funding_rate_change": 1.2199999999999917e-06,
    "micro_fr_funding_rate_change_abs": 1.2199999999999917e-06,
    "micro_fr_funding_rate_positive": 1.0,
    "micro_fr_funding_rate_negative": 0.0,
    "micro_fr_funding_rate_high": 0.0,
    "micro_fr_funding_rate_extreme": 0.0,
    "micro_fr_hours_to_next_funding": 0.0,
    "micro_fr_funding_imminent": 1.0,
    "micro_vp_volume_current": 851.643,
    "micro_vp_volume_mean": 1408.85293,
    "micro_vp_volume_std": 3000.408308251313,
    "micro_vp_volume_max": 16937.875,
    "micro_vp_volume_sum": 140885.293,
    "micro_vp_volume_ratio": 0.6044938984511322,
    "micro_vp_large_volume_trade": 0.0,
    "micro_vp_recent_vwap": 946.1739167084672,
    "micro_vp_price_vwap_deviation_pct": 0.010154929219249978,
    "micro_vp_price_clustering": 0.39433263810338576,
    "micro_vp_volume_trend": 395.17652727272736,
    "micro_of_order_flow_imbalance": -0.5912484293000222,
    "micro_of_trade_flow_buy_pressure": 0.2043757853499889,
    "micro_of_trade_flow_sell_pressure": 0.7956242146500111,
    "micro_of_kyles_lambda_buy": 0.0,
    "micro_of_kyles_lambda_sell": 0.0,
    "micro_of_kyles_lambda_avg": 0.0,
    "micro_of_amihud_illiquidity": 0.04613664780758911,
    "micro_of_spread_dynamics_current": 0.0010573115738601816,
    "micro_micro_funding_arbitrage": 0.0,
    "micro_micro_orderbook_pressure": -1.0,
    "micro_micro_liquidity_score": 1.0,
    "micro_micro_volume_spike": 0.0,
    "micro_micro_oi_divergence": 0.0,
    "micro_micro_composite_score": 0.5,
    "fee_maker_rate": 0.0002,
    "fee_taker_rate": 0.0008,
    "fee_round_trip_cost": 0.0016,
    "fee_breakeven_move_pct": 0.16,
    "fee_net_profit_threshold": 0.16,
    "time_hour_sin": -0.8660254037844386,
    "time_hour_cos": 0.5000000000000001,
    "time_day_sin": 0.9749279121818236,
    "time_day_cos": -0.22252093395631434,
    "time_day_of_week": 2.0,
    "time_is_asian": 0.0,
    "time_is_london": 0.0,
    "time_is_ny": 1.0,
    "time_is_london_ny_overlap": 0.0,
    "time_is_weekend": 0.0,
    "time_is_us_market_hours": 0.0,
    "cross_btc_return_1m": -0.003078460728589562,
    "cross_btc_return_5m": 0.04424815102274398,
    "cross_btc_return_15m": -0.104356633155684,
    "cross_btc_correlation": 0.896544902416855,
    "cross_btc_lead_indicator": 0.04424815102274398,
    "cross_eth_btc_ratio_change": 0.04128224430418163,
    "vol_realized_5m": 6.723503111100518,
    "vol_realized_15m": 10.996795037044574,
    "vol_realized_1h": 6.282679991420161,
    "vol_realized_4h": 3.0651698737581694,
    "vol_ratio_5m_1h": 1.0701648214269006,
    "vol_ratio_15m_4h": 3.5876625081015594,
    "vol_regime": 0.0,
    "vol_expansion": 0.0,
    "vol_contraction": 0.0,
    "vol_percentile": 2.1052631578947367,
    "sent_fear_greed": 48.0,
    "sent_fear_greed_change": 22.0,
    "sent_extreme_fear": 0.0,
    "sent_extreme_greed": 0.0,
    "sent_fear": 0.0,
    "sent_greed": 0.0
  },
  "output_prediction": {
    "signal": "SHORT",
    "confidence": 0.6237798257281735,
    "raw_model_outputs": {
      "xgboost": 0.16060951352119446,
      "lightgbm": 0.05558793384055866,
      "lstm": 0.31571507453918457,
      "random_forest": 0.2355073937472248,
      "weighted_average": 0.1881100871359133,
      "model_agreement": 0.6163760002830265
    }
  },
  "regime_info": {
    "regime": "ranging",
    "regime_confidence": 0.5431313443172545,
    "atr_ratio": 0.746527273388208,
    "adx_value": 21.13737311365491,
    "is_exhausted": false,
    "is_weakening": false,
    "leverage_tier": "normal_volatility"
  },