{
  "timestamp": "2026-01-14T18:26:50.034226Z",
  "order_id": "706384567161848749",
  "stage": "Decision Making",
  "model_version": "ollama:qwen2.5:1.5b+ensemble_v1.0",
  "input_features": {
    "tech_returns_1": -0.03598759486436176,
    "tech_returns_5": 0.0010588509349540587,
    "tech_returns_15": 0.11660818589465105,
    "tech_returns_60": -0.06983461892519083,
    "tech_returns_240": 0.7198617865369794,
    "tech_returns_1440": 4.1685056050842935,
    "tech_rsi_14": 57.01919882170822,
    "tech_rsi_7": 61.05625429020661,
    "tech_rsi_21": 54.34980497781606,
    "tech_rsi_slope": -2.4535492028685972,
    "tech_rsi_divergence": 0.0,
    "tech_rsi_zone": 3.0,
    "tech_macd": 0.3115999816565136,
    "tech_macd_signal": 0.08937780502683997,
    "tech_macd_hist": 0.22222217662967364,
    "tech_stoch_k": 87.7192982456129,
    "tech_stoch_d": 94.29824561403454,
    "tech_ema_cross_9_21": 1.0,
    "tech_ema_cross_50_200": 1.0,
    "tech_ema_9": 944.1886403835816,
    "tech_ema_21": 943.763304690497,
    "tech_ema_50": 943.7427444077648,
    "tech_price_ema_9_pct": 0.02556264776922842,
    "tech_price_ema_21_pct": 0.07064221571123956,
    "tech_adx": 24.847724727507863,
    "tech_adx_7": 33.18604000459779,
    "tech_adx_10": 25.902588035056922,
    "tech_adx_roc_5": -17.54123766539576,
    "tech_adx_slope_3": -1.9591075347553986,
    "tech_adx_deceleration": 1.5517126944095185,
    "tech_plus_di": 21.940890476239524,
    "tech_minus_di": 31.887757768102244,
    "tech_di_crossover": -1.0,
    "tech_atr_14": 0.6712199238263664,
    "tech_atr_pct": 0.07107143185057298,
    "tech_atr_14_avg": 0.7882598841598824,
    "tech_bb_upper": 945.4744462339806,
    "tech_bb_lower": 941.5285537660193,
    "tech_bb_width": 0.4182179326647978,
    "tech_bb_position": 0.7353079835649181,
    "tech_volatility_20": 0.009069616235198042,
    "tech_volume_ratio": 0.7413076754865515,
    "tech_obv": -9974.499999999996,
    "tech_momentum_10": 2.3999999999999773,
    "tech_roc_10": 0.2547689564026623,
    "tech_high_low_range": 0.07411878064017931,
    "tech_body_ratio": 0.48571428564491187,
    "tech_swing_high_10": 944.99,
    "tech_swing_low_10": 940.43,
    "tech_price_vs_swing_high": -0.05925988634800993,
    "tech_price_vs_swing_low": 0.42533734568229425,
    "tech_swing_break_up": 0.0,
    "tech_swing_break_down": 0.0,
    "tech_volume_spike": 0.0,
    "tech_volume_spike_ratio": 0.7413076754865515,
    "micro_ob_best_bid_price": 944.25,
    "micro_ob_best_ask_price": 944.26,
    "micro_ob_best_bid_size": 172.4,
    "micro_ob_best_ask_size": 176.9,
    "micro_ob_spread_absolute": 0.009999999999990905,
    "micro_ob_spread_percentage": 0.0010590359595650438,
    "micro_ob_bid_ask_size_ratio": 0.9745618993781797,
    "micro_ob_orderbook_imbalance_5": -0.3378995433789954,
    "micro_ob_orderbook_imbalance_10": -0.4593649461463142,
    "micro_ob_orderbook_imbalance_20": -0.44038067835998446,
    "micro_ob_orderbook_vwap": 944.2818750874246,
    "micro_ob_buy_impact_0.1": 0.0,
    "micro_ob_sell_impact_0.1": 0.0,
    "micro_ob_buy_impact_1.0": 0.0,
    "micro_ob_sell_impact_1.0": 0.0,
    "micro_ob_buy_impact_10.0": 0.0,
    "micro_ob_sell_impact_10.0": 0.0,
    "micro_ob_bid_depth_concentration": 0.5161162744710303,
    "micro_ob_ask_depth_concentration": 0.40519360786724035,
    "micro_ob_bid_levels": 15,
    "micro_ob_ask_levels": 15,
    "micro_ob_total_bid_volume": 505.7,
    "micro_ob_total_ask_volume": 1301.6,
    "micro_ob_total_orderbook_volume": 1807.3,
    "micro_ob_order_flow_imbalance": -0.44038067835998446,
    "micro_ob_depth_imbalance_1": -0.012882908674491841,
    "micro_ob_depth_imbalance_5": -0.3378995433789954,
    "micro_ob_depth_imbalance_10": -0.4593649461463142,
    "micro_ob_depth_imbalance_20": -0.44038067835998446,
    "micro_fr_funding_rate_current": 6.059e-05,
    "micro_fr_funding_rate_abs": 6.059e-05,
    "micro_fr_funding_rate_mean": 5.41172e-05,
    "micro_fr_funding_rate_std": 6.639553460888767e-06,
    "micro_fr_funding_rate_min": 4.679e-05,
    "micro_fr_funding_rate_max": 7.653e-05,
    "micro_fr_funding_rate_skew": 1.747328343945014,
    "micro_fr_funding_rate_kurtosis": 2.536010227725182,
    "micro_fr_funding_rate_trend": 1.5899999999999907e-06,
    "micro_fr_funding_rate_change": 1.1399999999999992e-06,
    "micro_fr_funding_rate_change_abs": 1.1399999999999992e-06,
    "micro_fr_funding_rate_positive": 1.0,
    "micro_fr_funding_rate_negative": 0.0,
    "micro_fr_funding_rate_high": 0.0,
    "micro_fr_funding_rate_extreme": 0.0,
    "micro_fr_hours_to_next_funding": 0.0,
    "micro_fr_funding_imminent": 1.0,
    "micro_vp_volume_current": 283.431,
    "micro_vp_volume_mean": 1682.95658,
    "micro_vp_volume_std": 4705.446160159995,
    "micro_vp_volume_max": 35892.52,
    "micro_vp_volume_sum": 168295.658,
    "micro_vp_volume_ratio": 0.16841254454704943,
    "micro_vp_large_volume_trade": 0.0,
    "micro_vp_recent_vwap": 944.420112679556,
    "micro_vp_price_vwap_deviation_pct": 0.03704784721824938,
    "micro_vp_price_clustering": 2.220446049250313e-16,
    "micro_vp_volume_trend": 1.7177636363636528,
    "micro_of_order_flow_imbalance": -0.44038067835998446,
    "micro_of_trade_flow_buy_pressure": 0.27980966082000774,
    "micro_of_trade_flow_sell_pressure": 0.7201903391799922,
    "micro_of_kyles_lambda_buy": 0.0,
    "micro_of_kyles_lambda_sell": 0.0,
    "micro_of_kyles_lambda_avg": 0.0,
    "micro_of_amihud_illiquidity": 0.03811199749402383,
    "micro_of_spread_dynamics_current": 0.0010590359595650438,
    "micro_micro_funding_arbitrage": 0.0,
    "micro_micro_orderbook_pressure": -1.0,
    "micro_micro_liquidity_score": 1.0,
    "micro_micro_volume_spike": 0.0,
    "micro_micro_oi_divergence": 0.0,
    "micro_micro_composite_score": 0.5,
    "fee_maker_rate": 0.0002,
    "fee_taker_rate": 0.0008,
    "fee_round_trip_cost": 0.0016,
    "fee_breakeven_move_pct": 0.16,
    "fee_net_profit_threshold": 0.16,
    "time_hour_sin": -1.0,
    "time_hour_cos": -1.8369701987210297e-16,
    "time_day_sin": 0.9749279121818236,
    "time_day_cos": -0.22252093395631434,
    "time_day_of_week": 2.0,
    "time_is_asian": 0.0,
    "time_is_london": 0.0,
    "time_is_ny": 1.0,
    "time_is_london_ny_overlap": 0.0,
    "time_is_weekend": 0.0,
    "time_is_us_market_hours": 1.0,
    "cross_btc_return_1m": 0.006500213062542275,
    "cross_btc_return_5m": 0.10451846114123119,
    "cross_btc_return_15m": 0.07516514649976451,
    "cross_btc_correlation": 0.8609293984114684,
    "cross_btc_lead_indicator": 0.10451846114123119,
    "cross_eth_btc_ratio_change": -0.09303243826218686,
    "vol_realized_5m": 7.867052094288075,
    "vol_realized_15m": 11.510876831437626,
    "vol_realized_1h": 5.498364601140702,
    "vol_realized_4h": 3.313370878688318,
    "vol_ratio_5m_1h": 1.4307985492006041,
    "vol_ratio_15m_4h": 3.4740683288658887,
    "vol_regime": 0.0,
    "vol_expansion": 0.0,
    "vol_contraction": 0.0,
    "vol_percentile": 6.315789473684211,
    "sent_fear_greed": 48.0,
    "sent_fear_greed_change": 22.0,
    "sent_extreme_fear": 0.0,
    "sent_extreme_greed": 0.0,
    "sent_fear": 0.0,
    "sent_greed": 0.0
  },
  "output_prediction": {
    "signal": "SHORT",
    "confidence": 0.6461866699132802,
    "raw_model_outputs": {
      "xgboost": 0.07380891591310501,
      "lightgbm": 0.15187983912807027,
      "lstm": 0.22396545112133026,
      "random_forest": 0.30401333853539136,
      "weighted_average": 0.1769066650433599,
      "model_agreement": 0.6588479346536935
    }
  },
  "regime_info": {
    "regime": "ranging",
    "regime_confidence": 0.5,
    "atr_ratio": 0.8515211002292021,
    "adx_value": 24.847724727507863,
    "is_exhausted": false,
    "is_weakening": false,
    "leverage_tier": "normal_volatility"
  },