{
  "timestamp": "2026-01-14T21:17:56.706510Z",
  "order_id": "706427629544145837",
  "stage": "Decision Making",
  "model_version": "ollama:qwen2.5:1.5b+ensemble_v1.0",
  "input_features": {
    "tech_returns_1": 0.100388187458611,
    "tech_returns_5": 0.013947249721057986,
    "tech_returns_15": -0.19780929170651884,
    "tech_returns_60": 0.8938915415587667,
    "tech_returns_240": 1.0848374693324336,
    "tech_returns_1440": 5.3059392609584535,
    "tech_rsi_14": 48.76320782689835,
    "tech_rsi_7": 48.101126583524426,
    "tech_rsi_21": 52.08307271431086,
    "tech_rsi_slope": 4.034180871821373,
    "tech_rsi_divergence": 0.0,
    "tech_rsi_zone": 2.0,
    "tech_macd": -0.48103028571176765,
    "tech_macd_signal": 0.8027071835016018,
    "tech_macd_hist": -1.2837374692133694,
    "tech_stoch_k": 49.53219592735258,
    "tech_stoch_d": 30.32462107143733,
    "tech_ema_cross_9_21": -1.0,
    "tech_ema_cross_50_200": 1.0,
    "tech_ema_9": 3369.845123498021,
    "tech_ema_21": 3371.2966535077207,
    "tech_ema_50": 3366.953727353242,
    "tech_price_ema_9_pct": 0.013795188946138279,
    "tech_price_ema_21_pct": -0.029266291552664848,
    "tech_adx": 44.85732016346796,
    "tech_adx_7": 60.93274245640785,
    "tech_adx_10": 55.70127098935764,
    "tech_adx_roc_5": 8.768095610656786,
    "tech_adx_slope_3": 1.1697249444301576,
    "tech_adx_deceleration": -2.205088080941632,
    "tech_plus_di": 18.51171599444733,
    "tech_minus_di": 38.20599664938079,
    "tech_di_crossover": 0.0,
    "tech_atr_14": 3.6851591957808405,
    "tech_atr_pct": 0.10934184676723627,
    "tech_atr_14_avg": 3.7548223119396704,
    "tech_bb_upper": 3383.210759466862,
    "tech_bb_lower": 3364.426240533138,
    "tech_bb_width": 0.5567732506572013,
    "tech_bb_position": 0.3132238567099491,
    "tech_volatility_20": 0.011638713159048495,
    "tech_volume_ratio": 0.2774260975104307,
    "tech_obv": 2051.0359999999996,
    "tech_momentum_10": -8.230000000000018,
    "tech_roc_10": -0.24359634635079397,
    "tech_high_low_range": 0.12877153733633243,
    "tech_body_ratio": 0.7788018433000267,
    "tech_swing_high_10": 3378.54,
    "tech_swing_low_10": 3361.31,
    "tech_price_vs_swing_high": -0.2435963463507911,
    "tech_price_vs_swing_low": 0.2677527511595182,
    "tech_swing_break_up": 0.0,
    "tech_swing_break_down": 0.0,
    "tech_volume_spike": 0.0,
    "tech_volume_spike_ratio": 0.2774260975104307,
    "micro_ob_best_bid_price": 3370.06,
    "micro_ob_best_ask_price": 3370.07,
    "micro_ob_best_bid_size": 49.274,
    "micro_ob_best_ask_size": 43.296,
    "micro_ob_spread_absolute": 0.010000000000218279,
    "micro_ob_spread_percentage": 0.00029673018176854985,
    "micro_ob_bid_ask_size_ratio": 1.1380728011825574,
    "micro_ob_orderbook_imbalance_5": 0.0834772911154359,
    "micro_ob_orderbook_imbalance_10": 0.020718975928323537,
    "micro_ob_orderbook_imbalance_20": 0.16710232068230466,
    "micro_ob_orderbook_vwap": 3370.076575822749,
    "micro_ob_buy_impact_0.1": 0.0,
    "micro_ob_sell_impact_0.1": 0.0,
    "micro_ob_buy_impact_1.0": 0.0,
    "micro_ob_sell_impact_1.0": 0.0,
    "micro_ob_buy_impact_10.0": 0.0,
    "micro_ob_sell_impact_10.0": 0.0,
    "micro_ob_bid_depth_concentration": 0.3863265123133121,
    "micro_ob_ask_depth_concentration": 0.45792590326563165,
    "micro_ob_bid_levels": 15,
    "micro_ob_ask_levels": 15,
    "micro_ob_total_bid_volume": 256.51099999999997,
    "micro_ob_total_ask_volume": 183.058,
    "micro_ob_total_orderbook_volume": 439.56899999999996,
    "micro_ob_order_flow_imbalance": 0.16710232068230466,
    "micro_ob_depth_imbalance_1": 0.06457815707032519,
    "micro_ob_depth_imbalance_5": 0.0834772911154359,
    "micro_ob_depth_imbalance_10": 0.020718975928323537,
    "micro_ob_depth_imbalance_20": 0.16710232068230466,
    "micro_fr_funding_rate_current": 6.548e-05,
    "micro_fr_funding_rate_abs": 6.548e-05,
    "micro_fr_funding_rate_positive": 1.0,
    "micro_fr_funding_rate_negative": 0.0,
    "micro_fr_funding_rate_high": 0.0,
    "micro_fr_funding_rate_extreme": 0.0,
    "micro_fr_hours_to_next_funding": 0.0,
    "micro_fr_funding_imminent": 1.0,
    "micro_vp_volume_current": 407.32714,
    "micro_vp_volume_mean": 4336.7161026,
    "micro_vp_volume_std": 10773.556570820534,
    "micro_vp_volume_max": 71387.58318,
    "micro_vp_volume_sum": 433671.61026000004,
    "micro_vp_volume_ratio": 0.09392524905095685,
    "micro_vp_large_volume_trade": 0.0,
    "micro_vp_recent_vwap": 3368.2450527402443,
    "micro_vp_price_vwap_deviation_pct": -0.05655920844281542,
    "micro_vp_price_clustering": 0.0,
    "micro_vp_volume_trend": 25.257751030303023,
    "micro_of_order_flow_imbalance": 0.16710232068230466,
    "micro_of_trade_flow_buy_pressure": 0.5835511603411523,
    "micro_of_trade_flow_sell_pressure": 0.41644883965884766,
    "micro_of_kyles_lambda_buy": 0.0,
    "micro_of_kyles_lambda_sell": 0.0,
    "micro_of_kyles_lambda_avg": 0.0,
    "micro_of_amihud_illiquidity": 0.13169165897829918,
    "micro_of_spread_dynamics_current": 0.00029673018176854985,
    "micro_micro_funding_arbitrage": 0.0,
    "micro_micro_orderbook_pressure": 0.0,
    "micro_micro_liquidity_score": 0.75,
    "micro_micro_volume_spike": 0.0,
    "micro_micro_oi_divergence": 0.0,
    "micro_micro_composite_score": 0.15000000000000002,
    "fee_maker_rate": 0.0002,
    "fee_taker_rate": 0.0008,
    "fee_round_trip_cost": 0.0016,
    "fee_breakeven_move_pct": 0.16,
    "fee_net_profit_threshold": 0.16,
    "time_hour_sin": -0.7071067811865477,
    "time_hour_cos": 0.7071067811865474,
    "time_day_sin": 0.9749279121818236,
    "time_day_cos": -0.22252093395631434,
    "time_day_of_week": 2.0,
    "time_is_asian": 0.0,
    "time_is_london": 0.0,
    "time_is_ny": 1.0,
    "time_is_london_ny_overlap": 0.0,
    "time_is_weekend": 0.0,
    "time_is_us_market_hours": 0.0,
    "cross_btc_return_1m": 0.069061198688969,
    "cross_btc_return_5m": 0.07532554695686712,
    "cross_btc_return_15m": 0.0481172707145453,
    "cross_btc_correlation": 0.7940566848715362,
    "cross_btc_lead_indicator": 0.07532554695686712,
    "cross_eth_btc_ratio_change": -0.24580828618254938,
    "vol_realized_5m": 17.14992790996009,
    "vol_realized_15m": 11.5219974868691,
    "vol_realized_1h": 10.454630244590486,
    "vol_realized_4h": 3.305687570242223,
    "vol_ratio_5m_1h": 1.6404145826997503,
    "vol_ratio_15m_4h": 3.4855070970983597,
    "vol_regime": 2.0,
    "vol_expansion": 1.0,
    "vol_contraction": 0.0,
    "vol_percentile": 70.52631578947368,
    "sent_fear_greed": 48.0,
    "sent_fear_greed_change": 22.0,
    "sent_extreme_fear": 0.0,
    "sent_extreme_greed": 0.0,
    "sent_fear": 0.0,
    "sent_greed": 0.0
  },
  "output_prediction": {
    "signal": "SHORT",
    "confidence": 0.5933710209730922,
    "raw_model_outputs": {
      "xgboost": 0.18270522356033325,
      "lightgbm": 0.006906007034583357,
      "lstm": 0.25744307041168213,
      "random_forest": 0.4120782467924861,
      "weighted_average": 0.20331448951345388,
      "model_agreement": 0.41694897664091257
    }
  },
  "regime_info": {
    "regime": "trending",
    "regime_confidence": 0.8382878419616155,
    "atr_ratio": 0.9814470272168903,
    "adx_value": 44.85732016346796,
    "is_exhausted": false,
    "is_weakening": false,
    "leverage_tier": "normal_volatility"
  },