{
  "timestamp": "2026-01-12T19:06:08.816229Z",
  "order_id": "705669689912591277",
  "stage": "Decision Making",
  "model_version": "ollama:qwen2.5:1.5b+ensemble_v1.0",
  "input_features": {
    "tech_returns_1": 0.013109596224447628,
    "tech_returns_5": -0.09167103195388826,
    "tech_returns_15": -0.3136025088200656,
    "tech_returns_60": -0.7286922576447474,
    "tech_returns_240": -0.5604796663190692,
    "tech_returns_1440": -2.3896166909267333,
    "tech_rsi_14": 40.304787168097405,
    "tech_rsi_7": 28.789525448169996,
    "tech_rsi_21": 43.08407170144865,
    "tech_rsi_slope": -0.13605670858925833,
    "tech_rsi_divergence": 0.0,
    "tech_rsi_zone": 2.0,
    "tech_macd": -0.014139441188760316,
    "tech_macd_signal": 0.018364129959052067,
    "tech_macd_hist": -0.03250357114781238,
    "tech_stoch_k": 12.195121951221964,
    "tech_stoch_d": 9.94865211810141,
    "tech_ema_cross_9_21": -1.0,
    "tech_ema_cross_50_200": -1.0,
    "tech_ema_9": 76.36307999042546,
    "tech_ema_21": 76.39383577290012,
    "tech_ema_50": 76.42469931821603,
    "tech_price_ema_9_pct": -0.09570068472175064,
    "tech_price_ema_21_pct": -0.1359216641625248,
    "tech_adx": 45.7882375023429,
    "tech_adx_7": 76.17725078028911,
    "tech_adx_10": 59.8895126651626,
    "tech_adx_roc_5": 4.8199130410492685,
    "tech_adx_slope_3": 1.5887705275354342,
    "tech_adx_deceleration": 0.17564753185802928,
    "tech_plus_di": 10.165511131353982,
    "tech_minus_di": 35.39685976097823,
    "tech_di_crossover": 0.0,
    "tech_atr_14": 0.06977989038342258,
    "tech_atr_pct": 0.09146662784561879,
    "tech_atr_14_avg": 0.07813713826619763,
    "tech_bb_upper": 76.6854900654224,
    "tech_bb_lower": 76.2365099345776,
    "tech_bb_width": 0.5872014894453411,
    "tech_bb_position": 0.11913682086947101,
    "tech_volatility_20": 0.011379643428853867,
    "tech_volume_ratio": 0.07133191894555722,
    "tech_obv": 23232.999999999975,
    "tech_momentum_10": -0.25,
    "tech_roc_10": -0.32662660047034775,
    "tech_high_low_range": 0.013107877834585285,
    "tech_body_ratio": 0.9999999900000002,
    "tech_swing_high_10": 76.58,
    "tech_swing_low_10": 76.24,
    "tech_price_vs_swing_high": -0.37868895272916175,
    "tech_price_vs_swing_low": 0.06558237145856685,
    "tech_swing_break_up": 0.0,
    "tech_swing_break_down": 0.0,
    "tech_volume_spike": 0.0,
    "tech_volume_spike_ratio": 0.07133191894555722,
    "micro_ob_best_bid_price": 76.25,
    "micro_ob_best_ask_price": 76.26,
    "micro_ob_best_bid_size": 3697.2,
    "micro_ob_best_ask_size": 3839.2,
    "micro_ob_spread_absolute": 0.010000000000005116,
    "micro_ob_spread_percentage": 0.01311389417088075,
    "micro_ob_bid_ask_size_ratio": 0.9630131277349447,
    "micro_ob_orderbook_imbalance_5": -0.23258992040768903,
    "micro_ob_orderbook_imbalance_10": -0.15416704069617013,
    "micro_ob_orderbook_imbalance_20": -0.19298743700759455,
    "micro_ob_orderbook_vwap": 76.2600424809509,
    "micro_ob_buy_impact_0.1": 0.0,
    "micro_ob_sell_impact_0.1": 0.0,
    "micro_ob_buy_impact_1.0": 0.0,
    "micro_ob_sell_impact_1.0": 0.0,
    "micro_ob_buy_impact_10.0": 0.0,
    "micro_ob_sell_impact_10.0": 0.0,
    "micro_ob_bid_depth_concentration": 0.5040612551089038,
    "micro_ob_ask_depth_concentration": 0.5476698770893412,
    "micro_ob_bid_levels": 15,
    "micro_ob_ask_levels": 15,
    "micro_ob_total_bid_volume": 19329.0,
    "micro_ob_total_ask_volume": 28573.6,
    "micro_ob_total_orderbook_volume": 47902.6,
    "micro_ob_order_flow_imbalance": -0.19298743700759455,
    "micro_ob_depth_imbalance_1": -0.018841887373281675,
    "micro_ob_depth_imbalance_5": -0.23258992040768903,
    "micro_ob_depth_imbalance_10": -0.15416704069617013,
    "micro_ob_depth_imbalance_20": -0.19298743700759455,
    "micro_fr_funding_rate_current": 9.342e-05,
    "micro_fr_funding_rate_abs": 9.342e-05,
    "micro_fr_funding_rate_mean": 5.512780000000001e-05,
    "micro_fr_funding_rate_std": 2.226707801127036e-05,
    "micro_fr_funding_rate_min": 6.09e-06,
    "micro_fr_funding_rate_max": 9.553e-05,
    "micro_fr_funding_rate_skew": 0.0243730199620506,
    "micro_fr_funding_rate_kurtosis": -0.930276686421752,
    "micro_fr_funding_rate_trend": 4.209999999999919e-07,
    "micro_fr_funding_rate_change": -1.200000000000002e-06,
    "micro_fr_funding_rate_change_abs": 1.200000000000002e-06,
    "micro_fr_funding_rate_positive": 1.0,
    "micro_fr_funding_rate_negative": 0.0,
    "micro_fr_funding_rate_high": 0.0,
    "micro_fr_funding_rate_extreme": 0.0,
    "micro_fr_hours_to_next_funding": 0.0,
    "micro_fr_funding_imminent": 1.0,
    "micro_vp_volume_current": 442.424,
    "micro_vp_volume_mean": 399.52975999999995,
    "micro_vp_volume_std": 165.86343361917477,
    "micro_vp_volume_max": 678.714,
    "micro_vp_volume_sum": 39952.975999999995,
    "micro_vp_volume_ratio": 1.1073618145491841,
    "micro_vp_large_volume_trade": 0.0,
    "micro_vp_recent_vwap": 76.26069452648534,
    "micro_vp_price_vwap_deviation_pct": 0.025315103192455675,
    "micro_vp_price_clustering": 0.0,
    "micro_vp_volume_trend": 3.929575757575737,
    "micro_of_order_flow_imbalance": -0.19298743700759455,
    "micro_of_trade_flow_buy_pressure": 0.4035062814962027,
    "micro_of_trade_flow_sell_pressure": 0.5964937185037973,
    "micro_of_kyles_lambda_buy": 0.0,
    "micro_of_kyles_lambda_sell": 0.0,
    "micro_of_kyles_lambda_avg": 0.0,
    "micro_of_amihud_illiquidity": 0.14469430067772157,
    "micro_of_spread_dynamics_current": 0.01311389417088075,
    "micro_micro_funding_arbitrage": 0.0,
    "micro_micro_orderbook_pressure": -0.5,
    "micro_micro_liquidity_score": 1.0,
    "micro_micro_volume_spike": 0.0,
    "micro_micro_oi_divergence": 0.0,
    "micro_micro_composite_score": 0.35,
    "fee_maker_rate": 0.0002,
    "fee_taker_rate": 0.0008,
    "fee_round_trip_cost": 0.0016,
    "fee_breakeven_move_pct": 0.16,
    "fee_net_profit_threshold": 0.16,
    "time_hour_sin": -0.9659258262890684,
    "time_hour_cos": 0.2588190451025203,
    "time_day_sin": 0.0,
    "time_day_cos": 1.0,
    "time_day_of_week": 0.0,
    "time_is_asian": 0.0,
    "time_is_london": 0.0,
    "time_is_ny": 1.0,
    "time_is_london_ny_overlap": 0.0,
    "time_is_weekend": 0.0,
    "time_is_us_market_hours": 1.0,
    "cross_btc_return_1m": 0.021091144342096566,
    "cross_btc_return_5m": 0.1530852309409371,
    "cross_btc_return_15m": -0.1880057972089304,
    "cross_btc_correlation": 0.605175986932033,
    "cross_btc_lead_indicator": 0.1530852309409371,
    "cross_eth_btc_ratio_change": -0.07271177529095611,
    "vol_realized_5m": 8.745708592556854,
    "vol_realized_15m": 12.30457605442795,
    "vol_realized_1h": 6.680887849465115,
    "vol_realized_4h": 4.0343926707163185,
    "vol_ratio_5m_1h": 1.309063823494216,
    "vol_ratio_15m_4h": 3.0499202875666622,
    "vol_regime": 0.0,
    "vol_expansion": 0.0,
    "vol_contraction": 0.0,
    "vol_percentile": 10.526315789473683,
    "sent_fear_greed": 27.0,
    "sent_fear_greed_change": -2.0,
    "sent_extreme_fear": 0.0,
    "sent_extreme_greed": 0.0,
    "sent_fear": 1.0,
    "sent_greed": 0.0
  },
  "output_prediction": {
    "signal": "SHORT",
    "confidence": 0.551776218780851,
    "raw_model_outputs": {
      "xgboost": 0.32025665044784546,
      "lightgbm": 0.087310947618131,
      "lstm": 0.13929317891597748,
      "random_forest": 0.3569192819555655,
      "weighted_average": 0.22411189060957448,
      "model_agreement": 0.540535579088139
    }
  },
  "regime_info": {
    "regime": "trending",
    "regime_confidence": 0.8494588500281148,
    "atr_ratio": 0.8930438448576966,
    "adx_value": 45.7882375023429,
    "is_exhausted": false,
    "is_weakening": false,
    "leverage_tier": "normal_volatility"
  },