{
  "timestamp": "2026-01-12T21:32:21.348949Z",
  "order_id": "705706488735204269",
  "stage": "Decision Making",
  "model_version": "ollama:qwen2.5:1.5b+ensemble_v1.0",
  "input_features": {
    "tech_returns_1": -0.009859404886325418,
    "tech_returns_5": -0.07160076987250408,
    "tech_returns_15": -0.16166751620504405,
    "tech_returns_60": -0.27271535334995045,
    "tech_returns_240": 0.10978971047761465,
    "tech_returns_1440": -2.3040557947612035,
    "tech_rsi_14": 36.74739668783491,
    "tech_rsi_7": 28.121093078216376,
    "tech_rsi_21": 39.24742933607316,
    "tech_rsi_slope": -0.7693491406059394,
    "tech_rsi_divergence": 0.0,
    "tech_rsi_zone": 2.0,
    "tech_macd": -31.42994297230325,
    "tech_macd_signal": -22.133494556450405,
    "tech_macd_hist": -9.296448415852847,
    "tech_stoch_k": 0.05359056805534487,
    "tech_stoch_d": 0.0371202143838289,
    "tech_ema_cross_9_21": -1.0,
    "tech_ema_cross_50_200": -1.0,
    "tech_ema_9": 91310.79165218526,
    "tech_ema_21": 91343.56602198667,
    "tech_ema_50": 91402.66542317139,
    "tech_price_ema_9_pct": -0.03985471106623048,
    "tech_price_ema_21_pct": -0.07572073764891867,
    "tech_adx": 20.029870539991578,
    "tech_adx_7": 37.94757785053508,
    "tech_adx_10": 27.543923717811186,
    "tech_adx_roc_5": 6.518426194560517,
    "tech_adx_slope_3": 1.4445898363058998,
    "tech_adx_deceleration": 0.38126464633516655,
    "tech_plus_di": 17.14801216199344,
    "tech_minus_di": 32.724258600265955,
    "tech_di_crossover": 0.0,
    "tech_atr_14": 33.71282045396487,
    "tech_atr_pct": 0.03693568016219759,
    "tech_atr_14_avg": 48.43582844921991,
    "tech_bb_upper": 91478.52218751665,
    "tech_bb_lower": 91250.27781248334,
    "tech_bb_width": 0.24981762593888224,
    "tech_bb_position": 0.10568579187606388,
    "tech_volatility_20": 0.004563870133073442,
    "tech_volume_ratio": 0.07855892487999643,
    "tech_obv": -3297.0844999999936,
    "tech_momentum_10": -95.80000000000291,
    "tech_roc_10": -0.10484818901568271,
    "tech_high_low_range": 0.009969936805929449,
    "tech_body_ratio": 0.9890109890010697,
    "tech_swing_high_10": 91460.9,
    "tech_swing_low_10": 91274.3,
    "tech_price_vs_swing_high": -0.2039122728947561,
    "tech_price_vs_swing_low": 0.00010955986514415212,
    "tech_swing_break_up": 0.0,
    "tech_swing_break_down": 1.0,
    "tech_volume_spike": 0.0,
    "tech_volume_spike_ratio": 0.07855892487999643,
    "micro_ob_best_bid_price": 91288.0,
    "micro_ob_best_ask_price": 91288.1,
    "micro_ob_best_bid_size": 2.5672,
    "micro_ob_best_ask_size": 2.8134,
    "micro_ob_spread_absolute": 0.10000000000582077,
    "micro_ob_spread_percentage": 0.0001095433630204838,
    "micro_ob_bid_ask_size_ratio": 0.9124902253501102,
    "micro_ob_orderbook_imbalance_5": 0.03295409520575085,
    "micro_ob_orderbook_imbalance_10": 0.036045809163131805,
    "micro_ob_orderbook_imbalance_20": 0.05112098654316125,
    "micro_ob_orderbook_vwap": 91287.79993828884,
    "micro_ob_buy_impact_0.1": 0.0,
    "micro_ob_sell_impact_0.1": 0.0,
    "micro_ob_buy_impact_1.0": 0.0,
    "micro_ob_sell_impact_1.0": 0.0,
    "micro_ob_buy_impact_10.0": 0.0,
    "micro_ob_sell_impact_10.0": 0.0,
    "micro_ob_bid_depth_concentration": 0.4069315938443974,
    "micro_ob_ask_depth_concentration": 0.4220164148234023,
    "micro_ob_bid_levels": 15,
    "micro_ob_ask_levels": 15,
    "micro_ob_total_bid_volume": 33.6344,
    "micro_ob_total_ask_volume": 30.3628,
    "micro_ob_total_orderbook_volume": 63.9972,
    "micro_ob_order_flow_imbalance": 0.05112098654316125,
    "micro_ob_depth_imbalance_1": -0.045756978775601226,
    "micro_ob_depth_imbalance_5": 0.03295409520575085,
    "micro_ob_depth_imbalance_10": 0.036045809163131805,
    "micro_ob_depth_imbalance_20": 0.05112098654316125,
    "micro_fr_funding_rate_current": 3.786e-05,
    "micro_fr_funding_rate_abs": 3.786e-05,
    "micro_fr_funding_rate_mean": 4.24675e-05,
    "micro_fr_funding_rate_std": 9.596222941866241e-06,
    "micro_fr_funding_rate_min": 2.952e-05,
    "micro_fr_funding_rate_max": 6.054e-05,
    "micro_fr_funding_rate_skew": 0.4703655101468773,
    "micro_fr_funding_rate_kurtosis": -1.2673916563108696,
    "micro_fr_funding_rate_trend": -3.180000000000052e-07,
    "micro_fr_funding_rate_change": -1.979999999999998e-06,
    "micro_fr_funding_rate_change_abs": 1.979999999999998e-06,
    "micro_fr_funding_rate_positive": 1.0,
    "micro_fr_funding_rate_negative": 0.0,
    "micro_fr_funding_rate_high": 0.0,
    "micro_fr_funding_rate_extreme": 0.0,
    "micro_fr_hours_to_next_funding": 0.0,
    "micro_fr_funding_imminent": 1.0,
    "micro_vp_volume_current": 292.1216,
    "micro_vp_volume_mean": 1514.7056982000001,
    "micro_vp_volume_std": 8133.5632575022555,
    "micro_vp_volume_max": 71557.5276,
    "micro_vp_volume_sum": 151470.56982,
    "micro_vp_volume_ratio": 0.19285700208769438,
    "micro_vp_large_volume_trade": 0.0,
    "micro_vp_recent_vwap": 91285.8252832555,
    "micro_vp_price_vwap_deviation_pct": 0.0023823159156978906,
    "micro_vp_price_clustering": 0.0,
    "micro_vp_volume_trend": 4.37075878787878,
    "micro_of_order_flow_imbalance": 0.05112098654316125,
    "micro_of_trade_flow_buy_pressure": 0.5255604932715806,
    "micro_of_trade_flow_sell_pressure": 0.4744395067284194,
    "micro_of_kyles_lambda_buy": 0.0,
    "micro_of_kyles_lambda_sell": 0.0,
    "micro_of_kyles_lambda_avg": 0.0,
    "micro_of_amihud_illiquidity": 0.011525420270326308,
    "micro_of_spread_dynamics_current": 0.0001095433630204838,
    "micro_micro_funding_arbitrage": 0.0,
    "micro_micro_orderbook_pressure": 0.0,
    "micro_micro_liquidity_score": 0.5,
    "micro_micro_volume_spike": 0.0,
    "micro_micro_oi_divergence": 0.0,
    "micro_micro_composite_score": 0.1,
    "fee_maker_rate": 0.0002,
    "fee_taker_rate": 0.0008,
    "fee_round_trip_cost": 0.0016,
    "fee_breakeven_move_pct": 0.16,
    "fee_net_profit_threshold": 0.16,
    "time_hour_sin": -0.7071067811865477,
    "time_hour_cos": 0.7071067811865474,
    "time_day_sin": 0.0,
    "time_day_cos": 1.0,
    "time_day_of_week": 0.0,
    "time_is_asian": 0.0,
    "time_is_london": 0.0,
    "time_is_ny": 1.0,
    "time_is_london_ny_overlap": 0.0,
    "time_is_weekend": 0.0,
    "time_is_us_market_hours": 0.0,
    "cross_btc_return_1m": -0.009859404886321062,
    "cross_btc_return_5m": -0.07160076987250763,
    "cross_btc_return_15m": -0.16166751620503875,
    "cross_btc_correlation": 1.0,
    "cross_btc_lead_indicator": 0.0,
    "cross_eth_btc_ratio_change": -0.05023712335196518,
    "vol_realized_5m": 4.657678810877661,
    "vol_realized_15m": 5.784455214046772,
    "vol_realized_1h": 3.608962139394288,
    "vol_realized_4h": 2.4395024335618403,
    "vol_ratio_5m_1h": 1.2905867756372154,
    "vol_ratio_15m_4h": 2.3711618953382523,
    "vol_regime": 0.0,
    "vol_expansion": 0.0,
    "vol_contraction": 0.0,
    "vol_percentile": 3.1578947368421053,
    "sent_fear_greed": 27.0,
    "sent_fear_greed_change": -2.0,
    "sent_extreme_fear": 0.0,
    "sent_extreme_greed": 0.0,
    "sent_fear": 1.0,
    "sent_greed": 0.0
  },
  "output_prediction": {
    "signal": "SHORT",
    "confidence": 0.604621401590507,
    "raw_model_outputs": {
      "xgboost": 0.1217336356639862,
      "lightgbm": 0.013817880557152945,
      "lstm": 0.5075914263725281,
      "random_forest": 0.15408439396449064,
      "weighted_average": 0.19768929920474648,
      "model_agreement": 0.25835800570231393
    }
  },
  "regime_info": {
    "regime": "ranging",
    "regime_confidence": 0.5985064730004211,
    "atr_ratio": 0.6960306354480831,
    "adx_value": 20.029870539991578,
    "is_exhausted": false,
    "is_weakening": false,
    "leverage_tier": "normal_volatility"
  },