{
  "timestamp": "2026-01-12T15:30:57.839497Z",
  "order_id": "705615535219409837",
  "stage": "Decision Making",
  "model_version": "ollama:qwen2.5:1.5b+ensemble_v1.0",
  "input_features": {
    "tech_returns_1": -0.07668602441025518,
    "tech_returns_5": -0.025209816921922812,
    "tech_returns_15": 0.3381593088965573,
    "tech_returns_60": 0.9896199518365734,
    "tech_returns_240": 0.6097608056607973,
    "tech_returns_1440": -2.3040557947612035,
    "tech_rsi_14": 59.92325310847814,
    "tech_rsi_7": 57.71516073623109,
    "tech_rsi_21": 59.33095293461748,
    "tech_rsi_slope": -2.1392716618136554,
    "tech_rsi_divergence": 0.0,
    "tech_rsi_zone": 3.0,
    "tech_macd": 106.48855542163074,
    "tech_macd_signal": 99.38738130510653,
    "tech_macd_hist": 7.101174116524206,
    "tech_stoch_k": 67.95185254843048,
    "tech_stoch_d": 75.26266173269289,
    "tech_ema_cross_9_21": 1.0,
    "tech_ema_cross_50_200": 1.0,
    "tech_ema_9": 91190.68665340092,
    "tech_ema_21": 91092.16864976252,
    "tech_ema_50": 90937.86103837269,
    "tech_price_ema_9_pct": 0.02260466211580753,
    "tech_price_ema_21_pct": 0.13078111104756737,
    "tech_adx": 46.02752219403768,
    "tech_adx_7": 53.661459894410186,
    "tech_adx_10": 51.051387635009455,
    "tech_adx_roc_5": 2.9451039613045324,
    "tech_adx_slope_3": 1.3406653675183442,
    "tech_adx_deceleration": 0.7456235094725479,
    "tech_plus_di": 31.468735859772273,
    "tech_minus_di": 8.29309612096085,
    "tech_di_crossover": 0.0,
    "tech_atr_14": 116.85674351343074,
    "tech_atr_pct": 0.12811652011694905,
    "tech_atr_14_avg": 111.19042960410061,
    "tech_bb_upper": 91417.92848759377,
    "tech_bb_lower": 90717.49151240621,
    "tech_bb_width": 0.7691386718602717,
    "tech_bb_position": 0.7050005997492642,
    "tech_volatility_20": 0.01262961556824555,
    "tech_volume_ratio": 1.2681865513809014,
    "tech_obv": -3322.309499999991,
    "tech_momentum_10": -2.3000000000029104,
    "tech_roc_10": -0.002521553803380705,
    "tech_high_low_range": 0.1711410757219838,
    "tech_body_ratio": 0.44843049327323864,
    "tech_swing_high_10": 91347.0,
    "tech_swing_low_10": 91054.1,
    "tech_price_vs_swing_high": -0.1485544133906938,
    "tech_price_vs_swing_low": 0.17264461457528774,
    "tech_swing_break_up": 0.0,
    "tech_swing_break_down": 0.0,
    "tech_volume_spike": 0.0,
    "tech_volume_spike_ratio": 1.2681865513809014,
    "micro_ob_best_bid_price": 91260.4,
    "micro_ob_best_ask_price": 91260.5,
    "micro_ob_best_bid_size": 2.8914,
    "micro_ob_best_ask_size": 2.4579,
    "micro_ob_spread_absolute": 0.10000000000582077,
    "micro_ob_spread_percentage": 0.00010957649234232438,
    "micro_ob_bid_ask_size_ratio": 1.1763700720126937,
    "micro_ob_orderbook_imbalance_5": -0.009462807420387926,
    "micro_ob_orderbook_imbalance_10": 0.06606436572774915,
    "micro_ob_orderbook_imbalance_20": 0.02780664664368624,
    "micro_ob_orderbook_vwap": 91260.2914325595,
    "micro_ob_buy_impact_0.1": 0.0,
    "micro_ob_sell_impact_0.1": 0.0,
    "micro_ob_buy_impact_1.0": 0.0,
    "micro_ob_sell_impact_1.0": 0.0,
    "micro_ob_buy_impact_10.0": 0.0,
    "micro_ob_sell_impact_10.0": 0.0,
    "micro_ob_bid_depth_concentration": 0.33373236913254506,
    "micro_ob_ask_depth_concentration": 0.35956436268671704,
    "micro_ob_bid_levels": 15,
    "micro_ob_ask_levels": 15,
    "micro_ob_total_bid_volume": 36.8388,
    "micro_ob_total_ask_volume": 34.8455,
    "micro_ob_total_orderbook_volume": 71.68430000000001,
    "micro_ob_order_flow_imbalance": 0.02780664664368624,
    "micro_ob_depth_imbalance_1": 0.08103864056979418,
    "micro_ob_depth_imbalance_5": -0.009462807420387926,
    "micro_ob_depth_imbalance_10": 0.06606436572774915,
    "micro_ob_depth_imbalance_20": 0.02780664664368624,
    "micro_fr_funding_rate_current": 5.36e-05,
    "micro_fr_funding_rate_abs": 5.36e-05,
    "micro_fr_funding_rate_mean": 4.04169e-05,
    "micro_fr_funding_rate_std": 1.2048723973516864e-05,
    "micro_fr_funding_rate_min": 2.297e-05,
    "micro_fr_funding_rate_max": 6.054e-05,
    "micro_fr_funding_rate_skew": 0.14336803136420737,
    "micro_fr_funding_rate_kurtosis": -1.4630354286870169,
    "micro_fr_funding_rate_trend": 4.3699999999999424e-07,
    "micro_fr_funding_rate_change": -4.0999999999999777e-07,
    "micro_fr_funding_rate_change_abs": 4.0999999999999777e-07,
    "micro_fr_funding_rate_positive": 1.0,
    "micro_fr_funding_rate_negative": 0.0,
    "micro_fr_funding_rate_high": 0.0,
    "micro_fr_funding_rate_extreme": 0.0,
    "micro_fr_hours_to_next_funding": 0.0,
    "micro_fr_funding_imminent": 1.0,
    "micro_vp_volume_current": 301.41309,
    "micro_vp_volume_mean": 40673.4517892,
    "micro_vp_volume_std": 104279.79502382604,
    "micro_vp_volume_max": 791468.02584,
    "micro_vp_volume_sum": 4067345.1789200003,
    "micro_vp_volume_ratio": 0.007410560863192685,
    "micro_vp_large_volume_trade": 0.0,
    "micro_vp_recent_vwap": 91315.65190590615,
    "micro_vp_price_vwap_deviation_pct": 0.023706882272664258,
    "micro_vp_price_clustering": 0.2847047290431768,
    "micro_vp_volume_trend": -15396.678744606072,
    "micro_of_order_flow_imbalance": 0.02780664664368624,
    "micro_of_trade_flow_buy_pressure": 0.5139033233218431,
    "micro_of_trade_flow_sell_pressure": 0.4860966766781568,
    "micro_of_kyles_lambda_buy": 0.0,
    "micro_of_kyles_lambda_sell": 0.0,
    "micro_of_kyles_lambda_avg": 0.0,
    "micro_of_amihud_illiquidity": 0.0461048608661419,
    "micro_of_spread_dynamics_current": 0.00010957649234232438,
    "micro_micro_funding_arbitrage": 0.0,
    "micro_micro_orderbook_pressure": 0.0,
    "micro_micro_liquidity_score": 0.5,
    "micro_micro_volume_spike": 0.0,
    "micro_micro_oi_divergence": 0.0,
    "micro_micro_composite_score": 0.1,
    "fee_maker_rate": 0.0002,
    "fee_taker_rate": 0.0008,
    "fee_round_trip_cost": 0.0016,
    "fee_breakeven_move_pct": 0.16,
    "fee_net_profit_threshold": 0.16,
    "time_hour_sin": -0.7071067811865471,
    "time_hour_cos": -0.7071067811865479,
    "time_day_sin": 0.0,
    "time_day_cos": 1.0,
    "time_day_of_week": 0.0,
    "time_is_asian": 0.0,
    "time_is_london": 1.0,
    "time_is_ny": 1.0,
    "time_is_london_ny_overlap": 1.0,
    "time_is_weekend": 0.0,
    "time_is_us_market_hours": 1.0,
    "cross_btc_return_1m": -0.07668602441025708,
    "cross_btc_return_5m": -0.0252098169219252,
    "cross_btc_return_15m": 0.3381593088965476,
    "cross_btc_correlation": 1.0,
    "cross_btc_lead_indicator": 0.0,
    "cross_eth_btc_ratio_change": 0.1499204637897419,
    "vol_realized_5m": 24.714156083353213,
    "vol_realized_15m": 15.777173920205787,
    "vol_realized_1h": 9.766973209123138,
    "vol_realized_4h": 2.857736065704534,
    "vol_ratio_5m_1h": 2.5303802472057777,
    "vol_ratio_15m_4h": 5.520864613617196,
    "vol_regime": 2.0,
    "vol_expansion": 1.0,
    "vol_contraction": 0.0,
    "vol_percentile": 67.36842105263158,
    "sent_fear_greed": 27.0,
    "sent_fear_greed_change": -2.0,
    "sent_extreme_fear": 0.0,
    "sent_extreme_greed": 0.0,
    "sent_fear": 1.0,
    "sent_greed": 0.0
  },
  "output_prediction": {
    "signal": "SHORT",
    "confidence": 0.6081892803653555,
    "raw_model_outputs": {
      "xgboost": 0.06914003938436508,
      "lightgbm": 0.013127944980351488,
      "lstm": 0.40925323963165283,
      "random_forest": 0.34784025738241303,
      "weighted_average": 0.19590535981732227,
      "model_agreement": 0.31501292658985436
    }
  },
  "regime_info": {
    "regime": "trending",
    "regime_confidence": 0.8523302663284521,
    "atr_ratio": 1.0509604462317965,
    "adx_value": 46.02752219403768,
    "is_exhausted": false,
    "is_weakening": false,
    "leverage_tier": "elevated_volatility"
  },