{
  "timestamp": "2026-01-12T15:19:06.254619Z",
  "order_id": "705612541711090605",
  "stage": "Decision Making",
  "model_version": "ollama:qwen2.5:1.5b+ensemble_v1.0",
  "input_features": {
    "tech_returns_1": 0.07831968672127321,
    "tech_returns_5": 0.09970089730808596,
    "tech_returns_15": 0.09970089730808596,
    "tech_returns_60": 0.6300114547537206,
    "tech_returns_240": 0.738192503404278,
    "tech_returns_1440": -2.883222254419002,
    "tech_rsi_14": 59.6594693756577,
    "tech_rsi_7": 66.40866770688513,
    "tech_rsi_21": 57.60193383228644,
    "tech_rsi_slope": 2.9042896640354137,
    "tech_rsi_divergence": 0.0,
    "tech_rsi_zone": 3.0,
    "tech_macd": 0.08262414136456186,
    "tech_macd_signal": 0.07016538191285611,
    "tech_macd_hist": 0.012458759451705756,
    "tech_stoch_k": 89.23076923077038,
    "tech_stoch_d": 75.98014888337548,
    "tech_ema_cross_9_21": 1.0,
    "tech_ema_cross_50_200": 1.0,
    "tech_ema_9": 140.40926727810017,
    "tech_ema_21": 140.33247987846065,
    "tech_ema_50": 140.17060413297824,
    "tech_price_ema_9_pct": 0.10735240260265815,
    "tech_price_ema_21_pct": 0.16212933865090068,
    "tech_adx": 22.844985548753787,
    "tech_adx_7": 43.19958876123533,
    "tech_adx_10": 30.31482019217823,
    "tech_adx_roc_5": 6.422286177647148,
    "tech_adx_slope_3": 2.112208429354343,
    "tech_adx_deceleration": 0.3856126598725975,
    "tech_plus_di": 27.71941918808268,
    "tech_minus_di": 11.624318564907444,
    "tech_di_crossover": 0.0,
    "tech_atr_14": 0.20881209189684533,
    "tech_atr_pct": 0.14855726515142667,
    "tech_atr_14_avg": 0.2514540285439899,
    "tech_bb_upper": 140.5602951280827,
    "tech_bb_lower": 140.10970487191724,
    "tech_bb_width": 0.32108187990556125,
    "tech_bb_position": 0.9993450189419907,
    "tech_volatility_20": 0.012884083046840872,
    "tech_volume_ratio": 0.7966388586627977,
    "tech_obv": 258472.5999999998,
    "tech_momentum_10": 0.14000000000001478,
    "tech_roc_10": 0.09970089730808596,
    "tech_high_low_range": 0.14228799089356048,
    "tech_body_ratio": 0.49999999975,
    "tech_swing_high_10": 140.63,
    "tech_swing_low_10": 139.98,
    "tech_price_vs_swing_high": -0.049776007964156425,
    "tech_price_vs_swing_low": 0.4143449064152111,
    "tech_swing_break_up": 0.0,
    "tech_swing_break_down": 0.0,
    "tech_volume_spike": 0.0,
    "tech_volume_spike_ratio": 0.7966388586627977,
    "micro_ob_best_bid_price": 140.56,
    "micro_ob_best_ask_price": 140.57,
    "micro_ob_best_bid_size": 2898.0,
    "micro_ob_best_ask_size": 2984.2,
    "micro_ob_spread_absolute": 0.009999999999990905,
    "micro_ob_spread_percentage": 0.0071141464802695585,
    "micro_ob_bid_ask_size_ratio": 0.9711145365592119,
    "micro_ob_orderbook_imbalance_5": -0.04714961884634344,
    "micro_ob_orderbook_imbalance_10": 0.19363013118233577,
    "micro_ob_orderbook_imbalance_20": 0.29827255034759953,
    "micro_ob_orderbook_vwap": 140.54619619647892,
    "micro_ob_buy_impact_0.1": 0.0,
    "micro_ob_sell_impact_0.1": 0.0,
    "micro_ob_buy_impact_1.0": 0.0,
    "micro_ob_sell_impact_1.0": 0.0,
    "micro_ob_buy_impact_10.0": 0.0,
    "micro_ob_sell_impact_10.0": 0.0,
    "micro_ob_bid_depth_concentration": 0.34481831798445484,
    "micro_ob_ask_depth_concentration": 0.7010867599725146,
    "micro_ob_bid_levels": 15,
    "micro_ob_ask_levels": 15,
    "micro_ob_total_bid_volume": 40925.9,
    "micro_ob_total_ask_volume": 22120.8,
    "micro_ob_total_orderbook_volume": 63046.7,
    "micro_ob_order_flow_imbalance": 0.29827255034759953,
    "micro_ob_depth_imbalance_1": -0.01465438101390633,
    "micro_ob_depth_imbalance_5": -0.04714961884634344,
    "micro_ob_depth_imbalance_10": 0.19363013118233577,
    "micro_ob_depth_imbalance_20": 0.29827255034759953,
    "micro_fr_funding_rate_current": 1.947e-05,
    "micro_fr_funding_rate_abs": 1.947e-05,
    "micro_fr_funding_rate_mean": 6.68068e-05,
    "micro_fr_funding_rate_std": 3.61581518023253e-05,
    "micro_fr_funding_rate_min": 1.147e-05,
    "micro_fr_funding_rate_max": 0.0001,
    "micro_fr_funding_rate_skew": -0.40247782870811816,
    "micro_fr_funding_rate_kurtosis": -1.6102443718485342,
    "micro_fr_funding_rate_trend": 7.789999999999991e-07,
    "micro_fr_funding_rate_change": 1.8600000000000025e-06,
    "micro_fr_funding_rate_change_abs": 1.8600000000000025e-06,
    "micro_fr_funding_rate_positive": 1.0,
    "micro_fr_funding_rate_negative": 0.0,
    "micro_fr_funding_rate_high": 0.0,
    "micro_fr_funding_rate_extreme": 0.0,
    "micro_fr_hours_to_next_funding": 0.0,
    "micro_fr_funding_imminent": 1.0,
    "micro_vp_volume_current": 562.04,
    "micro_vp_volume_mean": 835.11796,
    "micro_vp_volume_std": 765.4007303789684,
    "micro_vp_volume_max": 4804.074,
    "micro_vp_volume_sum": 83511.796,
    "micro_vp_volume_ratio": 0.6730067211103925,
    "micro_vp_large_volume_trade": 0.0,
    "micro_vp_recent_vwap": 140.47400807042874,
    "micro_vp_price_vwap_deviation_pct": 0.025621771647042258,
    "micro_vp_price_clustering": 0.0,
    "micro_vp_volume_trend": 31.59346060606061,
    "micro_of_order_flow_imbalance": 0.29827255034759953,
    "micro_of_trade_flow_buy_pressure": 0.6491362751737998,
    "micro_of_trade_flow_sell_pressure": 0.35086372482620026,
    "micro_of_kyles_lambda_buy": 0.0,
    "micro_of_kyles_lambda_sell": 0.0,
    "micro_of_kyles_lambda_avg": 0.0,
    "micro_of_amihud_illiquidity": 0.05151206921760553,
    "micro_of_spread_dynamics_current": 0.0071141464802695585,
    "micro_micro_funding_arbitrage": 0.0,
    "micro_micro_orderbook_pressure": 0.5,
    "micro_micro_liquidity_score": 1.0,
    "micro_micro_volume_spike": 0.0,
    "micro_micro_oi_divergence": 0.0,
    "micro_micro_composite_score": 0.35,
    "fee_maker_rate": 0.0002,
    "fee_taker_rate": 0.0008,
    "fee_round_trip_cost": 0.0016,
    "fee_breakeven_move_pct": 0.16,
    "fee_net_profit_threshold": 0.16,
    "time_hour_sin": -0.7071067811865471,
    "time_hour_cos": -0.7071067811865479,
    "time_day_sin": 0.0,
    "time_day_cos": 1.0,
    "time_day_of_week": 0.0,
    "time_is_asian": 0.0,
    "time_is_london": 1.0,
    "time_is_ny": 1.0,
    "time_is_london_ny_overlap": 1.0,
    "time_is_weekend": 0.0,
    "time_is_us_market_hours": 1.0,
    "cross_btc_return_1m": 0.060564292128736846,
    "cross_btc_return_5m": 0.19933584071625057,
    "cross_btc_return_15m": 0.1684644645613991,
    "cross_btc_correlation": 0.9099529402388885,
    "cross_btc_lead_indicator": 0.19933584071625057,
    "cross_eth_btc_ratio_change": -0.08416658841333872,
    "vol_realized_5m": 16.989196345771063,
    "vol_realized_15m": 15.725852166481038,
    "vol_realized_1h": 12.634991074850063,
    "vol_realized_4h": 4.0652705495251285,
    "vol_ratio_5m_1h": 1.344614827594777,
    "vol_ratio_15m_4h": 3.8683408582284895,
    "vol_regime": 1.0,
    "vol_expansion": 0.0,
    "vol_contraction": 0.0,
    "vol_percentile": 26.31578947368421,
    "sent_fear_greed": 27.0,
    "sent_fear_greed_change": -2.0,
    "sent_extreme_fear": 0.0,
    "sent_extreme_greed": 0.0,
    "sent_fear": 1.0,
    "sent_greed": 0.0
  },
  "output_prediction": {
    "signal": "SHORT",
    "confidence": 0.5847190976469838,
    "raw_model_outputs": {
      "xgboost": 0.23587436974048615,
      "lightgbm": 0.056795268642621716,
      "lstm": 0.18133744597434998,
      "random_forest": 0.3867247930994355,
      "weighted_average": 0.20764045117650812,
      "model_agreement": 0.5263464788124403
    }
  },
  "regime_info": {
    "regime": "ranging",
    "regime_confidence": 0.5,
    "atr_ratio": 0.830418558437672,
    "adx_value": 22.844985548753787,
    "is_exhausted": false,
    "is_weakening": false,
    "leverage_tier": "normal_volatility"
  },