{
  "timestamp": "2026-01-12T15:13:48.006150Z",
  "order_id": "705611226519962541",
  "stage": "Decision Making",
  "model_version": "ollama:qwen2.5:1.5b+ensemble_v1.0",
  "input_features": {
    "tech_returns_1": 0.0383428400805963,
    "tech_returns_5": -0.13210141340813664,
    "tech_returns_15": -0.026206056682165357,
    "tech_returns_60": 0.20837449134218922,
    "tech_returns_240": 0.27045831032577183,
    "tech_returns_1440": -2.3040557947612035,
    "tech_rsi_14": 50.32014242614578,
    "tech_rsi_7": 48.0664011288002,
    "tech_rsi_21": 51.501682758658525,
    "tech_rsi_slope": 1.8338338450691545,
    "tech_rsi_divergence": 0.0,
    "tech_rsi_zone": 3.0,
    "tech_macd": 12.682766552345129,
    "tech_macd_signal": 29.38163076455387,
    "tech_macd_hist": -16.69886421220874,
    "tech_stoch_k": 51.97889182057771,
    "tech_stoch_d": 35.638413032547696,
    "tech_ema_cross_9_21": -1.0,
    "tech_ema_cross_50_200": 1.0,
    "tech_ema_9": 90800.0655606802,
    "tech_ema_21": 90801.54532666653,
    "tech_ema_50": 90740.44397809454,
    "tech_price_ema_9_pct": -0.005688939372798876,
    "tech_price_ema_21_pct": -0.007318517149269653,
    "tech_adx": 18.682250509154734,
    "tech_adx_7": 36.16922813895968,
    "tech_adx_10": 26.317696382443717,
    "tech_adx_roc_5": 5.376818160220834,
    "tech_adx_slope_3": 1.7784748662481,
    "tech_adx_deceleration": -0.4110729000382518,
    "tech_plus_di": 15.548051019557157,
    "tech_minus_di": 24.164572685986897,
    "tech_di_crossover": 0.0,
    "tech_atr_14": 97.20438904501064,
    "tech_atr_pct": 0.10705930514270147,
    "tech_atr_14_avg": 126.6636852875847,
    "tech_bb_upper": 90919.52038954968,
    "tech_bb_lower": 90724.18961045031,
    "tech_bb_width": 0.21507023733370267,
    "tech_bb_position": 0.3620033149701981,
    "tech_volatility_20": 0.011147636442297701,
    "tech_volume_ratio": 0.3740561251525691,
    "tech_obv": -4480.354199999994,
    "tech_momentum_10": -84.80000000000291,
    "tech_roc_10": -0.09331016717705198,
    "tech_high_low_range": 0.0520954370785015,
    "tech_body_ratio": 0.7357293868905571,
    "tech_swing_high_10": 90922.3,
    "tech_swing_low_10": 90657.0,
    "tech_price_vs_swing_high": -0.14011964061622806,
    "tech_price_vs_swing_low": 0.15211180603813734,
    "tech_swing_break_up": 0.0,
    "tech_swing_break_down": 0.0,
    "tech_volume_spike": 0.0,
    "tech_volume_spike_ratio": 0.3740561251525691,
    "micro_ob_best_bid_price": 90781.9,
    "micro_ob_best_ask_price": 90782.0,
    "micro_ob_best_bid_size": 2.5791,
    "micro_ob_best_ask_size": 2.4414,
    "micro_ob_spread_absolute": 0.10000000000582077,
    "micro_ob_spread_percentage": 0.00011015405596136762,
    "micro_ob_bid_ask_size_ratio": 1.0564020643892849,
    "micro_ob_orderbook_imbalance_5": 0.04557209605563406,
    "micro_ob_orderbook_imbalance_10": 0.008700841542626342,
    "micro_ob_orderbook_imbalance_20": 0.0128929848002101,
    "micro_ob_orderbook_vwap": 90782.10907144894,
    "micro_ob_buy_impact_0.1": 0.0,
    "micro_ob_sell_impact_0.1": 0.0,
    "micro_ob_buy_impact_1.0": 0.0,
    "micro_ob_sell_impact_1.0": 0.0,
    "micro_ob_buy_impact_10.0": 1.6029516014591937e-14,
    "micro_ob_sell_impact_10.0": 0.0,
    "micro_ob_bid_depth_concentration": 0.3390231803012537,
    "micro_ob_ask_depth_concentration": 0.3175542006987667,
    "micro_ob_bid_levels": 15,
    "micro_ob_ask_levels": 15,
    "micro_ob_total_bid_volume": 35.4784,
    "micro_ob_total_ask_volume": 34.5752,
    "micro_ob_total_orderbook_volume": 70.0536,
    "micro_ob_order_flow_imbalance": 0.0128929848002101,
    "micro_ob_depth_imbalance_1": 0.02742754705706606,
    "micro_ob_depth_imbalance_5": 0.04557209605563406,
    "micro_ob_depth_imbalance_10": 0.008700841542626342,
    "micro_ob_depth_imbalance_20": 0.0128929848002101,
    "micro_fr_funding_rate_current": 5.264e-05,
    "micro_fr_funding_rate_abs": 5.264e-05,
    "micro_fr_funding_rate_mean": 3.97677e-05,
    "micro_fr_funding_rate_std": 1.1785156074910504e-05,
    "micro_fr_funding_rate_min": 2.297e-05,
    "micro_fr_funding_rate_max": 6.054e-05,
    "micro_fr_funding_rate_skew": 0.26755441219721626,
    "micro_fr_funding_rate_kurtosis": -1.3338464367469505,
    "micro_fr_funding_rate_trend": -5.760000000000029e-07,
    "micro_fr_funding_rate_change": -1.3300000000000025e-06,
    "micro_fr_funding_rate_change_abs": 1.3300000000000025e-06,
    "micro_fr_funding_rate_positive": 1.0,
    "micro_fr_funding_rate_negative": 0.0,
    "micro_fr_funding_rate_high": 0.0,
    "micro_fr_funding_rate_extreme": 0.0,
    "micro_fr_hours_to_next_funding": 0.0,
    "micro_fr_funding_imminent": 1.0,
    "micro_vp_volume_current": 23723.56612,
    "micro_vp_volume_mean": 10476.633118299998,
    "micro_vp_volume_std": 28566.971680401773,
    "micro_vp_volume_max": 159311.12904,
    "micro_vp_volume_sum": 1047663.3118299999,
    "micro_vp_volume_ratio": 2.264426543539164,
    "micro_vp_large_volume_trade": 0.0,
    "micro_vp_recent_vwap": 90764.1467995222,
    "micro_vp_price_vwap_deviation_pct": -0.009196141666640668,
    "micro_vp_price_clustering": 0.7835671940542376,
    "micro_vp_volume_trend": -5858.7456809090845,
    "micro_of_order_flow_imbalance": 0.0128929848002101,
    "micro_of_trade_flow_buy_pressure": 0.5064464924001051,
    "micro_of_trade_flow_sell_pressure": 0.49355350759989497,
    "micro_of_kyles_lambda_buy": 1.6029516014591937e-15,
    "micro_of_kyles_lambda_sell": 0.0,
    "micro_of_kyles_lambda_avg": 8.014758007295969e-16,
    "micro_of_amihud_illiquidity": 0.03825942706212035,
    "micro_of_spread_dynamics_current": 0.00011015405596136762,
    "micro_micro_funding_arbitrage": 0.0,
    "micro_micro_orderbook_pressure": 0.0,
    "micro_micro_liquidity_score": 0.5,
    "micro_micro_volume_spike": 1.0,
    "micro_micro_oi_divergence": 0.0,
    "micro_micro_composite_score": 0.2,
    "fee_maker_rate": 0.0002,
    "fee_taker_rate": 0.0008,
    "fee_round_trip_cost": 0.0016,
    "fee_breakeven_move_pct": 0.16,
    "fee_net_profit_threshold": 0.16,
    "time_hour_sin": -0.7071067811865471,
    "time_hour_cos": -0.7071067811865479,
    "time_day_sin": 0.0,
    "time_day_cos": 1.0,
    "time_day_of_week": 0.0,
    "time_is_asian": 0.0,
    "time_is_london": 1.0,
    "time_is_ny": 1.0,
    "time_is_london_ny_overlap": 1.0,
    "time_is_weekend": 0.0,
    "time_is_us_market_hours": 1.0,
    "cross_btc_return_1m": 0.03834284008059528,
    "cross_btc_return_5m": -0.1321014134081349,
    "cross_btc_return_15m": -0.026206056682162276,
    "cross_btc_correlation": 1.0,
    "cross_btc_lead_indicator": 0.0,
    "cross_eth_btc_ratio_change": -0.15601884523403683,
    "vol_realized_5m": 17.377969014148302,
    "vol_realized_15m": 10.350589335877423,
    "vol_realized_1h": 9.45297600089024,
    "vol_realized_4h": 2.678918412834932,
    "vol_ratio_5m_1h": 1.8383595824755845,
    "vol_ratio_15m_4h": 3.8637195094433805,
    "vol_regime": 2.0,
    "vol_expansion": 1.0,
    "vol_contraction": 0.0,
    "vol_percentile": 53.68421052631579,
    "sent_fear_greed": 27.0,
    "sent_fear_greed_change": -2.0,
    "sent_extreme_fear": 0.0,
    "sent_extreme_greed": 0.0,
    "sent_fear": 1.0,
    "sent_greed": 0.0
  },
  "output_prediction": {
    "signal": "SHORT",
    "confidence": 0.5672085476531858,
    "raw_model_outputs": {
      "xgboost": 0.12272066622972488,
      "lightgbm": 0.021156426153018656,
      "lstm": 0.44566595554351807,
      "random_forest": 0.3143696432259064,
      "weighted_average": 0.21639572617340708,
      "model_agreement": 0.34063717273887006
    }
  },
  "regime_info": {
    "regime": "ranging",
    "regime_confidence": 0.6658874745422633,
    "atr_ratio": 0.7674211343552184,
    "adx_value": 18.682250509154734,
    "is_exhausted": false,
    "is_weakening": false,
    "leverage_tier": "normal_volatility"
  },