{
  "timestamp": "2026-01-12T15:55:40.803504Z",
  "order_id": "705621759277138861",
  "stage": "Decision Making",
  "model_version": "ollama:qwen2.5:1.5b+ensemble_v1.0",
  "input_features": {
    "tech_returns_1": 0.05159270619046197,
    "tech_returns_5": 0.0492961364289668,
    "tech_returns_15": 0.15066420264500113,
    "tech_returns_60": 0.7312765149639411,
    "tech_returns_240": 0.9876673970462546,
    "tech_returns_1440": -2.3040557947612035,
    "tech_rsi_14": 60.83549248035168,
    "tech_rsi_7": 60.75205375026127,
    "tech_rsi_21": 60.82797633155906,
    "tech_rsi_slope": 0.37511970924401794,
    "tech_rsi_divergence": 0.0,
    "tech_rsi_zone": 3.0,
    "tech_macd": 77.12462603858148,
    "tech_macd_signal": 85.04435290921901,
    "tech_macd_hist": -7.919726870637533,
    "tech_stoch_k": 83.14696485623081,
    "tech_stoch_d": 73.86847710330233,
    "tech_ema_cross_9_21": 1.0,
    "tech_ema_cross_50_200": 1.0,
    "tech_ema_9": 91493.50360406314,
    "tech_ema_21": 91433.48018252509,
    "tech_ema_50": 91261.26608871715,
    "tech_price_ema_9_pct": 0.04316852495646207,
    "tech_price_ema_21_pct": 0.10884395658597029,
    "tech_adx": 24.648770334920897,
    "tech_adx_7": 23.00506658261296,
    "tech_adx_10": 22.2476847715506,
    "tech_adx_roc_5": -3.5211136203547397,
    "tech_adx_slope_3": -2.068657229401076,
    "tech_adx_deceleration": -1.213249399262578,
    "tech_plus_di": 14.356922183208201,
    "tech_minus_di": 11.243193811036694,
    "tech_di_crossover": 0.0,
    "tech_atr_14": 101.80723280180237,
    "tech_atr_pct": 0.11122462150459655,
    "tech_atr_14_avg": 106.86149196271896,
    "tech_bb_upper": 91562.70877286051,
    "tech_bb_lower": 91359.82122713949,
    "tech_bb_width": 0.22182893022638966,
    "tech_bb_position": 0.8535702487063372,
    "tech_volatility_20": 0.00943980018013368,
    "tech_volume_ratio": 0.4738048451179412,
    "tech_obv": -2976.71809999999,
    "tech_momentum_10": 120.60000000000582,
    "tech_roc_10": 0.1319295850453539,
    "tech_high_low_range": 0.08641692067340878,
    "tech_body_ratio": 0.5967130214910572,
    "tech_swing_high_10": 91575.2,
    "tech_swing_low_10": 91324.8,
    "tech_price_vs_swing_high": -0.046082345438499824,
    "tech_price_vs_swing_low": 0.2279775044675675,
    "tech_swing_break_up": 0.0,
    "tech_swing_break_down": 0.0,
    "tech_volume_spike": 0.0,
    "tech_volume_spike_ratio": 0.4738048451179412,
    "micro_ob_best_bid_price": 91537.3,
    "micro_ob_best_ask_price": 91537.4,
    "micro_ob_best_bid_size": 2.7983,
    "micro_ob_best_ask_size": 2.7701,
    "micro_ob_spread_absolute": 0.09999999999126885,
    "micro_ob_spread_percentage": 0.00010924502401617355,
    "micro_ob_bid_ask_size_ratio": 1.0101801379011588,
    "micro_ob_orderbook_imbalance_5": 0.056575892767022594,
    "micro_ob_orderbook_imbalance_10": 0.027858084751473555,
    "micro_ob_orderbook_imbalance_20": 0.0013433551895090038,
    "micro_ob_orderbook_vwap": 91537.43033419718,
    "micro_ob_buy_impact_0.1": 0.0,
    "micro_ob_sell_impact_0.1": 0.0,
    "micro_ob_buy_impact_1.0": 0.0,
    "micro_ob_sell_impact_1.0": 0.0,
    "micro_ob_buy_impact_10.0": 0.0,
    "micro_ob_sell_impact_10.0": 0.0,
    "micro_ob_bid_depth_concentration": 0.3799585918920253,
    "micro_ob_ask_depth_concentration": 0.34018046137317187,
    "micro_ob_bid_levels": 15,
    "micro_ob_ask_levels": 15,
    "micro_ob_total_bid_volume": 34.4377,
    "micro_ob_total_ask_volume": 34.3453,
    "micro_ob_total_orderbook_volume": 68.783,
    "micro_ob_order_flow_imbalance": 0.0013433551895090038,
    "micro_ob_depth_imbalance_1": 0.005064291358379428,
    "micro_ob_depth_imbalance_5": 0.056575892767022594,
    "micro_ob_depth_imbalance_10": 0.027858084751473555,
    "micro_ob_depth_imbalance_20": 0.0013433551895090038,
    "micro_fr_funding_rate_current": 5.01e-05,
    "micro_fr_funding_rate_abs": 5.01e-05,
    "micro_fr_funding_rate_mean": 4.1059899999999996e-05,
    "micro_fr_funding_rate_std": 1.2228418172028628e-05,
    "micro_fr_funding_rate_min": 2.297e-05,
    "micro_fr_funding_rate_max": 6.054e-05,
    "micro_fr_funding_rate_skew": 0.018198921716496255,
    "micro_fr_funding_rate_kurtosis": -1.5359614502480197,
    "micro_fr_funding_rate_trend": -9.220000000000068e-07,
    "micro_fr_funding_rate_change": -1.490000000000001e-06,
    "micro_fr_funding_rate_change_abs": 1.490000000000001e-06,
    "micro_fr_funding_rate_positive": 1.0,
    "micro_fr_funding_rate_negative": 0.0,
    "micro_fr_funding_rate_high": 0.0,
    "micro_fr_funding_rate_extreme": 0.0,
    "micro_fr_hours_to_next_funding": 0.0,
    "micro_fr_funding_imminent": 1.0,
    "micro_vp_volume_current": 109.86252,
    "micro_vp_volume_mean": 42908.931254899995,
    "micro_vp_volume_std": 140934.079489982,
    "micro_vp_volume_max": 1053342.668,
    "micro_vp_volume_sum": 4290893.12549,
    "micro_vp_volume_ratio": 0.002560364865472016,
    "micro_vp_large_volume_trade": 0.0,
    "micro_vp_recent_vwap": 91503.72409761795,
    "micro_vp_price_vwap_deviation_pct": 0.052867686926547336,
    "micro_vp_price_clustering": 0.39419734330136286,
    "micro_vp_volume_trend": 12406.751514969701,
    "micro_of_order_flow_imbalance": 0.0013433551895090038,
    "micro_of_trade_flow_buy_pressure": 0.5006716775947545,
    "micro_of_trade_flow_sell_pressure": 0.4993283224052455,
    "micro_of_kyles_lambda_buy": 0.0,
    "micro_of_kyles_lambda_sell": 0.0,
    "micro_of_kyles_lambda_avg": 0.0,
    "micro_of_amihud_illiquidity": 0.08876176110594725,
    "micro_of_spread_dynamics_current": 0.00010924502401617355,
    "micro_micro_funding_arbitrage": 0.0,
    "micro_micro_orderbook_pressure": 0.0,
    "micro_micro_liquidity_score": 0.5,
    "micro_micro_volume_spike": 0.0,
    "micro_micro_oi_divergence": 0.0,
    "micro_micro_composite_score": 0.1,
    "fee_maker_rate": 0.0002,
    "fee_taker_rate": 0.0008,
    "fee_round_trip_cost": 0.0016,
    "fee_breakeven_move_pct": 0.16,
    "fee_net_profit_threshold": 0.16,
    "time_hour_sin": -0.7071067811865471,
    "time_hour_cos": -0.7071067811865479,
    "time_day_sin": 0.0,
    "time_day_cos": 1.0,
    "time_day_of_week": 0.0,
    "time_is_asian": 0.0,
    "time_is_london": 1.0,
    "time_is_ny": 1.0,
    "time_is_london_ny_overlap": 1.0,
    "time_is_weekend": 0.0,
    "time_is_us_market_hours": 1.0,
    "cross_btc_return_1m": 0.05159270619046572,
    "cross_btc_return_5m": 0.04929613642897675,
    "cross_btc_return_15m": 0.15066420264499059,
    "cross_btc_correlation": 1.0,
    "cross_btc_lead_indicator": 0.0,
    "cross_eth_btc_ratio_change": 0.06331004209816549,
    "vol_realized_5m": 13.20234766587933,
    "vol_realized_15m": 11.132775868064689,
    "vol_realized_1h": 6.239923289742411,
    "vol_realized_4h": 2.9664187782484244,
    "vol_ratio_5m_1h": 2.1157868539156888,
    "vol_ratio_15m_4h": 3.7529346664391863,
    "vol_regime": 0.0,
    "vol_expansion": 1.0,
    "vol_contraction": 0.0,
    "vol_percentile": 8.421052631578947,
    "sent_fear_greed": 27.0,
    "sent_fear_greed_change": -2.0,
    "sent_extreme_fear": 0.0,
    "sent_extreme_greed": 0.0,
    "sent_fear": 1.0,
    "sent_greed": 0.0
  },
  "output_prediction": {
    "signal": "SHORT",
    "confidence": 0.5726835446446025,
    "raw_model_outputs": {
      "xgboost": 0.10585678368806839,
      "lightgbm": 0.023323788858739637,
      "lstm": 0.3613918721675873,
      "random_forest": 0.42861137167232144,
      "weighted_average": 0.21365822767769876,
      "model_agreement": 0.3222486329093247
    }
  },
  "regime_info": {
    "regime": "ranging",
    "regime_confidence": 0.5,
    "atr_ratio": 0.9527027082620194,
    "adx_value": 24.648770334920897,
    "is_exhausted": false,
    "is_weakening": false,
    "leverage_tier": "normal_volatility"
  },