{
  "timestamp": "2026-01-12T21:43:04.223315Z",
  "order_id": "705709173614052269",
  "stage": "Decision Making",
  "model_version": "ollama:qwen2.5:1.5b+ensemble_v1.0",
  "input_features": {
    "tech_returns_1": 0.06549646319098379,
    "tech_returns_5": 0.14420555846879068,
    "tech_returns_15": -0.06541077969649534,
    "tech_returns_60": 0.4999342191816858,
    "tech_returns_240": -0.43013555787277946,
    "tech_returns_1440": -2.3896166909267333,
    "tech_rsi_14": 56.29348716327963,
    "tech_rsi_7": 60.469928690119765,
    "tech_rsi_21": 55.6485544969984,
    "tech_rsi_slope": 2.0598177354375267,
    "tech_rsi_divergence": 0.0,
    "tech_rsi_zone": 3.0,
    "tech_macd": 0.023490467035102824,
    "tech_macd_signal": 0.033538150851123355,
    "tech_macd_hist": -0.01004768381602053,
    "tech_stoch_k": 54.999999999998934,
    "tech_stoch_d": 38.33333333333346,
    "tech_ema_cross_9_21": 1.0,
    "tech_ema_cross_50_200": -1.0,
    "tech_ema_9": 76.34853213652684,
    "tech_ema_21": 76.33608608383514,
    "tech_ema_50": 76.27483621826528,
    "tech_price_ema_9_pct": 0.054313897481363,
    "tech_price_ema_21_pct": 0.07062703752671955,
    "tech_adx": 17.43034745098255,
    "tech_adx_7": 39.16991680475134,
    "tech_adx_10": 25.68260181457427,
    "tech_adx_roc_5": -2.223971589866192,
    "tech_adx_slope_3": -1.2063820782995833,
    "tech_adx_deceleration": 1.1717302118006234,
    "tech_plus_di": 25.56591440786885,
    "tech_minus_di": 17.76468299772638,
    "tech_di_crossover": 0.0,
    "tech_atr_14": 0.053971432034399136,
    "tech_atr_pct": 0.07065248335436462,
    "tech_atr_14_avg": 0.08523799602094478,
    "tech_bb_upper": 76.46658643059311,
    "tech_bb_lower": 76.2564135694069,
    "tech_bb_width": 0.27523406583973414,
    "tech_bb_position": 0.6356026645835287,
    "tech_volatility_20": 0.01001727140238364,
    "tech_volume_ratio": 0.8568251684217412,
    "tech_obv": 9170.300000000008,
    "tech_momentum_10": 0.01999999999999602,
    "tech_roc_10": 0.026188293832651866,
    "tech_high_low_range": 0.10472574944366082,
    "tech_body_ratio": 0.6249999992186168,
    "tech_swing_high_10": 76.4,
    "tech_swing_low_10": 76.28,
    "tech_price_vs_swing_high": -0.01308900523560879,
    "tech_price_vs_swing_low": 0.1442055584687984,
    "tech_swing_break_up": 0.0,
    "tech_swing_break_down": 0.0,
    "tech_volume_spike": 0.0,
    "tech_volume_spike_ratio": 0.8568251684217412,
    "micro_ob_best_bid_price": 76.38,
    "micro_ob_best_ask_price": 76.39,
    "micro_ob_best_bid_size": 3884.7,
    "micro_ob_best_ask_size": 3639.0,
    "micro_ob_spread_absolute": 0.010000000000005116,
    "micro_ob_spread_percentage": 0.013091575571126684,
    "micro_ob_bid_ask_size_ratio": 1.0675185490519372,
    "micro_ob_orderbook_imbalance_5": 0.21453126304034204,
    "micro_ob_orderbook_imbalance_10": 0.22492363599543225,
    "micro_ob_orderbook_imbalance_20": 0.22803233790963223,
    "micro_ob_orderbook_vwap": 76.3557078085359,
    "micro_ob_buy_impact_0.1": 0.0,
    "micro_ob_sell_impact_0.1": 0.0,
    "micro_ob_buy_impact_1.0": 0.0,
    "micro_ob_sell_impact_1.0": 0.0,
    "micro_ob_buy_impact_10.0": 0.0,
    "micro_ob_sell_impact_10.0": 0.0,
    "micro_ob_bid_depth_concentration": 0.546556879801983,
    "micro_ob_ask_depth_concentration": 0.5622976471592365,
    "micro_ob_bid_levels": 15,
    "micro_ob_ask_levels": 15,
    "micro_ob_total_bid_volume": 27957.2,
    "micro_ob_total_ask_volume": 17574.5,
    "micro_ob_total_orderbook_volume": 45531.7,
    "micro_ob_order_flow_imbalance": 0.22803233790963223,
    "micro_ob_depth_imbalance_1": 0.03265680449778697,
    "micro_ob_depth_imbalance_5": 0.21453126304034204,
    "micro_ob_depth_imbalance_10": 0.22492363599543225,
    "micro_ob_depth_imbalance_20": 0.22803233790963223,
    "micro_fr_funding_rate_current": 7.477e-05,
    "micro_fr_funding_rate_abs": 7.477e-05,
    "micro_fr_funding_rate_mean": 6.81062e-05,
    "micro_fr_funding_rate_std": 2.4574352841122797e-05,
    "micro_fr_funding_rate_min": 2.771e-05,
    "micro_fr_funding_rate_max": 0.0001,
    "micro_fr_funding_rate_skew": -0.13716931408694058,
    "micro_fr_funding_rate_kurtosis": -1.4562866014729234,
    "micro_fr_funding_rate_trend": -6.195000000000008e-06,
    "micro_fr_funding_rate_change": -4.9999999999999996e-06,
    "micro_fr_funding_rate_change_abs": 4.9999999999999996e-06,
    "micro_fr_funding_rate_positive": 1.0,
    "micro_fr_funding_rate_negative": 0.0,
    "micro_fr_funding_rate_high": 0.0,
    "micro_fr_funding_rate_extreme": 0.0,
    "micro_fr_hours_to_next_funding": 0.0,
    "micro_fr_funding_imminent": 1.0,
    "micro_vp_volume_current": 83.996,
    "micro_vp_volume_mean": 373.65323000000006,
    "micro_vp_volume_std": 240.5889752768341,
    "micro_vp_volume_max": 2106.984,
    "micro_vp_volume_sum": 37365.323000000004,
    "micro_vp_volume_ratio": 0.22479666507900917,
    "micro_vp_large_volume_trade": 0.0,
    "micro_vp_recent_vwap": 76.33365427752358,
    "micro_vp_price_vwap_deviation_pct": 0.03451390179832968,
    "micro_vp_price_clustering": 0.8559209850213951,
    "micro_vp_volume_trend": -45.79570909090906,
    "micro_of_order_flow_imbalance": 0.22803233790963223,
    "micro_of_trade_flow_buy_pressure": 0.6140161689548161,
    "micro_of_trade_flow_sell_pressure": 0.3859838310451839,
    "micro_of_kyles_lambda_buy": 0.0,
    "micro_of_kyles_lambda_sell": 0.0,
    "micro_of_kyles_lambda_avg": 0.0,
    "micro_of_amihud_illiquidity": 0.09184171711756176,
    "micro_of_spread_dynamics_current": 0.013091575571126684,
    "micro_micro_funding_arbitrage": 0.0,
    "micro_micro_orderbook_pressure": 0.5,
    "micro_micro_liquidity_score": 1.0,
    "micro_micro_volume_spike": 0.0,
    "micro_micro_oi_divergence": 0.0,
    "micro_micro_composite_score": 0.35,
    "fee_maker_rate": 0.0002,
    "fee_taker_rate": 0.0008,
    "fee_round_trip_cost": 0.0016,
    "fee_breakeven_move_pct": 0.16,
    "fee_net_profit_threshold": 0.16,
    "time_hour_sin": -0.7071067811865477,
    "time_hour_cos": 0.7071067811865474,
    "time_day_sin": 0.0,
    "time_day_cos": 1.0,
    "time_day_of_week": 0.0,
    "time_is_asian": 0.0,
    "time_is_london": 0.0,
    "time_is_ny": 1.0,
    "time_is_london_ny_overlap": 0.0,
    "time_is_weekend": 0.0,
    "time_is_us_market_hours": 0.0,
    "cross_btc_return_1m": 0.0041609635915717605,
    "cross_btc_return_5m": 0.04359780477385327,
    "cross_btc_return_15m": -0.012042942944915579,
    "cross_btc_correlation": 0.23213935950451933,
    "cross_btc_lead_indicator": 0.04359780477385327,
    "cross_eth_btc_ratio_change": -0.006023755554876259,
    "vol_realized_5m": 7.307731772499615,
    "vol_realized_15m": 10.385288294882113,
    "vol_realized_1h": 7.710033521775024,
    "vol_realized_4h": 3.566834832953554,
    "vol_ratio_5m_1h": 0.9478210116545913,
    "vol_ratio_15m_4h": 2.911625791845951,
    "vol_regime": 0.0,
    "vol_expansion": 0.0,
    "vol_contraction": 0.0,
    "vol_percentile": 3.1578947368421053,
    "sent_fear_greed": 27.0,
    "sent_fear_greed_change": -2.0,
    "sent_extreme_fear": 0.0,
    "sent_extreme_greed": 0.0,
    "sent_fear": 1.0,
    "sent_greed": 0.0
  },
  "output_prediction": {
    "signal": "SHORT",
    "confidence": 0.6679095768415464,
    "raw_model_outputs": {
      "xgboost": 0.15142974257469177,
      "lightgbm": 0.09853915163060521,
      "lstm": 0.17511072754859924,
      "random_forest": 0.2610190876095101,
      "weighted_average": 0.1660452115792268,
      "model_agreement": 0.7654553126426888
    }
  },
  "regime_info": {
    "regime": "ranging",
    "regime_confidence": 0.7284826274508726,
    "atr_ratio": 0.6331851351964822,
    "adx_value": 17.43034745098255,
    "is_exhausted": false,
    "is_weakening": false,
    "leverage_tier": "normal_volatility"
  },