{
  "timestamp": "2026-01-12T19:41:23.200396Z",
  "order_id": "705678554121110445",
  "stage": "Decision Making",
  "model_version": "ollama:qwen2.5:1.5b+ensemble_v1.0",
  "input_features": {
    "tech_returns_1": -0.007239556939120373,
    "tech_returns_5": 0.11597564511451885,
    "tech_returns_15": -0.07234843003908198,
    "tech_returns_60": 0.2176752285589778,
    "tech_returns_240": -0.050654895433832614,
    "tech_returns_1440": -5.355087671789317,
    "tech_rsi_14": 49.351910422738676,
    "tech_rsi_7": 49.48620238821589,
    "tech_rsi_21": 49.6615534788971,
    "tech_rsi_slope": 1.3934672292374302,
    "tech_rsi_divergence": 0.0,
    "tech_rsi_zone": 2.0,
    "tech_macd": -1.0040504649838633e-05,
    "tech_macd_signal": 3.947224413741541e-06,
    "tech_macd_hist": -1.3987729063580174e-05,
    "tech_stoch_k": 46.153846153844924,
    "tech_stoch_d": 43.58974358974333,
    "tech_ema_cross_9_21": -1.0,
    "tech_ema_cross_50_200": -1.0,
    "tech_ema_9": 0.13811249794864144,
    "tech_ema_21": 0.13813137133614983,
    "tech_ema_50": 0.1381327091339871,
    "tech_price_ema_9_pct": 0.005431841049850957,
    "tech_price_ema_21_pct": -0.008232261824265445,
    "tech_adx": 25.45519068783442,
    "tech_adx_7": 30.899469391228827,
    "tech_adx_10": 28.48604794955337,
    "tech_adx_roc_5": 2.1053705200758195,
    "tech_adx_slope_3": -1.6771301273219041,
    "tech_adx_deceleration": -1.87021688480894,
    "tech_plus_di": 21.087475247736247,
    "tech_minus_di": 27.004365095481653,
    "tech_di_crossover": 0.0,
    "tech_atr_14": 0.00010098868028031877,
    "tech_atr_pct": 0.07311662342913319,
    "tech_atr_14_avg": 0.00013402633015379472,
    "tech_bb_upper": 0.13835103306064708,
    "tech_bb_lower": 0.13796096693935292,
    "tech_bb_width": 0.2823374455645528,
    "tech_bb_position": 0.40770795504985863,
    "tech_volatility_20": 0.009531196173253327,
    "tech_volume_ratio": 0.2692319803507888,
    "tech_obv": -22818700.0,
    "tech_momentum_10": -0.00018000000000001348,
    "tech_roc_10": -0.130151843817794,
    "tech_high_low_range": 0.021720243266726214,
    "tech_body_ratio": 0.3333322222262343,
    "tech_swing_high_10": 0.13832,
    "tech_swing_low_10": 0.13796,
    "tech_price_vs_swing_high": -0.1445922498554119,
    "tech_price_vs_swing_low": 0.11597564511452121,
    "tech_swing_break_up": 0.0,
    "tech_swing_break_down": 0.0,
    "tech_volume_spike": 0.0,
    "tech_volume_spike_ratio": 0.2692319803507888,
    "micro_ob_best_bid_price": 0.13805,
    "micro_ob_best_ask_price": 0.13806,
    "micro_ob_best_bid_size": 2719600.0,
    "micro_ob_best_ask_size": 2541900.0,
    "micro_ob_spread_absolute": 9.999999999982245e-06,
    "micro_ob_spread_percentage": 0.007243489913427437,
    "micro_ob_bid_ask_size_ratio": 1.0699083362838822,
    "micro_ob_orderbook_imbalance_5": -0.03735754936680952,
    "micro_ob_orderbook_imbalance_10": -0.1580957937044402,
    "micro_ob_orderbook_imbalance_20": -0.12340985455485326,
    "micro_ob_orderbook_vwap": 0.13806562771886227,
    "micro_ob_buy_impact_0.1": 0.0,
    "micro_ob_sell_impact_0.1": 0.0,
    "micro_ob_buy_impact_1.0": 0.0,
    "micro_ob_sell_impact_1.0": 0.0,
    "micro_ob_buy_impact_10.0": 0.0,
    "micro_ob_sell_impact_10.0": 0.0,
    "micro_ob_bid_depth_concentration": 0.5617581781337451,
    "micro_ob_ask_depth_concentration": 0.4723579412355264,
    "micro_ob_bid_levels": 15,
    "micro_ob_ask_levels": 15,
    "micro_ob_total_bid_volume": 18653400.0,
    "micro_ob_total_ask_volume": 23905600.0,
    "micro_ob_total_orderbook_volume": 42559000.0,
    "micro_ob_order_flow_imbalance": -0.12340985455485326,
    "micro_ob_depth_imbalance_1": 0.0337736386961893,
    "micro_ob_depth_imbalance_5": -0.03735754936680952,
    "micro_ob_depth_imbalance_10": -0.1580957937044402,
    "micro_ob_depth_imbalance_20": -0.12340985455485326,
    "micro_fr_funding_rate_current": 9.457e-05,
    "micro_fr_funding_rate_abs": 9.457e-05,
    "micro_fr_funding_rate_mean": 1.59235e-05,
    "micro_fr_funding_rate_std": 5.1359226286520325e-05,
    "micro_fr_funding_rate_min": -4.179e-05,
    "micro_fr_funding_rate_max": 9.68e-05,
    "micro_fr_funding_rate_skew": 0.4337255774676307,
    "micro_fr_funding_rate_kurtosis": -1.4337087152418622,
    "micro_fr_funding_rate_trend": -4.4000000000001596e-07,
    "micro_fr_funding_rate_change": -4.3000000000000774e-07,
    "micro_fr_funding_rate_change_abs": 4.3000000000000774e-07,
    "micro_fr_funding_rate_positive": 1.0,
    "micro_fr_funding_rate_negative": 0.0,
    "micro_fr_funding_rate_high": 0.0,
    "micro_fr_funding_rate_extreme": 0.0,
    "micro_fr_hours_to_next_funding": 0.0,
    "micro_fr_funding_imminent": 1.0,
    "micro_vp_volume_current": 193.228,
    "micro_vp_volume_mean": 206.00924999999995,
    "micro_vp_volume_std": 322.6059260151113,
    "micro_vp_volume_max": 2264.84,
    "micro_vp_volume_sum": 20600.924999999996,
    "micro_vp_volume_ratio": 0.9379578829591392,
    "micro_vp_large_volume_trade": 0.0,
    "micro_vp_recent_vwap": 0.13807591437908737,
    "micro_vp_price_vwap_deviation_pct": -0.04049538932173931,
    "micro_vp_price_clustering": 0.0,
    "micro_vp_volume_trend": 10.37241212121212,
    "micro_of_order_flow_imbalance": -0.12340985455485326,
    "micro_of_trade_flow_buy_pressure": 0.43829507272257334,
    "micro_of_trade_flow_sell_pressure": 0.5617049272774266,
    "micro_of_kyles_lambda_buy": 0.0,
    "micro_of_kyles_lambda_sell": 0.0,
    "micro_of_kyles_lambda_avg": 0.0,
    "micro_of_amihud_illiquidity": 0.15062531120863606,
    "micro_of_spread_dynamics_current": 0.007243489913427437,
    "micro_micro_funding_arbitrage": 0.0,
    "micro_micro_orderbook_pressure": -0.5,
    "micro_micro_liquidity_score": 1.0,
    "micro_micro_volume_spike": 0.0,
    "micro_micro_oi_divergence": 0.0,
    "micro_micro_composite_score": 0.35,
    "fee_maker_rate": 0.0002,
    "fee_taker_rate": 0.0008,
    "fee_round_trip_cost": 0.0016,
    "fee_breakeven_move_pct": 0.16,
    "fee_net_profit_threshold": 0.16,
    "time_hour_sin": -0.9659258262890684,
    "time_hour_cos": 0.2588190451025203,
    "time_day_sin": 0.0,
    "time_day_cos": 1.0,
    "time_day_of_week": 0.0,
    "time_is_asian": 0.0,
    "time_is_london": 0.0,
    "time_is_ny": 1.0,
    "time_is_london_ny_overlap": 0.0,
    "time_is_weekend": 0.0,
    "time_is_us_market_hours": 1.0,
    "cross_btc_return_1m": 0.010785770626962878,
    "cross_btc_return_5m": 0.09551858632492875,
    "cross_btc_return_15m": 0.022336751037841725,
    "cross_btc_correlation": 0.7480655761405675,
    "cross_btc_lead_indicator": 0.09551858632492875,
    "cross_eth_btc_ratio_change": 0.07823387702203531,
    "vol_realized_5m": 8.841316667729934,
    "vol_realized_15m": 11.191810366405704,
    "vol_realized_1h": 7.187809340550704,
    "vol_realized_4h": 4.843794674207891,
    "vol_ratio_5m_1h": 1.2300432925857971,
    "vol_ratio_15m_4h": 2.3105459911419364,
    "vol_regime": 0.0,
    "vol_expansion": 0.0,
    "vol_contraction": 0.0,
    "vol_percentile": 1.0526315789473684,
    "sent_fear_greed": 27.0,
    "sent_fear_greed_change": -2.0,
    "sent_extreme_fear": 0.0,
    "sent_extreme_greed": 0.0,
    "sent_fear": 1.0,
    "sent_greed": 0.0
  },
  "output_prediction": {
    "signal": "SHORT",
    "confidence": 0.6335532209836523,
    "raw_model_outputs": {
      "xgboost": 0.2762148976325989,
      "lightgbm": 0.03354160215614279,
      "lstm": 0.22593802213668823,
      "random_forest": 0.17744506327535167,
      "weighted_average": 0.18322338950817388,
      "model_agreement": 0.6377159562876967
    }
  },
  "regime_info": {
    "regime": "trending",
    "regime_confidence": 0.605462288254013,
    "atr_ratio": 0.7534988100057253,
    "adx_value": 25.45519068783442,
    "is_exhausted": false,
    "is_weakening": false,
    "leverage_tier": "normal_volatility"
  },