{
  "timestamp": "2026-01-12T15:54:26.486300Z",
  "order_id": "705621445094409133",
  "stage": "Decision Making",
  "model_version": "ollama:qwen2.5:1.5b+ensemble_v1.0",
  "input_features": {
    "tech_returns_1": -0.04158642619049857,
    "tech_returns_5": 0.021446519741985526,
    "tech_returns_15": 0.12240058957351252,
    "tech_returns_60": 1.0128047223272763,
    "tech_returns_240": 0.2956177319282993,
    "tech_returns_1440": -3.4450645969078106,
    "tech_rsi_14": 56.330740666392636,
    "tech_rsi_7": 51.40731897180594,
    "tech_rsi_21": 57.282047761558054,
    "tech_rsi_slope": -2.6435360418177183,
    "tech_rsi_divergence": 0.0,
    "tech_rsi_zone": 3.0,
    "tech_macd": 3.1101564343334758,
    "tech_macd_signal": 3.552333869503941,
    "tech_macd_hist": -0.44217743517046504,
    "tech_stoch_k": 41.215106732346975,
    "tech_stoch_d": 55.97000732886172,
    "tech_ema_cross_9_21": 1.0,
    "tech_ema_cross_50_200": 1.0,
    "tech_ema_9": 3125.0527148070278,
    "tech_ema_21": 3122.6847986255448,
    "tech_ema_50": 3116.2630918033724,
    "tech_price_ema_9_pct": -0.010646694228596853,
    "tech_price_ema_21_pct": 0.06517472962211317,
    "tech_adx": 37.781703156503966,
    "tech_adx_7": 31.90073677184916,
    "tech_adx_10": 34.58423393395653,
    "tech_adx_roc_5": -1.6285978430748784,
    "tech_adx_slope_3": -0.7253708255931919,
    "tech_adx_deceleration": -1.5999919198229975,
    "tech_plus_di": 23.2989886943399,
    "tech_minus_di": 14.36689287899185,
    "tech_di_crossover": 0.0,
    "tech_atr_14": 4.169087135715066,
    "tech_atr_pct": 0.13342274302065676,
    "tech_atr_14_avg": 4.90538212151995,
    "tech_bb_upper": 3128.57236982321,
    "tech_bb_lower": 3118.4976301767897,
    "tech_bb_width": 0.32254287678608734,
    "tech_bb_position": 0.6176209055110413,
    "tech_volatility_20": 0.01219551153652286,
    "tech_volume_ratio": 0.182968604828169,
    "tech_obv": -15735.047999999986,
    "tech_momentum_10": -1.3800000000001091,
    "tech_roc_10": -0.04414446114967552,
    "tech_high_low_range": 0.08640774213368936,
    "tech_body_ratio": 0.48148148146374864,
    "tech_swing_high_10": 3128.7,
    "tech_swing_low_10": 3120.55,
    "tech_price_vs_swing_high": -0.12720938408923893,
    "tech_price_vs_swing_low": 0.13363028953228173,
    "tech_swing_break_up": 0.0,
    "tech_swing_break_down": 0.0,
    "tech_volume_spike": 0.0,
    "tech_volume_spike_ratio": 0.182968604828169,
    "micro_ob_best_bid_price": 3123.32,
    "micro_ob_best_ask_price": 3123.33,
    "micro_ob_best_bid_size": 41.269,
    "micro_ob_best_ask_size": 46.852,
    "micro_ob_spread_absolute": 0.009999999999763531,
    "micro_ob_spread_percentage": 0.00032017161197645243,
    "micro_ob_bid_ask_size_ratio": 0.8808375309485188,
    "micro_ob_orderbook_imbalance_5": -0.25405791299062763,
    "micro_ob_orderbook_imbalance_10": -0.16847406713332957,
    "micro_ob_orderbook_imbalance_20": -0.11634504779148165,
    "micro_ob_orderbook_vwap": 3123.3350102656677,
    "micro_ob_buy_impact_0.1": 0.0,
    "micro_ob_sell_impact_0.1": 0.0,
    "micro_ob_buy_impact_1.0": 0.0,
    "micro_ob_sell_impact_1.0": 0.0,
    "micro_ob_buy_impact_10.0": -1.4559695929871775e-14,
    "micro_ob_sell_impact_10.0": 0.0,
    "micro_ob_bid_depth_concentration": 0.4513566208233124,
    "micro_ob_ask_depth_concentration": 0.6006431997338484,
    "micro_ob_bid_levels": 15,
    "micro_ob_ask_levels": 15,
    "micro_ob_total_bid_volume": 171.308,
    "micro_ob_total_ask_volume": 216.418,
    "micro_ob_total_orderbook_volume": 387.726,
    "micro_ob_order_flow_imbalance": -0.11634504779148165,
    "micro_ob_depth_imbalance_1": -0.0633560672257464,
    "micro_ob_depth_imbalance_5": -0.25405791299062763,
    "micro_ob_depth_imbalance_10": -0.16847406713332957,
    "micro_ob_depth_imbalance_20": -0.11634504779148165,
    "micro_fr_funding_rate_current": 6.631e-05,
    "micro_fr_funding_rate_abs": 6.631e-05,
    "micro_fr_funding_rate_mean": 4.90351e-05,
    "micro_fr_funding_rate_std": 1.31777274592397e-05,
    "micro_fr_funding_rate_min": 2.56e-05,
    "micro_fr_funding_rate_max": 6.901e-05,
    "micro_fr_funding_rate_skew": -0.16225192638230743,
    "micro_fr_funding_rate_kurtosis": -1.3962538369649162,
    "micro_fr_funding_rate_trend": -3.350000000000124e-07,
    "micro_fr_funding_rate_change": -1.5300000000000074e-06,
    "micro_fr_funding_rate_change_abs": 1.5300000000000074e-06,
    "micro_fr_funding_rate_positive": 1.0,
    "micro_fr_funding_rate_negative": 0.0,
    "micro_fr_funding_rate_high": 0.0,
    "micro_fr_funding_rate_extreme": 0.0,
    "micro_fr_hours_to_next_funding": 0.0,
    "micro_fr_funding_imminent": 1.0,
    "micro_vp_volume_current": 9.38082,
    "micro_vp_volume_mean": 6140.249561699999,
    "micro_vp_volume_std": 11630.484613441513,
    "micro_vp_volume_max": 49996.64366,
    "micro_vp_volume_sum": 614024.9561699999,
    "micro_vp_volume_ratio": 0.0015277587508027626,
    "micro_vp_large_volume_trade": 0.0,
    "micro_vp_recent_vwap": 3125.9225954747285,
    "micro_vp_price_vwap_deviation_pct": 0.0325473358407663,
    "micro_vp_price_clustering": 0.009411879888295987,
    "micro_vp_volume_trend": 28.294051696969774,
    "micro_of_order_flow_imbalance": -0.11634504779148165,
    "micro_of_trade_flow_buy_pressure": 0.44182747610425915,
    "micro_of_trade_flow_sell_pressure": 0.5581725238957408,
    "micro_of_kyles_lambda_buy": -1.4559695929871776e-15,
    "micro_of_kyles_lambda_sell": 0.0,
    "micro_of_kyles_lambda_avg": -7.279847964935888e-16,
    "micro_of_amihud_illiquidity": 0.22309434095025904,
    "micro_of_spread_dynamics_current": 0.00032017161197645243,
    "micro_micro_funding_arbitrage": 0.0,
    "micro_micro_orderbook_pressure": -0.5,
    "micro_micro_liquidity_score": 0.75,
    "micro_micro_volume_spike": 0.0,
    "micro_micro_oi_divergence": 0.0,
    "micro_micro_composite_score": 0.30000000000000004,
    "fee_maker_rate": 0.0002,
    "fee_taker_rate": 0.0008,
    "fee_round_trip_cost": 0.0016,
    "fee_breakeven_move_pct": 0.16,
    "fee_net_profit_threshold": 0.16,
    "time_hour_sin": -0.7071067811865471,
    "time_hour_cos": -0.7071067811865479,
    "time_day_sin": 0.0,
    "time_day_cos": 1.0,
    "time_day_of_week": 0.0,
    "time_is_asian": 0.0,
    "time_is_london": 1.0,
    "time_is_ny": 1.0,
    "time_is_london_ny_overlap": 1.0,
    "time_is_weekend": 0.0,
    "time_is_us_market_hours": 1.0,
    "cross_btc_return_1m": -0.0225110779637373,
    "cross_btc_return_5m": 0.05446188269696594,
    "cross_btc_return_15m": 0.03794207437083631,
    "cross_btc_correlation": 0.8602929214221965,
    "cross_btc_lead_indicator": 0.05446188269696594,
    "cross_eth_btc_ratio_change": 0.08442648204406601,
    "vol_realized_5m": 13.020127356577982,
    "vol_realized_15m": 15.104600988024561,
    "vol_realized_1h": 8.956460515646473,
    "vol_realized_4h": 4.223491676435618,
    "vol_ratio_5m_1h": 1.4537134768620363,
    "vol_ratio_15m_4h": 3.5763302369692296,
    "vol_regime": 0.0,
    "vol_expansion": 0.0,
    "vol_contraction": 0.0,
    "vol_percentile": 3.1578947368421053,
    "sent_fear_greed": 27.0,
    "sent_fear_greed_change": -2.0,
    "sent_extreme_fear": 0.0,
    "sent_extreme_greed": 0.0,
    "sent_fear": 1.0,
    "sent_greed": 0.0
  },
  "output_prediction": {
    "signal": "SHORT",
    "confidence": 0.5959670703530608,
    "raw_model_outputs": {
      "xgboost": 0.16415661573410034,
      "lightgbm": 0.014568911558220371,
      "lstm": 0.24583664536476135,
      "random_forest": 0.43834045063717975,
      "weighted_average": 0.20201646482346955,
      "model_agreement": 0.3881587780469842
    }
  },
  "regime_info": {
    "regime": "trending",
    "regime_confidence": 0.7533804378780475,
    "atr_ratio": 0.8499005852011504,
    "adx_value": 37.781703156503966,
    "is_exhausted": false,
    "is_weakening": false,
    "leverage_tier": "normal_volatility"
  },