{
  "timestamp": "2026-01-12T18:13:07.492155Z",
  "order_id": "705656346044793773",
  "stage": "Decision Making",
  "model_version": "ollama:qwen2.5:1.5b+ensemble_v1.0",
  "input_features": {
    "tech_returns_1": 0.01304461257500833,
    "tech_returns_5": -0.18226793386277862,
    "tech_returns_15": -0.350922796984654,
    "tech_returns_60": -0.13025921583951217,
    "tech_returns_240": 0.31401282219023496,
    "tech_returns_1440": -2.3896166909267333,
    "tech_rsi_14": 38.234761414276015,
    "tech_rsi_7": 27.093492513575086,
    "tech_rsi_21": 42.71866228622911,
    "tech_rsi_slope": -0.7491826207962013,
    "tech_rsi_divergence": 0.0,
    "tech_rsi_zone": 2.0,
    "tech_macd": -0.02126213175461089,
    "tech_macd_signal": 0.008399565592049433,
    "tech_macd_hist": -0.029661697346660326,
    "tech_stoch_k": 9.090909090909483,
    "tech_stoch_d": 7.3493556252170436,
    "tech_ema_cross_9_21": -1.0,
    "tech_ema_cross_50_200": -1.0,
    "tech_ema_9": 76.75809866809902,
    "tech_ema_21": 76.7964300600711,
    "tech_ema_50": 76.7987695438027,
    "tech_price_ema_9_pct": -0.11477442723009507,
    "tech_price_ema_21_pct": -0.16463012665068663,
    "tech_adx": 34.35155533681752,
    "tech_adx_7": 53.07507038727959,
    "tech_adx_10": 43.8834843209423,
    "tech_adx_roc_5": 0.21285343952155955,
    "tech_adx_slope_3": 2.3581741405255485,
    "tech_adx_deceleration": 0.23027902502599673,
    "tech_plus_di": 11.916574499641081,
    "tech_minus_di": 34.437730428989575,
    "tech_di_crossover": 0.0,
    "tech_atr_14": 0.07646805354294671,
    "tech_atr_pct": 0.09973660302979875,
    "tech_atr_14_avg": 0.08246342969980464,
    "tech_bb_upper": 77.03905816284221,
    "tech_bb_lower": 76.6589418371578,
    "tech_bb_width": 0.494627549720116,
    "tech_bb_position": 0.02909152302862385,
    "tech_volatility_20": 0.00985250494626982,
    "tech_volume_ratio": 0.018056156162990947,
    "tech_obv": 14258.90000000001,
    "tech_momentum_10": -0.18999999999999773,
    "tech_roc_10": -0.24720270621909624,
    "tech_high_low_range": 0.01304291117778155,
    "tech_body_ratio": 0.9999999900000002,
    "tech_swing_high_10": 76.92,
    "tech_swing_low_10": 76.64,
    "tech_price_vs_swing_high": -0.3250130005200208,
    "tech_price_vs_swing_low": 0.03914405010438562,
    "tech_swing_break_up": 0.0,
    "tech_swing_break_down": 0.0,
    "tech_volume_spike": 0.0,
    "tech_volume_spike_ratio": 0.018056156162990947,
    "micro_ob_best_bid_price": 76.66,
    "micro_ob_best_ask_price": 76.67,
    "micro_ob_best_bid_size": 3886.8,
    "micro_ob_best_ask_size": 3224.1,
    "micro_ob_spread_absolute": 0.010000000000005116,
    "micro_ob_spread_percentage": 0.013043761820915824,
    "micro_ob_bid_ask_size_ratio": 1.2055457336931237,
    "micro_ob_orderbook_imbalance_5": -0.16211606856802593,
    "micro_ob_orderbook_imbalance_10": -0.25732982685360445,
    "micro_ob_orderbook_imbalance_20": -0.3412670826643715,
    "micro_ob_orderbook_vwap": 76.68687348196787,
    "micro_ob_buy_impact_0.1": 0.0,
    "micro_ob_sell_impact_0.1": 0.0,
    "micro_ob_buy_impact_1.0": 0.0,
    "micro_ob_sell_impact_1.0": 0.0,
    "micro_ob_buy_impact_10.0": 0.0,
    "micro_ob_sell_impact_10.0": 0.0,
    "micro_ob_bid_depth_concentration": 0.5421287145297999,
    "micro_ob_ask_depth_concentration": 0.36928541459281133,
    "micro_ob_bid_levels": 15,
    "micro_ob_ask_levels": 15,
    "micro_ob_total_bid_volume": 23879.2,
    "micro_ob_total_ask_volume": 48621.2,
    "micro_ob_total_orderbook_volume": 72500.4,
    "micro_ob_order_flow_imbalance": -0.3412670826643715,
    "micro_ob_depth_imbalance_1": 0.0931949542252036,
    "micro_ob_depth_imbalance_5": -0.16211606856802593,
    "micro_ob_depth_imbalance_10": -0.25732982685360445,
    "micro_ob_depth_imbalance_20": -0.3412670826643715,
    "micro_fr_funding_rate_current": 7.026e-05,
    "micro_fr_funding_rate_abs": 7.026e-05,
    "micro_fr_funding_rate_mean": 4.5541100000000003e-05,
    "micro_fr_funding_rate_std": 2.4994343635910907e-05,
    "micro_fr_funding_rate_min": -3.43e-06,
    "micro_fr_funding_rate_max": 8.925e-05,
    "micro_fr_funding_rate_skew": -0.2427525031456463,
    "micro_fr_funding_rate_kurtosis": -0.6646634353514389,
    "micro_fr_funding_rate_trend": -9.430000000000091e-07,
    "micro_fr_funding_rate_change": 5.899999999999927e-07,
    "micro_fr_funding_rate_change_abs": 5.899999999999927e-07,
    "micro_fr_funding_rate_positive": 1.0,
    "micro_fr_funding_rate_negative": 0.0,
    "micro_fr_funding_rate_high": 0.0,
    "micro_fr_funding_rate_extreme": 0.0,
    "micro_fr_hours_to_next_funding": 0.0,
    "micro_fr_funding_imminent": 1.0,
    "micro_vp_volume_current": 475.788,
    "micro_vp_volume_mean": 624.52428,
    "micro_vp_volume_std": 1155.8220932657507,
    "micro_vp_volume_max": 7852.032,
    "micro_vp_volume_sum": 62452.42799999999,
    "micro_vp_volume_ratio": 0.7618406765546409,
    "micro_vp_large_volume_trade": 0.0,
    "micro_vp_recent_vwap": 76.67579281785491,
    "micro_vp_price_vwap_deviation_pct": 0.08373853048720124,
    "micro_vp_price_clustering": 0.8451620142390369,
    "micro_vp_volume_trend": 32.85913333333334,
    "micro_of_order_flow_imbalance": -0.3412670826643715,
    "micro_of_trade_flow_buy_pressure": 0.3293664586678143,
    "micro_of_trade_flow_sell_pressure": 0.6706335413321858,
    "micro_of_kyles_lambda_buy": 0.0,
    "micro_of_kyles_lambda_sell": 0.0,
    "micro_of_kyles_lambda_avg": 0.0,
    "micro_of_amihud_illiquidity": 0.13187006324632763,
    "micro_of_spread_dynamics_current": 0.013043761820915824,
    "micro_micro_funding_arbitrage": 0.0,
    "micro_micro_orderbook_pressure": -0.5,
    "micro_micro_liquidity_score": 1.0,
    "micro_micro_volume_spike": 0.0,
    "micro_micro_oi_divergence": 0.0,
    "micro_micro_composite_score": 0.35,
    "fee_maker_rate": 0.0002,
    "fee_taker_rate": 0.0008,
    "fee_round_trip_cost": 0.0016,
    "fee_breakeven_move_pct": 0.16,
    "fee_net_profit_threshold": 0.16,
    "time_hour_sin": -1.0,
    "time_hour_cos": -1.8369701987210297e-16,
    "time_day_sin": 0.0,
    "time_day_cos": 1.0,
    "time_day_of_week": 0.0,
    "time_is_asian": 0.0,
    "time_is_london": 0.0,
    "time_is_ny": 1.0,
    "time_is_london_ny_overlap": 0.0,
    "time_is_weekend": 0.0,
    "time_is_us_market_hours": 1.0,
    "cross_btc_return_1m": 0.0,
    "cross_btc_return_5m": 0.12099649568813799,
    "cross_btc_return_15m": 0.2462318975272906,
    "cross_btc_correlation": 0.1979899705132205,
    "cross_btc_lead_indicator": 0.12099649568813799,
    "cross_eth_btc_ratio_change": -0.07757250207032808,
    "vol_realized_5m": 25.235200840141648,
    "vol_realized_15m": 12.428757796946263,
    "vol_realized_1h": 7.474353443684091,
    "vol_realized_4h": 4.361082009135222,
    "vol_ratio_5m_1h": 3.3762386312445076,
    "vol_ratio_15m_4h": 2.849925264168746,
    "vol_regime": 2.0,
    "vol_expansion": 1.0,
    "vol_contraction": 0.0,
    "vol_percentile": 61.05263157894737,
    "sent_fear_greed": 27.0,
    "sent_fear_greed_change": -2.0,
    "sent_extreme_fear": 0.0,
    "sent_extreme_greed": 0.0,
    "sent_fear": 1.0,
    "sent_greed": 0.0
  },
  "output_prediction": {
    "signal": "SHORT",
    "confidence": 0.5933591618548908,
    "raw_model_outputs": {
      "xgboost": 0.19473661482334137,
      "lightgbm": 0.15908792455413798,
      "lstm": 0.1587730199098587,
      "random_forest": 0.32717098509718445,
      "weighted_average": 0.2033204190725546,
      "model_agreement": 0.7230289531511926
    }
  },
  "regime_info": {
    "regime": "trending",
    "regime_confidence": 0.7122186640418102,
    "atr_ratio": 0.9272965461334416,
    "adx_value": 34.35155533681752,
    "is_exhausted": false,
    "is_weakening": false,
    "leverage_tier": "normal_volatility"
  },