{
  "timestamp": "2026-01-12T12:46:37.235849Z",
  "order_id": "705574173644161965",
  "stage": "Decision Making",
  "model_version": "ollama:qwen2.5:1.5b+ensemble_v1.0",
  "input_features": {
    "tech_returns_1": -0.024418831803096896,
    "tech_returns_5": -0.05370569280344073,
    "tech_returns_15": -0.11222796916170452,
    "tech_returns_60": 0.1467638569541574,
    "tech_returns_240": 0.48102881264417974,
    "tech_returns_1440": -7.337077649995527,
    "tech_rsi_14": 39.956699472642114,
    "tech_rsi_7": 35.42798811514999,
    "tech_rsi_21": 44.23982117691514,
    "tech_rsi_slope": 0.14383964727506182,
    "tech_rsi_divergence": 0.0,
    "tech_rsi_zone": 2.0,
    "tech_macd": -0.0007002453211248927,
    "tech_macd_signal": -0.0004141385415400979,
    "tech_macd_hist": -0.0002861067795847948,
    "tech_stoch_k": 18.367346938777544,
    "tech_stoch_d": 22.448979591841248,
    "tech_ema_cross_9_21": -1.0,
    "tech_ema_cross_50_200": 1.0,
    "tech_ema_9": 2.0477773467529037,
    "tech_ema_21": 2.0486339709420296,
    "tech_ema_50": 2.0483129936415256,
    "tech_price_ema_9_pct": -0.03307716798302364,
    "tech_price_ema_21_pct": -0.07487774603895207,
    "tech_adx": 47.88037653201526,
    "tech_adx_7": 54.11157026136539,
    "tech_adx_10": 54.71301967445278,
    "tech_adx_roc_5": 4.430704778777752,
    "tech_adx_slope_3": 0.016229778143099338,
    "tech_adx_deceleration": -0.5984462912250024,
    "tech_plus_di": 13.011675174004637,
    "tech_minus_di": 39.0852731672836,
    "tech_di_crossover": 0.0,
    "tech_atr_14": 0.0009370535835067322,
    "tech_atr_pct": 0.04577468533568131,
    "tech_atr_14_avg": 0.0011942048998809108,
    "tech_bb_upper": 2.0523912919740974,
    "tech_bb_lower": 2.045688708025902,
    "tech_bb_width": 0.32710849706181144,
    "tech_bb_position": 0.21055938799212315,
    "tech_volatility_20": 0.006533990030684642,
    "tech_volume_ratio": 0.40170708576073705,
    "tech_obv": 74510.0,
    "tech_momentum_10": -0.0028000000000001357,
    "tech_roc_10": -0.13659202887946753,
    "tech_high_low_range": 0.03419471447414122,
    "tech_body_ratio": 0.7142856122450031,
    "tech_swing_high_10": 2.0499,
    "tech_swing_low_10": 2.0462,
    "tech_price_vs_swing_high": -0.13659202887946414,
    "tech_price_vs_swing_low": 0.04398397028639053,
    "tech_swing_break_up": 0.0,
    "tech_swing_break_down": 0.0,
    "tech_volume_spike": 0.0,
    "tech_volume_spike_ratio": 0.40170708576073705,
    "micro_ob_best_bid_price": 2.047,
    "micro_ob_best_ask_price": 2.0471,
    "micro_ob_best_bid_size": 57640.0,
    "micro_ob_best_ask_size": 63200.0,
    "micro_ob_spread_absolute": 9.999999999976694e-05,
    "micro_ob_spread_percentage": 0.004885078527625947,
    "micro_ob_bid_ask_size_ratio": 0.9120253164556962,
    "micro_ob_orderbook_imbalance_5": -0.09883395100786405,
    "micro_ob_orderbook_imbalance_10": -0.12600867724424136,
    "micro_ob_orderbook_imbalance_20": -0.12504622536848223,
    "micro_ob_orderbook_vwap": 2.047159548112595,
    "micro_ob_buy_impact_0.1": 0.0,
    "micro_ob_sell_impact_0.1": 0.0,
    "micro_ob_buy_impact_1.0": 0.0,
    "micro_ob_sell_impact_1.0": 0.0,
    "micro_ob_buy_impact_10.0": 0.0,
    "micro_ob_sell_impact_10.0": 0.0,
    "micro_ob_bid_depth_concentration": 0.4299687753376921,
    "micro_ob_ask_depth_concentration": 0.40773585918214017,
    "micro_ob_bid_levels": 15,
    "micro_ob_ask_levels": 15,
    "micro_ob_total_bid_volume": 579670.0,
    "micro_ob_total_ask_volume": 745360.0,
    "micro_ob_total_orderbook_volume": 1325030.0,
    "micro_ob_order_flow_imbalance": -0.12504622536848223,
    "micro_ob_depth_imbalance_1": -0.04601125455147302,
    "micro_ob_depth_imbalance_5": -0.09883395100786405,
    "micro_ob_depth_imbalance_10": -0.12600867724424136,
    "micro_ob_depth_imbalance_20": -0.12504622536848223,
    "micro_fr_funding_rate_current": -6.503e-05,
    "micro_fr_funding_rate_abs": 6.503e-05,
    "micro_fr_funding_rate_mean": -6.478800000000002e-06,
    "micro_fr_funding_rate_std": 5.9399402089246655e-05,
    "micro_fr_funding_rate_min": -7.662e-05,
    "micro_fr_funding_rate_max": 9.379e-05,
    "micro_fr_funding_rate_skew": 0.33377435692055757,
    "micro_fr_funding_rate_kurtosis": -1.4614029177035903,
    "micro_fr_funding_rate_trend": -5.039999999999932e-07,
    "micro_fr_funding_rate_change": -2.3000000000000288e-07,
    "micro_fr_funding_rate_change_abs": 2.3000000000000288e-07,
    "micro_fr_funding_rate_positive": 0.0,
    "micro_fr_funding_rate_negative": 1.0,
    "micro_fr_funding_rate_high": 0.0,
    "micro_fr_funding_rate_extreme": 0.0,
    "micro_fr_hours_to_next_funding": 0.0,
    "micro_fr_funding_imminent": 1.0,
    "micro_vp_volume_current": 368.55,
    "micro_vp_volume_mean": 358.23620000000005,
    "micro_vp_volume_std": 406.46609762111774,
    "micro_vp_volume_max": 3050.328,
    "micro_vp_volume_sum": 35823.62,
    "micro_vp_volume_ratio": 1.0287905019090755,
    "micro_vp_large_volume_trade": 0.0,
    "micro_vp_recent_vwap": 2.0470640208666797,
    "micro_vp_price_vwap_deviation_pct": 0.021297777151863574,
    "micro_vp_price_clustering": 0.0,
    "micro_vp_volume_trend": -17.620909090909052,
    "micro_of_order_flow_imbalance": -0.12504622536848223,
    "micro_of_trade_flow_buy_pressure": 0.4374768873157589,
    "micro_of_trade_flow_sell_pressure": 0.5625231126842412,
    "micro_of_kyles_lambda_buy": 0.0,
    "micro_of_kyles_lambda_sell": 0.0,
    "micro_of_kyles_lambda_avg": 0.0,
    "micro_of_amihud_illiquidity": 0.03419944166095392,
    "micro_of_spread_dynamics_current": 0.004885078527625947,
    "micro_micro_funding_arbitrage": 0.0,
    "micro_micro_orderbook_pressure": 0.0,
    "micro_micro_liquidity_score": 1.0,
    "micro_micro_volume_spike": 0.0,
    "micro_micro_oi_divergence": 0.0,
    "micro_micro_composite_score": 0.2,
    "fee_maker_rate": 0.0002,
    "fee_taker_rate": 0.0008,
    "fee_round_trip_cost": 0.0016,
    "fee_breakeven_move_pct": 0.16,
    "fee_net_profit_threshold": 0.16,
    "time_hour_sin": 1.2246467991473532e-16,
    "time_hour_cos": -1.0,
    "time_day_sin": 0.0,
    "time_day_cos": 1.0,
    "time_day_of_week": 0.0,
    "time_is_asian": 0.0,
    "time_is_london": 1.0,
    "time_is_ny": 0.0,
    "time_is_london_ny_overlap": 0.0,
    "time_is_weekend": 0.0,
    "time_is_us_market_hours": 0.0,
    "cross_btc_return_1m": -0.02458858229732658,
    "cross_btc_return_5m": 0.004852987565315895,
    "cross_btc_return_15m": -0.05863977760974246,
    "cross_btc_correlation": 0.7409635738532627,
    "cross_btc_lead_indicator": 0.004852987565315895,
    "cross_eth_btc_ratio_change": -0.02221892290524161,
    "vol_realized_5m": 5.0473893360389255,
    "vol_realized_15m": 8.183844933718348,
    "vol_realized_1h": 3.7709484261690083,
    "vol_realized_4h": 2.8598805933444873,
    "vol_ratio_5m_1h": 1.3384933352606687,
    "vol_ratio_15m_4h": 2.8616037161704537,
    "vol_regime": 0.0,
    "vol_expansion": 0.0,
    "vol_contraction": 0.0,
    "vol_percentile": 3.1578947368421053,
    "sent_fear_greed": 27.0,
    "sent_fear_greed_change": -2.0,
    "sent_extreme_fear": 0.0,
    "sent_extreme_greed": 0.0,
    "sent_fear": 1.0,
    "sent_greed": 0.0
  },
  "output_prediction": {
    "signal": "SHORT",
    "confidence": 0.5565666464251157,
    "raw_model_outputs": {
      "xgboost": 0.4438117742538452,
      "lightgbm": 0.045402695914142914,
      "lstm": 0.12818188965320587,
      "random_forest": 0.22588493099261228,
      "weighted_average": 0.22171667678744217,
      "model_agreement": 0.40433546089070505
    }
  },
  "regime_info": {
    "regime": "trending",
    "regime_confidence": 0.8745645183841831,
    "atr_ratio": 0.7846673410904423,
    "adx_value": 47.88037653201526,
    "is_exhausted": false,
    "is_weakening": false,
    "leverage_tier": "normal_volatility"
  },