{
  "timestamp": "2026-01-01T15:53:36.780739Z",
  "order_id": "701634984032601005",
  "stage": "Decision Making",
  "model_version": "ollama:qwen2.5:1.5b+ensemble_v1.0",
  "input_features": {
    "tech_returns_1": 0.004016252434846379,
    "tech_returns_5": -0.03379067845659112,
    "tech_returns_15": 0.0854148313643277,
    "tech_returns_60": 0.11324800643301991,
    "tech_returns_240": 0.40963912104012845,
    "tech_returns_1440": -0.4005915401743241,
    "tech_rsi_14": 54.54397647272182,
    "tech_rsi_7": 49.845306382058936,
    "tech_macd": 1.3048598722316456,
    "tech_macd_signal": 1.4137753008971443,
    "tech_macd_hist": -0.10891542866549875,
    "tech_stoch_k": 39.27083333333351,
    "tech_stoch_d": 43.05555555555626,
    "tech_ema_cross_9_21": 1.0,
    "tech_ema_cross_50_200": 1.0,
    "tech_ema_9": 2988.3209038664895,
    "tech_ema_21": 2987.230207079881,
    "tech_ema_50": 2985.232447131948,
    "tech_price_ema_9_pct": -0.011407873433151495,
    "tech_price_ema_21_pct": 0.025099937672764184,
    "tech_adx": 62.45241831532619,
    "tech_adx_7": 62.28642355617287,
    "tech_adx_10": 66.40623424969549,
    "tech_adx_roc_5": 6.941044700322706,
    "tech_adx_slope_3": -0.5482624568717327,
    "tech_adx_deceleration": -1.4392142493176898,
    "tech_plus_di": 29.780330310722448,
    "tech_minus_di": 7.645483125534387,
    "tech_di_crossover": 0.0,
    "tech_atr_14": 2.008533911565795,
    "tech_atr_pct": 0.06722046036338246,
    "tech_atr_14_avg": 1.5477213665956895,
    "tech_bb_upper": 2991.3808021933137,
    "tech_bb_lower": 2983.1861978066863,
    "tech_bb_width": 0.2743162604629712,
    "tech_bb_position": 0.5849949512067503,
    "tech_volatility_20": 0.008852687791886207,
    "tech_volume_ratio": 0.11738184130032145,
    "tech_obv": -7246.072000000007,
    "tech_momentum_10": 0.36000000000012733,
    "tech_roc_10": 0.012049725199325678,
    "tech_high_low_range": 0.014390993246267924,
    "tech_body_ratio": 0.27906976737681294,
    "tech_swing_high_10": 2993.81,
    "tech_swing_low_10": 2985.98,
    "tech_price_vs_swing_high": -0.1947351368323283,
    "tech_price_vs_swing_low": 0.06697968506152084,
    "tech_swing_break_up": 0.0,
    "tech_swing_break_down": 0.0,
    "tech_volume_spike": 0.0,
    "tech_volume_spike_ratio": 0.11738184130032145,
    "micro_ob_best_bid_price": 2987.56,
    "micro_ob_best_ask_price": 2987.57,
    "micro_ob_best_bid_size": 44.498,
    "micro_ob_best_ask_size": 48.326,
    "micro_ob_spread_absolute": 0.010000000000218279,
    "micro_ob_spread_percentage": 0.00033472075085289456,
    "micro_ob_bid_ask_size_ratio": 0.9207879816247981,
    "micro_ob_orderbook_imbalance_5": -0.23858186502146028,
    "micro_ob_orderbook_imbalance_10": -0.16100608074498426,
    "micro_ob_orderbook_imbalance_20": -0.2622787552635717,
    "micro_ob_orderbook_vwap": 2987.5709013173255,
    "micro_ob_buy_impact_0.1": -1.522131199893104e-14,
    "micro_ob_sell_impact_0.1": 0.0,
    "micro_ob_buy_impact_1.0": 0.0,
    "micro_ob_sell_impact_1.0": 0.0,
    "micro_ob_buy_impact_10.0": 0.0,
    "micro_ob_sell_impact_10.0": 0.0,
    "micro_ob_bid_depth_concentration": 0.47426104874236175,
    "micro_ob_ask_depth_concentration": 0.4508748131332706,
    "micro_ob_bid_levels": 15,
    "micro_ob_ask_levels": 15,
    "micro_ob_total_bid_volume": 168.888,
    "micro_ob_total_ask_volume": 288.976,
    "micro_ob_total_orderbook_volume": 457.86400000000003,
    "micro_ob_order_flow_imbalance": -0.2622787552635717,
    "micro_ob_depth_imbalance_1": -0.04123933465483068,
    "micro_ob_depth_imbalance_5": -0.23858186502146028,
    "micro_ob_depth_imbalance_10": -0.16100608074498426,
    "micro_ob_depth_imbalance_20": -0.2622787552635717,
    "micro_fr_funding_rate_current": -8.25e-06,
    "micro_fr_funding_rate_abs": 8.25e-06,
    "micro_fr_funding_rate_mean": 7.494444444444446e-07,
    "micro_fr_funding_rate_std": 1.2801642243704612e-05,
    "micro_fr_funding_rate_min": -1.246e-05,
    "micro_fr_funding_rate_max": 2.563e-05,
    "micro_fr_funding_rate_skew": 0.5991722505459041,
    "micro_fr_funding_rate_kurtosis": -1.1738411950716554,
    "micro_fr_funding_rate_trend": 9.449999999999997e-07,
    "micro_fr_funding_rate_change": 1.42e-06,
    "micro_fr_funding_rate_change_abs": 1.42e-06,
    "micro_fr_funding_rate_positive": 0.0,
    "micro_fr_funding_rate_negative": 1.0,
    "micro_fr_funding_rate_high": 0.0,
    "micro_fr_funding_rate_extreme": 0.0,
    "micro_fr_hours_to_next_funding": 0.0,
    "micro_fr_funding_imminent": 1.0,
    "micro_vp_volume_current": 14.9387,
    "micro_vp_volume_mean": 591.2844736,
    "micro_vp_volume_std": 3078.949134696785,
    "micro_vp_volume_max": 26982.91211,
    "micro_vp_volume_sum": 59128.44736,
    "micro_vp_volume_ratio": 0.025264827112822064,
    "micro_vp_large_volume_trade": 0.0,
    "micro_vp_recent_vwap": 2987.7942145412326,
    "micro_vp_price_vwap_deviation_pct": -0.001814533978576565,
    "micro_vp_price_clustering": 0.12264347419113021,
    "micro_vp_volume_trend": -3.4222685454545423,
    "micro_of_order_flow_imbalance": -0.2622787552635717,
    "micro_of_trade_flow_buy_pressure": 0.36886062236821415,
    "micro_of_trade_flow_sell_pressure": 0.6311393776317858,
    "micro_of_kyles_lambda_buy": 0.0,
    "micro_of_kyles_lambda_sell": 0.0,
    "micro_of_kyles_lambda_avg": 0.0,
    "micro_of_amihud_illiquidity": 0.14467992576484023,
    "micro_of_spread_dynamics_current": 0.00033472075085289456,
    "micro_micro_funding_arbitrage": 0.0,
    "micro_micro_orderbook_pressure": -0.5,
    "micro_micro_liquidity_score": 0.75,
    "micro_micro_volume_spike": 0.0,
    "micro_micro_oi_divergence": 0.0,
    "micro_micro_composite_score": 0.30000000000000004,
    "fee_maker_rate": 0.0002,
    "fee_taker_rate": 0.0008,
    "fee_round_trip_cost": 0.0016,
    "fee_breakeven_move_pct": 0.16,
    "fee_net_profit_threshold": 0.16
  },
  "output_prediction": {
    "signal": "SHORT",
    "confidence": 0.47838208236075064,
    "raw_model_outputs": {
      "xgboost": 0.16796785593032837,
      "lightgbm": 0.06866212747296697,
      "lstm": 0.55327969789505,
      "random_forest": 0.27466571731673867,
      "weighted_average": 0.2608089588196247
    }
  },
  "regime_info": {
    "regime": "trend_exhaustion",
    "regime_confidence": 0.8003806534773905,
    "atr_ratio": 1.297736113822407,
    "adx_value": 62.45241831532619,
    "is_exhausted": true,
    "is_weakening": true,
    "leverage_tier": "unknown"
  },
  "explanation": "The ETHUSDT short position is based on a combination of RSI at 54.5, MACD reading 1.3049, ADX at 62.5, with an ensemble average model predicting a -0.26 return. The high RSI suggests overbought conditions, while the low MACD and ADX indicate potential reversal risk. This combination points towards a sell signal due to oversold indicators suggesting a pending price correction.",
  "symbol": "cmt_ethusdt",
  "position_size": 0.021,
  "risk_validation": {
    "checks_performed": [
      "Wash trading check: No current position - any direction allowed",
      "Risk check: Order passes all risk checks (leverage: 1x, risk: 6.87%)",
      "Trading status: Trading allowed within risk limits"
    ],
    "all_checks_passed": true
  },
  "execution_details": {
    "order_type": "1",
    "side": "OPEN_SHORT",
    "price": 2987.98,
    "leverage": 1,
    "client_oid": "9a9906dd-96bb-495d-99dd-96ce2f01055d",
    "symbol": "cmt_ethusdt",
    "maker_fee_rate": 0.0002,
    "taker_fee_rate": 0.0008,
    "estimated_entry_fee": 0.05019806400000001,
    "estimated_exit_fee": 0.05019806400000001,
    "total_estimated_fees": 0.10039612800000002
  },
  "log_metadata": {
    "log_version": "2.3",
    "competition": "WEEX_AI_Trading_Hackathon_2025",
    "bot_name": "AlphaStrike",
    "compliance_status": "MANDATORY",
    "deepseek_enabled": true
  },
  "weex_response": {
    "code": "00000",
    "msg": "success",
    "request_time": 1767282816867,
    "data": "upload success",
    "upload_attempted": true,
    "upload_success": true,