{
  "timestamp": "2026-01-01T20:42:20.627607Z",
  "order_id": "701707646050239405",
  "stage": "Decision Making",
  "model_version": "ollama:qwen2.5:1.5b+exit_manager_v1",
  "input_features": {
    "tech_returns_1": 0.004646300383326363,
    "tech_returns_5": 0.05345853477130014,
    "tech_returns_15": 0.009293032548840507,
    "tech_returns_60": -0.03135123837391118,
    "tech_returns_240": 0.2375130981488116,
    "tech_returns_1440": -1.1360104968751084,
    "tech_rsi_14": 48.89999352814301,
    "tech_rsi_7": 55.78325094552801,
    "tech_macd": -0.13209655232014939,
    "tech_macd_signal": -0.15090832799944096,
    "tech_macd_hist": 0.01881177567929157,
    "tech_stoch_k": 72.36842105264142,
    "tech_stoch_d": 62.941444520395216,
    "tech_ema_cross_9_21": -1.0,
    "tech_ema_cross_50_200": 1.0,
    "tech_ema_9": 860.8217869609169,
    "tech_ema_21": 860.9322384114291,
    "tech_ema_50": 861.0225685312731,
    "tech_price_ema_9_pct": 0.01373257982938149,
    "tech_price_ema_21_pct": 0.0009015330387964941,
    "tech_adx": 41.94583796115643,
    "tech_adx_7": 35.098886836356726,
    "tech_adx_10": 38.835006720936136,
    "tech_adx_roc_5": -4.3421935688205195,
    "tech_adx_slope_3": -3.3638500712969126,
    "tech_adx_deceleration": -1.7285356595900438,
    "tech_plus_di": 24.93508298627475,
    "tech_minus_di": 37.51935920459806,
    "tech_di_crossover": 0.0,
    "tech_atr_14": 0.16379613822711875,
    "tech_atr_pct": 0.019025267524696115,
    "tech_atr_14_avg": 0.18944276162906123,
    "tech_bb_upper": 861.3286925140617,
    "tech_bb_lower": 860.4533074859382,
    "tech_bb_width": 0.10168360781137756,
    "tech_bb_position": 0.5559753690386191,
    "tech_volatility_20": 0.0039016666691268774,
    "tech_volume_ratio": 0.3926701570680628,
    "tech_obv": 6996.400000000013,
    "tech_momentum_10": 0.10000000000002274,
    "tech_roc_10": 0.011616560568739054,
    "tech_high_low_range": 0.004646084512286258,
    "tech_body_ratio": 0.9999999975,
    "tech_swing_high_10": 860.94,
    "tech_swing_low_10": 860.39,
    "tech_price_vs_swing_high": 0.0,
    "tech_price_vs_swing_low": 0.06392449935495162,
    "tech_swing_break_up": 0.0,
    "tech_swing_break_down": 0.0,
    "tech_volume_spike": 0.0,
    "tech_volume_spike_ratio": 0.3926701570680628,
    "micro_ob_best_bid_price": 860.94,
    "micro_ob_best_ask_price": 860.95,
    "micro_ob_best_bid_size": 179.1,
    "micro_ob_best_ask_size": 149.1,
    "micro_ob_spread_absolute": 0.009999999999990905,
    "micro_ob_spread_percentage": 0.0011615143824507841,
    "micro_ob_bid_ask_size_ratio": 1.2012072434607646,
    "micro_ob_orderbook_imbalance_5": 0.45534658785599147,
    "micro_ob_orderbook_imbalance_10": 0.5501265673750515,
    "micro_ob_orderbook_imbalance_20": 0.561683109874357,
    "micro_ob_orderbook_vwap": 860.9129057514571,
    "micro_ob_buy_impact_0.1": 0.0,
    "micro_ob_sell_impact_0.1": 0.0,
    "micro_ob_buy_impact_1.0": 0.0,
    "micro_ob_sell_impact_1.0": 0.0,
    "micro_ob_buy_impact_10.0": 0.0,
    "micro_ob_sell_impact_10.0": -1.320496639970451e-14,
    "micro_ob_bid_depth_concentration": 0.36560475161987044,
    "micro_ob_ask_depth_concentration": 0.48749519045786843,
    "micro_ob_bid_levels": 15,
    "micro_ob_ask_levels": 15,
    "micro_ob_total_bid_volume": 1852.0,
    "micro_ob_total_ask_volume": 519.8,
    "micro_ob_total_orderbook_volume": 2371.8,
    "micro_ob_order_flow_imbalance": 0.561683109874357,
    "micro_ob_depth_imbalance_1": 0.09140767824497258,
    "micro_ob_depth_imbalance_5": 0.45534658785599147,
    "micro_ob_depth_imbalance_10": 0.5501265673750515,
    "micro_ob_depth_imbalance_20": 0.561683109874357,
    "micro_fr_funding_rate_current": -4.6e-05,
    "micro_fr_funding_rate_abs": 4.6e-05,
    "micro_fr_funding_rate_mean": 4.0559139784946235e-05,
    "micro_fr_funding_rate_std": 5.4137511564531804e-05,
    "micro_fr_funding_rate_min": -4.6e-05,
    "micro_fr_funding_rate_max": 0.0001,
    "micro_fr_funding_rate_skew": -0.015461045293173777,
    "micro_fr_funding_rate_kurtosis": -1.6774693548664366,
    "micro_fr_funding_rate_trend": -1.899999999999994e-06,
    "micro_fr_funding_rate_change": -2.000000000000001e-06,
    "micro_fr_funding_rate_change_abs": 2.000000000000001e-06,
    "micro_fr_funding_rate_positive": 0.0,
    "micro_fr_funding_rate_negative": 1.0,
    "micro_fr_funding_rate_high": 0.0,
    "micro_fr_funding_rate_extreme": 0.0,
    "micro_fr_hours_to_next_funding": 0.0,
    "micro_fr_funding_imminent": 1.0,
    "micro_vp_volume_current": 344.36,
    "micro_vp_volume_mean": 439.0625,
    "micro_vp_volume_std": 244.56568452117315,
    "micro_vp_volume_max": 1463.598,
    "micro_vp_volume_sum": 43906.25,
    "micro_vp_volume_ratio": 0.7843074733096086,
    "micro_vp_large_volume_trade": 0.0,
    "micro_vp_recent_vwap": 860.906863007886,
    "micro_vp_price_vwap_deviation_pct": -0.0007971835492273217,
    "micro_vp_price_clustering": 5.551115123125783e-17,
    "micro_vp_volume_trend": -15.130969696969654,
    "micro_of_order_flow_imbalance": 0.561683109874357,
    "micro_of_trade_flow_buy_pressure": 0.7808415549371784,
    "micro_of_trade_flow_sell_pressure": 0.21915844506282145,
    "micro_of_kyles_lambda_buy": 0.0,
    "micro_of_kyles_lambda_sell": -1.3204966399704511e-15,
    "micro_of_kyles_lambda_avg": -6.602483199852256e-16,
    "micro_of_amihud_illiquidity": 0.012625795305596441,
    "micro_of_spread_dynamics_current": 0.0011615143824507841,
    "micro_micro_funding_arbitrage": 0.0,
    "micro_micro_orderbook_pressure": 1.0,
    "micro_micro_liquidity_score": 1.0,
    "micro_micro_volume_spike": 0.0,
    "micro_micro_oi_divergence": 0.0,
    "micro_micro_composite_score": 0.5,
    "fee_maker_rate": 0.0002,
    "fee_taker_rate": 0.0008,
    "fee_round_trip_cost": 0.0016,
    "fee_breakeven_move_pct": 0.16,
    "fee_net_profit_threshold": 0.16,
    "exit_trigger": true,
    "exit_reason": "Trailing stop hit: 861.05 >= 860.91",
    "position_side": "SHORT",
    "entry_price": 861.03,
    "exit_price": 861.05,
    "position_size": 0.2,
    "hold_duration_hours": 0.5011420425
  },
  "output_prediction": {
    "signal": "EXIT_SHORT",
    "confidence": 1.0,
    "raw_model_outputs": {
      "action": "exit"
    }
  },
  "regime_info": {
    "regime": "unknown",
    "regime_confidence": 0.0,
    "atr_ratio": 1.0,
    "adx_value": 0.0,
    "is_exhausted": false,
    "is_weakening": false,
    "leverage_tier": "unknown"
  },
  "explanation": "The short position in BNBUSDT is confirmed due to a strong sell-off indicated by RSI at 48.9, MACD at -0.1321, and ADX at 41.9, all within a 1 model framework with high confidence (100%). This suggests an oversold market condition that could reverse sharply.",
  "symbol": "cmt_bnbusdt",
  "position_size": 0.2,
  "risk_validation": {
    "checks_performed": [
      "Risk check: Close order - bypassing risk checks for position exit",
      "Trading status: Trading allowed within risk limits",
      "Leverage set: 2x"
    ],
    "all_checks_passed": true
  },
  "execution_details": {
    "order_type": "1",
    "side": "CLOSE_SHORT",
    "price": 861.05,
    "leverage": 2,
    "client_oid": "67363ad5-42cc-4299-84e2-f51da0061155",
    "symbol": "cmt_bnbusdt",
    "maker_fee_rate": 0.0002,
    "taker_fee_rate": 0.0008,
    "estimated_entry_fee": 0.275536,
    "estimated_exit_fee": 0.275536,
    "total_estimated_fees": 0.551072
  },
  "log_metadata": {
    "log_version": "2.3",
    "competition": "WEEX_AI_Trading_Hackathon_2025",
    "bot_name": "AlphaStrike",
    "compliance_status": "MANDATORY",
    "deepseek_enabled": true
  },
  "weex_response": {
    "code": "00000",
    "msg": "success",
    "request_time": 1767300140711,
    "data": "upload success",
    "upload_attempted": true,
    "upload_success": true,
    "upload_timestamp": "2026-01-01T20:42:20.627687Z",
    "error_details": null
  }
}