{
  "timestamp": "2026-01-01T21:49:06.781124Z",
  "order_id": "701724449237369773",
  "stage": "Decision Making",
  "model_version": "ollama:qwen2.5:1.5b+ensemble_v1.0",
  "input_features": {
    "tech_returns_1": -0.00011326772865194457,
    "tech_returns_5": -0.030912566127982988,
    "tech_returns_15": -0.04324960797966737,
    "tech_returns_60": 0.05689281371230592,
    "tech_returns_240": -0.013024107055892298,
    "tech_returns_1440": -1.1472182907403015,
    "tech_rsi_14": 42.94375964517712,
    "tech_rsi_7": 40.3304724273253,
    "tech_macd": -8.886969943909207,
    "tech_macd_signal": -2.4279329758863764,
    "tech_macd_hist": -6.459036968022831,
    "tech_stoch_k": 26.923076923082792,
    "tech_stoch_d": 21.44522144522521,
    "tech_ema_cross_9_21": -1.0,
    "tech_ema_cross_50_200": 1.0,
    "tech_ema_9": 88294.31592109505,
    "tech_ema_21": 88306.91969361049,
    "tech_ema_50": 88303.17694495221,
    "tech_price_ema_9_pct": -0.009078637748566903,
    "tech_price_ema_21_pct": -0.023350031551349033,
    "tech_adx": 22.190291210839582,
    "tech_adx_7": 33.19969418695481,
    "tech_adx_10": 28.28052288878661,
    "tech_adx_roc_5": 3.828941762941568,
    "tech_adx_slope_3": -1.0284250729959332,
    "tech_adx_deceleration": -1.7909127138216778,
    "tech_plus_di": 29.39375884970381,
    "tech_minus_di": 40.51284259420966,
    "tech_di_crossover": 0.0,
    "tech_atr_14": 13.282668809239851,
    "tech_atr_pct": 0.015044994307429182,
    "tech_atr_14_avg": 13.888888853421184,
    "tech_bb_upper": 88360.71683033762,
    "tech_bb_lower": 88267.3031696624,
    "tech_bb_width": 0.10577445263240683,
    "tech_bb_position": 0.2033624439968618,
    "tech_volatility_20": 0.0028838163492971684,
    "tech_volume_ratio": 1.0893044981487625,
    "tech_obv": -400.4088999999997,
    "tech_momentum_10": -34.39999999999418,
    "tech_roc_10": -0.038948966663532314,
    "tech_high_low_range": 0.0003398035708857551,
    "tech_body_ratio": 0.3333333331898846,
    "tech_swing_high_10": 88349.0,
    "tech_swing_low_10": 88263.2,
    "tech_price_vs_swing_high": -0.07096854520141381,
    "tech_price_vs_swing_low": 0.02617172275648948,
    "tech_swing_break_up": 0.0,
    "tech_swing_break_down": 0.0,
    "tech_volume_spike": 0.0,
    "tech_volume_spike_ratio": 1.0893044981487625,
    "micro_ob_best_bid_price": 88286.2,
    "micro_ob_best_ask_price": 88286.3,
    "micro_ob_best_bid_size": 2.6821,
    "micro_ob_best_ask_size": 2.9871,
    "micro_ob_spread_absolute": 0.10000000000582077,
    "micro_ob_spread_percentage": 0.00011326792111548601,
    "micro_ob_bid_ask_size_ratio": 0.8978942787318805,
    "micro_ob_orderbook_imbalance_5": 0.04571710775797453,
    "micro_ob_orderbook_imbalance_10": -0.007857833383285167,
    "micro_ob_orderbook_imbalance_20": -0.000380554837060053,
    "micro_ob_orderbook_vwap": 88286.38216630122,
    "micro_ob_buy_impact_0.1": 0.0,
    "micro_ob_sell_impact_0.1": 0.0,
    "micro_ob_buy_impact_1.0": 0.0,
    "micro_ob_sell_impact_1.0": 0.0,
    "micro_ob_buy_impact_10.0": 0.0005678423492556055,
    "micro_ob_sell_impact_10.0": 0.0004570872911149278,
    "micro_ob_bid_depth_concentration": 0.3526736719379697,
    "micro_ob_ask_depth_concentration": 0.3215921350217993,
    "micro_ob_bid_levels": 15,
    "micro_ob_ask_levels": 15,
    "micro_ob_total_bid_volume": 33.6223,
    "micro_ob_total_ask_volume": 33.6479,
    "micro_ob_total_orderbook_volume": 67.2702,
    "micro_ob_order_flow_imbalance": -0.000380554837060053,
    "micro_ob_depth_imbalance_1": -0.05379947788047691,
    "micro_ob_depth_imbalance_5": 0.04571710775797453,
    "micro_ob_depth_imbalance_10": -0.007857833383285167,
    "micro_ob_depth_imbalance_20": -0.000380554837060053,
    "micro_fr_funding_rate_current": 4.868e-05,
    "micro_fr_funding_rate_abs": 4.868e-05,
    "micro_fr_funding_rate_mean": 3.6546300000000006e-05,
    "micro_fr_funding_rate_std": 2.248717126074331e-05,
    "micro_fr_funding_rate_min": 7.53e-06,
    "micro_fr_funding_rate_max": 9.658e-05,
    "micro_fr_funding_rate_skew": 0.7345509156055079,
    "micro_fr_funding_rate_kurtosis": -0.00275969311484614,
    "micro_fr_funding_rate_trend": 2.5499999999999687e-07,
    "micro_fr_funding_rate_change": -9.000000000000083e-08,
    "micro_fr_funding_rate_change_abs": 9.000000000000083e-08,
    "micro_fr_funding_rate_positive": 1.0,
    "micro_fr_funding_rate_negative": 0.0,
    "micro_fr_funding_rate_high": 0.0,
    "micro_fr_funding_rate_extreme": 0.0,
    "micro_fr_hours_to_next_funding": 0.0,
    "micro_fr_funding_imminent": 1.0,
    "micro_vp_volume_current": 344.31657,
    "micro_vp_volume_mean": 5909.8930487,
    "micro_vp_volume_std": 35375.712356988064,
    "micro_vp_volume_max": 249691.31366,
    "micro_vp_volume_sum": 590989.30487,
    "micro_vp_volume_ratio": 0.05826104925464588,
    "micro_vp_large_volume_trade": 0.0,
    "micro_vp_recent_vwap": 88286.42140289424,
    "micro_vp_price_vwap_deviation_pct": -0.00013751026749632425,
    "micro_vp_price_clustering": 0.8574929256846517,
    "micro_vp_volume_trend": -6.09983466666666,
    "micro_of_order_flow_imbalance": -0.000380554837060053,
    "micro_of_trade_flow_buy_pressure": 0.49980972258147,
    "micro_of_trade_flow_sell_pressure": 0.5001902774185301,
    "micro_of_kyles_lambda_buy": 5.678423492556055e-05,
    "micro_of_kyles_lambda_sell": 4.570872911149278e-05,
    "micro_of_kyles_lambda_avg": 5.1246482018526666e-05,
    "micro_of_amihud_illiquidity": 0.011621116752580892,
    "micro_of_spread_dynamics_current": 0.00011326792111548601,
    "micro_micro_funding_arbitrage": 0.0,
    "micro_micro_orderbook_pressure": 0.0,
    "micro_micro_liquidity_score": 0.5,
    "micro_micro_volume_spike": 0.0,
    "micro_micro_oi_divergence": 0.0,
    "micro_micro_composite_score": 0.1,
    "fee_maker_rate": 0.0002,
    "fee_taker_rate": 0.0008,
    "fee_round_trip_cost": 0.0016,
    "fee_breakeven_move_pct": 0.16,
    "fee_net_profit_threshold": 0.16
  },
  "output_prediction": {
    "signal": "SHORT",
    "confidence": 0.687348341427586,
    "raw_model_outputs": {
      "xgboost": 0.0664990097284317,
      "lightgbm": 0.06231254177420194,
      "lstm": 0.4155854880809784,
      "random_forest": 0.08450808706883128,
      "weighted_average": 0.15632582928620695
    }
  },
  "regime_info": {
    "regime": "ranging",
    "regime_confidence": 0.5,
    "atr_ratio": 0.9563521567074816,
    "adx_value": 22.190291210839582,
    "is_exhausted": false,
    "is_weakening": false,
    "leverage_tier": "unknown"
  },
  "explanation": "The short BTCUSDT position is based on a combination of RSI at 42.9, MACD showing -8.8870, and an ADX of 22.2, indicating weak trend strength. The ensemble model predicts a slight upward movement but with low confidence (68.7%).",
  "symbol": "cmt_btcusdt",
  "position_size": 0.0001,
  "risk_validation": {
    "checks_performed": [
      "Wash trading check: Same direction - allowed",
      "Risk check: Order passes all risk checks (leverage: 4x, risk: 6.79%)",
      "Trading status: Trading allowed within risk limits",
      "Leverage set: 4x"
    ],
    "all_checks_passed": true
  },
  "execution_details": {
    "order_type": "1",
    "side": "OPEN_SHORT",
    "price": 88306.2,
    "leverage": 4,
    "client_oid": "7ac246c2-dd2e-49a2-bdb5-a06ad040f536",
    "symbol": "cmt_btcusdt",
    "maker_fee_rate": 0.0002,
    "taker_fee_rate": 0.0008,
    "estimated_entry_fee": 0.028257984,
    "estimated_exit_fee": 0.028257984,
    "total_estimated_fees": 0.056515968
  },
  "log_metadata": {
    "log_version": "2.3",
    "competition": "WEEX_AI_Trading_Hackathon_2025",
    "bot_name": "AlphaStrike",
    "compliance_status": "MANDATORY",
    "deepseek_enabled": true
  },
  "weex_response": {
    "code": "00000",
    "msg": "success",
    "request_time": 1767304146860,
    "data": "upload success",
    "upload_attempted": true,
    "upload_success": true,
    "upload_timestamp": "2026-01-01T21:49:06.781211Z",
    "error_details": null
  }
}