{
  "timestamp": "2026-01-01T12:45:52.247175Z",
  "order_id": "701587737462965165",
  "stage": "Decision Making",
  "model_version": "ollama:qwen2.5:1.5b+exit_manager_v1",
  "input_features": {
    "tech_returns_1": 0.011644290222290188,
    "tech_returns_5": 0.07107237731276417,
    "tech_returns_15": 0.1983224255999172,
    "tech_returns_60": -0.5902846097755821,
    "tech_returns_240": -0.7545469251923898,
    "tech_returns_1440": -1.3765638847645727,
    "tech_rsi_14": 45.245890663559564,
    "tech_rsi_7": 68.2003929357727,
    "tech_macd": -0.6576814606390826,
    "tech_macd_signal": -1.0068106022810703,
    "tech_macd_hist": 0.3491291416419877,
    "tech_stoch_k": 100.0,
    "tech_stoch_d": 100.0,
    "tech_ema_cross_9_21": -1.0,
    "tech_ema_cross_50_200": -1.0,
    "tech_ema_9": 858.5131804769917,
    "tech_ema_21": 858.853949476295,
    "tech_ema_50": 860.3820477161255,
    "tech_price_ema_9_pct": 0.04389210690963791,
    "tech_price_ema_21_pct": 0.00419751504047066,
    "tech_adx": 27.714089291712032,
    "tech_adx_7": 73.33406753078216,
    "tech_adx_10": 42.09126223211117,
    "tech_adx_roc_5": -11.608615045496311,
    "tech_adx_slope_3": -0.5162280895340796,
    "tech_adx_deceleration": 0.9548214499876764,
    "tech_plus_di": 38.5893727983311,
    "tech_minus_di": 21.847045149848746,
    "tech_di_crossover": 0.0,
    "tech_atr_14": 0.26063066170423743,
    "tech_atr_pct": 0.030345057190587554,
    "tech_atr_14_avg": 0.6367660820431049,
    "tech_bb_upper": 859.0884235709383,
    "tech_bb_lower": 856.7135764290618,
    "tech_bb_width": 0.2768206520188744,
    "tech_bb_position": 0.9164478557632463,
    "tech_volatility_20": 0.002824196667142329,
    "tech_volume_ratio": 0.3952662721893491,
    "tech_obv": 5965.899999999999,
    "tech_momentum_10": 1.1200000000000045,
    "tech_roc_10": 0.1305711321216707,
    "tech_high_low_range": 0.0116429344852103,
    "tech_body_ratio": 0.999999999,
    "tech_swing_high_10": 858.89,
    "tech_swing_low_10": 857.74,
    "tech_price_vs_swing_high": 0.0,
    "tech_price_vs_swing_low": 0.13407326229393257,
    "tech_swing_break_up": 1.0,
    "tech_swing_break_down": 0.0,
    "tech_volume_spike": 0.0,
    "tech_volume_spike_ratio": 0.3952662721893491,
    "micro_ob_best_bid_price": 858.89,
    "micro_ob_best_ask_price": 858.9,
    "micro_ob_best_bid_size": 173.8,
    "micro_ob_best_ask_size": 145.6,
    "micro_ob_spread_absolute": 0.009999999999990905,
    "micro_ob_spread_percentage": 0.001164286670662992,
    "micro_ob_bid_ask_size_ratio": 1.1936813186813189,
    "micro_ob_orderbook_imbalance_5": 0.5259913515502805,
    "micro_ob_orderbook_imbalance_10": 0.617295489202617,
    "micro_ob_orderbook_imbalance_20": 0.6537307325057973,
    "micro_ob_orderbook_vwap": 858.8457572925378,
    "micro_ob_buy_impact_0.1": 0.0,
    "micro_ob_sell_impact_0.1": -1.3236484034232095e-14,
    "micro_ob_buy_impact_1.0": 0.0,
    "micro_ob_sell_impact_1.0": 0.0,
    "micro_ob_buy_impact_10.0": 0.0,
    "micro_ob_sell_impact_10.0": 0.0,
    "micro_ob_bid_depth_concentration": 0.34202169340536975,
    "micro_ob_ask_depth_concentration": 0.5073862517234587,
    "micro_ob_bid_levels": 15,
    "micro_ob_ask_levels": 15,
    "micro_ob_total_bid_volume": 2424.7,
    "micro_ob_total_ask_volume": 507.7,
    "micro_ob_total_orderbook_volume": 2932.3999999999996,
    "micro_ob_order_flow_imbalance": 0.6537307325057973,
    "micro_ob_depth_imbalance_1": 0.08829054477144652,
    "micro_ob_depth_imbalance_5": 0.5259913515502805,
    "micro_ob_depth_imbalance_10": 0.617295489202617,
    "micro_ob_depth_imbalance_20": 0.6537307325057973,
    "micro_fr_funding_rate_current": 0.0001,
    "micro_fr_funding_rate_abs": 0.0001,
    "micro_fr_funding_rate_positive": 1.0,
    "micro_fr_funding_rate_negative": 0.0,
    "micro_fr_funding_rate_high": 0.0,
    "micro_fr_funding_rate_extreme": 0.0,
    "micro_fr_hours_to_next_funding": 0.0,
    "micro_fr_funding_imminent": 1.0,
    "micro_vp_volume_current": 601.153,
    "micro_vp_volume_mean": 419.10920999999985,
    "micro_vp_volume_std": 226.6651244243055,
    "micro_vp_volume_max": 773.001,
    "micro_vp_volume_sum": 41910.92099999999,
    "micro_vp_volume_ratio": 1.4343588393106423,
    "micro_vp_large_volume_trade": 0.0,
    "micro_vp_recent_vwap": 858.8303500844089,
    "micro_vp_price_vwap_deviation_pct": -0.004698260186656936,
    "micro_vp_price_clustering": 0.0,
    "micro_vp_volume_trend": 15.093884848484846,
    "micro_of_order_flow_imbalance": 0.6537307325057973,
    "micro_of_trade_flow_buy_pressure": 0.8268653662528986,
    "micro_of_trade_flow_sell_pressure": 0.17313463374710136,
    "micro_of_kyles_lambda_buy": 0.0,
    "micro_of_kyles_lambda_sell": 0.0,
    "micro_of_kyles_lambda_avg": 0.0,
    "micro_of_amihud_illiquidity": 0.016250677057011404,
    "micro_of_spread_dynamics_current": 0.001164286670662992,
    "micro_micro_funding_arbitrage": 0.0,
    "micro_micro_orderbook_pressure": 1.0,
    "micro_micro_liquidity_score": 1.0,
    "micro_micro_volume_spike": 0.0,
    "micro_micro_oi_divergence": 0.0,
    "micro_micro_composite_score": 0.5,
    "fee_maker_rate": 0.0002,
    "fee_taker_rate": 0.0008,
    "fee_round_trip_cost": 0.0016,
    "fee_breakeven_move_pct": 0.16,
    "fee_net_profit_threshold": 0.16,
    "exit_trigger": true,
    "exit_reason": "Trailing stop hit: 858.89 >= 858.74",
    "position_side": "SHORT",
    "entry_price": 858.51,
    "exit_price": 858.89,
    "position_size": 0.1,
    "hold_duration_hours": 0.34214462777777777
  },
  "output_prediction": {
    "signal": "EXIT_SHORT",
    "confidence": 1.0,
    "raw_model_outputs": {
      "action": "exit"
    }
  },
  "regime_info": {
    "regime": "unknown",
    "regime_confidence": 0.0,
    "atr_ratio": 1.0,
    "adx_value": 0.0,
    "is_exhausted": false,
    "is_weakening": false,
    "leverage_tier": "unknown"
  },
  "explanation": "BNBUSDT EXIT_SHORT (100% confidence) due to RSI at 45.2, MACD at -0.6577, ADX at 27.7, with no models active. The RSI is in overbought territory, suggesting potential for a short position. The negative MACD and low ADX indicate weak market momentum, further supporting the bearish trend.",
  "symbol": "cmt_bnbusdt",
  "position_size": 0.1,
  "risk_validation": {
    "checks_performed": [
      "Risk check: Close order - bypassing risk checks for position exit",
      "Trading status: Trading allowed within risk limits",
      "Leverage set: 10x"
    ],
    "all_checks_passed": true
  },
  "execution_details": {
    "order_type": "1",
    "side": "CLOSE_SHORT",
    "price": 858.89,
    "leverage": 10,
    "client_oid": "bb899d21-4526-4bfb-a1fd-63473e0da3e1",
    "symbol": "cmt_bnbusdt",
    "maker_fee_rate": 0.0002,
    "taker_fee_rate": 0.0008,
    "estimated_entry_fee": 0.6871120000000002,
    "estimated_exit_fee": 0.6871120000000002,
    "total_estimated_fees": 1.3742240000000003
  },
  "log_metadata": {
    "log_version": "2.3",
    "competition": "WEEX_AI_Trading_Hackathon_2025",
    "bot_name": "AlphaStrike",
    "compliance_status": "MANDATORY",
    "deepseek_enabled": true
  },
  "weex_response": {
    "code": "00000",
    "msg": "success",
    "request_time": 1767271552332,
    "data": "upload success",
    "upload_attempted": true,
    "upload_success": true,
    "upload_timestamp": "2026-01-01T12:45:52.247251Z",
    "error_details": null
  }
}