{
  "timestamp": "2026-01-01T13:30:04.301143Z",
  "order_id": "701598856730641325",
  "stage": "Decision Making",
  "model_version": "ollama:qwen2.5:1.5b+ensemble_v1.0",
  "input_features": {
    "tech_returns_1": 0.0,
    "tech_returns_5": 0.03856041131105048,
    "tech_returns_15": 0.11577051710831565,
    "tech_returns_60": 2.139107611548541,
    "tech_returns_240": 1.354343013413195,
    "tech_returns_1440": -0.7930416986441603,
    "tech_rsi_14": 66.31701086634894,
    "tech_rsi_7": 56.14602098674709,
    "tech_macd": 0.08283574020077822,
    "tech_macd_signal": 0.10952981967978927,
    "tech_macd_hist": -0.02669407947901105,
    "tech_stoch_k": 37.49999999999889,
    "tech_stoch_d": 48.28947368420862,
    "tech_ema_cross_9_21": 1.0,
    "tech_ema_cross_50_200": 1.0,
    "tech_ema_9": 77.82651645767585,
    "tech_ema_21": 77.7771953897352,
    "tech_ema_50": 77.51427526118803,
    "tech_price_ema_9_pct": 0.004476035267545268,
    "tech_price_ema_21_pct": 0.06789215013501186,
    "tech_adx": 27.015016444750394,
    "tech_adx_7": 17.477099390184517,
    "tech_adx_10": 19.358223481047713,
    "tech_adx_roc_5": -19.864918377722518,
    "tech_adx_slope_3": -2.969402338585052,
    "tech_adx_deceleration": 0.456831129013084,
    "tech_plus_di": 30.738777649782566,
    "tech_minus_di": 25.61479918629382,
    "tech_di_crossover": 0.0,
    "tech_atr_14": 0.03070930326713089,
    "tech_atr_pct": 0.039456897426610425,
    "tech_atr_14_avg": 0.04163976756200346,
    "tech_bb_upper": 77.93999945791238,
    "tech_bb_lower": 77.67300054208762,
    "tech_bb_width": 0.3431575971477414,
    "tech_bb_position": 0.5880153386668527,
    "tech_volatility_20": 0.006298484285915268,
    "tech_volume_ratio": 0.016403703783643777,
    "tech_obv": -32316.599999999995,
    "tech_momentum_10": -0.04000000000000625,
    "tech_roc_10": -0.051367664055490536,
    "tech_high_low_range": 0.0,
    "tech_body_ratio": 0.0,
    "tech_swing_high_10": 77.93,
    "tech_swing_low_10": 77.78,
    "tech_price_vs_swing_high": -0.12832028743745477,
    "tech_price_vs_swing_low": 0.06428387760349338,
    "tech_swing_break_up": 0.0,
    "tech_swing_break_down": 0.0,
    "tech_volume_spike": 0.0,
    "tech_volume_spike_ratio": 0.016403703783643777,
    "micro_ob_best_bid_price": 77.82,
    "micro_ob_best_ask_price": 77.83,
    "micro_ob_best_bid_size": 3279.9,
    "micro_ob_best_ask_size": 3391.7,
    "micro_ob_spread_absolute": 0.010000000000005116,
    "micro_ob_spread_percentage": 0.012849341471256173,
    "micro_ob_bid_ask_size_ratio": 0.9670371789957839,
    "micro_ob_orderbook_imbalance_5": -0.12708472147770372,
    "micro_ob_orderbook_imbalance_10": 0.083608576558469,
    "micro_ob_orderbook_imbalance_20": 0.13499258811211085,
    "micro_ob_orderbook_vwap": 77.79443393856204,
    "micro_ob_buy_impact_0.1": 0.0,
    "micro_ob_sell_impact_0.1": 0.0,
    "micro_ob_buy_impact_1.0": 0.0,
    "micro_ob_sell_impact_1.0": 0.0,
    "micro_ob_buy_impact_10.0": 0.0,
    "micro_ob_sell_impact_10.0": 0.0,
    "micro_ob_bid_depth_concentration": 0.3517299850619726,
    "micro_ob_ask_depth_concentration": 0.5958913180520313,
    "micro_ob_bid_levels": 15,
    "micro_ob_ask_levels": 15,
    "micro_ob_total_bid_volume": 24769.0,
    "micro_ob_total_ask_volume": 18877.1,
    "micro_ob_total_orderbook_volume": 43646.1,
    "micro_ob_order_flow_imbalance": 0.13499258811211085,
    "micro_ob_depth_imbalance_1": -0.016757599376461377,
    "micro_ob_depth_imbalance_5": -0.12708472147770372,
    "micro_ob_depth_imbalance_10": 0.083608576558469,
    "micro_ob_depth_imbalance_20": 0.13499258811211085,
    "micro_fr_funding_rate_current": 0.0001,
    "micro_fr_funding_rate_abs": 0.0001,
    "micro_fr_funding_rate_positive": 1.0,
    "micro_fr_funding_rate_negative": 0.0,
    "micro_fr_funding_rate_high": 0.0,
    "micro_fr_funding_rate_extreme": 0.0,
    "micro_fr_hours_to_next_funding": 0.0,
    "micro_fr_funding_imminent": 1.0,
    "micro_vp_volume_current": 474.763,
    "micro_vp_volume_mean": 395.60988999999995,
    "micro_vp_volume_std": 168.74956584091674,
    "micro_vp_volume_max": 692.687,
    "micro_vp_volume_sum": 39560.988999999994,
    "micro_vp_volume_ratio": 1.2000786936848318,
    "micro_vp_large_volume_trade": 0.0,
    "micro_vp_recent_vwap": 77.83000000000001,
    "micro_vp_price_vwap_deviation_pct": -1.8258839413082362e-14,
    "micro_vp_price_clustering": 0.0,
    "micro_vp_volume_trend": -5.188666666666665,
    "micro_of_order_flow_imbalance": 0.13499258811211085,
    "micro_of_trade_flow_buy_pressure": 0.5674962940560554,
    "micro_of_trade_flow_sell_pressure": 0.43250370594394455,
    "micro_of_kyles_lambda_buy": 0.0,
    "micro_of_kyles_lambda_sell": 0.0,
    "micro_of_kyles_lambda_avg": 0.0,
    "micro_of_amihud_illiquidity": 0.10777250136729558,
    "micro_of_spread_dynamics_current": 0.012849341471256173,
    "micro_micro_funding_arbitrage": 0.0,
    "micro_micro_orderbook_pressure": 0.0,
    "micro_micro_liquidity_score": 1.0,
    "micro_micro_volume_spike": 0.0,
    "micro_micro_oi_divergence": 0.0,
    "micro_micro_composite_score": 0.2,
    "fee_maker_rate": 0.0002,
    "fee_taker_rate": 0.0008,
    "fee_round_trip_cost": 0.0016,
    "fee_breakeven_move_pct": 0.16,
    "fee_net_profit_threshold": 0.16
  },
  "output_prediction": {
    "signal": "SHORT",
    "confidence": 0.45616386441052714,
    "raw_model_outputs": {
      "xgboost": 0.06934700161218643,
      "lightgbm": 0.030669805177174693,
      "lstm": 0.5546808242797852,
      "random_forest": 0.5238815441462673,
      "weighted_average": 0.27191806779473643
    }
  },
  "regime_info": {
    "regime": "trend_weakening",
    "regime_confidence": 0.530553167736454,
    "atr_ratio": 0.737499392171279,
    "adx_value": 27.015016444750394,
    "is_exhausted": false,
    "is_weakening": true,
    "leverage_tier": "unknown"
  },
  "explanation": "LTCUSDT short position due to high RSI at 66.3, MACD near zero (0.0828), ADX at 27.0 indicating weak trend reversal potential. Ensemble model predicts a slight upward move with an average of 0.27.",
  "symbol": "cmt_ltcusdt",
  "position_size": 0.2,
  "risk_validation": {
    "checks_performed": [
      "Wash trading check: No current position - any direction allowed",
      "Risk check: Order passes all risk checks (leverage: 3x, risk: 7.02%)",
      "Trading status: Trading allowed within risk limits",
      "Leverage set: 3x"
    ],
    "all_checks_passed": true
  },
  "execution_details": {
    "order_type": "1",
    "side": "OPEN_SHORT",
    "price": 77.83,
    "leverage": 3,
    "client_oid": "ea9c2c8f-088e-4097-9f80-f314805159c4",
    "symbol": "cmt_ltcusdt",
    "maker_fee_rate": 0.0002,
    "taker_fee_rate": 0.0008,
    "estimated_entry_fee": 0.0373584,
    "estimated_exit_fee": 0.0373584,
    "total_estimated_fees": 0.0747168
  },
  "log_metadata": {
    "log_version": "2.3",
    "competition": "WEEX_AI_Trading_Hackathon_2025",
    "bot_name": "AlphaStrike",
    "compliance_status": "MANDATORY",
    "deepseek_enabled": true
  },
  "weex_response": {
    "code": "00000",
    "msg": "success",
    "request_time": 1767274204382,
    "data": "upload success",
    "upload_attempted": true,
    "upload_success": true,
    "upload_timestamp": "2026-01-01T13:30:04.301271Z",
    "error_details": null
  }
}