{
  "timestamp": "2026-01-01T21:39:05.542173Z",
  "order_id": "701721927768605613",
  "stage": "Decision Making",
  "model_version": "ollama:qwen2.5:1.5b+ensemble_v1.0",
  "input_features": {
    "tech_returns_1": 0.0,
    "tech_returns_5": -0.050441361916764293,
    "tech_returns_15": -0.12600806451612545,
    "tech_returns_60": -0.20146058927221766,
    "tech_returns_240": 0.20227560050569693,
    "tech_returns_1440": -0.7930416986441603,
    "tech_rsi_14": 36.182366294579246,
    "tech_rsi_7": 28.03741930992541,
    "tech_macd": -0.028636788508435984,
    "tech_macd_signal": -0.020439615311637006,
    "tech_macd_hist": -0.008197173196798978,
    "tech_stoch_k": 6.250000000003331,
    "tech_stoch_d": 10.416666666669252,
    "tech_ema_cross_9_21": -1.0,
    "tech_ema_cross_50_200": 1.0,
    "tech_ema_9": 79.29962334500988,
    "tech_ema_21": 79.32976357567094,
    "tech_ema_50": 79.36297245164121,
    "tech_price_ema_9_pct": -0.04996662447875973,
    "tech_price_ema_21_pct": -0.08794123734452731,
    "tech_adx": 38.024709348757646,
    "tech_adx_7": 59.62494961357203,
    "tech_adx_10": 49.974908626373164,
    "tech_adx_roc_5": 9.975956012179715,
    "tech_adx_slope_3": 2.3389650827865047,
    "tech_adx_deceleration": 0.17399934677289508,
    "tech_plus_di": 13.67091050988581,
    "tech_minus_di": 43.46027053201576,
    "tech_di_crossover": 0.0,
    "tech_atr_14": 0.03194161493789244,
    "tech_atr_pct": 0.040299791746016195,
    "tech_atr_14_avg": 0.04240993675889166,
    "tech_bb_upper": 79.42207257452668,
    "tech_bb_lower": 79.25592742547332,
    "tech_bb_width": 0.20941170049201988,
    "tech_bb_position": 0.024512148262482478,
    "tech_volatility_20": 0.004698388601313105,
    "tech_volume_ratio": 0.08322685973878478,
    "tech_obv": -7643.299999999992,
    "tech_momentum_10": -0.0799999999999983,
    "tech_roc_10": -0.10083186286866663,
    "tech_high_low_range": 0.0,
    "tech_body_ratio": 0.0,
    "tech_swing_high_10": 79.36,
    "tech_swing_low_10": 79.25,
    "tech_price_vs_swing_high": -0.12600806451612187,
    "tech_price_vs_swing_low": 0.012618296529974909,
    "tech_swing_break_up": 0.0,
    "tech_swing_break_down": 0.0,
    "tech_volume_spike": 0.0,
    "tech_volume_spike_ratio": 0.08322685973878478,
    "micro_ob_best_bid_price": 79.27,
    "micro_ob_best_ask_price": 79.28,
    "micro_ob_best_bid_size": 3559.3,
    "micro_ob_best_ask_size": 3660.0,
    "micro_ob_spread_absolute": 0.010000000000005116,
    "micro_ob_spread_percentage": 0.012614317250085293,
    "micro_ob_bid_ask_size_ratio": 0.9724863387978142,
    "micro_ob_orderbook_imbalance_5": -0.3463857326167407,
    "micro_ob_orderbook_imbalance_10": -0.29762961607101995,
    "micro_ob_orderbook_imbalance_20": -0.2498177964599329,
    "micro_ob_orderbook_vwap": 79.27613256761083,
    "micro_ob_buy_impact_0.1": 0.0,
    "micro_ob_sell_impact_0.1": 0.0,
    "micro_ob_buy_impact_1.0": 0.0,
    "micro_ob_sell_impact_1.0": 0.0,
    "micro_ob_buy_impact_10.0": 0.0,
    "micro_ob_sell_impact_10.0": 0.0,
    "micro_ob_bid_depth_concentration": 0.4614281813216821,
    "micro_ob_ask_depth_concentration": 0.5705216706067769,
    "micro_ob_bid_levels": 15,
    "micro_ob_ask_levels": 15,
    "micro_ob_total_bid_volume": 19042.4,
    "micro_ob_total_ask_volume": 31725.0,
    "micro_ob_total_orderbook_volume": 50767.4,
    "micro_ob_order_flow_imbalance": -0.2498177964599329,
    "micro_ob_depth_imbalance_1": -0.013948720790104278,
    "micro_ob_depth_imbalance_5": -0.3463857326167407,
    "micro_ob_depth_imbalance_10": -0.29762961607101995,
    "micro_ob_depth_imbalance_20": -0.2498177964599329,
    "micro_fr_funding_rate_current": 0.0001,
    "micro_fr_funding_rate_abs": 0.0001,
    "micro_fr_funding_rate_mean": 0.0001,
    "micro_fr_funding_rate_std": 0.0,
    "micro_fr_funding_rate_min": 0.0001,
    "micro_fr_funding_rate_max": 0.0001,
    "micro_fr_funding_rate_skew": 0.0,
    "micro_fr_funding_rate_kurtosis": 0.0,
    "micro_fr_funding_rate_trend": -9.234190815370753e-21,
    "micro_fr_funding_rate_change": 0.0,
    "micro_fr_funding_rate_change_abs": 0.0,
    "micro_fr_funding_rate_positive": 1.0,
    "micro_fr_funding_rate_negative": 0.0,
    "micro_fr_funding_rate_high": 0.0,
    "micro_fr_funding_rate_extreme": 0.0,
    "micro_fr_hours_to_next_funding": 0.0,
    "micro_fr_funding_imminent": 1.0,
    "micro_vp_volume_current": 689.736,
    "micro_vp_volume_mean": 858.9988000000001,
    "micro_vp_volume_std": 4697.99745949171,
    "micro_vp_volume_max": 47568.0,
    "micro_vp_volume_sum": 85899.88,
    "micro_vp_volume_ratio": 0.802953391785879,
    "micro_vp_large_volume_trade": 0.0,
    "micro_vp_recent_vwap": 79.27999999999999,
    "micro_vp_price_vwap_deviation_pct": 1.792489242583502e-14,
    "micro_vp_price_clustering": 0.0,
    "micro_vp_volume_trend": 10.95505454545455,
    "micro_of_order_flow_imbalance": -0.2498177964599329,
    "micro_of_trade_flow_buy_pressure": 0.3750911017700335,
    "micro_of_trade_flow_sell_pressure": 0.6249088982299664,
    "micro_of_kyles_lambda_buy": 0.0,
    "micro_of_kyles_lambda_sell": 0.0,
    "micro_of_kyles_lambda_avg": 0.0,
    "micro_of_amihud_illiquidity": 0.057294473054955296,
    "micro_of_spread_dynamics_current": 0.012614317250085293,
    "micro_micro_funding_arbitrage": 0.0,
    "micro_micro_orderbook_pressure": -1.0,
    "micro_micro_liquidity_score": 1.0,
    "micro_micro_volume_spike": 0.0,
    "micro_micro_oi_divergence": 0.0,
    "micro_micro_composite_score": 0.5,
    "fee_maker_rate": 0.0002,
    "fee_taker_rate": 0.0008,
    "fee_round_trip_cost": 0.0016,
    "fee_breakeven_move_pct": 0.16,
    "fee_net_profit_threshold": 0.16
  },
  "output_prediction": {
    "signal": "SHORT",
    "confidence": 0.5649474659295369,
    "raw_model_outputs": {
      "xgboost": 0.18456019461154938,
      "lightgbm": 0.10554817022197745,
      "lstm": 0.25377559661865234,
      "random_forest": 0.3616363160815949,
      "weighted_average": 0.21752626703523154
    }
  },
  "regime_info": {
    "regime": "trending",
    "regime_confidence": 0.7562965121850918,
    "atr_ratio": 0.7531634654276056,
    "adx_value": 38.024709348757646,
    "is_exhausted": false,
    "is_weakening": false,
    "leverage_tier": "unknown"
  },
  "explanation": "LTCUSDT short position due to RSI at 36.2, MACD negative (-0.0286), ADX at 38.0, ensemble model averaging 0.22, indicating overbought conditions and potential price correction.",
  "symbol": "cmt_ltcusdt",
  "position_size": 0.2,
  "risk_validation": {
    "checks_performed": [
      "Wash trading check: Same direction - allowed",
      "Risk check: Order passes all risk checks (leverage: 4x, risk: 7.09%)",
      "Trading status: Trading allowed within risk limits",
      "Leverage set: 4x"
    ],
    "all_checks_passed": true
  },
  "execution_details": {
    "order_type": "1",
    "side": "OPEN_SHORT",
    "price": 79.26,
    "leverage": 4,
    "client_oid": "ab85fc02-6841-4ca6-8602-d9bc284236ee",
    "symbol": "cmt_ltcusdt",
    "maker_fee_rate": 0.0002,
    "taker_fee_rate": 0.0008,
    "estimated_entry_fee": 0.05072640000000001,
    "estimated_exit_fee": 0.05072640000000001,
    "total_estimated_fees": 0.10145280000000002
  },
  "log_metadata": {
    "log_version": "2.3",
    "competition": "WEEX_AI_Trading_Hackathon_2025",
    "bot_name": "AlphaStrike",
    "compliance_status": "MANDATORY",
    "deepseek_enabled": true
  },
  "weex_response": {
    "code": "00000",
    "msg": "success",
    "request_time": 1767303545617,
    "data": "upload success",
    "upload_attempted": true,
    "upload_success": true,
    "upload_timestamp": "2026-01-01T21:39:05.542250Z",
    "error_details": null
  }
}