{
  "timestamp": "2026-01-01T22:28:59.062277Z",
  "order_id": "701734483031753645",
  "stage": "Decision Making",
  "model_version": "ollama:qwen2.5:1.5b+ensemble_v1.0",
  "input_features": {
    "tech_returns_1": -0.012033050779480803,
    "tech_returns_5": 0.052511346798977954,
    "tech_returns_15": 0.04715734835234464,
    "tech_returns_60": 0.006686279753953528,
    "tech_returns_240": 0.1852056519540346,
    "tech_returns_1440": -0.4005915401743241,
    "tech_rsi_14": 58.324446322390244,
    "tech_rsi_7": 61.38097281447106,
    "tech_macd": 0.4331407624026724,
    "tech_macd_signal": 0.33450495208506675,
    "tech_macd_hist": 0.09863581031760565,
    "tech_stoch_k": 86.42384105960738,
    "tech_stoch_d": 94.48123620309552,
    "tech_ema_cross_9_21": 1.0,
    "tech_ema_cross_50_200": 1.0,
    "tech_ema_9": 2990.950729221439,
    "tech_ema_21": 2990.519001993932,
    "tech_ema_50": 2989.926169813698,
    "tech_price_ema_9_pct": 0.015021002324506136,
    "tech_price_ema_21_pct": 0.02945970266301043,
    "tech_adx": 26.339508455561987,
    "tech_adx_7": 41.93354601460958,
    "tech_adx_10": 32.908967059728404,
    "tech_adx_roc_5": 0.9414397662980072,
    "tech_adx_slope_3": 0.04560939314301926,
    "tech_adx_deceleration": -1.8509523642329437,
    "tech_plus_di": 41.972057131950415,
    "tech_minus_di": 30.716064734797467,
    "tech_di_crossover": 0.0,
    "tech_atr_14": 0.5549173062827563,
    "tech_atr_pct": 0.018550421417488673,
    "tech_atr_14_avg": 0.6290024999691045,
    "tech_bb_upper": 2992.3122326808348,
    "tech_bb_lower": 2988.883767319165,
    "tech_bb_width": 0.11464146507386226,
    "tech_bb_position": 0.7339239033786153,
    "tech_volatility_20": 0.003881704967040523,
    "tech_volume_ratio": 1.0390829506260861,
    "tech_obv": 2855.9850000000088,
    "tech_momentum_10": 0.2699999999999818,
    "tech_roc_10": 0.009026688910207525,
    "tech_high_low_range": 0.017717456709239823,
    "tech_body_ratio": 0.6792452828906922,
    "tech_swing_high_10": 2991.81,
    "tech_swing_low_10": 2988.79,
    "tech_price_vs_swing_high": -0.013704078801790706,
    "tech_price_vs_swing_low": 0.08732630930912266,
    "tech_swing_break_up": 0.0,
    "tech_swing_break_down": 0.0,
    "tech_volume_spike": 0.0,
    "tech_volume_spike_ratio": 1.0390829506260861,
    "micro_ob_best_bid_price": 2991.39,
    "micro_ob_best_ask_price": 2991.4,
    "micro_ob_best_bid_size": 40.396,
    "micro_ob_best_ask_size": 43.533,
    "micro_ob_spread_absolute": 0.010000000000218279,
    "micro_ob_spread_percentage": 0.00033429219478598707,
    "micro_ob_bid_ask_size_ratio": 0.9279397238876255,
    "micro_ob_orderbook_imbalance_5": -0.17541683086908078,
    "micro_ob_orderbook_imbalance_10": -0.10823355124563377,
    "micro_ob_orderbook_imbalance_20": -0.06305901965184496,
    "micro_ob_orderbook_vwap": 2991.4011703045785,
    "micro_ob_buy_impact_0.1": 0.0,
    "micro_ob_sell_impact_0.1": 0.0,
    "micro_ob_buy_impact_1.0": 0.0,
    "micro_ob_sell_impact_1.0": 0.0,
    "micro_ob_buy_impact_10.0": 0.0,
    "micro_ob_sell_impact_10.0": 0.0,
    "micro_ob_bid_depth_concentration": 0.38660553388535324,
    "micro_ob_ask_depth_concentration": 0.4857137112987535,
    "micro_ob_bid_levels": 15,
    "micro_ob_ask_levels": 15,
    "micro_ob_total_bid_volume": 219.195,
    "micro_ob_total_ask_volume": 248.7,
    "micro_ob_total_orderbook_volume": 467.895,
    "micro_ob_order_flow_imbalance": -0.06305901965184496,
    "micro_ob_depth_imbalance_1": -0.037376830416185114,
    "micro_ob_depth_imbalance_5": -0.17541683086908078,
    "micro_ob_depth_imbalance_10": -0.10823355124563377,
    "micro_ob_depth_imbalance_20": -0.06305901965184496,
    "micro_fr_funding_rate_current": 7.192e-05,
    "micro_fr_funding_rate_abs": 7.192e-05,
    "micro_fr_funding_rate_mean": 3.7695100000000004e-05,
    "micro_fr_funding_rate_std": 3.513862372077199e-05,
    "micro_fr_funding_rate_min": -1.246e-05,
    "micro_fr_funding_rate_max": 7.696e-05,
    "micro_fr_funding_rate_skew": -0.2646016038179008,
    "micro_fr_funding_rate_kurtosis": -1.6570940962799077,
    "micro_fr_funding_rate_trend": -5.260000000000151e-07,
    "micro_fr_funding_rate_change": -1.3999999999999527e-07,
    "micro_fr_funding_rate_change_abs": 1.3999999999999527e-07,
    "micro_fr_funding_rate_positive": 1.0,
    "micro_fr_funding_rate_negative": 0.0,
    "micro_fr_funding_rate_high": 0.0,
    "micro_fr_funding_rate_extreme": 0.0,
    "micro_fr_hours_to_next_funding": 0.0,
    "micro_fr_funding_imminent": 1.0,
    "micro_vp_volume_current": 116.6646,
    "micro_vp_volume_mean": 128.3310449,
    "micro_vp_volume_std": 559.9529145001094,
    "micro_vp_volume_max": 5674.6858,
    "micro_vp_volume_sum": 12833.10449,
    "micro_vp_volume_ratio": 0.909091016058578,
    "micro_vp_large_volume_trade": 0.0,
    "micro_vp_recent_vwap": 2991.399648020049,
    "micro_vp_price_vwap_deviation_pct": 1.1766396755195955e-05,
    "micro_vp_price_clustering": 0.0,
    "micro_vp_volume_trend": 11.748043636363635,
    "micro_of_order_flow_imbalance": -0.06305901965184496,
    "micro_of_trade_flow_buy_pressure": 0.46847049017407755,
    "micro_of_trade_flow_sell_pressure": 0.5315295098259225,
    "micro_of_kyles_lambda_buy": 0.0,
    "micro_of_kyles_lambda_sell": 0.0,
    "micro_of_kyles_lambda_avg": 0.0,
    "micro_of_amihud_illiquidity": 0.05309739273626204,
    "micro_of_spread_dynamics_current": 0.00033429219478598707,
    "micro_micro_funding_arbitrage": 0.0,
    "micro_micro_orderbook_pressure": -0.5,
    "micro_micro_liquidity_score": 0.75,
    "micro_micro_volume_spike": 0.0,
    "micro_micro_oi_divergence": 0.0,
    "micro_micro_composite_score": 0.30000000000000004,
    "fee_maker_rate": 0.0002,
    "fee_taker_rate": 0.0008,
    "fee_round_trip_cost": 0.0016,
    "fee_breakeven_move_pct": 0.16,
    "fee_net_profit_threshold": 0.16
  },
  "output_prediction": {
    "signal": "SHORT",
    "confidence": 0.5615912425567756,
    "raw_model_outputs": {
      "xgboost": 0.17115868628025055,
      "lightgbm": 0.11897992354920951,
      "lstm": 0.2872893512248993,
      "random_forest": 0.33144725209359754,
      "weighted_average": 0.2192043787216122
    }
  },
  "regime_info": {
    "regime": "trending",
    "regime_confidence": 0.6160741014667438,
    "atr_ratio": 0.8822179662402182,
    "adx_value": 26.339508455561987,
    "is_exhausted": false,
    "is_weakening": false,
    "leverage_tier": "unknown"
  },
  "explanation": "ETHUSDT is shorted due to a bullish RSI at 58.3, MACD at 0.4331 positive, ADX at 26.3 indicating strong momentum, with an ensemble average model score of 0.22 suggesting support. This combination points towards potential upward price movement.",
  "symbol": "cmt_ethusdt",
  "position_size": 0.004,
  "risk_validation": {
    "checks_performed": [
      "Wash trading check: Same direction - allowed",
      "Risk check: Order passes all risk checks (leverage: 5x, risk: 6.53%)",
      "Trading status: Trading allowed within risk limits",
      "Leverage set: 5x"
    ],
    "all_checks_passed": true
  },
  "execution_details": {
    "order_type": "1",
    "side": "OPEN_SHORT",
    "price": 2991.4,
    "leverage": 5,
    "client_oid": "20528c08-5342-4642-9705-6f30ed3dd038",
    "symbol": "cmt_ethusdt",
    "maker_fee_rate": 0.0002,
    "taker_fee_rate": 0.0008,
    "estimated_entry_fee": 0.047862400000000006,
    "estimated_exit_fee": 0.047862400000000006,
    "total_estimated_fees": 0.09572480000000001
  },
  "log_metadata": {
    "log_version": "2.3",
    "competition": "WEEX_AI_Trading_Hackathon_2025",
    "bot_name": "AlphaStrike",
    "compliance_status": "MANDATORY",
    "deepseek_enabled": true
  },
  "weex_response": {
    "code": "00000",
    "msg": "success",
    "request_time": 1767306539149,
    "data": "upload success",
    "upload_attempted": true,
    "upload_success": true,
    "upload_timestamp": "2026-01-01T22:28:59.062357Z",
    "error_details": null
  }
}