{
  "timestamp": "2026-01-01T11:40:40.713674Z",
  "order_id": "701571326011245485",
  "stage": "Decision Making",
  "model_version": "ollama:qwen2.5:1.5b+ensemble_v1.0",
  "input_features": {
    "tech_returns_1": 0.02580978190735994,
    "tech_returns_5": 0.06454944487479519,
    "tech_returns_15": 0.07746933505488052,
    "tech_returns_60": 0.038719669592146566,
    "tech_returns_240": 1.1879895561357934,
    "tech_returns_1440": -0.9204806954743019,
    "tech_rsi_14": 63.775505602366394,
    "tech_rsi_7": 73.63495748581312,
    "tech_macd": 0.008746834249990343,
    "tech_macd_signal": 0.0028894936254121473,
    "tech_macd_hist": 0.0058573406245781955,
    "tech_stoch_k": 90.90909090909913,
    "tech_stoch_d": 80.30303030303303,
    "tech_ema_cross_9_21": 1.0,
    "tech_ema_cross_50_200": 1.0,
    "tech_ema_9": 77.46593280301651,
    "tech_ema_21": 77.45471112433586,
    "tech_ema_50": 77.43193328461533,
    "tech_price_ema_9_pct": 0.05688590505396323,
    "tech_price_ema_21_pct": 0.07138219852810872,
    "tech_adx": 19.522801087203227,
    "tech_adx_7": 39.88552492055923,
    "tech_adx_10": 27.85147960544208,
    "tech_adx_roc_5": 3.603532998747882,
    "tech_adx_slope_3": 3.3344093611090573,
    "tech_adx_deceleration": 2.415660355853202,
    "tech_plus_di": 47.65857110125658,
    "tech_minus_di": 17.011700970998035,
    "tech_di_crossover": 0.0,
    "tech_atr_14": 0.025702175184761904,
    "tech_atr_pct": 0.03315981832636035,
    "tech_atr_14_avg": 0.026321226859412235,
    "tech_bb_upper": 77.49325770608712,
    "tech_bb_lower": 77.40574229391288,
    "tech_bb_width": 0.1129967426184045,
    "tech_bb_position": 1.1913068052464924,
    "tech_volatility_20": 0.003961025869556591,
    "tech_volume_ratio": 0.5888676405689519,
    "tech_obv": -20417.499999999996,
    "tech_momentum_10": 0.060000000000002274,
    "tech_roc_10": 0.07746933505488052,
    "tech_high_low_range": 0.03870468326667673,
    "tech_body_ratio": 0.6666666644447602,
    "tech_swing_high_10": 77.52,
    "tech_swing_low_10": 77.42,
    "tech_price_vs_swing_high": -0.01289989680081386,
    "tech_price_vs_swing_low": 0.11624903125807724,
    "tech_swing_break_up": 1.0,
    "tech_swing_break_down": 0.0,
    "tech_volume_spike": 0.0,
    "tech_volume_spike_ratio": 0.5888676405689519,
    "micro_ob_best_bid_price": 77.5,
    "micro_ob_best_ask_price": 77.51,
    "micro_ob_best_bid_size": 3828.5,
    "micro_ob_best_ask_size": 3483.6,
    "micro_ob_spread_absolute": 0.010000000000005116,
    "micro_ob_spread_percentage": 0.012902393393981183,
    "micro_ob_bid_ask_size_ratio": 1.0990067746009875,
    "micro_ob_orderbook_imbalance_5": 0.18630483489728156,
    "micro_ob_orderbook_imbalance_10": 0.2223334563861272,
    "micro_ob_orderbook_imbalance_20": 0.18683097777174432,
    "micro_ob_orderbook_vwap": 77.47023535411047,
    "micro_ob_buy_impact_0.1": 0.0,
    "micro_ob_sell_impact_0.1": 0.0,
    "micro_ob_buy_impact_1.0": 0.0,
    "micro_ob_sell_impact_1.0": 0.0,
    "micro_ob_buy_impact_10.0": 0.0,
    "micro_ob_sell_impact_10.0": 0.0,
    "micro_ob_bid_depth_concentration": 0.5304850667231519,
    "micro_ob_ask_depth_concentration": 0.5310637350678901,
    "micro_ob_bid_levels": 15,
    "micro_ob_ask_levels": 15,
    "micro_ob_total_bid_volume": 23605.0,
    "micro_ob_total_ask_volume": 16173.2,
    "micro_ob_total_orderbook_volume": 39778.2,
    "micro_ob_order_flow_imbalance": 0.18683097777174432,
    "micro_ob_depth_imbalance_1": 0.04716839211717565,
    "micro_ob_depth_imbalance_5": 0.18630483489728156,
    "micro_ob_depth_imbalance_10": 0.2223334563861272,
    "micro_ob_depth_imbalance_20": 0.18683097777174432,
    "micro_fr_funding_rate_current": 0.0001,
    "micro_fr_funding_rate_abs": 0.0001,
    "micro_fr_funding_rate_mean": 0.0001,
    "micro_fr_funding_rate_std": 0.0,
    "micro_fr_funding_rate_min": 0.0001,
    "micro_fr_funding_rate_max": 0.0001,
    "micro_fr_funding_rate_skew": 0.0,
    "micro_fr_funding_rate_kurtosis": 0.0,
    "micro_fr_funding_rate_trend": -9.234190815370753e-21,
    "micro_fr_funding_rate_change": 0.0,
    "micro_fr_funding_rate_change_abs": 0.0,
    "micro_fr_funding_rate_positive": 1.0,
    "micro_fr_funding_rate_negative": 0.0,
    "micro_fr_funding_rate_high": 0.0,
    "micro_fr_funding_rate_extreme": 0.0,
    "micro_fr_hours_to_next_funding": 0.0,
    "micro_fr_funding_imminent": 1.0,
    "micro_vp_volume_current": 92.928,
    "micro_vp_volume_mean": 354.37682,
    "micro_vp_volume_std": 183.69902048477994,
    "micro_vp_volume_max": 689.661,
    "micro_vp_volume_sum": 35437.682,
    "micro_vp_volume_ratio": 0.26222934107259044,
    "micro_vp_large_volume_trade": 0.0,
    "micro_vp_recent_vwap": 77.47635903781742,
    "micro_vp_price_vwap_deviation_pct": -0.04692920300974912,
    "micro_vp_price_clustering": 0.0,
    "micro_vp_volume_trend": -32.33706666666667,
    "micro_of_order_flow_imbalance": 0.18683097777174432,
    "micro_of_trade_flow_buy_pressure": 0.5934154888858723,
    "micro_of_trade_flow_sell_pressure": 0.4065845111141279,
    "micro_of_kyles_lambda_buy": 0.0,
    "micro_of_kyles_lambda_sell": 0.0,
    "micro_of_kyles_lambda_avg": 0.0,
    "micro_of_amihud_illiquidity": 0.04332133549723293,
    "micro_of_spread_dynamics_current": 0.012902393393981183,
    "micro_micro_funding_arbitrage": 0.0,
    "micro_micro_orderbook_pressure": 0.5,
    "micro_micro_liquidity_score": 1.0,
    "micro_micro_volume_spike": 0.0,
    "micro_micro_oi_divergence": 0.0,
    "micro_micro_composite_score": 0.35,
    "fee_maker_rate": 0.0002,
    "fee_taker_rate": 0.0008,
    "fee_round_trip_cost": 0.0016,
    "fee_breakeven_move_pct": 0.16,
    "fee_net_profit_threshold": 0.16
  },
  "output_prediction": {
    "signal": "SHORT",
    "confidence": 0.4637498276132077,
    "raw_model_outputs": {
      "xgboost": 0.16476914286613464,
      "lightgbm": 0.10679167920973826,
      "lstm": 0.4195384681224823,
      "random_forest": 0.43555901387605156,
      "weighted_average": 0.26812508619339614
    }
  },
  "explanation": "The short position in LTCUSDT is based on a high RSI of 63.8, indicating overbought conditions; MACD at 0.0087 suggests an oversold environment; ADX at 19.5 indicates weak trend strength; ensemble model averaging predicts a slight positive outcome (0.27).",
  "symbol": "cmt_ltcusdt",
  "position_size": 0.2,
  "risk_validation": {
    "checks_performed": [
      "Wash trading check: No current position - any direction allowed",
      "Risk check: Order passes all risk checks (leverage: 3x, risk: 6.84%)",
      "Trading status: Trading allowed within risk limits",
      "Leverage set: 3x"
    ],
    "all_checks_passed": true
  },
  "execution_details": {
    "order_type": "1",
    "side": "OPEN_SHORT",
    "price": 77.51,
    "leverage": 3,
    "client_oid": "056dfdf8-9af8-40a0-acda-19ecf3907f32",
    "symbol": "cmt_ltcusdt",
    "maker_fee_rate": 0.0002,
    "taker_fee_rate": 0.0008,
    "estimated_entry_fee": 0.03720480000000001,
    "estimated_exit_fee": 0.03720480000000001,
    "total_estimated_fees": 0.07440960000000002
  },
  "log_metadata": {
    "log_version": "2.3",
    "competition": "WEEX_AI_Trading_Hackathon_2025",
    "bot_name": "AlphaStrike",
    "compliance_status": "MANDATORY",
    "deepseek_enabled": true
  },
  "weex_response": {
    "code": "00000",
    "msg": "success",
    "request_time": 1767267640800,
    "data": "upload success",
    "upload_attempted": true,
    "upload_success": true,
    "upload_timestamp": "2026-01-01T11:40:40.713768Z",
    "error_details": null
  }
}