{
  "timestamp": "2026-01-01T10:55:26.090910Z",
  "order_id": "701559939331523501",
  "stage": "Decision Making",
  "model_version": "ollama:qwen2.5:1.5b+exit_manager_v1",
  "input_features": {
    "tech_returns_1": 0.016008965020408716,
    "tech_returns_5": 0.048042277203941275,
    "tech_returns_15": -0.09594627008874257,
    "tech_returns_60": 0.14426544842511824,
    "tech_returns_240": 1.051354630004031,
    "tech_returns_1440": -1.231449321124094,
    "tech_rsi_14": 44.13902149068978,
    "tech_rsi_7": 51.962929052614804,
    "tech_macd": -0.03840899496884731,
    "tech_macd_signal": -0.03622808976576468,
    "tech_macd_hist": -0.002180905203082631,
    "tech_stoch_k": 57.14285714285569,
    "tech_stoch_d": 39.192546583850856,
    "tech_ema_cross_9_21": -1.0,
    "tech_ema_cross_50_200": 1.0,
    "tech_ema_9": 124.93306013977036,
    "tech_ema_21": 124.97020792847849,
    "tech_ema_50": 125.00040629023661,
    "tech_price_ema_9_pct": 0.01355914936421908,
    "tech_price_ema_21_pct": -0.01617019673204799,
    "tech_adx": 37.19677363102031,
    "tech_adx_7": 51.071457287034804,
    "tech_adx_10": 43.297610449917414,
    "tech_adx_roc_5": -17.215568828019855,
    "tech_adx_slope_3": -5.557444618138785,
    "tech_adx_deceleration": 1.3641874931016815,
    "tech_plus_di": 27.00093695049141,
    "tech_minus_di": 30.89563184381016,
    "tech_di_crossover": 0.0,
    "tech_atr_14": 0.03475287271341897,
    "tech_atr_pct": 0.027813423540151233,
    "tech_atr_14_avg": 0.04052025162992277,
    "tech_bb_upper": 125.17763329360658,
    "tech_bb_lower": 124.79636670639341,
    "tech_bb_width": 0.3050449944499522,
    "tech_bb_position": 0.4029550418502693,
    "tech_volatility_20": 0.004229421753988994,
    "tech_volume_ratio": 0.8189838302551671,
    "tech_obv": -44111.49999999998,
    "tech_momentum_10": -0.030000000000001137,
    "tech_roc_10": -0.024003840614494898,
    "tech_high_low_range": 0.024009603841537525,
    "tech_body_ratio": 0.6666666644442866,
    "tech_swing_high_10": 124.99,
    "tech_swing_low_10": 124.87,
    "tech_price_vs_swing_high": -0.03200256020481002,
    "tech_price_vs_swing_low": 0.06406662929446488,
    "tech_swing_break_up": 0.0,
    "tech_swing_break_down": 0.0,
    "tech_volume_spike": 0.0,
    "tech_volume_spike_ratio": 0.8189838302551671,
    "micro_ob_best_bid_price": 124.92,
    "micro_ob_best_ask_price": 124.93,
    "micro_ob_best_bid_size": 2664.2,
    "micro_ob_best_ask_size": 2540.2,
    "micro_ob_spread_absolute": 0.010000000000005116,
    "micro_ob_spread_percentage": 0.008004802881733133,
    "micro_ob_bid_ask_size_ratio": 1.0488150539327612,
    "micro_ob_orderbook_imbalance_5": -0.10248653434663907,
    "micro_ob_orderbook_imbalance_10": -0.3475239880886732,
    "micro_ob_orderbook_imbalance_20": -0.4335458879091529,
    "micro_ob_orderbook_vwap": 124.96427369198383,
    "micro_ob_buy_impact_0.1": 1.1375053802290885e-14,
    "micro_ob_sell_impact_0.1": 0.0,
    "micro_ob_buy_impact_1.0": 0.0,
    "micro_ob_sell_impact_1.0": 0.0,
    "micro_ob_buy_impact_10.0": 1.1375053802290885e-14,
    "micro_ob_sell_impact_10.0": 0.0,
    "micro_ob_bid_depth_concentration": 0.6837079458659389,
    "micro_ob_ask_depth_concentration": 0.3318608966892385,
    "micro_ob_bid_levels": 15,
    "micro_ob_ask_levels": 15,
    "micro_ob_total_bid_volume": 16012.1,
    "micro_ob_total_ask_volume": 40522.4,
    "micro_ob_total_orderbook_volume": 56534.5,
    "micro_ob_order_flow_imbalance": -0.4335458879091529,
    "micro_ob_depth_imbalance_1": 0.023825993390208286,
    "micro_ob_depth_imbalance_5": -0.10248653434663907,
    "micro_ob_depth_imbalance_10": -0.3475239880886732,
    "micro_ob_depth_imbalance_20": -0.4335458879091529,
    "micro_fr_funding_rate_current": 1.648e-05,
    "micro_fr_funding_rate_abs": 1.648e-05,
    "micro_fr_funding_rate_positive": 1.0,
    "micro_fr_funding_rate_negative": 0.0,
    "micro_fr_funding_rate_high": 0.0,
    "micro_fr_funding_rate_extreme": 0.0,
    "micro_fr_hours_to_next_funding": 0.0,
    "micro_fr_funding_imminent": 1.0,
    "micro_vp_volume_current": 949.468,
    "micro_vp_volume_mean": 682.36766,
    "micro_vp_volume_std": 333.93384716033864,
    "micro_vp_volume_max": 1236.807,
    "micro_vp_volume_sum": 68236.766,
    "micro_vp_volume_ratio": 1.3914317099963383,
    "micro_vp_large_volume_trade": 0.0,
    "micro_vp_recent_vwap": 124.93,
    "micro_vp_price_vwap_deviation_pct": 0.0,
    "micro_vp_price_clustering": 0.0,
    "micro_vp_volume_trend": 49.21484848484849,
    "micro_of_order_flow_imbalance": -0.4335458879091529,
    "micro_of_trade_flow_buy_pressure": 0.2832270560454236,
    "micro_of_trade_flow_sell_pressure": 0.7167729439545765,
    "micro_of_kyles_lambda_buy": 1.1375053802290886e-15,
    "micro_of_kyles_lambda_sell": 0.0,
    "micro_of_kyles_lambda_avg": 5.687526901145443e-16,
    "micro_of_amihud_illiquidity": 0.011060051234850767,
    "micro_of_spread_dynamics_current": 0.008004802881733133,
    "micro_micro_funding_arbitrage": 0.0,
    "micro_micro_orderbook_pressure": -1.0,
    "micro_micro_liquidity_score": 1.0,
    "micro_micro_volume_spike": 0.0,
    "micro_micro_oi_divergence": 0.0,
    "micro_micro_composite_score": 0.5,
    "fee_maker_rate": 0.0002,
    "fee_taker_rate": 0.0008,
    "fee_round_trip_cost": 0.0016,
    "fee_breakeven_move_pct": 0.16,
    "fee_net_profit_threshold": 0.16,
    "exit_trigger": true,
    "exit_reason": "Trailing stop hit: 124.96 >= 124.94",
    "position_side": "SHORT",
    "entry_price": 125.13,
    "exit_price": 124.96,
    "position_size": 0.1,
    "hold_duration_hours": 0.7652977594444444
  },
  "output_prediction": {
    "signal": "EXIT_SHORT",
    "confidence": 1.0,
    "raw_model_outputs": {
      "action": "exit"
    }
  },
  "explanation": "The short position in SOLUSDT is confirmed due to a RSI of 44.1, MACD at -0.0384, ADX at 37.2, with no models matching this scenario. The combination suggests oversold conditions and potential for price reversal down, aligning with the signal.",
  "symbol": "cmt_solusdt",
  "position_size": 0.1,
  "risk_validation": {
    "checks_performed": [
      "Risk check: Close order - bypassing risk checks for position exit",
      "Trading status: Trading allowed within risk limits",
      "Leverage set: 4x"
    ],
    "all_checks_passed": true
  },
  "execution_details": {
    "order_type": "1",
    "side": "CLOSE_SHORT",
    "price": 124.96,
    "leverage": 4,
    "client_oid": "e843cb48-0cb6-47b7-9325-22d17feb8eca",
    "symbol": "cmt_solusdt",
    "maker_fee_rate": 0.0002,
    "taker_fee_rate": 0.0008,
    "estimated_entry_fee": 0.0399872,
    "estimated_exit_fee": 0.0399872,
    "total_estimated_fees": 0.0799744
  },
  "log_metadata": {
    "log_version": "2.3",
    "competition": "WEEX_AI_Trading_Hackathon_2025",
    "bot_name": "AlphaStrike",
    "compliance_status": "MANDATORY",
    "deepseek_enabled": true
  },
  "weex_response": {
    "code": "00000",
    "msg": "success",
    "request_time": 1767264926176,
    "data": "upload success",
    "upload_attempted": true,
    "upload_success": true,
    "upload_timestamp": "2026-01-01T10:55:26.091003Z",
    "error_details": null
  }
}