{
  "timestamp": "2026-01-01T23:09:29.330723Z",
  "order_id": "701744675932865453",
  "stage": "Decision Making",
  "model_version": "ollama:qwen2.5:1.5b+ensemble_v1.0",
  "input_features": {
    "tech_returns_1": -0.0053419160117251785,
    "tech_returns_5": 0.08186942995485058,
    "tech_returns_15": 0.0010016727935768799,
    "tech_returns_60": 0.12101357224041376,
    "tech_returns_240": 0.2674897808190746,
    "tech_returns_1440": -0.4005915401743241,
    "tech_rsi_14": 52.4451704601932,
    "tech_rsi_7": 49.39443546433139,
    "tech_macd": 0.7365374485425491,
    "tech_macd_signal": 1.0949774495959803,
    "tech_macd_hist": -0.3584400010534312,
    "tech_stoch_k": 35.714285714284884,
    "tech_stoch_d": 36.36621315192668,
    "tech_ema_cross_9_21": 1.0,
    "tech_ema_cross_50_200": 1.0,
    "tech_ema_9": 2995.1128801501904,
    "tech_ema_21": 2994.695692436034,
    "tech_ema_50": 2993.1193600348934,
    "tech_price_ema_9_pct": -0.0031010567516844226,
    "tech_price_ema_21_pct": 0.010829399620979537,
    "tech_adx": 18.6622228425869,
    "tech_adx_7": 15.974375469989885,
    "tech_adx_10": 16.97997104738706,
    "tech_adx_roc_5": -13.350571997850345,
    "tech_adx_slope_3": -2.683465199591172,
    "tech_adx_deceleration": 0.4128407999371042,
    "tech_plus_di": 23.72260996848793,
    "tech_minus_di": 22.580952299616104,
    "tech_di_crossover": 0.0,
    "tech_atr_14": 2.152448747526766,
    "tech_atr_pct": 0.07186759178659127,
    "tech_atr_14_avg": 1.6769731958323153,
    "tech_bb_upper": 3000.401231253398,
    "tech_bb_lower": 2990.276768746602,
    "tech_bb_width": 0.33800723413262007,
    "tech_bb_position": 0.4684921545429357,
    "tech_volatility_20": 0.009094061574248474,
    "tech_volume_ratio": 0.06536549227642334,
    "tech_obv": 2394.9279999999994,
    "tech_momentum_10": -2.6100000000001273,
    "tech_roc_10": -0.08706878433962784,
    "tech_high_low_range": 0.00901496484163651,
    "tech_body_ratio": 0.5925925923726147,
    "tech_swing_high_10": 3002.58,
    "tech_swing_low_10": 2990.82,
    "tech_price_vs_swing_high": -0.25178346621904985,
    "tech_price_vs_swing_low": 0.14042971492767262,
    "tech_swing_break_up": 0.0,
    "tech_swing_break_down": 0.0,
    "tech_volume_spike": 0.0,
    "tech_volume_spike_ratio": 0.06536549227642334,
    "micro_ob_best_bid_price": 2995.0,
    "micro_ob_best_ask_price": 2995.01,
    "micro_ob_best_bid_size": 47.035,
    "micro_ob_best_ask_size": 47.628,
    "micro_ob_spread_absolute": 0.010000000000218279,
    "micro_ob_spread_percentage": 0.0003338892589567723,
    "micro_ob_bid_ask_size_ratio": 0.9875493407239438,
    "micro_ob_orderbook_imbalance_5": -0.2800774407670324,
    "micro_ob_orderbook_imbalance_10": -0.2118807206160105,
    "micro_ob_orderbook_imbalance_20": -0.1574234835967196,
    "micro_ob_orderbook_vwap": 2995.0213672272266,
    "micro_ob_buy_impact_0.1": 0.0,
    "micro_ob_sell_impact_0.1": 0.0,
    "micro_ob_buy_impact_1.0": 0.0,
    "micro_ob_sell_impact_1.0": 0.0,
    "micro_ob_buy_impact_10.0": 0.0,
    "micro_ob_sell_impact_10.0": 0.0,
    "micro_ob_bid_depth_concentration": 0.4751813067361469,
    "micro_ob_ask_depth_concentration": 0.6150732925257733,
    "micro_ob_bid_levels": 15,
    "micro_ob_ask_levels": 15,
    "micro_ob_total_bid_volume": 180.771,
    "micro_ob_total_ask_volume": 248.32,
    "micro_ob_total_orderbook_volume": 429.091,
    "micro_ob_order_flow_imbalance": -0.1574234835967196,
    "micro_ob_depth_imbalance_1": -0.006264327139431494,
    "micro_ob_depth_imbalance_5": -0.2800774407670324,
    "micro_ob_depth_imbalance_10": -0.2118807206160105,
    "micro_ob_depth_imbalance_20": -0.1574234835967196,
    "micro_fr_funding_rate_current": 6.565e-05,
    "micro_fr_funding_rate_abs": 6.565e-05,
    "micro_fr_funding_rate_mean": 4.26815e-05,
    "micro_fr_funding_rate_std": 3.3969517581943965e-05,
    "micro_fr_funding_rate_min": -1.246e-05,
    "micro_fr_funding_rate_max": 7.696e-05,
    "micro_fr_funding_rate_skew": -0.560398275974973,
    "micro_fr_funding_rate_kurtosis": -1.3762655546113343,
    "micro_fr_funding_rate_trend": -7.150000000000097e-07,
    "micro_fr_funding_rate_change": -7.500000000000047e-07,
    "micro_fr_funding_rate_change_abs": 7.500000000000047e-07,
    "micro_fr_funding_rate_positive": 1.0,
    "micro_fr_funding_rate_negative": 0.0,
    "micro_fr_funding_rate_high": 0.0,
    "micro_fr_funding_rate_extreme": 0.0,
    "micro_fr_hours_to_next_funding": 0.0,
    "micro_fr_funding_imminent": 1.0,
    "micro_vp_volume_current": 41.93224,
    "micro_vp_volume_mean": 491.53022410000005,
    "micro_vp_volume_std": 2883.18091782377,
    "micro_vp_volume_max": 24840.9447,
    "micro_vp_volume_sum": 49153.022410000005,
    "micro_vp_volume_ratio": 0.08530958615368693,
    "micro_vp_large_volume_trade": 0.0,
    "micro_vp_recent_vwap": 2995.126589664028,
    "micro_vp_price_vwap_deviation_pct": 0.001115489945806983,
    "micro_vp_price_clustering": 0.3174243019922413,
    "micro_vp_volume_trend": 70.42998024242425,
    "micro_of_order_flow_imbalance": -0.1574234835967196,
    "micro_of_trade_flow_buy_pressure": 0.4212882582016402,
    "micro_of_trade_flow_sell_pressure": 0.5787117417983597,
    "micro_of_kyles_lambda_buy": 0.0,
    "micro_of_kyles_lambda_sell": 0.0,
    "micro_of_kyles_lambda_avg": 0.0,
    "micro_of_amihud_illiquidity": 0.13044580323095473,
    "micro_of_spread_dynamics_current": 0.0003338892589567723,
    "micro_micro_funding_arbitrage": 0.0,
    "micro_micro_orderbook_pressure": -0.5,
    "micro_micro_liquidity_score": 0.75,
    "micro_micro_volume_spike": 0.0,
    "micro_micro_oi_divergence": 0.0,
    "micro_micro_composite_score": 0.30000000000000004,
    "fee_maker_rate": 0.0002,
    "fee_taker_rate": 0.0008,
    "fee_round_trip_cost": 0.0016,
    "fee_breakeven_move_pct": 0.16,
    "fee_net_profit_threshold": 0.16
  },
  "output_prediction": {
    "signal": "SHORT",
    "confidence": 0.5416412252830757,
    "raw_model_outputs": {
      "xgboost": 0.12247955054044724,
      "lightgbm": 0.08012750900405087,
      "lstm": 0.2852516174316406,
      "random_forest": 0.5054536880358643,
      "weighted_average": 0.22917938735846216
    }
  },
  "regime_info": {
    "regime": "ranging",
    "regime_confidence": 0.566888857870655,
    "atr_ratio": 1.2835319925662036,
    "adx_value": 18.6622228425869,
    "is_exhausted": false,
    "is_weakening": false,
    "leverage_tier": "unknown"
  },
  "explanation": "The short position in ETHUSDT is justified by a combination of RSI at 52.4, MACD at 0.7365, and an ADX of 18.7, indicating overbought conditions. The ensemble model predicts a slight positive trend with an average forecast of 0.23. These indicators suggest potential for price correction or reversal in the near future, making this short position prudent.",
  "symbol": "cmt_ethusdt",
  "position_size": 0.009,
  "risk_validation": {
    "checks_performed": [
      "Wash trading check: No current position - any direction allowed",
      "Risk check: Order passes all risk checks (leverage: 2x, risk: 6.17%)",
      "Trading status: Trading allowed within risk limits",
      "Leverage set: 2x"
    ],
    "all_checks_passed": true
  },
  "execution_details": {
    "order_type": "1",
    "side": "OPEN_SHORT",
    "price": 2995.01,
    "leverage": 2,
    "client_oid": "6325e8bb-6ada-4640-9c4c-873591cc33cd",
    "symbol": "cmt_ethusdt",
    "maker_fee_rate": 0.0002,
    "taker_fee_rate": 0.0008,
    "estimated_entry_fee": 0.043128144,
    "estimated_exit_fee": 0.043128144,
    "total_estimated_fees": 0.086256288
  },
  "log_metadata": {
    "log_version": "2.3",
    "competition": "WEEX_AI_Trading_Hackathon_2025",
    "bot_name": "AlphaStrike",
    "compliance_status": "MANDATORY",
    "deepseek_enabled": true
  },
  "weex_response": {
    "code": "00000",
    "msg": "success",
    "request_time": 1767308969404,
    "data": "upload success",
    "upload_attempted": true,
    "upload_success": true,