{
  "timestamp": "2026-01-01T23:20:04.263389Z",
  "order_id": "701747338611262381",
  "stage": "Decision Making",
  "model_version": "ollama:qwen2.5:1.5b+ensemble_v1.0",
  "input_features": {
    "tech_returns_1": 0.007866582756443918,
    "tech_returns_5": 0.24444093991484728,
    "tech_returns_15": 0.5457133818411952,
    "tech_returns_60": 0.3077165851349317,
    "tech_returns_240": 1.5496445402987336,
    "tech_returns_1440": -2.063027940220912,
    "tech_rsi_14": 65.83272508072227,
    "tech_rsi_7": 73.15284070546622,
    "tech_macd": 0.00013641729275520875,
    "tech_macd_signal": 9.952879090181966e-05,
    "tech_macd_hist": 3.688850185338909e-05,
    "tech_stoch_k": 96.29629629629268,
    "tech_stoch_d": 96.09115860972857,
    "tech_ema_cross_9_21": 1.0,
    "tech_ema_cross_50_200": 1.0,
    "tech_ema_9": 0.1269913636914647,
    "tech_ema_21": 0.12684699638160185,
    "tech_ema_50": 0.1266900771191027,
    "tech_price_ema_9_pct": 0.1091698714820746,
    "tech_price_ema_21_pct": 0.223106282743002,
    "tech_adx": 35.143982235415734,
    "tech_adx_7": 57.03660742619377,
    "tech_adx_10": 44.211492676005946,
    "tech_adx_roc_5": 14.008853698822126,
    "tech_adx_slope_3": 2.6784396731511837,
    "tech_adx_deceleration": -0.41206764202325985,
    "tech_plus_di": 42.48769944245902,
    "tech_minus_di": 13.67200070461374,
    "tech_di_crossover": 0.0,
    "tech_atr_14": 0.0001096608923542514,
    "tech_atr_pct": 0.08625886286026226,
    "tech_atr_14_avg": 0.0001229085487458269,
    "tech_bb_upper": 0.12723671442362317,
    "tech_bb_lower": 0.12637028557637686,
    "tech_bb_width": 0.6832846469114048,
    "tech_bb_position": 0.8768341751751071,
    "tech_volatility_20": 0.015556484423367113,
    "tech_volume_ratio": 0.009152327200618027,
    "tech_obv": 294036800.0,
    "tech_momentum_10": 0.00014999999999998348,
    "tech_roc_10": 0.11812883918727035,
    "tech_high_low_range": 0.007865963973871034,
    "tech_body_ratio": 0.9999900000999989,
    "tech_swing_high_10": 0.12715,
    "tech_swing_low_10": 0.12667,
    "tech_price_vs_swing_high": -0.015729453401510027,
    "tech_price_vs_swing_low": 0.36314833820161696,
    "tech_swing_break_up": 0.0,
    "tech_swing_break_down": 0.0,
    "tech_volume_spike": 0.0,
    "tech_volume_spike_ratio": 0.009152327200618027,
    "micro_ob_best_bid_price": 0.1271,
    "micro_ob_best_ask_price": 0.12711,
    "micro_ob_best_bid_size": 2887900.0,
    "micro_ob_best_ask_size": 2366600.0,
    "micro_ob_spread_absolute": 1.0000000000010001e-05,
    "micro_ob_spread_percentage": 0.007867511112867317,
    "micro_ob_bid_ask_size_ratio": 1.220273810529874,
    "micro_ob_orderbook_imbalance_5": -0.016843161207335918,
    "micro_ob_orderbook_imbalance_10": 0.20729286167030733,
    "micro_ob_orderbook_imbalance_20": 0.2754474438841096,
    "micro_ob_orderbook_vwap": 0.12707943868223515,
    "micro_ob_buy_impact_0.1": 0.0,
    "micro_ob_sell_impact_0.1": 0.0,
    "micro_ob_buy_impact_1.0": 0.0,
    "micro_ob_sell_impact_1.0": 0.0,
    "micro_ob_buy_impact_10.0": 0.0,
    "micro_ob_sell_impact_10.0": 0.0,
    "micro_ob_bid_depth_concentration": 0.3768750096909742,
    "micro_ob_ask_depth_concentration": 0.6861533422496383,
    "micro_ob_bid_levels": 15,
    "micro_ob_ask_levels": 15,
    "micro_ob_total_bid_volume": 32246500.0,
    "micro_ob_total_ask_volume": 18318500.0,
    "micro_ob_total_orderbook_volume": 50565000.0,
    "micro_ob_order_flow_imbalance": 0.2754474438841096,
    "micro_ob_depth_imbalance_1": 0.09921020078028357,
    "micro_ob_depth_imbalance_5": -0.016843161207335918,
    "micro_ob_depth_imbalance_10": 0.20729286167030733,
    "micro_ob_depth_imbalance_20": 0.2754474438841096,
    "micro_fr_funding_rate_current": 0.0001,
    "micro_fr_funding_rate_abs": 0.0001,
    "micro_fr_funding_rate_mean": 9.98888e-05,
    "micro_fr_funding_rate_std": 5.757643267865775e-07,
    "micro_fr_funding_rate_min": 9.571e-05,
    "micro_fr_funding_rate_max": 0.0001,
    "micro_fr_funding_rate_skew": -5.558932473844329,
    "micro_fr_funding_rate_kurtosis": 31.857651009472022,
    "micro_fr_funding_rate_trend": -9.234190815370753e-21,
    "micro_fr_funding_rate_change": 0.0,
    "micro_fr_funding_rate_change_abs": 0.0,
    "micro_fr_funding_rate_positive": 1.0,
    "micro_fr_funding_rate_negative": 0.0,
    "micro_fr_funding_rate_high": 0.0,
    "micro_fr_funding_rate_extreme": 0.0,
    "micro_fr_hours_to_next_funding": 0.0,
    "micro_fr_funding_imminent": 1.0,
    "micro_vp_volume_current": 38.136,
    "micro_vp_volume_mean": 149.09115000000003,
    "micro_vp_volume_std": 176.71026197849264,
    "micro_vp_volume_max": 1703.14,
    "micro_vp_volume_sum": 14909.115000000002,
    "micro_vp_volume_ratio": 0.2557898305835054,
    "micro_vp_large_volume_trade": 0.0,
    "micro_vp_recent_vwap": 0.1271024305419872,
    "micro_vp_price_vwap_deviation_pct": 0.013823070052946983,
    "micro_vp_price_clustering": 0.4446457700008297,
    "micro_vp_volume_trend": -6.855503030303023,
    "micro_of_order_flow_imbalance": 0.2754474438841096,
    "micro_of_trade_flow_buy_pressure": 0.6377237219420547,
    "micro_of_trade_flow_sell_pressure": 0.3622762780579452,
    "micro_of_kyles_lambda_buy": 0.0,
    "micro_of_kyles_lambda_sell": 0.0,
    "micro_of_kyles_lambda_avg": 0.0,
    "micro_of_amihud_illiquidity": 0.20642603151871516,
    "micro_of_spread_dynamics_current": 0.007867511112867317,
    "micro_micro_funding_arbitrage": 0.0,
    "micro_micro_orderbook_pressure": 0.5,
    "micro_micro_liquidity_score": 1.0,
    "micro_micro_volume_spike": 0.0,
    "micro_micro_oi_divergence": 0.0,
    "micro_micro_composite_score": 0.35,
    "fee_maker_rate": 0.0002,
    "fee_taker_rate": 0.0008,
    "fee_round_trip_cost": 0.0016,
    "fee_breakeven_move_pct": 0.16,
    "fee_net_profit_threshold": 0.16
  },
  "output_prediction": {
    "signal": "SHORT",
    "confidence": 0.5206030455102554,
    "raw_model_outputs": {
      "xgboost": 0.14796073734760284,
      "lightgbm": 0.15450558637747308,
      "lstm": 0.22586645185947418,
      "random_forest": 0.5010862212309023,
      "weighted_average": 0.2396984772448723
    }
  },
  "regime_info": {
    "regime": "trending",
    "regime_confidence": 0.7217277868249888,
    "atr_ratio": 0.8922153379341297,
    "adx_value": 35.143982235415734,
    "is_exhausted": false,
    "is_weakening": false,
    "leverage_tier": "unknown"
  },
  "explanation": "The short position in DOGEUSDT is based on a combination of RSI at 65.8, MACD at 0.0001, and an ADX of 35.1 indicating sideways consolidation. The ensemble average model suggests a slight bullish trend but with caution due to the low signal strength (24%). This decision aligns with shorting when RSI is above 70, which signals overbought conditions that could lead to potential price correction.",
  "symbol": "cmt_dogeusdt",
  "position_size": 200.0,
  "risk_validation": {
    "checks_performed": [
      "Wash trading check: Same direction - allowed",
      "Risk check: Order passes all risk checks (leverage: 2x, risk: 6.08%)",
      "Trading status: Trading allowed within risk limits",
      "Leverage set: 2x"
    ],
    "all_checks_passed": true
  },
  "execution_details": {
    "order_type": "1",
    "side": "OPEN_SHORT",
    "price": 0.12713,
    "leverage": 2,
    "client_oid": "c5e8ece8-7c9a-42b3-8da2-7621a2d63d06",
    "symbol": "cmt_dogeusdt",
    "maker_fee_rate": 0.0002,
    "taker_fee_rate": 0.0008,
    "estimated_entry_fee": 0.0406816,
    "estimated_exit_fee": 0.0406816,
    "total_estimated_fees": 0.0813632
  },
  "log_metadata": {
    "log_version": "2.3",
    "competition": "WEEX_AI_Trading_Hackathon_2025",
    "bot_name": "AlphaStrike",
    "compliance_status": "MANDATORY",
    "deepseek_enabled": true
  },
  "weex_response": {
    "code": "00000",
    "msg": "success",
    "request_time": 1767309604337,
    "data": "upload success",
    "upload_attempted": true,
    "upload_success": true,
    "upload_timestamp": "2026-01-01T23:20:04.263468Z",