{
  "timestamp": "2026-01-01T22:54:50.447295Z",
  "order_id": "701740989693297581",
  "stage": "Decision Making",
  "model_version": "ollama:qwen2.5:1.5b+exit_manager_v1",
  "input_features": {
    "tech_returns_1": 0.013026400171001207,
    "tech_returns_5": 0.07185444628630133,
    "tech_returns_15": 0.1719540875895209,
    "tech_returns_60": 0.19206510136955401,
    "tech_returns_240": 0.22694332776573845,
    "tech_returns_1440": -0.4005915401743241,
    "tech_rsi_14": 64.71574641125707,
    "tech_rsi_7": 73.71617646886486,
    "tech_macd": 0.7851887415386045,
    "tech_macd_signal": 0.39435032385417024,
    "tech_macd_hist": 0.3908384176844343,
    "tech_stoch_k": 97.385620915035,
    "tech_stoch_d": 96.13289760348806,
    "tech_ema_cross_9_21": 1.0,
    "tech_ema_cross_50_200": 1.0,
    "tech_ema_9": 2992.4783713624774,
    "tech_ema_21": 2991.5416971831783,
    "tech_ema_50": 2990.7741912418205,
    "tech_price_ema_9_pct": 0.061207748568908024,
    "tech_price_ema_21_pct": 0.09253766442327409,
    "tech_adx": 22.60934311384856,
    "tech_adx_7": 42.83328598816376,
    "tech_adx_10": 30.313682132011596,
    "tech_adx_roc_5": 2.8778678872188728,
    "tech_adx_slope_3": 2.746737945446732,
    "tech_adx_deceleration": 0.8006710872690199,
    "tech_plus_di": 41.97759798063852,
    "tech_minus_di": 18.340299565782075,
    "tech_di_crossover": 0.0,
    "tech_atr_14": 1.2199382783899149,
    "tech_atr_pct": 0.04074188305118424,
    "tech_atr_14_avg": 0.9773569371982161,
    "tech_bb_upper": 2994.4332536170655,
    "tech_bb_lower": 2987.1387463829337,
    "tech_bb_width": 0.2438993373023594,
    "tech_bb_position": 0.9831032291682688,
    "tech_volatility_20": 0.006588660858055913,
    "tech_volume_ratio": 0.06061709478641943,
    "tech_obv": 2558.2690000000084,
    "tech_momentum_10": 4.5099999999997635,
    "tech_roc_10": 0.15084621044885171,
    "tech_high_low_range": 0.013024703521007265,
    "tech_body_ratio": 0.9999999997435898,
    "tech_swing_high_10": 2994.47,
    "tech_swing_low_10": 2989.79,
    "tech_price_vs_swing_high": -0.005343182599921004,
    "tech_price_vs_swing_low": 0.15118118663852584,
    "tech_swing_break_up": 0.0,
    "tech_swing_break_down": 0.0,
    "tech_volume_spike": 0.0,
    "tech_volume_spike_ratio": 0.06061709478641943,
    "micro_ob_best_bid_price": 2994.31,
    "micro_ob_best_ask_price": 2994.32,
    "micro_ob_best_bid_size": 46.295,
    "micro_ob_best_ask_size": 49.285,
    "micro_ob_spread_absolute": 0.010000000000218279,
    "micro_ob_spread_percentage": 0.00033396619928826053,
    "micro_ob_bid_ask_size_ratio": 0.9393324540935377,
    "micro_ob_orderbook_imbalance_5": 0.039484905820225354,
    "micro_ob_orderbook_imbalance_10": 0.021157076657572237,
    "micro_ob_orderbook_imbalance_20": 0.016213407042752218,
    "micro_ob_orderbook_vwap": 2994.326959641221,
    "micro_ob_buy_impact_0.1": 0.0,
    "micro_ob_sell_impact_0.1": 1.5187049800670744e-14,
    "micro_ob_buy_impact_1.0": 0.0,
    "micro_ob_sell_impact_1.0": 0.0,
    "micro_ob_buy_impact_10.0": 0.0,
    "micro_ob_sell_impact_10.0": 0.0,
    "micro_ob_bid_depth_concentration": 0.5171545624673346,
    "micro_ob_ask_depth_concentration": 0.4936173177060657,
    "micro_ob_bid_levels": 15,
    "micro_ob_ask_levels": 15,
    "micro_ob_total_bid_volume": 177.941,
    "micro_ob_total_ask_volume": 172.263,
    "micro_ob_total_orderbook_volume": 350.204,
    "micro_ob_order_flow_imbalance": 0.016213407042752218,
    "micro_ob_depth_imbalance_1": -0.031282695124502984,
    "micro_ob_depth_imbalance_5": 0.039484905820225354,
    "micro_ob_depth_imbalance_10": 0.021157076657572237,
    "micro_ob_depth_imbalance_20": 0.016213407042752218,
    "micro_fr_funding_rate_current": 6.783e-05,
    "micro_fr_funding_rate_abs": 6.783e-05,
    "micro_fr_funding_rate_mean": 4.048609999999999e-05,
    "micro_fr_funding_rate_std": 3.472598424508656e-05,
    "micro_fr_funding_rate_min": -1.246e-05,
    "micro_fr_funding_rate_max": 7.696e-05,
    "micro_fr_funding_rate_skew": -0.43132692608701656,
    "micro_fr_funding_rate_kurtosis": -1.5281954995792975,
    "micro_fr_funding_rate_trend": -1.089000000000005e-06,
    "micro_fr_funding_rate_change": -6.800000000000003e-07,
    "micro_fr_funding_rate_change_abs": 6.800000000000003e-07,
    "micro_fr_funding_rate_positive": 1.0,
    "micro_fr_funding_rate_negative": 0.0,
    "micro_fr_funding_rate_high": 0.0,
    "micro_fr_funding_rate_extreme": 0.0,
    "micro_fr_hours_to_next_funding": 0.0,
    "micro_fr_funding_imminent": 1.0,
    "micro_vp_volume_current": 26.94519,
    "micro_vp_volume_mean": 243.33666210000004,
    "micro_vp_volume_std": 1239.9322542642901,
    "micro_vp_volume_max": 12189.83601,
    "micro_vp_volume_sum": 24333.666210000003,
    "micro_vp_volume_ratio": 0.11073214273370274,
    "micro_vp_large_volume_trade": 0.0,
    "micro_vp_recent_vwap": 2994.17574473344,
    "micro_vp_price_vwap_deviation_pct": -0.008875388624312227,
    "micro_vp_price_clustering": 0.03651791454041359,
    "micro_vp_volume_trend": -1.4697637575757532,
    "micro_of_order_flow_imbalance": 0.016213407042752218,
    "micro_of_trade_flow_buy_pressure": 0.5081067035213761,
    "micro_of_trade_flow_sell_pressure": 0.4918932964786239,
    "micro_of_kyles_lambda_buy": 0.0,
    "micro_of_kyles_lambda_sell": 0.0,
    "micro_of_kyles_lambda_avg": 0.0,
    "micro_of_amihud_illiquidity": 0.12854855371684284,
    "micro_of_spread_dynamics_current": 0.00033396619928826053,
    "micro_micro_funding_arbitrage": 0.0,
    "micro_micro_orderbook_pressure": 0.0,
    "micro_micro_liquidity_score": 0.75,
    "micro_micro_volume_spike": 0.0,
    "micro_micro_oi_divergence": 0.0,
    "micro_micro_composite_score": 0.15000000000000002,
    "fee_maker_rate": 0.0002,
    "fee_taker_rate": 0.0008,
    "fee_round_trip_cost": 0.0016,
    "fee_breakeven_move_pct": 0.16,
    "fee_net_profit_threshold": 0.16,
    "exit_trigger": true,
    "exit_reason": "Trailing stop hit: 2995.05 >= 2993.72",
    "position_side": "SHORT",
    "entry_price": 2989.61375,
    "exit_price": 2995.05,
    "position_size": 0.004,
    "hold_duration_hours": 0.6856501733333333
  },
  "output_prediction": {
    "signal": "EXIT_SHORT",
    "confidence": 1.0,
    "raw_model_outputs": {
      "action": "exit"
    }
  },
  "regime_info": {
    "regime": "unknown",
    "regime_confidence": 0.0,
    "atr_ratio": 1.0,
    "adx_value": 0.0,
    "is_exhausted": false,
    "is_weakening": false,
    "leverage_tier": "unknown"
  },
  "explanation": "The decision to exit short position in ETHUSDT at 100% confidence is based on a strong sell signal indicated by an RSI of 64.7, MACD reading of 0.7852, and ADX of 22.6. These indicators suggest overbought conditions that are likely to reverse soon, prompting the move from short position.",
  "symbol": "cmt_ethusdt",
  "position_size": 0.004,
  "risk_validation": {
    "checks_performed": [
      "Risk check: Close order - bypassing risk checks for position exit",
      "Trading status: Trading allowed within risk limits",
      "Leverage set: 3x"
    ],
    "all_checks_passed": true
  },
  "execution_details": {
    "order_type": "1",
    "side": "CLOSE_SHORT",
    "price": 2995.05,
    "leverage": 3,
    "client_oid": "7bed7dc9-73a4-4154-8ee4-ac5355d0df59",
    "symbol": "cmt_ethusdt",
    "maker_fee_rate": 0.0002,
    "taker_fee_rate": 0.0008,
    "estimated_entry_fee": 0.028752480000000004,
    "estimated_exit_fee": 0.028752480000000004,
    "total_estimated_fees": 0.05750496000000001
  },
  "log_metadata": {
    "log_version": "2.3",
    "competition": "WEEX_AI_Trading_Hackathon_2025",
    "bot_name": "AlphaStrike",
    "compliance_status": "MANDATORY",
    "deepseek_enabled": true
  },
  "weex_response": {
    "code": "00000",
    "msg": "success",
    "request_time": 1767308090531,
    "data": "upload success",
    "upload_attempted": true,
    "upload_success": true,
    "upload_timestamp": "2026-01-01T22:54:50.447374Z",
    "error_details": null
  }
}