{
  "timestamp": "2026-01-01T19:36:53.605946Z",
  "order_id": "701691174812910509",
  "stage": "Decision Making",
  "model_version": "ollama:qwen2.5:1.5b+ensemble_v1.0",
  "input_features": {
    "tech_returns_1": 0.04820712996842502,
    "tech_returns_5": 0.04117402889547428,
    "tech_returns_15": 0.06562668461356225,
    "tech_returns_60": 0.06428650351735232,
    "tech_returns_240": 0.11725096732047025,
    "tech_returns_1440": -0.4005915401743241,
    "tech_rsi_14": 63.765494054833894,
    "tech_rsi_7": 76.19169613562832,
    "tech_macd": 0.039942703955603065,
    "tech_macd_signal": -0.11552170917737788,
    "tech_macd_hist": 0.15546441313298093,
    "tech_stoch_k": 99.49238578681398,
    "tech_stoch_d": 78.68773271734199,
    "tech_ema_cross_9_21": 1.0,
    "tech_ema_cross_50_200": 1.0,
    "tech_ema_9": 2987.3654007658374,
    "tech_ema_21": 2987.2234695117113,
    "tech_ema_50": 2987.451338543494,
    "tech_price_ema_9_pct": 0.039653643771166334,
    "tech_price_ema_21_pct": 0.044406804573804276,
    "tech_adx": 32.38646845580567,
    "tech_adx_7": 48.224555475382175,
    "tech_adx_10": 40.81682848005019,
    "tech_adx_roc_5": -4.840416261310786,
    "tech_adx_slope_3": 1.6684264985373645,
    "tech_adx_deceleration": 2.7468339940469093,
    "tech_plus_di": 56.41328076033574,
    "tech_minus_di": 13.95096624813127,
    "tech_di_crossover": 0.0,
    "tech_atr_14": 0.49600022996358617,
    "tech_atr_pct": 0.016596685013253454,
    "tech_atr_14_avg": 0.5276694193357693,
    "tech_bb_upper": 2987.979707048059,
    "tech_bb_lower": 2986.0452929519406,
    "tech_bb_width": 0.06476083029844759,
    "tech_bb_position": 1.2948143073840817,
    "tech_volatility_20": 0.0022488353462439513,
    "tech_volume_ratio": 1.394857225773444,
    "tech_obv": 3359.337000000007,
    "tech_momentum_10": 1.8500000000003638,
    "tech_roc_10": 0.06194127297687313,
    "tech_high_low_range": 0.048518512322022984,
    "tech_body_ratio": 0.9931034482075344,
    "tech_swing_high_10": 2988.56,
    "tech_swing_low_10": 2986.59,
    "tech_price_vs_swing_high": -0.0003346093101615337,
    "tech_price_vs_swing_low": 0.06562668461355714,
    "tech_swing_break_up": 1.0,
    "tech_swing_break_down": 0.0,
    "tech_volume_spike": 0.0,
    "tech_volume_spike_ratio": 1.394857225773444,
    "micro_ob_best_bid_price": 2988.32,
    "micro_ob_best_ask_price": 2988.33,
    "micro_ob_best_bid_size": 48.44,
    "micro_ob_best_ask_size": 49.305,
    "micro_ob_spread_absolute": 0.009999999999763531,
    "micro_ob_spread_percentage": 0.00033463562362740103,
    "micro_ob_bid_ask_size_ratio": 0.9824561403508771,
    "micro_ob_orderbook_imbalance_5": 0.04863034779932293,
    "micro_ob_orderbook_imbalance_10": 0.1647254356662114,
    "micro_ob_orderbook_imbalance_20": 0.12986253075614207,
    "micro_ob_orderbook_vwap": 2988.310391153383,
    "micro_ob_buy_impact_0.1": 0.0,
    "micro_ob_sell_impact_0.1": 0.0,
    "micro_ob_buy_impact_1.0": 0.0,
    "micro_ob_sell_impact_1.0": 0.0,
    "micro_ob_buy_impact_10.0": 0.0,
    "micro_ob_sell_impact_10.0": 0.0,
    "micro_ob_bid_depth_concentration": 0.3986539486628328,
    "micro_ob_ask_depth_concentration": 0.46963524022824216,
    "micro_ob_bid_levels": 15,
    "micro_ob_ask_levels": 15,
    "micro_ob_total_bid_volume": 230.749,
    "micro_ob_total_ask_volume": 177.706,
    "micro_ob_total_orderbook_volume": 408.455,
    "micro_ob_order_flow_imbalance": 0.12986253075614207,
    "micro_ob_depth_imbalance_1": -0.008849557522123914,
    "micro_ob_depth_imbalance_5": 0.04863034779932293,
    "micro_ob_depth_imbalance_10": 0.1647254356662114,
    "micro_ob_depth_imbalance_20": 0.12986253075614207,
    "micro_fr_funding_rate_current": 7.013e-05,
    "micro_fr_funding_rate_abs": 7.013e-05,
    "micro_fr_funding_rate_mean": 1.8223749999999996e-05,
    "micro_fr_funding_rate_std": 2.6255233162885834e-05,
    "micro_fr_funding_rate_min": -1.246e-05,
    "micro_fr_funding_rate_max": 7.013e-05,
    "micro_fr_funding_rate_skew": 0.5443874883201489,
    "micro_fr_funding_rate_kurtosis": -1.0728704443441583,
    "micro_fr_funding_rate_trend": 1.365999999999996e-06,
    "micro_fr_funding_rate_change": 1.6299999999999963e-06,
    "micro_fr_funding_rate_change_abs": 1.6299999999999963e-06,
    "micro_fr_funding_rate_positive": 1.0,
    "micro_fr_funding_rate_negative": 0.0,
    "micro_fr_funding_rate_high": 0.0,
    "micro_fr_funding_rate_extreme": 0.0,
    "micro_fr_hours_to_next_funding": 0.0,
    "micro_fr_funding_imminent": 1.0,
    "micro_vp_volume_current": 83.66092,
    "micro_vp_volume_mean": 548.450401,
    "micro_vp_volume_std": 4267.0210563330465,
    "micro_vp_volume_max": 42853.48938,
    "micro_vp_volume_sum": 54845.040100000006,
    "micro_vp_volume_ratio": 0.152540539395102,
    "micro_vp_large_volume_trade": 0.0,
    "micro_vp_recent_vwap": 2988.1791508036617,
    "micro_vp_price_vwap_deviation_pct": -0.009676488224747254,
    "micro_vp_price_clustering": 2.220446049250313e-16,
    "micro_vp_volume_trend": 0.45271060606060887,
    "micro_of_order_flow_imbalance": 0.12986253075614207,
    "micro_of_trade_flow_buy_pressure": 0.564931265378071,
    "micro_of_trade_flow_sell_pressure": 0.43506873462192897,
    "micro_of_kyles_lambda_buy": 0.0,
    "micro_of_kyles_lambda_sell": 0.0,
    "micro_of_kyles_lambda_avg": 0.0,
    "micro_of_amihud_illiquidity": 0.052910251411248284,
    "micro_of_spread_dynamics_current": 0.00033463562362740103,
    "micro_micro_funding_arbitrage": 0.0,
    "micro_micro_orderbook_pressure": 0.5,
    "micro_micro_liquidity_score": 0.75,
    "micro_micro_volume_spike": 0.0,
    "micro_micro_oi_divergence": 0.0,
    "micro_micro_composite_score": 0.30000000000000004,
    "fee_maker_rate": 0.0002,
    "fee_taker_rate": 0.0008,
    "fee_round_trip_cost": 0.0016,
    "fee_breakeven_move_pct": 0.16,
    "fee_net_profit_threshold": 0.16
  },
  "output_prediction": {
    "signal": "SHORT",
    "confidence": 0.510660012849066,
    "raw_model_outputs": {
      "xgboost": 0.06667813658714294,
      "lightgbm": 0.054959173763674915,
      "lstm": 0.7573860287666321,
      "random_forest": 0.10790125610844636,
      "weighted_average": 0.24466999357546698
    }
  },
  "regime_info": {
    "regime": "trend_weakening",
    "regime_confidence": 0.5853419782492177,
    "atr_ratio": 0.9399828979817547,
    "adx_value": 32.38646845580567,
    "is_exhausted": false,
    "is_weakening": true,
    "leverage_tier": "unknown"
  },
  "explanation": "The short position in ETHUSDT is justified by a RSI of 63.8, indicating overbought conditions; MACD at 0.0399 suggests an oversold environment; ADX at 32.4 indicates moderate strength; and ensemble model averaging predicts a slight positive trend. These factors collectively suggest a potential for further price correction to the downside.",
  "symbol": "cmt_ethusdt",
  "position_size": 0.005,
  "risk_validation": {
    "checks_performed": [
      "Wash trading check: No current position - any direction allowed",
      "Risk check: Order passes all risk checks (leverage: 4x, risk: 6.77%)",
      "Trading status: Trading allowed within risk limits",
      "Leverage set: 4x"
    ],
    "all_checks_passed": true
  },
  "execution_details": {
    "order_type": "1",
    "side": "OPEN_SHORT",
    "price": 2988.45,
    "leverage": 4,
    "client_oid": "4a16ac06-7da7-4eb8-9e5f-6a7052a8e9e9",
    "symbol": "cmt_ethusdt",
    "maker_fee_rate": 0.0002,
    "taker_fee_rate": 0.0008,
    "estimated_entry_fee": 0.0478152,
    "estimated_exit_fee": 0.0478152,
    "total_estimated_fees": 0.0956304
  },
  "log_metadata": {
    "log_version": "2.3",
    "competition": "WEEX_AI_Trading_Hackathon_2025",
    "bot_name": "AlphaStrike",
    "compliance_status": "MANDATORY",
    "deepseek_enabled": true
  },
  "weex_response": {
    "code": "00000",
    "msg": "success",
    "request_time": 1767296213677,
    "data": "upload success",
    "upload_attempted": true,
    "upload_success": true,