{
  "timestamp": "2026-01-01T14:16:29.013587Z",
  "order_id": "701610540731990957",
  "stage": "Decision Making",
  "model_version": "ollama:qwen2.5:1.5b+ensemble_v1.0",
  "input_features": {
    "tech_returns_1": -0.00011375270163593854,
    "tech_returns_5": 0.0045503202856789216,
    "tech_returns_15": 0.07877897147905433,
    "tech_returns_60": -0.043093744243749565,
    "tech_returns_240": 0.1776557193974071,
    "tech_returns_1440": -1.1472182907403015,
    "tech_rsi_14": 58.41486568101969,
    "tech_rsi_7": 68.26320065915111,
    "tech_macd": 6.998394639260368,
    "tech_macd_signal": -3.3437806702873134,
    "tech_macd_hist": 10.342175309547681,
    "tech_stoch_k": 91.75329175328586,
    "tech_stoch_d": 91.79949179948858,
    "tech_ema_cross_9_21": 1.0,
    "tech_ema_cross_50_200": 1.0,
    "tech_ema_9": 87894.02056799631,
    "tech_ema_21": 87880.94440765415,
    "tech_ema_50": 87877.98416030033,
    "tech_price_ema_9_pct": 0.01806656687345253,
    "tech_price_ema_21_pct": 0.032948658598299395,
    "tech_adx": 29.007153361410964,
    "tech_adx_7": 39.21490910093686,
    "tech_adx_10": 34.751577094492006,
    "tech_adx_roc_5": -11.15321396236019,
    "tech_adx_slope_3": -2.7099958613077213,
    "tech_adx_deceleration": -0.43034277801705123,
    "tech_plus_di": 38.67247163938507,
    "tech_minus_di": 29.98680373021607,
    "tech_di_crossover": 0.0,
    "tech_atr_14": 17.573492238247546,
    "tech_atr_pct": 0.01999034493071605,
    "tech_atr_14_avg": 24.518719178148288,
    "tech_bb_upper": 87943.59886391426,
    "tech_bb_lower": 87784.16113608575,
    "tech_bb_width": 0.18145992167487948,
    "tech_bb_position": 0.788639336666214,
    "tech_volatility_20": 0.004188536602346777,
    "tech_volume_ratio": 0.016848712166957065,
    "tech_obv": -311.7039999999997,
    "tech_momentum_10": 83.69999999999709,
    "tech_roc_10": 0.0953018575322595,
    "tech_high_low_range": 0.00034125849307405694,
    "tech_body_ratio": 0.333333333238391,
    "tech_swing_high_10": 87921.8,
    "tech_swing_low_10": 87777.5,
    "tech_price_vs_swing_high": -0.013534754747979147,
    "tech_price_vs_swing_low": 0.15083592036682997,
    "tech_swing_break_up": 0.0,
    "tech_swing_break_down": 0.0,
    "tech_volume_spike": 0.0,
    "tech_volume_spike_ratio": 0.016848712166957065,
    "micro_ob_best_bid_price": 87909.8,
    "micro_ob_best_ask_price": 87909.9,
    "micro_ob_best_bid_size": 2.7293,
    "micro_ob_best_ask_size": 2.5376,
    "micro_ob_spread_absolute": 0.09999999999126885,
    "micro_ob_spread_percentage": 0.00011375289571221979,
    "micro_ob_bid_ask_size_ratio": 1.0755438209331651,
    "micro_ob_orderbook_imbalance_5": -0.03567871371656226,
    "micro_ob_orderbook_imbalance_10": -0.03526459863933746,
    "micro_ob_orderbook_imbalance_20": -0.02071370528847161,
    "micro_ob_orderbook_vwap": 87909.81483313511,
    "micro_ob_buy_impact_0.1": 0.0,
    "micro_ob_sell_impact_0.1": 0.0,
    "micro_ob_buy_impact_1.0": 0.0,
    "micro_ob_sell_impact_1.0": 0.0,
    "micro_ob_buy_impact_10.0": 0.00021411581633153706,
    "micro_ob_sell_impact_10.0": 0.00038681580438792925,
    "micro_ob_bid_depth_concentration": 0.3320238463399175,
    "micro_ob_ask_depth_concentration": 0.34211987415064904,
    "micro_ob_bid_levels": 15,
    "micro_ob_ask_levels": 15,
    "micro_ob_total_bid_volume": 32.6591,
    "micro_ob_total_ask_volume": 34.0407,
    "micro_ob_total_orderbook_volume": 66.69980000000001,
    "micro_ob_order_flow_imbalance": -0.02071370528847161,
    "micro_ob_depth_imbalance_1": 0.03639712164650933,
    "micro_ob_depth_imbalance_5": -0.03567871371656226,
    "micro_ob_depth_imbalance_10": -0.03526459863933746,
    "micro_ob_depth_imbalance_20": -0.02071370528847161,
    "micro_fr_funding_rate_current": 6.736e-05,
    "micro_fr_funding_rate_abs": 6.736e-05,
    "micro_fr_funding_rate_mean": 8.766055555555556e-05,
    "micro_fr_funding_rate_std": 1.137781636549446e-05,
    "micro_fr_funding_rate_min": 6.736e-05,
    "micro_fr_funding_rate_max": 0.0001,
    "micro_fr_funding_rate_skew": -0.3808565419631977,
    "micro_fr_funding_rate_kurtosis": -1.3075807390549865,
    "micro_fr_funding_rate_trend": -2.6530000000000015e-06,
    "micro_fr_funding_rate_change": -1.9999999999999944e-06,
    "micro_fr_funding_rate_change_abs": 1.9999999999999944e-06,
    "micro_fr_funding_rate_positive": 1.0,
    "micro_fr_funding_rate_negative": 0.0,
    "micro_fr_funding_rate_high": 0.0,
    "micro_fr_funding_rate_extreme": 0.0,
    "micro_fr_hours_to_next_funding": 0.0,
    "micro_fr_funding_imminent": 1.0,
    "micro_vp_volume_current": 334.058,
    "micro_vp_volume_mean": 241.48873330000004,
    "micro_vp_volume_std": 146.63036575522742,
    "micro_vp_volume_max": 1046.129,
    "micro_vp_volume_sum": 24148.873330000002,
    "micro_vp_volume_ratio": 1.3833274763382095,
    "micro_vp_large_volume_trade": 0.0,
    "micro_vp_recent_vwap": 87909.98663998536,
    "micro_vp_price_vwap_deviation_pct": 1.5197379896247254e-05,
    "micro_vp_price_clustering": 0.0,
    "micro_vp_volume_trend": 17.68855757575758,
    "micro_of_order_flow_imbalance": -0.02071370528847161,
    "micro_of_trade_flow_buy_pressure": 0.48964314735576414,
    "micro_of_trade_flow_sell_pressure": 0.5103568526442358,
    "micro_of_kyles_lambda_buy": 2.1411581633153704e-05,
    "micro_of_kyles_lambda_sell": 3.868158043879293e-05,
    "micro_of_kyles_lambda_avg": 3.0046581035973316e-05,
    "micro_of_amihud_illiquidity": 0.005408584662082661,
    "micro_of_spread_dynamics_current": 0.00011375289571221979,
    "micro_micro_funding_arbitrage": 0.0,
    "micro_micro_orderbook_pressure": 0.0,
    "micro_micro_liquidity_score": 0.5,
    "micro_micro_volume_spike": 0.0,
    "micro_micro_oi_divergence": 0.0,
    "micro_micro_composite_score": 0.1,
    "fee_maker_rate": 0.0002,
    "fee_taker_rate": 0.0008,
    "fee_round_trip_cost": 0.0016,
    "fee_breakeven_move_pct": 0.16,
    "fee_net_profit_threshold": 0.16
  },
  "output_prediction": {
    "signal": "SHORT",
    "confidence": 0.5318815449612441,
    "raw_model_outputs": {
      "xgboost": 0.2996390163898468,
      "lightgbm": 0.11788498245960309,
      "lstm": 0.22692009806632996,
      "random_forest": 0.28983124000296157,
      "weighted_average": 0.23405922751937797
    }
  },
  "regime_info": {
    "regime": "trend_weakening",
    "regime_confidence": 0.5508729642863918,
    "atr_ratio": 0.7167377753528615,
    "adx_value": 29.007153361410964,
    "is_exhausted": false,
    "is_weakening": true,
    "leverage_tier": "unknown"
  },
  "explanation": "The short BTCUSDT position is based on a strong RSI at 58.4, indicating overbought conditions; MACD shows bullish momentum but slightly below zero, suggesting potential reversal; ADX at 29 indicates moderate market strength, supporting a bearish trend. Ensemble model averaging suggests an average profit of 0.23%. The combination of these indicators points to a short-term sell opportunity in BTCUSDT.",
  "symbol": "cmt_btcusdt",
  "position_size": 0.0001,
  "risk_validation": {
    "checks_performed": [
      "Wash trading check: Same direction - allowed",
      "Risk check: Order passes all risk checks (leverage: 4x, risk: 6.68%)",
      "Trading status: Trading allowed within risk limits",
      "Leverage set: 4x"
    ],
    "all_checks_passed": true
  },
  "execution_details": {
    "order_type": "1",
    "side": "OPEN_SHORT",
    "price": 87897.6,
    "leverage": 4,
    "client_oid": "317998c7-4d00-4b32-884c-c84c1fa6d637",
    "symbol": "cmt_btcusdt",
    "maker_fee_rate": 0.0002,
    "taker_fee_rate": 0.0008,
    "estimated_entry_fee": 0.028127232000000005,
    "estimated_exit_fee": 0.028127232000000005,
    "total_estimated_fees": 0.05625446400000001
  },
  "log_metadata": {
    "log_version": "2.3",
    "competition": "WEEX_AI_Trading_Hackathon_2025",
    "bot_name": "AlphaStrike",
    "compliance_status": "MANDATORY",
    "deepseek_enabled": true
  },
  "weex_response": {
    "code": "00000",
    "msg": "success",