{
  "timestamp": "2026-01-01T22:46:07.324452Z",
  "order_id": "701738795254416301",
  "stage": "Decision Making",
  "model_version": "ollama:qwen2.5:1.5b+ensemble_v1.0",
  "input_features": {
    "tech_returns_1": 0.0,
    "tech_returns_5": 0.0,
    "tech_returns_15": -0.12547051442911572,
    "tech_returns_60": 0.44164037854887983,
    "tech_returns_240": 0.7850088630032781,
    "tech_returns_1440": -0.7930416986441603,
    "tech_rsi_14": 49.66097717679487,
    "tech_rsi_7": 51.97049454579285,
    "tech_macd": -0.005815964819362307,
    "tech_macd_signal": -0.0054254705292679705,
    "tech_macd_hist": -0.0003904942900943365,
    "tech_stoch_k": 52.941176470581354,
    "tech_stoch_d": 45.98039215685998,
    "tech_ema_cross_9_21": -1.0,
    "tech_ema_cross_50_200": 1.0,
    "tech_ema_9": 79.5945767152384,
    "tech_ema_21": 79.60109186915074,
    "tech_ema_50": 79.58486653234624,
    "tech_price_ema_9_pct": 0.006813636035773299,
    "tech_price_ema_21_pct": -0.0013716760977803665,
    "tech_adx": 37.12418413263261,
    "tech_adx_7": 48.27365673190329,
    "tech_adx_10": 43.82180462001149,
    "tech_adx_roc_5": 1.3736874528677134,
    "tech_adx_slope_3": 0.7520952251448634,
    "tech_adx_deceleration": -0.11570695771459327,
    "tech_plus_di": 16.555547183846368,
    "tech_minus_di": 40.203360572869386,
    "tech_di_crossover": 0.0,
    "tech_atr_14": 0.02870670792191537,
    "tech_atr_pct": 0.03606370341949167,
    "tech_atr_14_avg": 0.043050076759241405,
    "tech_bb_upper": 79.69321065607792,
    "tech_bb_lower": 79.52778934392205,
    "tech_bb_width": 0.20778830952684785,
    "tech_bb_position": 0.4365257120551705,
    "tech_volatility_20": 0.005226205123493823,
    "tech_volume_ratio": 0.08514664143803219,
    "tech_obv": -38.79999999999126,
    "tech_momentum_10": 0.04999999999999716,
    "tech_roc_10": 0.06285355122563896,
    "tech_high_low_range": 0.0,
    "tech_body_ratio": 0.0,
    "tech_swing_high_10": 79.61,
    "tech_swing_low_10": 79.52,
    "tech_price_vs_swing_high": -0.012561236025631348,
    "tech_price_vs_swing_low": 0.10060362173038015,
    "tech_swing_break_up": 0.0,
    "tech_swing_break_down": 0.0,
    "tech_volume_spike": 0.0,
    "tech_volume_spike_ratio": 0.08514664143803219,
    "micro_ob_best_bid_price": 79.6,
    "micro_ob_best_ask_price": 79.61,
    "micro_ob_best_bid_size": 3267.3,
    "micro_ob_best_ask_size": 3463.9,
    "micro_ob_spread_absolute": 0.010000000000005116,
    "micro_ob_spread_percentage": 0.012562024998436176,
    "micro_ob_bid_ask_size_ratio": 0.9432431652183955,
    "micro_ob_orderbook_imbalance_5": 0.27669234853656693,
    "micro_ob_orderbook_imbalance_10": 0.30581606779733966,
    "micro_ob_orderbook_imbalance_20": 0.30170695938254594,
    "micro_ob_orderbook_vwap": 79.57831955557309,
    "micro_ob_buy_impact_0.1": 0.0,
    "micro_ob_sell_impact_0.1": 0.0,
    "micro_ob_buy_impact_1.0": 0.0,
    "micro_ob_sell_impact_1.0": 0.0,
    "micro_ob_buy_impact_10.0": 0.0,
    "micro_ob_sell_impact_10.0": 0.0,
    "micro_ob_bid_depth_concentration": 0.47152828361255417,
    "micro_ob_ask_depth_concentration": 0.497989361146549,
    "micro_ob_bid_levels": 15,
    "micro_ob_ask_levels": 15,
    "micro_ob_total_bid_volume": 24986.2,
    "micro_ob_total_ask_volume": 13403.7,
    "micro_ob_total_orderbook_volume": 38389.9,
    "micro_ob_order_flow_imbalance": 0.30170695938254594,
    "micro_ob_depth_imbalance_1": -0.029207273591632978,
    "micro_ob_depth_imbalance_5": 0.27669234853656693,
    "micro_ob_depth_imbalance_10": 0.30581606779733966,
    "micro_ob_depth_imbalance_20": 0.30170695938254594,
    "micro_fr_funding_rate_current": 0.0001,
    "micro_fr_funding_rate_abs": 0.0001,
    "micro_fr_funding_rate_mean": 0.0001,
    "micro_fr_funding_rate_std": 0.0,
    "micro_fr_funding_rate_min": 0.0001,
    "micro_fr_funding_rate_max": 0.0001,
    "micro_fr_funding_rate_skew": 0.0,
    "micro_fr_funding_rate_kurtosis": 0.0,
    "micro_fr_funding_rate_trend": -9.234190815370753e-21,
    "micro_fr_funding_rate_change": 0.0,
    "micro_fr_funding_rate_change_abs": 0.0,
    "micro_fr_funding_rate_positive": 1.0,
    "micro_fr_funding_rate_negative": 0.0,
    "micro_fr_funding_rate_high": 0.0,
    "micro_fr_funding_rate_extreme": 0.0,
    "micro_fr_hours_to_next_funding": 0.0,
    "micro_fr_funding_imminent": 1.0,
    "micro_vp_volume_current": 445.704,
    "micro_vp_volume_mean": 439.47385,
    "micro_vp_volume_std": 306.7635396254378,
    "micro_vp_volume_max": 2196.132,
    "micro_vp_volume_sum": 43947.385,
    "micro_vp_volume_ratio": 1.0141763838735798,
    "micro_vp_large_volume_trade": 0.0,
    "micro_vp_recent_vwap": 79.58599344397852,
    "micro_vp_price_vwap_deviation_pct": 0.005034247671105825,
    "micro_vp_price_clustering": 0.0,
    "micro_vp_volume_trend": 24.069945454545458,
    "micro_of_order_flow_imbalance": 0.30170695938254594,
    "micro_of_trade_flow_buy_pressure": 0.6508534796912729,
    "micro_of_trade_flow_sell_pressure": 0.34914652030872706,
    "micro_of_kyles_lambda_buy": 0.0,
    "micro_of_kyles_lambda_sell": 0.0,
    "micro_of_kyles_lambda_avg": 0.0,
    "micro_of_amihud_illiquidity": 0.05827963661753982,
    "micro_of_spread_dynamics_current": 0.012562024998436176,
    "micro_micro_funding_arbitrage": 0.0,
    "micro_micro_orderbook_pressure": 1.0,
    "micro_micro_liquidity_score": 1.0,
    "micro_micro_volume_spike": 0.0,
    "micro_micro_oi_divergence": 0.0,
    "micro_micro_composite_score": 0.5,
    "fee_maker_rate": 0.0002,
    "fee_taker_rate": 0.0008,
    "fee_round_trip_cost": 0.0016,
    "fee_breakeven_move_pct": 0.16,
    "fee_net_profit_threshold": 0.16
  },
  "output_prediction": {
    "signal": "SHORT",
    "confidence": 0.6024766364633094,
    "raw_model_outputs": {
      "xgboost": 0.10317662358283997,
      "lightgbm": 0.07429621866008727,
      "lstm": 0.23581236600875854,
      "random_forest": 0.45140773704347387,
      "weighted_average": 0.1987616817683453
    }
  },
  "regime_info": {
    "regime": "trending",
    "regime_confidence": 0.7454902095915913,
    "atr_ratio": 0.6668212947089114,
    "adx_value": 37.12418413263261,
    "is_exhausted": false,
    "is_weakening": false,
    "leverage_tier": "unknown"
  },
  "explanation": "LTCUSDT short position is based on a combination of RSI at 49.7, MACD at -0.0058 (indicating weak bearish momentum), ADX at 37.1 (suggesting sideways to slightly bullish market conditions). Ensemble model average suggests a slight positive trend. The confidence level of 60.2% indicates a strong belief in the strategy's viability, despite minor volatility.",
  "symbol": "cmt_ltcusdt",
  "position_size": 0.1,
  "risk_validation": {
    "checks_performed": [
      "Wash trading check: Same direction - allowed",
      "Risk check: Order passes all risk checks (leverage: 5x, risk: 6.41%)",
      "Trading status: Trading allowed within risk limits",
      "Leverage set: 5x"
    ],
    "all_checks_passed": true
  },
  "execution_details": {
    "order_type": "1",
    "side": "OPEN_SHORT",
    "price": 79.6,
    "leverage": 5,
    "client_oid": "828ef907-d2bb-434e-8431-72a948e8312e",
    "symbol": "cmt_ltcusdt",
    "maker_fee_rate": 0.0002,
    "taker_fee_rate": 0.0008,
    "estimated_entry_fee": 0.03184,
    "estimated_exit_fee": 0.03184,
    "total_estimated_fees": 0.06368
  },
  "log_metadata": {
    "log_version": "2.3",
    "competition": "WEEX_AI_Trading_Hackathon_2025",
    "bot_name": "AlphaStrike",
    "compliance_status": "MANDATORY",
    "deepseek_enabled": true
  },
  "weex_response": {
    "code": "00000",
    "msg": "success",
    "request_time": 1767307567408,
    "data": "upload success",
    "upload_attempted": true,
    "upload_success": true,
    "upload_timestamp": "2026-01-01T22:46:07.324529Z",
    "error_details": null
  }
}