{
  "timestamp": "2026-01-01T15:15:35.534035Z",
  "order_id": "701625411007677357",
  "stage": "Decision Making",
  "model_version": "ollama:qwen2.5:1.5b+exit_manager_v1",
  "input_features": {
    "tech_returns_1": 0.0,
    "tech_returns_5": 0.053586300110586293,
    "tech_returns_15": 0.018424479536882643,
    "tech_returns_60": 0.03719713343190989,
    "tech_returns_240": 0.15009526152220953,
    "tech_returns_1440": -1.1472182907403015,
    "tech_rsi_14": 63.61267800916323,
    "tech_rsi_7": 71.45465552739827,
    "tech_macd": 11.59949841100024,
    "tech_macd_signal": 9.717104984724143,
    "tech_macd_hist": 1.8823934262760975,
    "tech_stoch_k": 99.85734664763793,
    "tech_stoch_d": 97.36933808667192,
    "tech_ema_cross_9_21": 1.0,
    "tech_ema_cross_50_200": 1.0,
    "tech_ema_9": 87919.70834355103,
    "tech_ema_21": 87908.60396070413,
    "tech_ema_50": 87892.1842490258,
    "tech_price_ema_9_pct": 0.026150742401382206,
    "tech_price_ema_21_pct": 0.038785781777523315,
    "tech_adx": 24.904435074829475,
    "tech_adx_7": 46.70497192298158,
    "tech_adx_10": 33.69336141523638,
    "tech_adx_roc_5": 0.7421739499637496,
    "tech_adx_slope_3": 1.9591399116996513,
    "tech_adx_deceleration": 1.4196955928513013,
    "tech_plus_di": 43.718441659807674,
    "tech_minus_di": 20.230484606376407,
    "tech_di_crossover": 0.0,
    "tech_atr_14": 13.972092784866435,
    "tech_atr_pct": 0.015887723238957225,
    "tech_atr_14_avg": 14.106752912548327,
    "tech_bb_upper": 87942.44581268227,
    "tech_bb_lower": 87881.49418731773,
    "tech_bb_width": 0.06933256684447128,
    "tech_bb_position": 1.0041703123781343,
    "tech_volatility_20": 0.0021430774348245992,
    "tech_volume_ratio": 0.011174079647698171,
    "tech_obv": -298.49689999999975,
    "tech_momentum_10": 35.19999999999709,
    "tech_roc_10": 0.04004208969654588,
    "tech_high_low_range": 0.0,
    "tech_body_ratio": 0.0,
    "tech_swing_high_10": 87942.8,
    "tech_swing_low_10": 87872.7,
    "tech_price_vs_swing_high": -0.00011371027532193739,
    "tech_price_vs_swing_low": 0.07966069097683354,
    "tech_swing_break_up": 0.0,
    "tech_swing_break_down": 0.0,
    "tech_volume_spike": 0.0,
    "tech_volume_spike_ratio": 0.011174079647698171,
    "micro_ob_best_bid_price": 87942.6,
    "micro_ob_best_ask_price": 87942.7,
    "micro_ob_best_bid_size": 2.4654,
    "micro_ob_best_ask_size": 2.586,
    "micro_ob_spread_absolute": 0.09999999999126885,
    "micro_ob_spread_percentage": 0.00011371046925612186,
    "micro_ob_bid_ask_size_ratio": 0.9533642691415313,
    "micro_ob_orderbook_imbalance_5": 0.03715447657975684,
    "micro_ob_orderbook_imbalance_10": -0.0025802720158179366,
    "micro_ob_orderbook_imbalance_20": 0.023323395825066408,
    "micro_ob_orderbook_vwap": 87942.63319247575,
    "micro_ob_buy_impact_0.1": 0.0,
    "micro_ob_sell_impact_0.1": 1.6547060501243824e-14,
    "micro_ob_buy_impact_1.0": 0.0,
    "micro_ob_sell_impact_1.0": 0.0,
    "micro_ob_buy_impact_10.0": 0.00031289009776370677,
    "micro_ob_sell_impact_10.0": 0.00018715503067597963,
    "micro_ob_bid_depth_concentration": 0.36211464666995336,
    "micro_ob_ask_depth_concentration": 0.35222597463796573,
    "micro_ob_bid_levels": 15,
    "micro_ob_ask_levels": 15,
    "micro_ob_total_bid_volume": 34.6857,
    "micro_ob_total_ask_volume": 33.1046,
    "micro_ob_total_orderbook_volume": 67.7903,
    "micro_ob_order_flow_imbalance": 0.023323395825066408,
    "micro_ob_depth_imbalance_1": -0.023874569426297673,
    "micro_ob_depth_imbalance_5": 0.03715447657975684,
    "micro_ob_depth_imbalance_10": -0.0025802720158179366,
    "micro_ob_depth_imbalance_20": 0.023323395825066408,
    "micro_fr_funding_rate_current": 3.68e-05,
    "micro_fr_funding_rate_abs": 3.68e-05,
    "micro_fr_funding_rate_mean": 7.352275862068967e-05,
    "micro_fr_funding_rate_std": 2.0830774133735443e-05,
    "micro_fr_funding_rate_min": 3.68e-05,
    "micro_fr_funding_rate_max": 0.0001,
    "micro_fr_funding_rate_skew": -0.18992998951391635,
    "micro_fr_funding_rate_kurtosis": -1.3227084591789782,
    "micro_fr_funding_rate_trend": -2.6070000000000053e-06,
    "micro_fr_funding_rate_change": -3.0499999999999996e-06,
    "micro_fr_funding_rate_change_abs": 3.0499999999999996e-06,
    "micro_fr_funding_rate_positive": 1.0,
    "micro_fr_funding_rate_negative": 0.0,
    "micro_fr_funding_rate_high": 0.0,
    "micro_fr_funding_rate_extreme": 0.0,
    "micro_fr_hours_to_next_funding": 0.0,
    "micro_fr_funding_imminent": 1.0,
    "micro_vp_volume_current": 123.11992,
    "micro_vp_volume_mean": 253.01119609999998,
    "micro_vp_volume_std": 215.64049190805207,
    "micro_vp_volume_max": 1978.713,
    "micro_vp_volume_sum": 25301.119609999998,
    "micro_vp_volume_ratio": 0.48661846549801757,
    "micro_vp_large_volume_trade": 0.0,
    "micro_vp_recent_vwap": 87942.71675357861,
    "micro_vp_price_vwap_deviation_pct": 9.465982455637682e-05,
    "micro_vp_price_clustering": 1.6891598117304407,
    "micro_vp_volume_trend": -108.72928236363633,
    "micro_of_order_flow_imbalance": 0.023323395825066408,
    "micro_of_trade_flow_buy_pressure": 0.5116616979125331,
    "micro_of_trade_flow_sell_pressure": 0.48833830208746676,
    "micro_of_kyles_lambda_buy": 3.1289009776370677e-05,
    "micro_of_kyles_lambda_sell": 1.871550306759796e-05,
    "micro_of_kyles_lambda_avg": 2.500225642198432e-05,
    "micro_of_amihud_illiquidity": 0.014769490464255504,
    "micro_of_spread_dynamics_current": 0.00011371046925612186,
    "micro_micro_funding_arbitrage": 0.0,
    "micro_micro_orderbook_pressure": 0.0,
    "micro_micro_liquidity_score": 0.5,
    "micro_micro_volume_spike": 0.0,
    "micro_micro_oi_divergence": 0.0,
    "micro_micro_composite_score": 0.1,
    "fee_maker_rate": 0.0002,
    "fee_taker_rate": 0.0008,
    "fee_round_trip_cost": 0.0016,
    "fee_breakeven_move_pct": 0.16,
    "fee_net_profit_threshold": 0.16,
    "exit_trigger": true,
    "exit_reason": "Trailing stop hit: 87950.20 >= 87917.75",
    "position_side": "SHORT",
    "entry_price": 87898.6,
    "exit_price": 87950.2,
    "position_size": 0.0002,
    "hold_duration_hours": 0.19974107222222223
  },
  "output_prediction": {
    "signal": "EXIT_SHORT",
    "confidence": 1.0,
    "raw_model_outputs": {
      "action": "exit"
    }
  },
  "regime_info": {
    "regime": "unknown",
    "regime_confidence": 0.0,
    "atr_ratio": 1.0,
    "adx_value": 0.0,
    "is_exhausted": false,
    "is_weakening": false,
    "leverage_tier": "unknown"
  },
  "explanation": "The BTCUSDT position is exiting short due to a strong bearish RSI at 63.6, MACD below zero at 11.5995, and an ADX of 24.9 indicating overbought conditions. The models confirm this sell signal.",
  "symbol": "cmt_btcusdt",
  "position_size": 0.0002,
  "risk_validation": {
    "checks_performed": [
      "Risk check: Close order - bypassing risk checks for position exit",
      "Trading status: Trading allowed within risk limits",
      "Leverage set: 3x"
    ],
    "all_checks_passed": true
  },
  "execution_details": {
    "order_type": "1",
    "side": "CLOSE_SHORT",
    "price": 87950.2,
    "leverage": 3,
    "client_oid": "1a6ce9be-109e-4735-b50b-50811afecabf",
    "symbol": "cmt_btcusdt",
    "maker_fee_rate": 0.0002,
    "taker_fee_rate": 0.0008,
    "estimated_entry_fee": 0.04221609600000001,
    "estimated_exit_fee": 0.04221609600000001,
    "total_estimated_fees": 0.08443219200000002
  },
  "log_metadata": {
    "log_version": "2.3",
    "competition": "WEEX_AI_Trading_Hackathon_2025",
    "bot_name": "AlphaStrike",
    "compliance_status": "MANDATORY",
    "deepseek_enabled": true
  },
  "weex_response": {
    "code": "00000",
    "msg": "success",
    "request_time": 1767280535616,
    "data": "upload success",
    "upload_attempted": true,
    "upload_success": true,
    "upload_timestamp": "2026-01-01T15:15:35.534167Z",
    "error_details": null
  }
}