{
  "timestamp": "2026-01-01T23:18:16.123847Z",
  "order_id": "701746885425103789",
  "stage": "Decision Making",
  "model_version": "ollama:qwen2.5:1.5b+ensemble_v1.0",
  "input_features": {
    "tech_returns_1": 0.010659844366278648,
    "tech_returns_5": 0.16548337159025817,
    "tech_returns_15": 0.18152696209290387,
    "tech_returns_60": 0.32078699743369743,
    "tech_returns_240": 0.48195351826068045,
    "tech_returns_1440": -1.1892699056050338,
    "tech_rsi_14": 62.947296923609876,
    "tech_rsi_7": 69.08157368126898,
    "tech_macd": 0.000797525757971318,
    "tech_macd_signal": 0.0006589588684387446,
    "tech_macd_hist": 0.00013856688953257337,
    "tech_stoch_k": 100.0,
    "tech_stoch_d": 98.03291850662406,
    "tech_ema_cross_9_21": 1.0,
    "tech_ema_cross_50_200": 1.0,
    "tech_ema_9": 1.8750814617067664,
    "tech_ema_21": 1.8743146472378953,
    "tech_ema_50": 1.87303491704062,
    "tech_price_ema_9_pct": 0.07031898720994845,
    "tech_price_ema_21_pct": 0.11125948170857312,
    "tech_adx": 24.384321350488577,
    "tech_adx_7": 45.48372540966108,
    "tech_adx_10": 31.467994539289883,
    "tech_adx_roc_5": 1.9058117609758334,
    "tech_adx_slope_3": 2.0437757873975855,
    "tech_adx_deceleration": 0.37833815379755187,
    "tech_plus_di": 38.371815588452506,
    "tech_minus_di": 17.760168833266178,
    "tech_di_crossover": 0.0,
    "tech_atr_14": 0.000991416950822867,
    "tech_atr_pct": 0.05283611974114618,
    "tech_atr_14_avg": 0.0009802081543870743,
    "tech_bb_upper": 1.8774513985701917,
    "tech_bb_lower": 1.871368601429808,
    "tech_bb_width": 0.32451796247265124,
    "tech_bb_position": 0.8271521232869284,
    "tech_volatility_20": 0.010213012495405247,
    "tech_volume_ratio": 0.17568147252661545,
    "tech_obv": 58310.0,
    "tech_momentum_10": 0.0020999999999999908,
    "tech_roc_10": 0.11204182894948289,
    "tech_high_low_range": 0.01065870816456928,
    "tech_body_ratio": 0.99999950000025,
    "tech_swing_high_10": 1.8764,
    "tech_swing_low_10": 1.8731,
    "tech_price_vs_swing_high": 0.0,
    "tech_price_vs_swing_low": 0.17617852757461325,
    "tech_swing_break_up": 0.0,
    "tech_swing_break_down": 0.0,
    "tech_volume_spike": 0.0,
    "tech_volume_spike_ratio": 0.17568147252661545,
    "micro_ob_best_bid_price": 1.8763,
    "micro_ob_best_ask_price": 1.8764,
    "micro_ob_best_bid_size": 56410.0,
    "micro_ob_best_ask_size": 59980.0,
    "micro_ob_spread_absolute": 9.999999999998899e-05,
    "micro_ob_spread_percentage": 0.005329496096143522,
    "micro_ob_bid_ask_size_ratio": 0.9404801600533511,
    "micro_ob_orderbook_imbalance_5": 0.15939026195056977,
    "micro_ob_orderbook_imbalance_10": 0.1898928760147956,
    "micro_ob_orderbook_imbalance_20": 0.21920056265385066,
    "micro_ob_orderbook_vwap": 1.876131389729548,
    "micro_ob_buy_impact_0.1": 1.183354321706626e-14,
    "micro_ob_sell_impact_0.1": 0.0,
    "micro_ob_buy_impact_1.0": 0.0,
    "micro_ob_sell_impact_1.0": 0.0,
    "micro_ob_buy_impact_10.0": -1.183354321706626e-14,
    "micro_ob_sell_impact_10.0": 0.0,
    "micro_ob_bid_depth_concentration": 0.33475413688854705,
    "micro_ob_ask_depth_concentration": 0.3789888071527465,
    "micro_ob_bid_levels": 15,
    "micro_ob_ask_levels": 15,
    "micro_ob_total_bid_volume": 936090.0,
    "micro_ob_total_ask_volume": 599490.0,
    "micro_ob_total_orderbook_volume": 1535580.0,
    "micro_ob_order_flow_imbalance": 0.21920056265385066,
    "micro_ob_depth_imbalance_1": -0.03067273820774981,
    "micro_ob_depth_imbalance_5": 0.15939026195056977,
    "micro_ob_depth_imbalance_10": 0.1898928760147956,
    "micro_ob_depth_imbalance_20": 0.21920056265385066,
    "micro_fr_funding_rate_current": 6.63e-05,
    "micro_fr_funding_rate_abs": 6.63e-05,
    "micro_fr_funding_rate_mean": 6.639e-06,
    "micro_fr_funding_rate_std": 4.1117560980680745e-05,
    "micro_fr_funding_rate_min": -5.801e-05,
    "micro_fr_funding_rate_max": 6.63e-05,
    "micro_fr_funding_rate_skew": -0.1855673168368859,
    "micro_fr_funding_rate_kurtosis": -1.412438362725037,
    "micro_fr_funding_rate_trend": 1.0619999999999928e-06,
    "micro_fr_funding_rate_change": 1.2899999999999961e-06,
    "micro_fr_funding_rate_change_abs": 1.2899999999999961e-06,
    "micro_fr_funding_rate_positive": 1.0,
    "micro_fr_funding_rate_negative": 0.0,
    "micro_fr_funding_rate_high": 0.0,
    "micro_fr_funding_rate_extreme": 0.0,
    "micro_fr_hours_to_next_funding": 0.0,
    "micro_fr_funding_imminent": 1.0,
    "micro_vp_volume_current": 431.526,
    "micro_vp_volume_mean": 234.71493000000007,
    "micro_vp_volume_std": 131.8572497757522,
    "micro_vp_volume_max": 656.705,
    "micro_vp_volume_sum": 23471.493000000006,
    "micro_vp_volume_ratio": 1.8385110823585014,
    "micro_vp_large_volume_trade": 0.0,
    "micro_vp_recent_vwap": 1.876218466183638,
    "micro_vp_price_vwap_deviation_pct": -0.000984223531044868,
    "micro_vp_price_clustering": 5.551115123125783e-17,
    "micro_vp_volume_trend": 0.45483636363635876,
    "micro_of_order_flow_imbalance": 0.21920056265385066,
    "micro_of_trade_flow_buy_pressure": 0.6096002813269253,
    "micro_of_trade_flow_sell_pressure": 0.39039971867307466,
    "micro_of_kyles_lambda_buy": -1.183354321706626e-15,
    "micro_of_kyles_lambda_sell": 0.0,
    "micro_of_kyles_lambda_avg": -5.91677160853313e-16,
    "micro_of_amihud_illiquidity": 0.04689978803427073,
    "micro_of_spread_dynamics_current": 0.005329496096143522,
    "micro_micro_funding_arbitrage": 0.0,
    "micro_micro_orderbook_pressure": 0.5,
    "micro_micro_liquidity_score": 1.0,
    "micro_micro_volume_spike": 0.5,
    "micro_micro_oi_divergence": 0.0,
    "micro_micro_composite_score": 0.39999999999999997,
    "fee_maker_rate": 0.0002,
    "fee_taker_rate": 0.0008,
    "fee_round_trip_cost": 0.0016,
    "fee_breakeven_move_pct": 0.16,
    "fee_net_profit_threshold": 0.16
  },
  "output_prediction": {
    "signal": "SHORT",
    "confidence": 0.45978138284108394,
    "raw_model_outputs": {
      "xgboost": 0.17233778536319733,
      "lightgbm": 0.2602168616613544,
      "lstm": 0.22135476768016815,
      "random_forest": 0.4900753207250103,
      "weighted_average": 0.27010930857945803
    }
  },
  "regime_info": {
    "regime": "ranging",
    "regime_confidence": 0.5,
    "atr_ratio": 1.0114351185364312,
    "adx_value": 24.384321350488577,
    "is_exhausted": false,
    "is_weakening": false,
    "leverage_tier": "unknown"
  },
  "explanation": "XRPUSDT short position is based on a high RSI of 62.9, indicating overbought conditions; MACD shows no significant trend change at 0.0008, suggesting lack of momentum; ADX at 24.4 indicates weak overall market strength. Ensemble model predicts an average loss of 0.27%. This combination points to a short entry with low confidence for potential profit-taking or risk management.",
  "symbol": "cmt_xrpusdt",
  "position_size": 30.0,
  "risk_validation": {
    "checks_performed": [
      "Wash trading check: No current position - any direction allowed",
      "Risk check: Order passes all risk checks (leverage: 1x, risk: 6.29%)",
      "Trading status: Trading allowed within risk limits"
    ],
    "all_checks_passed": true
  },
  "execution_details": {
    "order_type": "1",
    "side": "OPEN_SHORT",
    "price": 1.8763,
    "leverage": 1,
    "client_oid": "a1a0a62c-8e0f-4230-ae9e-60eb0fe53696",
    "symbol": "cmt_xrpusdt",
    "maker_fee_rate": 0.0002,
    "taker_fee_rate": 0.0008,
    "estimated_entry_fee": 0.0450312,
    "estimated_exit_fee": 0.0450312,
    "total_estimated_fees": 0.0900624
  },
  "log_metadata": {
    "log_version": "2.3",
    "competition": "WEEX_AI_Trading_Hackathon_2025",
    "bot_name": "AlphaStrike",
    "compliance_status": "MANDATORY",
    "deepseek_enabled": true
  },
  "weex_response": {
    "code": "00000",
    "msg": "success",
    "request_time": 1767309496207,
    "data": "upload success",
    "upload_attempted": true,
    "upload_success": true,