{
  "timestamp": "2026-01-01T14:40:16.695729Z",
  "order_id": "701616529455711149",
  "stage": "Decision Making",
  "model_version": "ollama:qwen2.5:1.5b+exit_manager_v1",
  "input_features": {
    "tech_returns_1": 0.0,
    "tech_returns_5": -0.033192266201986786,
    "tech_returns_15": -0.04978013772505285,
    "tech_returns_60": -0.36390703829295434,
    "tech_returns_240": 2.8164205854740887,
    "tech_returns_1440": -2.063027940220912,
    "tech_rsi_14": 44.472411578026346,
    "tech_rsi_7": 53.6867206826081,
    "tech_macd": -7.57137019306714e-05,
    "tech_macd_signal": -9.757153355597865e-05,
    "tech_macd_hist": 2.185783162530725e-05,
    "tech_stoch_k": 74.19354838709374,
    "tech_stoch_d": 66.32782145115944,
    "tech_ema_cross_9_21": -1.0,
    "tech_ema_cross_50_200": 1.0,
    "tech_ema_9": 0.1204429790570251,
    "tech_ema_21": 0.12049695683355678,
    "tech_ema_50": 0.12057908915836488,
    "tech_price_ema_9_pct": 0.02243463519953441,
    "tech_price_ema_21_pct": -0.02237138120759625,
    "tech_adx": 33.17280845026793,
    "tech_adx_7": 38.31149394045702,
    "tech_adx_10": 36.04763721224856,
    "tech_adx_roc_5": -30.67705232066848,
    "tech_adx_slope_3": -5.129221862346409,
    "tech_adx_deceleration": 0.6109000867529986,
    "tech_plus_di": 24.492198945184118,
    "tech_minus_di": 24.676162349814888,
    "tech_di_crossover": 0.0,
    "tech_atr_14": 7.138842757107189e-05,
    "tech_atr_pct": 0.05925826145187341,
    "tech_atr_14_avg": 8.420820348079488e-05,
    "tech_bb_upper": 0.12069385960805189,
    "tech_bb_lower": 0.1202141403919481,
    "tech_bb_width": 0.3982592658639739,
    "tech_bb_position": 0.5333528436278867,
    "tech_volatility_20": 0.008930752156970501,
    "tech_volume_ratio": 0.7797660431868347,
    "tech_obv": -59491500.0,
    "tech_momentum_10": 0.00021999999999999797,
    "tech_roc_10": 0.18295218295218962,
    "tech_high_low_range": 0.016601643562717792,
    "tech_body_ratio": 0.0,
    "tech_swing_high_10": 0.12055,
    "tech_swing_low_10": 0.12024,
    "tech_price_vs_swing_high": -0.06636250518457953,
    "tech_price_vs_swing_low": 0.1912840984697223,
    "tech_swing_break_up": 0.0,
    "tech_swing_break_down": 0.0,
    "tech_volume_spike": 0.0,
    "tech_volume_spike_ratio": 0.7797660431868347,
    "micro_ob_best_bid_price": 0.12046,
    "micro_ob_best_ask_price": 0.12047,
    "micro_ob_best_bid_size": 2893400.0,
    "micro_ob_best_ask_size": 2267500.0,
    "micro_ob_spread_absolute": 9.999999999996123e-06,
    "micro_ob_spread_percentage": 0.00830116631386388,
    "micro_ob_bid_ask_size_ratio": 1.2760308710033077,
    "micro_ob_orderbook_imbalance_5": -0.0661920297193982,
    "micro_ob_orderbook_imbalance_10": 0.03041959325691014,
    "micro_ob_orderbook_imbalance_20": 0.08197910068955638,
    "micro_ob_orderbook_vwap": 0.1204650670326846,
    "micro_ob_buy_impact_0.1": 0.0,
    "micro_ob_sell_impact_0.1": -1.1520660640722611e-14,
    "micro_ob_buy_impact_1.0": 0.0,
    "micro_ob_sell_impact_1.0": 0.0,
    "micro_ob_buy_impact_10.0": 0.0,
    "micro_ob_sell_impact_10.0": 1.1520660640722611e-14,
    "micro_ob_bid_depth_concentration": 0.4482022513745299,
    "micro_ob_ask_depth_concentration": 0.6031400848408016,
    "micro_ob_bid_levels": 15,
    "micro_ob_ask_levels": 15,
    "micro_ob_total_bid_volume": 24171900.0,
    "micro_ob_total_ask_volume": 20509000.0,
    "micro_ob_total_orderbook_volume": 44680900.0,
    "micro_ob_order_flow_imbalance": 0.08197910068955638,
    "micro_ob_depth_imbalance_1": 0.12127729659555504,
    "micro_ob_depth_imbalance_5": -0.0661920297193982,
    "micro_ob_depth_imbalance_10": 0.03041959325691014,
    "micro_ob_depth_imbalance_20": 0.08197910068955638,
    "micro_fr_funding_rate_current": 0.0001,
    "micro_fr_funding_rate_abs": 0.0001,
    "micro_fr_funding_rate_mean": 9.999999999999999e-05,
    "micro_fr_funding_rate_std": 1.3552527156068805e-20,
    "micro_fr_funding_rate_min": 0.0001,
    "micro_fr_funding_rate_max": 0.0001,
    "micro_fr_funding_rate_skew": 1.0,
    "micro_fr_funding_rate_kurtosis": -2.0,
    "micro_fr_funding_rate_trend": -9.234190815370753e-21,
    "micro_fr_funding_rate_change": 0.0,
    "micro_fr_funding_rate_change_abs": 0.0,
    "micro_fr_funding_rate_positive": 1.0,
    "micro_fr_funding_rate_negative": 0.0,
    "micro_fr_funding_rate_high": 0.0,
    "micro_fr_funding_rate_extreme": 0.0,
    "micro_fr_hours_to_next_funding": 0.0,
    "micro_fr_funding_imminent": 1.0,
    "micro_vp_volume_current": 192.752,
    "micro_vp_volume_mean": 727.8292200000001,
    "micro_vp_volume_std": 6055.604898479786,
    "micro_vp_volume_max": 60976.852,
    "micro_vp_volume_sum": 72782.922,
    "micro_vp_volume_ratio": 0.2648313570043258,
    "micro_vp_large_volume_trade": 0.0,
    "micro_vp_recent_vwap": 0.12046163864676936,
    "micro_vp_price_vwap_deviation_pct": 0.006941092055999374,
    "micro_vp_price_clustering": 0.0,
    "micro_vp_volume_trend": 6.206030303030301,
    "micro_of_order_flow_imbalance": 0.08197910068955638,
    "micro_of_trade_flow_buy_pressure": 0.5409895503447782,
    "micro_of_trade_flow_sell_pressure": 0.4590104496552218,
    "micro_of_kyles_lambda_buy": 0.0,
    "micro_of_kyles_lambda_sell": 1.152066064072261e-15,
    "micro_of_kyles_lambda_avg": 5.760330320361305e-16,
    "micro_of_amihud_illiquidity": 0.2126286435669944,
    "micro_of_spread_dynamics_current": 0.00830116631386388,
    "micro_micro_funding_arbitrage": 0.0,
    "micro_micro_orderbook_pressure": 0.0,
    "micro_micro_liquidity_score": 1.0,
    "micro_micro_volume_spike": 0.0,
    "micro_micro_oi_divergence": 0.0,
    "micro_micro_composite_score": 0.2,
    "fee_maker_rate": 0.0002,
    "fee_taker_rate": 0.0008,
    "fee_round_trip_cost": 0.0016,
    "fee_breakeven_move_pct": 0.16,
    "fee_net_profit_threshold": 0.16,
    "exit_trigger": true,
    "exit_reason": "Trailing stop hit: 0.12 >= 0.12",
    "position_side": "SHORT",
    "entry_price": 0.12096,
    "exit_price": 0.12047,
    "position_size": 200.0,
    "hold_duration_hours": 0.45819064833333334
  },
  "output_prediction": {
    "signal": "EXIT_SHORT",
    "confidence": 1.0,
    "raw_model_outputs": {
      "action": "exit"
    }
  },
  "regime_info": {
    "regime": "unknown",
    "regime_confidence": 0.0,
    "atr_ratio": 1.0,
    "adx_value": 0.0,
    "is_exhausted": false,
    "is_weakening": false,
    "leverage_tier": "unknown"
  },
  "explanation": "The DOGEUSDT position is exiting short due to a strong sell-off confirmed by RSI at 44.5, MACD below zero at -0.0001, and ADX at 33.2 indicating weak momentum. The models suggest this as a solid exit point with confidence.",
  "symbol": "cmt_dogeusdt",
  "position_size": 200.0,
  "risk_validation": {
    "checks_performed": [
      "Risk check: Close order - bypassing risk checks for position exit",
      "Trading status: Trading allowed within risk limits",
      "Leverage set: 2x"
    ],
    "all_checks_passed": true
  },
  "execution_details": {
    "order_type": "1",
    "side": "CLOSE_SHORT",
    "price": 0.12047,
    "leverage": 2,
    "client_oid": "64b35b0e-c5ad-46df-9336-e997993fa0f3",
    "symbol": "cmt_dogeusdt",
    "maker_fee_rate": 0.0002,
    "taker_fee_rate": 0.0008,
    "estimated_entry_fee": 0.0385504,
    "estimated_exit_fee": 0.0385504,
    "total_estimated_fees": 0.0771008
  },
  "log_metadata": {
    "log_version": "2.3",
    "competition": "WEEX_AI_Trading_Hackathon_2025",
    "bot_name": "AlphaStrike",
    "compliance_status": "MANDATORY",
    "deepseek_enabled": true
  },
  "weex_response": {
    "code": "00000",
    "msg": "success",
    "request_time": 1767278416768,
    "data": "upload success",
    "upload_attempted": true,
    "upload_success": true,
    "upload_timestamp": "2026-01-01T14:40:16.695810Z",
    "error_details": null
  }
}