{
  "timestamp": "2026-01-01T22:04:26.910632Z",
  "order_id": "701728308508754861",
  "stage": "Decision Making",
  "model_version": "ollama:qwen2.5:1.5b+ensemble_v1.0",
  "input_features": {
    "tech_returns_1": -0.005994932585284829,
    "tech_returns_5": 0.06316011088107754,
    "tech_returns_15": 0.107011579898586,
    "tech_returns_60": 0.19233166729000217,
    "tech_returns_240": 0.17768530889255008,
    "tech_returns_1440": -1.1472182907403015,
    "tech_rsi_14": 69.46426067581788,
    "tech_rsi_7": 78.6367902814054,
    "tech_macd": 21.625275616141153,
    "tech_macd_signal": 13.868791665961378,
    "tech_macd_hist": 7.756483950179774,
    "tech_stoch_k": 93.82857142856145,
    "tech_stoch_d": 97.87642218753712,
    "tech_ema_cross_9_21": 1.0,
    "tech_ema_cross_50_200": 1.0,
    "tech_ema_9": 88378.88502471944,
    "tech_ema_21": 88354.8305593928,
    "tech_ema_50": 88330.81377135077,
    "tech_price_ema_9_pct": 0.026946453639804413,
    "tech_price_ema_21_pct": 0.05417863438154012,
    "tech_adx": 49.42117248906868,
    "tech_adx_7": 72.03600550721913,
    "tech_adx_10": 60.786575439978634,
    "tech_adx_roc_5": 18.191834057581612,
    "tech_adx_slope_3": 3.5835964806429637,
    "tech_adx_deceleration": -0.26896787492654894,
    "tech_plus_di": 56.05384397363912,
    "tech_minus_di": 9.486761076485683,
    "tech_di_crossover": 0.0,
    "tech_atr_14": 12.534711186336605,
    "tech_atr_pct": 0.014179104468909439,
    "tech_atr_14_avg": 13.985981452590416,
    "tech_bb_upper": 88424.16516939526,
    "tech_bb_lower": 88257.77483060474,
    "tech_bb_width": 0.1883501378697966,
    "tech_bb_position": 0.8709950977244754,
    "tech_volatility_20": 0.002253936245934078,
    "tech_volume_ratio": 0.16396625865025485,
    "tech_obv": -337.96469999999977,
    "tech_momentum_10": 64.39999999999418,
    "tech_roc_10": 0.07290156138390902,
    "tech_high_low_range": 0.00610841071595571,
    "tech_body_ratio": 0.9814814814649028,
    "tech_swing_high_10": 88408.1,
    "tech_swing_low_10": 88336.8,
    "tech_price_vs_swing_high": -0.006108037611948149,
    "tech_price_vs_swing_low": 0.0746008458535901,
    "tech_swing_break_up": 0.0,
    "tech_swing_break_down": 0.0,
    "tech_volume_spike": 0.0,
    "tech_volume_spike_ratio": 0.16396625865025485,
    "micro_ob_best_bid_price": 88407.9,
    "micro_ob_best_ask_price": 88408.0,
    "micro_ob_best_bid_size": 2.6418,
    "micro_ob_best_ask_size": 2.7542,
    "micro_ob_spread_absolute": 0.10000000000582077,
    "micro_ob_spread_percentage": 0.0001131119995496115,
    "micro_ob_bid_ask_size_ratio": 0.9591896013361412,
    "micro_ob_orderbook_imbalance_5": -0.05056829284178989,
    "micro_ob_orderbook_imbalance_10": 0.009068018299277213,
    "micro_ob_orderbook_imbalance_20": -0.004783145978390319,
    "micro_ob_orderbook_vwap": 88408.02912335689,
    "micro_ob_buy_impact_0.1": 0.0,
    "micro_ob_sell_impact_0.1": 1.6459971595713565e-14,
    "micro_ob_buy_impact_1.0": 0.0,
    "micro_ob_sell_impact_1.0": 0.0,
    "micro_ob_buy_impact_10.0": 0.0003047846348841835,
    "micro_ob_sell_impact_10.0": 0.00018274384980662066,
    "micro_ob_bid_depth_concentration": 0.3257528353539304,
    "micro_ob_ask_depth_concentration": 0.35702131309470125,
    "micro_ob_bid_levels": 15,
    "micro_ob_ask_levels": 15,
    "micro_ob_total_bid_volume": 35.798,
    "micro_ob_total_ask_volume": 36.1421,
    "micro_ob_total_orderbook_volume": 71.9401,
    "micro_ob_order_flow_imbalance": -0.004783145978390319,
    "micro_ob_depth_imbalance_1": -0.02083024462564864,
    "micro_ob_depth_imbalance_5": -0.05056829284178989,
    "micro_ob_depth_imbalance_10": 0.009068018299277213,
    "micro_ob_depth_imbalance_20": -0.004783145978390319,
    "micro_fr_funding_rate_current": 5.034e-05,
    "micro_fr_funding_rate_abs": 5.034e-05,
    "micro_fr_funding_rate_mean": 3.52111e-05,
    "micro_fr_funding_rate_std": 2.0222570306219734e-05,
    "micro_fr_funding_rate_min": 7.53e-06,
    "micro_fr_funding_rate_max": 8.738e-05,
    "micro_fr_funding_rate_skew": 0.5150042737268938,
    "micro_fr_funding_rate_kurtosis": -0.3148125914447948,
    "micro_fr_funding_rate_trend": 4.3599999999998765e-07,
    "micro_fr_funding_rate_change": 4.4000000000000256e-07,
    "micro_fr_funding_rate_change_abs": 4.4000000000000256e-07,
    "micro_fr_funding_rate_positive": 1.0,
    "micro_fr_funding_rate_negative": 0.0,
    "micro_fr_funding_rate_high": 0.0,
    "micro_fr_funding_rate_extreme": 0.0,
    "micro_fr_hours_to_next_funding": 0.0,
    "micro_fr_funding_imminent": 1.0,
    "micro_vp_volume_current": 406.6676,
    "micro_vp_volume_mean": 904.2988606000002,
    "micro_vp_volume_std": 3843.931164283659,
    "micro_vp_volume_max": 33955.63071,
    "micro_vp_volume_sum": 90429.88606000002,
    "micro_vp_volume_ratio": 0.44970486828898243,
    "micro_vp_large_volume_trade": 0.0,
    "micro_vp_recent_vwap": 88405.40239158871,
    "micro_vp_price_vwap_deviation_pct": 0.0006759863030142033,
    "micro_vp_price_clustering": 0.0,
    "micro_vp_volume_trend": 21.324598787878784,
    "micro_of_order_flow_imbalance": -0.004783145978390319,
    "micro_of_trade_flow_buy_pressure": 0.4976084270108048,
    "micro_of_trade_flow_sell_pressure": 0.5023915729891951,
    "micro_of_kyles_lambda_buy": 3.047846348841835e-05,
    "micro_of_kyles_lambda_sell": 1.8274384980662066e-05,
    "micro_of_kyles_lambda_avg": 2.437642423454021e-05,
    "micro_of_amihud_illiquidity": 0.011407103667858675,
    "micro_of_spread_dynamics_current": 0.0001131119995496115,
    "micro_micro_funding_arbitrage": 0.0,
    "micro_micro_orderbook_pressure": 0.0,
    "micro_micro_liquidity_score": 0.5,
    "micro_micro_volume_spike": 0.0,
    "micro_micro_oi_divergence": 0.0,
    "micro_micro_composite_score": 0.1,
    "fee_maker_rate": 0.0002,
    "fee_taker_rate": 0.0008,
    "fee_round_trip_cost": 0.0016,
    "fee_breakeven_move_pct": 0.16,
    "fee_net_profit_threshold": 0.16
  },
  "output_prediction": {
    "signal": "SHORT",
    "confidence": 0.6569415538060306,
    "raw_model_outputs": {
      "xgboost": 0.11566042900085449,
      "lightgbm": 0.07720126117360976,
      "lstm": 0.36537492275238037,
      "random_forest": 0.13093524207615437,
      "weighted_average": 0.17152922309698473
    }
  },
  "regime_info": {
    "regime": "trending",
    "regime_confidence": 0.8930540698688241,
    "atr_ratio": 0.8962339345884794,
    "adx_value": 49.42117248906868,
    "is_exhausted": false,
    "is_weakening": false,
    "leverage_tier": "unknown"
  },
  "explanation": "The short BTCUSDT position is based on a combination of RSI at 69.5, MACD at 21.6253, and an ADX of 49.4, all indicating overbought conditions. The ensemble model predicts a slight positive return with a confidence level of 65.7%.",
  "symbol": "cmt_btcusdt",
  "position_size": 0.0001,
  "risk_validation": {
    "checks_performed": [
      "Wash trading check: No current position - any direction allowed",
      "Risk check: Order passes all risk checks (leverage: 6x, risk: 7.15%)",
      "Trading status: Trading allowed within risk limits",
      "Leverage set: 6x"
    ],
    "all_checks_passed": true
  },
  "execution_details": {
    "order_type": "1",
    "side": "OPEN_SHORT",
    "price": 88402.7,
    "leverage": 6,
    "client_oid": "62b8d143-bc90-4b10-bc7b-a70528b483dd",
    "symbol": "cmt_btcusdt",
    "maker_fee_rate": 0.0002,
    "taker_fee_rate": 0.0008,
    "estimated_entry_fee": 0.042433296,
    "estimated_exit_fee": 0.042433296,
    "total_estimated_fees": 0.084866592
  },
  "log_metadata": {
    "log_version": "2.3",
    "competition": "WEEX_AI_Trading_Hackathon_2025",
    "bot_name": "AlphaStrike",
    "compliance_status": "MANDATORY",
    "deepseek_enabled": true
  },
  "weex_response": {
    "code": "00000",
    "msg": "success",
    "request_time": 1767305066984,
    "data": "upload success",
    "upload_attempted": true,
    "upload_success": true,
    "upload_timestamp": "2026-01-01T22:04:26.910746Z",