{
  "timestamp": "2026-01-01T21:40:08.642035Z",
  "order_id": "701722192164946861",
  "stage": "Decision Making",
  "model_version": "ollama:qwen2.5:1.5b+ensemble_v1.0",
  "input_features": {
    "tech_returns_1": 0.0,
    "tech_returns_5": -0.02391772303277362,
    "tech_returns_15": -0.14333492594361674,
    "tech_returns_60": -0.03985651654044853,
    "tech_returns_240": 0.11976047904191933,
    "tech_returns_1440": -0.8952622405324002,
    "tech_rsi_14": 37.63170537748821,
    "tech_rsi_7": 31.004027063363182,
    "tech_macd": -0.030802944331043136,
    "tech_macd_signal": -0.014360361480503554,
    "tech_macd_hist": -0.01644258285053958,
    "tech_stoch_k": 11.111111111111695,
    "tech_stoch_d": 7.40740740740781,
    "tech_ema_cross_9_21": -1.0,
    "tech_ema_cross_50_200": 1.0,
    "tech_ema_9": 125.42280257390844,
    "tech_ema_21": 125.46199817540102,
    "tech_ema_50": 125.47464683778401,
    "tech_price_ema_9_pct": -0.01818056480997457,
    "tech_price_ema_21_pct": -0.049415899876183625,
    "tech_adx": 38.06323543195758,
    "tech_adx_7": 47.824362568058504,
    "tech_adx_10": 44.281001606544265,
    "tech_adx_roc_5": -2.544890932479653,
    "tech_adx_slope_3": 0.3305208554111623,
    "tech_adx_deceleration": 0.2578957998530029,
    "tech_plus_di": 16.127538186156766,
    "tech_minus_di": 37.68308724449889,
    "tech_di_crossover": 0.0,
    "tech_atr_14": 0.034218213048917895,
    "tech_atr_pct": 0.027287251235181734,
    "tech_atr_14_avg": 0.04415728011380457,
    "tech_bb_upper": 125.67488300290897,
    "tech_bb_lower": 125.31511699709098,
    "tech_bb_width": 0.2866775615108079,
    "tech_bb_position": 0.2359394760381209,
    "tech_volatility_20": 0.004038016940215287,
    "tech_volume_ratio": 0.1251094228225657,
    "tech_obv": -132002.00000000006,
    "tech_momentum_10": -0.04999999999999716,
    "tech_roc_10": -0.03985651654044853,
    "tech_high_low_range": 0.0,
    "tech_body_ratio": 0.0,
    "tech_swing_high_10": 125.47,
    "tech_swing_low_10": 125.37,
    "tech_price_vs_swing_high": -0.0557902287399324,
    "tech_price_vs_swing_low": 0.02392916965781378,
    "tech_swing_break_up": 0.0,
    "tech_swing_break_down": 0.0,
    "tech_volume_spike": 0.0,
    "tech_volume_spike_ratio": 0.1251094228225657,
    "micro_ob_best_bid_price": 125.4,
    "micro_ob_best_ask_price": 125.41,
    "micro_ob_best_bid_size": 2465.8,
    "micro_ob_best_ask_size": 2925.2,
    "micro_ob_spread_absolute": 0.009999999999990905,
    "micro_ob_spread_percentage": 0.007974163709573705,
    "micro_ob_bid_ask_size_ratio": 0.8429509093395324,
    "micro_ob_orderbook_imbalance_5": -0.20396728980435533,
    "micro_ob_orderbook_imbalance_10": -0.44656979352836634,
    "micro_ob_orderbook_imbalance_20": -0.47568861669872403,
    "micro_ob_orderbook_vwap": 125.45176005975823,
    "micro_ob_buy_impact_0.1": 0.0,
    "micro_ob_sell_impact_0.1": 0.0,
    "micro_ob_buy_impact_1.0": 0.0,
    "micro_ob_sell_impact_1.0": 0.0,
    "micro_ob_buy_impact_10.0": 0.0,
    "micro_ob_sell_impact_10.0": 0.0,
    "micro_ob_bid_depth_concentration": 0.6513843140746016,
    "micro_ob_ask_depth_concentration": 0.35003835134045186,
    "micro_ob_bid_levels": 15,
    "micro_ob_ask_levels": 15,
    "micro_ob_total_bid_volume": 13479.6,
    "micro_ob_total_ask_volume": 37938.7,
    "micro_ob_total_orderbook_volume": 51418.299999999996,
    "micro_ob_order_flow_imbalance": -0.47568861669872403,
    "micro_ob_depth_imbalance_1": -0.0852161009089222,
    "micro_ob_depth_imbalance_5": -0.20396728980435533,
    "micro_ob_depth_imbalance_10": -0.44656979352836634,
    "micro_ob_depth_imbalance_20": -0.47568861669872403,
    "micro_fr_funding_rate_current": 8.504e-05,
    "micro_fr_funding_rate_abs": 8.504e-05,
    "micro_fr_funding_rate_mean": 3.1079300000000006e-05,
    "micro_fr_funding_rate_std": 3.050939469261886e-05,
    "micro_fr_funding_rate_min": -1.85e-05,
    "micro_fr_funding_rate_max": 8.504e-05,
    "micro_fr_funding_rate_skew": -0.0052045392570432844,
    "micro_fr_funding_rate_kurtosis": -1.0899546438991334,
    "micro_fr_funding_rate_trend": 1.349999999999993e-06,
    "micro_fr_funding_rate_change": 6.200000000000042e-07,
    "micro_fr_funding_rate_change_abs": 6.200000000000042e-07,
    "micro_fr_funding_rate_positive": 1.0,
    "micro_fr_funding_rate_negative": 0.0,
    "micro_fr_funding_rate_high": 0.0,
    "micro_fr_funding_rate_extreme": 0.0,
    "micro_fr_hours_to_next_funding": 0.0,
    "micro_fr_funding_imminent": 1.0,
    "micro_vp_volume_current": 1003.12,
    "micro_vp_volume_mean": 708.2246299999999,
    "micro_vp_volume_std": 307.99697227462013,
    "micro_vp_volume_max": 1241.361,
    "micro_vp_volume_sum": 70822.46299999999,
    "micro_vp_volume_ratio": 1.416386775478283,
    "micro_vp_large_volume_trade": 0.0,
    "micro_vp_recent_vwap": 125.3938794386465,
    "micro_vp_price_vwap_deviation_pct": -0.0030938022364887657,
    "micro_vp_price_clustering": 1.1102230246251565e-16,
    "micro_vp_volume_trend": 28.57372121212121,
    "micro_of_order_flow_imbalance": -0.47568861669872403,
    "micro_of_trade_flow_buy_pressure": 0.262155691650638,
    "micro_of_trade_flow_sell_pressure": 0.737844308349362,
    "micro_of_kyles_lambda_buy": 0.0,
    "micro_of_kyles_lambda_sell": 0.0,
    "micro_of_kyles_lambda_avg": 0.0,
    "micro_of_amihud_illiquidity": 0.005796659373392535,
    "micro_of_spread_dynamics_current": 0.007974163709573705,
    "micro_micro_funding_arbitrage": 0.0,
    "micro_micro_orderbook_pressure": -1.0,
    "micro_micro_liquidity_score": 1.0,
    "micro_micro_volume_spike": 0.0,
    "micro_micro_oi_divergence": 0.0,
    "micro_micro_composite_score": 0.5,
    "fee_maker_rate": 0.0002,
    "fee_taker_rate": 0.0008,
    "fee_round_trip_cost": 0.0016,
    "fee_breakeven_move_pct": 0.16,
    "fee_net_profit_threshold": 0.16
  },
  "output_prediction": {
    "signal": "SHORT",
    "confidence": 0.5991363857455353,
    "raw_model_outputs": {
      "xgboost": 0.14243538677692413,
      "lightgbm": 0.05217949008564308,
      "lstm": 0.23694506287574768,
      "random_forest": 0.4271002530931663,
      "weighted_average": 0.20043180712723235
    }
  },
  "regime_info": {
    "regime": "trend_weakening",
    "regime_confidence": 0.6432450014059673,
    "atr_ratio": 0.7749166832904752,
    "adx_value": 38.06323543195758,
    "is_exhausted": false,
    "is_weakening": true,
    "leverage_tier": "unknown"
  },
  "explanation": "The short position in SOLUSDT is driven by a combination of RSI at 37.6, MACD at -0.0308, and an ADX of 38.1 indicating medium strength momentum. The ensemble average model predicts a slight positive outcome (0.20).",
  "symbol": "cmt_solusdt",
  "position_size": 0.1,
  "risk_validation": {
    "checks_performed": [
      "Wash trading check: Same direction - allowed",
      "Risk check: Order passes all risk checks (leverage: 3x, risk: 7.06%)",
      "Trading status: Trading allowed within risk limits",
      "Leverage set: 3x"
    ],
    "all_checks_passed": true
  },
  "execution_details": {
    "order_type": "1",
    "side": "OPEN_SHORT",
    "price": 125.4,
    "leverage": 3,
    "client_oid": "226ce1c3-47a7-4f04-92a3-a2cb9ad8be2b",
    "symbol": "cmt_solusdt",
    "maker_fee_rate": 0.0002,
    "taker_fee_rate": 0.0008,
    "estimated_entry_fee": 0.030096000000000005,
    "estimated_exit_fee": 0.030096000000000005,
    "total_estimated_fees": 0.06019200000000001
  },
  "log_metadata": {
    "log_version": "2.3",
    "competition": "WEEX_AI_Trading_Hackathon_2025",
    "bot_name": "AlphaStrike",
    "compliance_status": "MANDATORY",
    "deepseek_enabled": true
  },
  "weex_response": {
    "code": "00000",
    "msg": "success",
    "request_time": 1767303608724,
    "data": "upload success",
    "upload_attempted": true,
    "upload_success": true,
    "upload_timestamp": "2026-01-01T21:40:08.642111Z",
    "error_details": null
  }
}