{
  "timestamp": "2026-01-01T21:45:15.102319Z",
  "order_id": "701723477391967149",
  "stage": "Decision Making",
  "model_version": "ollama:qwen2.5:1.5b+ensemble_v1.0",
  "input_features": {
    "tech_returns_1": -0.015954052329292256,
    "tech_returns_5": -0.04784688995215225,
    "tech_returns_15": -0.1672640382317736,
    "tech_returns_60": -0.00797766254486687,
    "tech_returns_240": 0.15982100047946535,
    "tech_returns_1440": -0.8952622405324002,
    "tech_rsi_14": 33.21209696457434,
    "tech_rsi_7": 26.306034125311328,
    "tech_macd": -0.03973989579641568,
    "tech_macd_signal": -0.02716529228298211,
    "tech_macd_hist": -0.01257460351343357,
    "tech_stoch_k": 0.0,
    "tech_stoch_d": 4.365079365077755,
    "tech_ema_cross_9_21": -1.0,
    "tech_ema_cross_50_200": 1.0,
    "tech_ema_9": 125.38658793427291,
    "tech_ema_21": 125.43119471033468,
    "tech_ema_50": 125.45863402803617,
    "tech_price_ema_9_pct": -0.037155436670250515,
    "tech_price_ema_21_pct": -0.07270496828582178,
    "tech_adx": 33.86391752537281,
    "tech_adx_7": 40.82455254618538,
    "tech_adx_10": 37.07815600852979,
    "tech_adx_roc_5": -3.8924056837029752,
    "tech_adx_slope_3": 0.4724136514456099,
    "tech_adx_deceleration": 0.24593102004051204,
    "tech_plus_di": 17.913449086698023,
    "tech_minus_di": 40.47297815947813,
    "tech_di_crossover": 0.0,
    "tech_atr_14": 0.03611514171963961,
    "tech_atr_pct": 0.02881374000290379,
    "tech_atr_14_avg": 0.042173435382108895,
    "tech_bb_upper": 125.64194543065236,
    "tech_bb_lower": 125.26705456934766,
    "tech_bb_width": 0.29882615713640576,
    "tech_bb_position": 0.1945777776456734,
    "tech_volatility_20": 0.004411576690753141,
    "tech_volume_ratio": 0.6553473737917743,
    "tech_obv": -131717.80000000008,
    "tech_momentum_10": -0.06999999999999318,
    "tech_roc_10": -0.05581692050075082,
    "tech_high_low_range": 0.015956598053291863,
    "tech_body_ratio": 0.9999999949999999,
    "tech_swing_high_10": 125.45,
    "tech_swing_low_10": 125.34,
    "tech_price_vs_swing_high": -0.08768433638899914,
    "tech_price_vs_swing_low": 0.0,
    "tech_swing_break_up": 0.0,
    "tech_swing_break_down": 0.0,
    "tech_volume_spike": 0.0,
    "tech_volume_spike_ratio": 0.6553473737917743,
    "micro_ob_best_bid_price": 125.33,
    "micro_ob_best_ask_price": 125.34,
    "micro_ob_best_bid_size": 2442.3,
    "micro_ob_best_ask_size": 2650.5,
    "micro_ob_spread_absolute": 0.010000000000005116,
    "micro_ob_spread_percentage": 0.007978617305625017,
    "micro_ob_bid_ask_size_ratio": 0.9214487832484437,
    "micro_ob_orderbook_imbalance_5": -0.5251990308065074,
    "micro_ob_orderbook_imbalance_10": -0.6391289084176076,
    "micro_ob_orderbook_imbalance_20": -0.6724341731388521,
    "micro_ob_orderbook_vwap": 125.376909816201,
    "micro_ob_buy_impact_0.1": 0.0,
    "micro_ob_sell_impact_0.1": -1.1338749473551428e-14,
    "micro_ob_buy_impact_1.0": 0.0,
    "micro_ob_sell_impact_1.0": 0.0,
    "micro_ob_buy_impact_10.0": 0.0,
    "micro_ob_sell_impact_10.0": 0.0,
    "micro_ob_bid_depth_concentration": 0.4759486936306543,
    "micro_ob_ask_depth_concentration": 0.2994502071633906,
    "micro_ob_bid_levels": 15,
    "micro_ob_ask_levels": 15,
    "micro_ob_total_bid_volume": 8646.1,
    "micro_ob_total_ask_volume": 44143.9,
    "micro_ob_total_orderbook_volume": 52790.0,
    "micro_ob_order_flow_imbalance": -0.6724341731388521,
    "micro_ob_depth_imbalance_1": -0.040881244109330785,
    "micro_ob_depth_imbalance_5": -0.5251990308065074,
    "micro_ob_depth_imbalance_10": -0.6391289084176076,
    "micro_ob_depth_imbalance_20": -0.6724341731388521,
    "micro_fr_funding_rate_current": 8.67e-05,
    "micro_fr_funding_rate_abs": 8.67e-05,
    "micro_fr_funding_rate_mean": 3.2082700000000004e-05,
    "micro_fr_funding_rate_std": 3.0671726682891526e-05,
    "micro_fr_funding_rate_min": -1.85e-05,
    "micro_fr_funding_rate_max": 8.67e-05,
    "micro_fr_funding_rate_skew": -0.01267227449925087,
    "micro_fr_funding_rate_kurtosis": -1.0718818666029513,
    "micro_fr_funding_rate_trend": 1.2769999999999958e-06,
    "micro_fr_funding_rate_change": 1.6600000000000078e-06,
    "micro_fr_funding_rate_change_abs": 1.6600000000000078e-06,
    "micro_fr_funding_rate_positive": 1.0,
    "micro_fr_funding_rate_negative": 0.0,
    "micro_fr_funding_rate_high": 0.0,
    "micro_fr_funding_rate_extreme": 0.0,
    "micro_fr_hours_to_next_funding": 0.0,
    "micro_fr_funding_imminent": 1.0,
    "micro_vp_volume_current": 175.49,
    "micro_vp_volume_mean": 654.8125299999999,
    "micro_vp_volume_std": 316.7567037758934,
    "micro_vp_volume_max": 1240.965,
    "micro_vp_volume_sum": 65481.253,
    "micro_vp_volume_ratio": 0.2680003695103391,
    "micro_vp_large_volume_trade": 0.0,
    "micro_vp_recent_vwap": 125.34696226674222,
    "micro_vp_price_vwap_deviation_pct": 0.002423459813334466,
    "micro_vp_price_clustering": 0.0,
    "micro_vp_volume_trend": 17.62496969696974,
    "micro_of_order_flow_imbalance": -0.6724341731388521,
    "micro_of_trade_flow_buy_pressure": 0.16378291343057397,
    "micro_of_trade_flow_sell_pressure": 0.8362170865694261,
    "micro_of_kyles_lambda_buy": 0.0,
    "micro_of_kyles_lambda_sell": 0.0,
    "micro_of_kyles_lambda_avg": 0.0,
    "micro_of_amihud_illiquidity": 0.008139552952310255,
    "micro_of_spread_dynamics_current": 0.007978617305625017,
    "micro_micro_funding_arbitrage": 0.0,
    "micro_micro_orderbook_pressure": -1.0,
    "micro_micro_liquidity_score": 1.0,
    "micro_micro_volume_spike": 0.0,
    "micro_micro_oi_divergence": 0.0,
    "micro_micro_composite_score": 0.5,
    "fee_maker_rate": 0.0002,
    "fee_taker_rate": 0.0008,
    "fee_round_trip_cost": 0.0016,
    "fee_breakeven_move_pct": 0.16,
    "fee_net_profit_threshold": 0.16
  },
  "output_prediction": {
    "signal": "SHORT",
    "confidence": 0.471369222420597,
    "raw_model_outputs": {
      "xgboost": 0.2307363748550415,
      "lightgbm": 0.177047934192999,
      "lstm": 0.26003462076187134,
      "random_forest": 0.42911917307119607,
      "weighted_average": 0.2643153887897015
    }
  },
  "regime_info": {
    "regime": "trend_weakening",
    "regime_confidence": 0.6004119587588026,
    "atr_ratio": 0.8563481109001764,
    "adx_value": 33.86391752537281,
    "is_exhausted": false,
    "is_weakening": true,
    "leverage_tier": "unknown"
  },
  "explanation": "The short position in SOLUSDT is based on a combination of RSI at 33.2, MACD showing slight negative divergence (-0.0397), and an ADX reading of 33.9, indicating medium strength. The ensemble model averaging suggests a modest profit potential with a confidence level of 47.1%.",
  "symbol": "cmt_solusdt",
  "position_size": 0.1,
  "risk_validation": {
    "checks_performed": [
      "Wash trading check: Same direction - allowed",
      "Risk check: Order passes all risk checks (leverage: 3x, risk: 7.04%)",
      "Trading status: Trading allowed within risk limits",
      "Leverage set: 3x"
    ],
    "all_checks_passed": true
  },
  "execution_details": {
    "order_type": "1",
    "side": "OPEN_SHORT",
    "price": 125.31,
    "leverage": 3,
    "client_oid": "7d4b64ee-1d4b-4b9e-9481-23fe746e53c4",
    "symbol": "cmt_solusdt",
    "maker_fee_rate": 0.0002,
    "taker_fee_rate": 0.0008,
    "estimated_entry_fee": 0.030074400000000005,
    "estimated_exit_fee": 0.030074400000000005,
    "total_estimated_fees": 0.06014880000000001
  },
  "log_metadata": {
    "log_version": "2.3",
    "competition": "WEEX_AI_Trading_Hackathon_2025",
    "bot_name": "AlphaStrike",
    "compliance_status": "MANDATORY",
    "deepseek_enabled": true
  },
  "weex_response": {
    "code": "00000",
    "msg": "success",
    "request_time": 1767303915187,
    "data": "upload success",
    "upload_attempted": true,
    "upload_success": true,
    "upload_timestamp": "2026-01-01T21:45:15.102404Z",
    "error_details": null
  }
}