{
  "timestamp": "2026-01-01T16:18:51.539228Z",
  "order_id": "701641338076005293",
  "stage": "Decision Making",
  "model_version": "ollama:qwen2.5:1.5b+ensemble_v1.0",
  "input_features": {
    "tech_returns_1": -0.030502827377454356,
    "tech_returns_5": -0.06567528263826672,
    "tech_returns_15": -0.13427403287537,
    "tech_returns_60": -0.05696821843624855,
    "tech_returns_240": 0.5132802415753535,
    "tech_returns_1440": -0.4005915401743241,
    "tech_rsi_14": 37.9401201130063,
    "tech_rsi_7": 29.955735916597703,
    "tech_macd": -1.0008978654036582,
    "tech_macd_signal": -0.6534391158290964,
    "tech_macd_hist": -0.3474587495745618,
    "tech_stoch_k": 7.796610169492022,
    "tech_stoch_d": 7.116323855267077,
    "tech_ema_cross_9_21": -1.0,
    "tech_ema_cross_50_200": 1.0,
    "tech_ema_9": 2983.9279257586763,
    "tech_ema_21": 2985.0722575606405,
    "tech_ema_50": 2985.3902898176348,
    "tech_price_ema_9_pct": -0.05053492564814106,
    "tech_price_ema_21_pct": -0.08885069880378213,
    "tech_adx": 45.486896605098906,
    "tech_adx_7": 78.36142706880902,
    "tech_adx_10": 61.366005854177395,
    "tech_adx_roc_5": 14.969857091883853,
    "tech_adx_slope_3": 3.0595785979529957,
    "tech_adx_deceleration": 0.4706810170708131,
    "tech_plus_di": 5.7984146589469985,
    "tech_minus_di": 32.39374038253805,
    "tech_di_crossover": 0.0,
    "tech_atr_14": 1.5069883437893448,
    "tech_atr_pct": 0.05052904499665857,
    "tech_atr_14_avg": 1.7714770584390178,
    "tech_bb_upper": 2988.8318618346475,
    "tech_bb_lower": 2981.875138165353,
    "tech_bb_width": 0.23302847281886918,
    "tech_bb_position": 0.07832161525289952,
    "tech_volatility_20": 0.006911555723251863,
    "tech_volume_ratio": 0.9404793536596903,
    "tech_obv": -8033.454000000007,
    "tech_momentum_10": -2.650000000000091,
    "tech_roc_10": -0.08877513760147115,
    "tech_high_low_range": 0.04962413073946721,
    "tech_body_ratio": 0.614864864823214,
    "tech_swing_high_10": 2986.59,
    "tech_swing_low_10": 2981.96,
    "tech_price_vs_swing_high": -0.13962411981557804,
    "tech_price_vs_swing_low": 0.015426095588137883,
    "tech_swing_break_up": 0.0,
    "tech_swing_break_down": 1.0,
    "tech_volume_spike": 0.0,
    "tech_volume_spike_ratio": 0.9404793536596903,
    "micro_ob_best_bid_price": 2981.98,
    "micro_ob_best_ask_price": 2981.99,
    "micro_ob_best_bid_size": 43.079,
    "micro_ob_best_ask_size": 44.062,
    "micro_ob_spread_absolute": 0.009999999999763531,
    "micro_ob_spread_percentage": 0.00033534709261661387,
    "micro_ob_bid_ask_size_ratio": 0.9776905269847035,
    "micro_ob_orderbook_imbalance_5": -0.08934539250742006,
    "micro_ob_orderbook_imbalance_10": -0.2508951780133766,
    "micro_ob_orderbook_imbalance_20": -0.18599827851439454,
    "micro_ob_orderbook_vwap": 2981.9919009900987,
    "micro_ob_buy_impact_0.1": 0.0,
    "micro_ob_sell_impact_0.1": 0.0,
    "micro_ob_buy_impact_1.0": 0.0,
    "micro_ob_sell_impact_1.0": 0.0,
    "micro_ob_buy_impact_10.0": 0.0,
    "micro_ob_sell_impact_10.0": 0.0,
    "micro_ob_bid_depth_concentration": 0.43833489884189863,
    "micro_ob_ask_depth_concentration": 0.35988125431881435,
    "micro_ob_bid_levels": 15,
    "micro_ob_ask_levels": 15,
    "micro_ob_total_bid_volume": 177.791,
    "micro_ob_total_ask_volume": 259.041,
    "micro_ob_total_orderbook_volume": 436.832,
    "micro_ob_order_flow_imbalance": -0.18599827851439454,
    "micro_ob_depth_imbalance_1": -0.011280568274405815,
    "micro_ob_depth_imbalance_5": -0.08934539250742006,
    "micro_ob_depth_imbalance_10": -0.2508951780133766,
    "micro_ob_depth_imbalance_20": -0.18599827851439454,
    "micro_fr_funding_rate_current": -5.41e-06,
    "micro_fr_funding_rate_abs": 5.41e-06,
    "micro_fr_funding_rate_mean": -8.024390243902439e-08,
    "micro_fr_funding_rate_std": 1.2203114653955553e-05,
    "micro_fr_funding_rate_min": -1.246e-05,
    "micro_fr_funding_rate_max": 2.563e-05,
    "micro_fr_funding_rate_skew": 0.7897927094835465,
    "micro_fr_funding_rate_kurtosis": -0.8583953514569229,
    "micro_fr_funding_rate_trend": 4.630000000000008e-07,
    "micro_fr_funding_rate_change": -6.000000000000027e-08,
    "micro_fr_funding_rate_change_abs": 6.000000000000027e-08,
    "micro_fr_funding_rate_positive": 0.0,
    "micro_fr_funding_rate_negative": 1.0,
    "micro_fr_funding_rate_high": 0.0,
    "micro_fr_funding_rate_extreme": 0.0,
    "micro_fr_hours_to_next_funding": 0.0,
    "micro_fr_funding_imminent": 1.0,
    "micro_vp_volume_current": 116.32452,
    "micro_vp_volume_mean": 1886.7313134999997,
    "micro_vp_volume_std": 7446.9678704612525,
    "micro_vp_volume_max": 54930.57992,
    "micro_vp_volume_sum": 188673.13134999998,
    "micro_vp_volume_ratio": 0.06165399342644663,
    "micro_vp_large_volume_trade": 0.0,
    "micro_vp_recent_vwap": 2982.220029641096,
    "micro_vp_price_vwap_deviation_pct": 0.015423756608566905,
    "micro_vp_price_clustering": 2.220446049250313e-16,
    "micro_vp_volume_trend": 3.633446545454547,
    "micro_of_order_flow_imbalance": -0.18599827851439454,
    "micro_of_trade_flow_buy_pressure": 0.40700086074280273,
    "micro_of_trade_flow_sell_pressure": 0.5929991392571973,
    "micro_of_kyles_lambda_buy": 0.0,
    "micro_of_kyles_lambda_sell": 0.0,
    "micro_of_kyles_lambda_avg": 0.0,
    "micro_of_amihud_illiquidity": 0.09973440912575153,
    "micro_of_spread_dynamics_current": 0.00033534709261661387,
    "micro_micro_funding_arbitrage": 0.0,
    "micro_micro_orderbook_pressure": -0.5,
    "micro_micro_liquidity_score": 0.75,
    "micro_micro_volume_spike": 0.0,
    "micro_micro_oi_divergence": 0.0,
    "micro_micro_composite_score": 0.30000000000000004,
    "fee_maker_rate": 0.0002,
    "fee_taker_rate": 0.0008,
    "fee_round_trip_cost": 0.0016,
    "fee_breakeven_move_pct": 0.16,
    "fee_net_profit_threshold": 0.16
  },
  "output_prediction": {
    "signal": "SHORT",
    "confidence": 0.45824747349104866,
    "raw_model_outputs": {
      "xgboost": 0.2542048990726471,
      "lightgbm": 0.1628031505966235,
      "lstm": 0.39688029885292053,
      "random_forest": 0.2734696260491552,
      "weighted_average": 0.27087626325447567
    }
  },
  "regime_info": {
    "regime": "trending",
    "regime_confidence": 0.8458427592611868,
    "atr_ratio": 0.8506959413390688,
    "adx_value": 45.486896605098906,
    "is_exhausted": false,
    "is_weakening": false,
    "leverage_tier": "unknown"
  },
  "explanation": "ETHUSDT short position is based on RSI at 37.9, MACD at -1.0009, ADX at 45.5, ensemble model averaging 0.27. Shorting aligns with bearish momentum and divergences in price and indicators.",
  "symbol": "cmt_ethusdt",
  "position_size": 0.005,
  "risk_validation": {
    "checks_performed": [
      "Wash trading check: Same direction - allowed",
      "Risk check: Order passes all risk checks (leverage: 4x, risk: 6.47%)",
      "Trading status: Trading allowed within risk limits",
      "Leverage set: 4x"
    ],
    "all_checks_passed": true
  },
  "execution_details": {
    "order_type": "1",
    "side": "OPEN_SHORT",
    "price": 2982.42,
    "leverage": 4,
    "client_oid": "8207c239-68d7-4749-96f6-b8fb5f3d18b5",
    "symbol": "cmt_ethusdt",
    "maker_fee_rate": 0.0002,
    "taker_fee_rate": 0.0008,
    "estimated_entry_fee": 0.047718720000000006,
    "estimated_exit_fee": 0.047718720000000006,
    "total_estimated_fees": 0.09543744000000001
  },
  "log_metadata": {
    "log_version": "2.3",
    "competition": "WEEX_AI_Trading_Hackathon_2025",
    "bot_name": "AlphaStrike",
    "compliance_status": "MANDATORY",
    "deepseek_enabled": true
  },
  "weex_response": {
    "code": "00000",
    "msg": "success",
    "request_time": 1767284331624,
    "data": "upload success",
    "upload_attempted": true,
    "upload_success": true,
    "upload_timestamp": "2026-01-01T16:18:51.539319Z",
    "error_details": null
  }
}