{
  "timestamp": "2026-01-01T12:43:10.031943Z",
  "order_id": "701587056471573421",
  "stage": "Decision Making",
  "model_version": "ollama:qwen2.5:1.5b+ensemble_v1.0",
  "input_features": {
    "tech_returns_1": 0.0,
    "tech_returns_5": -0.058927519151441565,
    "tech_returns_15": -0.20594292438952388,
    "tech_returns_60": 2.3845457289465744,
    "tech_returns_240": 1.9537120529005136,
    "tech_returns_1440": -2.43972445464983,
    "tech_rsi_14": 73.72847479071928,
    "tech_rsi_7": 59.8746848600375,
    "tech_macd": 0.0012612532640471907,
    "tech_macd_signal": 0.0015596676961130728,
    "tech_macd_hist": -0.0002984144320658821,
    "tech_stoch_k": 16.666666666665126,
    "tech_stoch_d": 12.592592592591233,
    "tech_ema_cross_9_21": 1.0,
    "tech_ema_cross_50_200": 1.0,
    "tech_ema_9": 0.3392244238085708,
    "tech_ema_21": 0.3383148207685034,
    "tech_ema_50": 0.3360635561957146,
    "tech_price_ema_9_pct": -0.007199896840151981,
    "tech_price_ema_21_pct": 0.26164364584615984,
    "tech_adx": 42.64279186614093,
    "tech_adx_7": 28.591980346955346,
    "tech_adx_10": 23.383238848111315,
    "tech_adx_roc_5": -13.187979816885289,
    "tech_adx_slope_3": -3.3208241817529647,
    "tech_adx_deceleration": 0.5108960279619943,
    "tech_plus_di": 32.21752620255064,
    "tech_minus_di": 20.339936060600287,
    "tech_di_crossover": 0.0,
    "tech_atr_14": 0.00028712987827377446,
    "tech_atr_pct": 0.08464913864203256,
    "tech_atr_14_avg": 0.0005527619069952568,
    "tech_bb_upper": 0.3400690661929972,
    "tech_bb_lower": 0.33897093380700277,
    "tech_bb_width": 0.32343673008789836,
    "tech_bb_position": 0.2085961546337553,
    "tech_volatility_20": 0.07416819906872821,
    "tech_volume_ratio": 0.44100618394146196,
    "tech_obv": 6027370.0,
    "tech_momentum_10": -0.00040000000000001146,
    "tech_roc_10": -0.11778563015312216,
    "tech_high_low_range": 0.02948113207546845,
    "tech_body_ratio": 0.0,
    "tech_swing_high_10": 0.3396,
    "tech_swing_low_10": 0.3391,
    "tech_price_vs_swing_high": -0.1177856301531247,
    "tech_price_vs_swing_low": 0.029489826010023295,
    "tech_swing_break_up": 0.0,
    "tech_swing_break_down": 0.0,
    "tech_volume_spike": 0.0,
    "tech_volume_spike_ratio": 0.44100618394146196,
    "micro_ob_best_bid_price": 0.3391,
    "micro_ob_best_ask_price": 0.3392,
    "micro_ob_best_bid_size": 848750.0,
    "micro_ob_best_ask_size": 966400.0,
    "micro_ob_spread_absolute": 9.999999999998899e-05,
    "micro_ob_spread_percentage": 0.029485478401883824,
    "micro_ob_bid_ask_size_ratio": 0.8782595198675497,
    "micro_ob_orderbook_imbalance_5": -0.1621447735859388,
    "micro_ob_orderbook_imbalance_10": -0.253962785950803,
    "micro_ob_orderbook_imbalance_20": -0.26793206927340796,
    "micro_ob_orderbook_vwap": 0.33936717942361533,
    "micro_ob_buy_impact_0.1": -1.6365315811101953e-14,
    "micro_ob_sell_impact_0.1": 0.0,
    "micro_ob_buy_impact_1.0": 0.0,
    "micro_ob_sell_impact_1.0": 0.0,
    "micro_ob_buy_impact_10.0": 0.0,
    "micro_ob_sell_impact_10.0": 0.0,
    "micro_ob_bid_depth_concentration": 0.4677474574872301,
    "micro_ob_ask_depth_concentration": 0.37459164097233133,
    "micro_ob_bid_levels": 15,
    "micro_ob_ask_levels": 15,
    "micro_ob_total_bid_volume": 6542740.0,
    "micro_ob_total_ask_volume": 11331940.0,
    "micro_ob_total_orderbook_volume": 17874680.0,
    "micro_ob_order_flow_imbalance": -0.26793206927340796,
    "micro_ob_depth_imbalance_1": -0.06481557997961601,
    "micro_ob_depth_imbalance_5": -0.1621447735859388,
    "micro_ob_depth_imbalance_10": -0.253962785950803,
    "micro_ob_depth_imbalance_20": -0.26793206927340796,
    "micro_fr_funding_rate_current": 1.142e-05,
    "micro_fr_funding_rate_abs": 1.142e-05,
    "micro_fr_funding_rate_positive": 1.0,
    "micro_fr_funding_rate_negative": 0.0,
    "micro_fr_funding_rate_high": 0.0,
    "micro_fr_funding_rate_extreme": 0.0,
    "micro_fr_hours_to_next_funding": 0.0,
    "micro_fr_funding_imminent": 1.0,
    "micro_vp_volume_current": 20.352,
    "micro_vp_volume_mean": 55.97078,
    "micro_vp_volume_std": 66.67458406613123,
    "micro_vp_volume_max": 318.942,
    "micro_vp_volume_sum": 5597.0779999999995,
    "micro_vp_volume_ratio": 0.3636183022641457,
    "micro_vp_large_volume_trade": 0.0,
    "micro_vp_recent_vwap": 0.3392168526148823,
    "micro_vp_price_vwap_deviation_pct": -0.004968094819704132,
    "micro_vp_price_clustering": 0.0,
    "micro_vp_volume_trend": 2.549139393939395,
    "micro_of_order_flow_imbalance": -0.26793206927340796,
    "micro_of_trade_flow_buy_pressure": 0.366033965363296,
    "micro_of_trade_flow_sell_pressure": 0.633966034636704,
    "micro_of_kyles_lambda_buy": 0.0,
    "micro_of_kyles_lambda_sell": 0.0,
    "micro_of_kyles_lambda_avg": 0.0,
    "micro_of_amihud_illiquidity": 1.0699604012483481,
    "micro_of_spread_dynamics_current": 0.029485478401883824,
    "micro_micro_funding_arbitrage": 0.0,
    "micro_micro_orderbook_pressure": -0.5,
    "micro_micro_liquidity_score": 1.0,
    "micro_micro_volume_spike": 0.0,
    "micro_micro_oi_divergence": 0.0,
    "micro_micro_composite_score": 0.35,
    "fee_maker_rate": 0.0002,
    "fee_taker_rate": 0.0008,
    "fee_round_trip_cost": 0.0016,
    "fee_breakeven_move_pct": 0.16,
    "fee_net_profit_threshold": 0.16
  },
  "output_prediction": {
    "signal": "SHORT",
    "confidence": 0.4976932856874112,
    "raw_model_outputs": {
      "xgboost": 0.14732129871845245,
      "lightgbm": 0.12863018317272734,
      "lstm": 0.2814895510673523,
      "random_forest": 0.5221351699036938,
      "weighted_average": 0.2511533571562944
    }
  },
  "regime_info": {
    "regime": "trend_weakening",
    "regime_confidence": 0.6899564770346375,
    "atr_ratio": 0.5194458493613929,
    "adx_value": 42.64279186614093,
    "is_exhausted": false,
    "is_weakening": true,
    "leverage_tier": "unknown"
  },
  "explanation": "The short entry in ADAUSDT is justified by a RSI reading of 73.7, indicating overbought conditions that suggest potential for reversal. The MACD shows no significant momentum, hovering at 0.0013 with an ADX of 42.6, suggesting weak market direction. Ensemble models predict a slight positive trend but offer only a 25% confidence level. This combination points towards a cautious approach due to the high RSI and lack of strong indicators, necessitating further analysis before committing.",
  "symbol": "cmt_adausdt",
  "position_size": 80.0,
  "risk_validation": {
    "checks_performed": [
      "Wash trading check: No current position - any direction allowed",
      "Risk check: Order passes all risk checks (leverage: 2x, risk: 6.37%)",
      "Trading status: Trading allowed within risk limits",
      "Leverage set: 2x"
    ],
    "all_checks_passed": true
  },
  "execution_details": {
    "order_type": "1",
    "side": "OPEN_SHORT",
    "price": 0.3392,
    "leverage": 2,
    "client_oid": "f39d0047-ea75-44c2-b497-4bad07b5fadc",
    "symbol": "cmt_adausdt",
    "maker_fee_rate": 0.0002,
    "taker_fee_rate": 0.0008,
    "estimated_entry_fee": 0.0434176,
    "estimated_exit_fee": 0.0434176,
    "total_estimated_fees": 0.0868352
  },
  "log_metadata": {
    "log_version": "2.3",
    "competition": "WEEX_AI_Trading_Hackathon_2025",
    "bot_name": "AlphaStrike",
    "compliance_status": "MANDATORY",
    "deepseek_enabled": true
  },
  "weex_response": {
    "code": "00000",
    "msg": "success",
    "request_time": 1767271390116,
    "data": "upload success",
    "upload_attempted": true,
    "upload_success": true,
    "upload_timestamp": "2026-01-01T12:43:10.032072Z",
    "error_details": null
  }
}