{
  "timestamp": "2026-01-01T22:16:25.647285Z",
  "order_id": "701731323022148525",
  "stage": "Decision Making",
  "model_version": "ollama:qwen2.5:1.5b+ensemble_v1.0",
  "input_features": {
    "tech_returns_1": 0.0,
    "tech_returns_5": -0.02519890751999654,
    "tech_returns_15": 0.09276899614896195,
    "tech_returns_60": 0.1715312475586428,
    "tech_returns_240": 0.41403355850948564,
    "tech_returns_1440": -1.1472182907403015,
    "tech_rsi_14": 63.04498595277854,
    "tech_rsi_7": 59.28110427379092,
    "tech_macd": 35.41175098216627,
    "tech_macd_signal": 36.25842467977377,
    "tech_macd_hist": -0.8466736976074998,
    "tech_stoch_k": 44.9750138811793,
    "tech_stoch_d": 46.72768485093383,
    "tech_ema_cross_9_21": 1.0,
    "tech_ema_cross_50_200": 1.0,
    "tech_ema_9": 88465.90779277054,
    "tech_ema_21": 88434.84778905078,
    "tech_ema_50": 88384.59103935328,
    "tech_price_ema_9_pct": 0.008695109134569707,
    "tech_price_ema_21_pct": 0.043820068579374434,
    "tech_adx": 53.96214942859387,
    "tech_adx_7": 30.94892874295944,
    "tech_adx_10": 45.778025909741245,
    "tech_adx_roc_5": -21.753202235477822,
    "tech_adx_slope_3": -3.061477354036274,
    "tech_adx_deceleration": 0.4795446167232065,
    "tech_plus_di": 39.04490556569901,
    "tech_minus_di": 18.592779901830188,
    "tech_di_crossover": 0.0,
    "tech_atr_14": 23.319353482985647,
    "tech_atr_pct": 0.02635741450894464,
    "tech_atr_14_avg": 18.900807363404898,
    "tech_bb_upper": 88542.65051055702,
    "tech_bb_lower": 88324.29948944299,
    "tech_bb_width": 0.24690991857329853,
    "tech_bb_position": 0.6837637387509349,
    "tech_volatility_20": 0.004374814187119048,
    "tech_volume_ratio": 0.03653363258035135,
    "tech_obv": -169.69399999999976,
    "tech_momentum_10": 26.80000000000291,
    "tech_roc_10": 0.030300700534113822,
    "tech_high_low_range": 0.00011302806711976096,
    "tech_body_ratio": 0.0,
    "tech_swing_high_10": 88572.7,
    "tech_swing_low_10": 88432.1,
    "tech_price_vs_swing_high": -0.11188549067601108,
    "tech_price_vs_swing_low": 0.046928660520331414,
    "tech_swing_break_up": 0.0,
    "tech_swing_break_down": 0.0,
    "tech_volume_spike": 0.0,
    "tech_volume_spike_ratio": 0.03653363258035135,
    "micro_ob_best_bid_price": 88473.6,
    "micro_ob_best_ask_price": 88473.7,
    "micro_ob_best_bid_size": 2.7139,
    "micro_ob_best_ask_size": 3.4803,
    "micro_ob_spread_absolute": 0.09999999999126885,
    "micro_ob_spread_percentage": 0.0001130280032430773,
    "micro_ob_bid_ask_size_ratio": 0.7797890986409218,
    "micro_ob_orderbook_imbalance_5": -0.038150071755620865,
    "micro_ob_orderbook_imbalance_10": -0.013307470608619205,
    "micro_ob_orderbook_imbalance_20": 0.01025592176287546,
    "micro_ob_orderbook_vwap": 88473.46492769425,
    "micro_ob_buy_impact_0.1": 0.0,
    "micro_ob_sell_impact_0.1": 0.0,
    "micro_ob_buy_impact_1.0": 0.0,
    "micro_ob_sell_impact_1.0": 0.0,
    "micro_ob_buy_impact_10.0": 0.00013203471767184958,
    "micro_ob_sell_impact_10.0": 0.00029478285047525153,
    "micro_ob_bid_depth_concentration": 0.32172052104792465,
    "micro_ob_ask_depth_concentration": 0.35443783703383974,
    "micro_ob_bid_levels": 15,
    "micro_ob_ask_levels": 15,
    "micro_ob_total_bid_volume": 34.9987,
    "micro_ob_total_ask_volume": 34.2881,
    "micro_ob_total_orderbook_volume": 69.2868,
    "micro_ob_order_flow_imbalance": 0.01025592176287546,
    "micro_ob_depth_imbalance_1": -0.12372864938167963,
    "micro_ob_depth_imbalance_5": -0.038150071755620865,
    "micro_ob_depth_imbalance_10": -0.013307470608619205,
    "micro_ob_depth_imbalance_20": 0.01025592176287546,
    "micro_fr_funding_rate_current": 5.091e-05,
    "micro_fr_funding_rate_abs": 5.091e-05,
    "micro_fr_funding_rate_mean": 3.450789999999999e-05,
    "micro_fr_funding_rate_std": 1.9020582866726246e-05,
    "micro_fr_funding_rate_min": 7.53e-06,
    "micro_fr_funding_rate_max": 8.287e-05,
    "micro_fr_funding_rate_skew": 0.36033985273211555,
    "micro_fr_funding_rate_kurtosis": -0.5324486976267035,
    "micro_fr_funding_rate_trend": 4.309999999999972e-07,
    "micro_fr_funding_rate_change": 2.399999999999977e-07,
    "micro_fr_funding_rate_change_abs": 2.399999999999977e-07,
    "micro_fr_funding_rate_positive": 1.0,
    "micro_fr_funding_rate_negative": 0.0,
    "micro_fr_funding_rate_high": 0.0,
    "micro_fr_funding_rate_extreme": 0.0,
    "micro_fr_hours_to_next_funding": 0.0,
    "micro_fr_funding_imminent": 1.0,
    "micro_vp_volume_current": 353.8944,
    "micro_vp_volume_mean": 424.4078673,
    "micro_vp_volume_std": 1971.7756378357794,
    "micro_vp_volume_max": 19995.0336,
    "micro_vp_volume_sum": 42440.78673,
    "micro_vp_volume_ratio": 0.8338544764766193,
    "micro_vp_large_volume_trade": 0.0,
    "micro_vp_recent_vwap": 88473.60168855723,
    "micro_vp_price_vwap_deviation_pct": -1.90854355834366e-06,
    "micro_vp_price_clustering": 0.0,
    "micro_vp_volume_trend": -6.970647272727279,
    "micro_of_order_flow_imbalance": 0.01025592176287546,
    "micro_of_trade_flow_buy_pressure": 0.5051279608814377,
    "micro_of_trade_flow_sell_pressure": 0.49487203911856226,
    "micro_of_kyles_lambda_buy": 1.3203471767184958e-05,
    "micro_of_kyles_lambda_sell": 2.9478285047525153e-05,
    "micro_of_kyles_lambda_avg": 2.1340878407355055e-05,
    "micro_of_amihud_illiquidity": 0.018188529864012197,
    "micro_of_spread_dynamics_current": 0.0001130280032430773,
    "micro_micro_funding_arbitrage": 0.0,
    "micro_micro_orderbook_pressure": 0.0,
    "micro_micro_liquidity_score": 0.5,
    "micro_micro_volume_spike": 0.0,
    "micro_micro_oi_divergence": 0.0,
    "micro_micro_composite_score": 0.1,
    "fee_maker_rate": 0.0002,
    "fee_taker_rate": 0.0008,
    "fee_round_trip_cost": 0.0016,
    "fee_breakeven_move_pct": 0.16,
    "fee_net_profit_threshold": 0.16
  },
  "output_prediction": {
    "signal": "SHORT",
    "confidence": 0.5133425055702668,
    "raw_model_outputs": {
      "xgboost": 0.09191842377185822,
      "lightgbm": 0.08537701974508694,
      "lstm": 0.41638317704200745,
      "random_forest": 0.45156584884474216,
      "weighted_average": 0.24332874721486658
    }
  },
  "regime_info": {
    "regime": "trend_weakening",
    "regime_confidence": 0.7380573838855617,
    "atr_ratio": 1.2337755226337996,
    "adx_value": 53.96214942859387,
    "is_exhausted": false,
    "is_weakening": true,
    "leverage_tier": "unknown"
  },
  "explanation": "The short BTCUSDT position is based on a strong RSI at 63.0, MACD at 35.4118, and ADX at 54.0, indicating overbought conditions. The ensemble model predicts a slight positive trend but with low confidence (2.4%).",
  "symbol": "cmt_btcusdt",
  "position_size": 0.0002,
  "risk_validation": {
    "checks_performed": [
      "Wash trading check: Same direction - allowed",
      "Risk check: Order passes all risk checks (leverage: 3x, risk: 7.03%)",
      "Trading status: Trading allowed within risk limits",
      "Leverage set: 3x"
    ],
    "all_checks_passed": true
  },
  "execution_details": {
    "order_type": "1",
    "side": "OPEN_SHORT",
    "price": 88473.6,
    "leverage": 3,
    "client_oid": "deb14462-c3f5-4587-a26c-683388e6ec6a",
    "symbol": "cmt_btcusdt",
    "maker_fee_rate": 0.0002,
    "taker_fee_rate": 0.0008,
    "estimated_entry_fee": 0.04246732800000001,
    "estimated_exit_fee": 0.04246732800000001,
    "total_estimated_fees": 0.08493465600000003
  },
  "log_metadata": {
    "log_version": "2.3",
    "competition": "WEEX_AI_Trading_Hackathon_2025",
    "bot_name": "AlphaStrike",
    "compliance_status": "MANDATORY",
    "deepseek_enabled": true
  },
  "weex_response": {
    "code": "00000",
    "msg": "success",
    "request_time": 1767305785729,
    "data": "upload success",
    "upload_attempted": true,
    "upload_success": true,
    "upload_timestamp": "2026-01-01T22:16:25.647376Z",
    "error_details": null
  }
}