{
  "timestamp": "2026-01-01T22:17:03.153858Z",
  "order_id": "701731479075423149",
  "stage": "Decision Making",
  "model_version": "ollama:qwen2.5:1.5b+ensemble_v1.0",
  "input_features": {
    "tech_returns_1": 0.0,
    "tech_returns_5": 0.023908192540655904,
    "tech_returns_15": 0.015937524902387423,
    "tech_returns_60": -0.0796114959000005,
    "tech_returns_240": 0.3919372900335949,
    "tech_returns_1440": -0.8952622405324002,
    "tech_rsi_14": 54.37898035806232,
    "tech_rsi_7": 48.94397038931987,
    "tech_macd": 0.02570486805245764,
    "tech_macd_signal": 0.03110167443242732,
    "tech_macd_hist": -0.005396806379969678,
    "tech_stoch_k": 18.181818181821118,
    "tech_stoch_d": 19.696969696971276,
    "tech_ema_cross_9_21": 1.0,
    "tech_ema_cross_50_200": 1.0,
    "tech_ema_9": 125.51684559012493,
    "tech_ema_21": 125.49654888156961,
    "tech_ema_50": 125.46829463453933,
    "tech_price_ema_9_pct": -0.005453921418069573,
    "tech_price_ema_21_pct": 0.010718317396193723,
    "tech_adx": 24.05600702012366,
    "tech_adx_7": 17.92289965434643,
    "tech_adx_10": 20.37722751905895,
    "tech_adx_roc_5": -17.253712443989805,
    "tech_adx_slope_3": -2.1605552255252896,
    "tech_adx_deceleration": 0.3323931116192753,
    "tech_plus_di": 29.199131236548144,
    "tech_minus_di": 23.40456432394079,
    "tech_di_crossover": 0.0,
    "tech_atr_14": 0.03479161899274018,
    "tech_atr_pct": 0.027720196791283704,
    "tech_atr_14_avg": 0.04117415446591562,
    "tech_bb_upper": 125.63598814730851,
    "tech_bb_lower": 125.37401185269148,
    "tech_bb_width": 0.20873773524323996,
    "tech_bb_position": 0.519085696312023,
    "tech_volatility_20": 0.004101989230735287,
    "tech_volume_ratio": 0.007835540035290777,
    "tech_obv": -121941.20000000003,
    "tech_momentum_10": -0.09999999999999432,
    "tech_roc_10": -0.0796114959000005,
    "tech_high_low_range": 0.0,
    "tech_body_ratio": 0.0,
    "tech_swing_high_10": 125.69,
    "tech_swing_low_10": 125.47,
    "tech_price_vs_swing_high": -0.14320948365024475,
    "tech_price_vs_swing_low": 0.031880130708540885,
    "tech_swing_break_up": 0.0,
    "tech_swing_break_down": 0.0,
    "tech_volume_spike": 0.0,
    "tech_volume_spike_ratio": 0.007835540035290777,
    "micro_ob_best_bid_price": 125.5,
    "micro_ob_best_ask_price": 125.51,
    "micro_ob_best_bid_size": 2920.9,
    "micro_ob_best_ask_size": 2669.4,
    "micro_ob_spread_absolute": 0.010000000000005116,
    "micro_ob_spread_percentage": 0.007967810047412545,
    "micro_ob_bid_ask_size_ratio": 1.0942159286731101,
    "micro_ob_orderbook_imbalance_5": 0.01860352565042676,
    "micro_ob_orderbook_imbalance_10": -0.2535773400163189,
    "micro_ob_orderbook_imbalance_20": -0.34258173268379966,
    "micro_ob_orderbook_vwap": 125.54426082293969,
    "micro_ob_buy_impact_0.1": 1.1322488021035777e-14,
    "micro_ob_sell_impact_0.1": 0.0,
    "micro_ob_buy_impact_1.0": 0.0,
    "micro_ob_sell_impact_1.0": 0.0,
    "micro_ob_buy_impact_10.0": 1.1322488021035777e-14,
    "micro_ob_sell_impact_10.0": 0.0,
    "micro_ob_bid_depth_concentration": 0.7684379978757302,
    "micro_ob_ask_depth_concentration": 0.36253436810098466,
    "micro_ob_bid_levels": 15,
    "micro_ob_ask_levels": 15,
    "micro_ob_total_bid_volume": 18076.8,
    "micro_ob_total_ask_volume": 36916.5,
    "micro_ob_total_orderbook_volume": 54993.3,
    "micro_ob_order_flow_imbalance": -0.34258173268379966,
    "micro_ob_depth_imbalance_1": 0.04498864103894245,
    "micro_ob_depth_imbalance_5": 0.01860352565042676,
    "micro_ob_depth_imbalance_10": -0.2535773400163189,
    "micro_ob_depth_imbalance_20": -0.34258173268379966,
    "micro_fr_funding_rate_current": 0.0001,
    "micro_fr_funding_rate_abs": 0.0001,
    "micro_fr_funding_rate_mean": 3.8602299999999995e-05,
    "micro_fr_funding_rate_std": 3.1407539281357274e-05,
    "micro_fr_funding_rate_min": -1.85e-05,
    "micro_fr_funding_rate_max": 0.0001,
    "micro_fr_funding_rate_skew": 0.012802340406183367,
    "micro_fr_funding_rate_kurtosis": -0.9548583078569024,
    "micro_fr_funding_rate_trend": 2.788999999999994e-06,
    "micro_fr_funding_rate_change": 3.4100000000000097e-06,
    "micro_fr_funding_rate_change_abs": 3.4100000000000097e-06,
    "micro_fr_funding_rate_positive": 1.0,
    "micro_fr_funding_rate_negative": 0.0,
    "micro_fr_funding_rate_high": 0.0,
    "micro_fr_funding_rate_extreme": 0.0,
    "micro_fr_hours_to_next_funding": 0.0,
    "micro_fr_funding_imminent": 1.0,
    "micro_vp_volume_current": 715.407,
    "micro_vp_volume_mean": 670.2234,
    "micro_vp_volume_std": 325.1266236023128,
    "micro_vp_volume_max": 1242.549,
    "micro_vp_volume_sum": 67022.34,
    "micro_vp_volume_ratio": 1.0674157303370788,
    "micro_vp_large_volume_trade": 0.0,
    "micro_vp_recent_vwap": 125.51000000000002,
    "micro_vp_price_vwap_deviation_pct": -1.1322488021035775e-14,
    "micro_vp_price_clustering": 0.0,
    "micro_vp_volume_trend": -0.7606666666666649,
    "micro_of_order_flow_imbalance": -0.34258173268379966,
    "micro_of_trade_flow_buy_pressure": 0.3287091336581001,
    "micro_of_trade_flow_sell_pressure": 0.6712908663418998,
    "micro_of_kyles_lambda_buy": 1.1322488021035777e-15,
    "micro_of_kyles_lambda_sell": 0.0,
    "micro_of_kyles_lambda_avg": 5.6612440105178885e-16,
    "micro_of_amihud_illiquidity": 0.009725818444657856,
    "micro_of_spread_dynamics_current": 0.007967810047412545,
    "micro_micro_funding_arbitrage": 0.0,
    "micro_micro_orderbook_pressure": -0.5,
    "micro_micro_liquidity_score": 1.0,
    "micro_micro_volume_spike": 0.0,
    "micro_micro_oi_divergence": 0.0,
    "micro_micro_composite_score": 0.35,
    "fee_maker_rate": 0.0002,
    "fee_taker_rate": 0.0008,
    "fee_round_trip_cost": 0.0016,
    "fee_breakeven_move_pct": 0.16,
    "fee_net_profit_threshold": 0.16
  },
  "output_prediction": {
    "signal": "SHORT",
    "confidence": 0.5515644877824936,
    "raw_model_outputs": {
      "xgboost": 0.17651070654392242,
      "lightgbm": 0.07152401339712224,
      "lstm": 0.2391427755355835,
      "random_forest": 0.4679892271114196,
      "weighted_average": 0.22421775610875322
    }
  },
  "regime_info": {
    "regime": "ranging",
    "regime_confidence": 0.5,
    "atr_ratio": 0.8449868477940702,
    "adx_value": 24.05600702012366,
    "is_exhausted": false,
    "is_weakening": false,
    "leverage_tier": "unknown"
  },
  "explanation": "The short position in SOLUSDT is based on a combination of RSI at 54.4, MACD at 0.0257, ADX at 24.1, and an ensemble model averaging 0.22. The low RSI suggests oversold conditions, while the positive MACD signal indicates potential for price recovery. The ADX of 24.1 is within a normal range, suggesting moderate volatility without extreme divergence. This combination points to a potentially bullish reversal in SOLUSDT, making this short position a strong entry point.",
  "symbol": "cmt_solusdt",
  "position_size": 0.2,
  "risk_validation": {
    "checks_performed": [
      "Wash trading check: No current position - any direction allowed",
      "Risk check: Order passes all risk checks (leverage: 2x, risk: 6.98%)",
      "Trading status: Trading allowed within risk limits",
      "Leverage set: 2x"
    ],
    "all_checks_passed": true
  },
  "execution_details": {
    "order_type": "1",
    "side": "OPEN_SHORT",
    "price": 125.51,
    "leverage": 2,
    "client_oid": "11b8e2d1-70bb-4eae-81d3-8d0efd81c288",
    "symbol": "cmt_solusdt",
    "maker_fee_rate": 0.0002,
    "taker_fee_rate": 0.0008,
    "estimated_entry_fee": 0.04016320000000001,
    "estimated_exit_fee": 0.04016320000000001,
    "total_estimated_fees": 0.08032640000000002
  },
  "log_metadata": {
    "log_version": "2.3",
    "competition": "WEEX_AI_Trading_Hackathon_2025",
    "bot_name": "AlphaStrike",
    "compliance_status": "MANDATORY",
    "deepseek_enabled": true
  },
  "weex_response": {
    "code": "00000",
    "msg": "success",
    "request_time": 1767305823227,