{
  "timestamp": "2026-01-01T20:32:34.680472Z",
  "order_id": "701705188494279597",
  "stage": "Decision Making",
  "model_version": "ollama:qwen2.5:1.5b+ensemble_v1.0",
  "input_features": {
    "tech_returns_1": -0.013377031636663261,
    "tech_returns_5": -0.006354536302788372,
    "tech_returns_15": -0.05682767842218883,
    "tech_returns_60": 0.10178253358152922,
    "tech_returns_240": 0.13530893306896719,
    "tech_returns_1440": -0.4005915401743241,
    "tech_rsi_14": 41.59518679364708,
    "tech_rsi_7": 38.48164556279155,
    "tech_macd": -0.48443742692643355,
    "tech_macd_signal": -0.4562416914280252,
    "tech_macd_hist": -0.02819573549840837,
    "tech_stoch_k": 14.814814814821053,
    "tech_stoch_d": 25.871149875700226,
    "tech_ema_cross_9_21": -1.0,
    "tech_ema_cross_50_200": 1.0,
    "tech_ema_9": 2990.4609975055514,
    "tech_ema_21": 2990.9233061292175,
    "tech_ema_50": 2991.1551959984827,
    "tech_price_ema_9_pct": -0.02210353206755024,
    "tech_price_ema_21_pct": -0.0375571692833235,
    "tech_adx": 16.98778091792064,
    "tech_adx_7": 26.468166859598067,
    "tech_adx_10": 21.022471323927757,
    "tech_adx_roc_5": -3.8120100395775687,
    "tech_adx_slope_3": -2.0677894209122645,
    "tech_adx_deceleration": -1.4729937386462293,
    "tech_plus_di": 22.46900288143305,
    "tech_minus_di": 24.46136918967837,
    "tech_di_crossover": -1.0,
    "tech_atr_14": 0.7563794964204357,
    "tech_atr_pct": 0.02529866534284687,
    "tech_atr_14_avg": 0.8608102297350505,
    "tech_bb_upper": 2991.9528057037483,
    "tech_bb_lower": 2989.584194296251,
    "tech_bb_width": 0.07919741723564214,
    "tech_bb_position": 0.09111064105577336,
    "tech_volatility_20": 0.0031835964164464853,
    "tech_volume_ratio": 0.29819444685919005,
    "tech_obv": 3657.6780000000103,
    "tech_momentum_10": -0.4399999999995998,
    "tech_roc_10": -0.014714537963489427,
    "tech_high_low_range": 0.013713291858982355,
    "tech_body_ratio": 0.9756097558590663,
    "tech_swing_high_10": 2991.64,
    "tech_swing_low_10": 2989.44,
    "tech_price_vs_swing_high": -0.06150472650451561,
    "tech_price_vs_swing_low": 0.012042389210023527,
    "tech_swing_break_up": 0.0,
    "tech_swing_break_down": 0.0,
    "tech_volume_spike": 0.0,
    "tech_volume_spike_ratio": 0.29819444685919005,
    "micro_ob_best_bid_price": 2989.79,
    "micro_ob_best_ask_price": 2989.8,
    "micro_ob_best_bid_size": 48.255,
    "micro_ob_best_ask_size": 40.931,
    "micro_ob_spread_absolute": 0.010000000000218279,
    "micro_ob_spread_percentage": 0.0003344710925069538,
    "micro_ob_bid_ask_size_ratio": 1.1789352813271117,
    "micro_ob_orderbook_imbalance_5": -0.13781326417569847,
    "micro_ob_orderbook_imbalance_10": -0.07403483348827038,
    "micro_ob_orderbook_imbalance_20": -0.06850163799846647,
    "micro_ob_orderbook_vwap": 2989.792756432166,
    "micro_ob_buy_impact_0.1": 0.0,
    "micro_ob_sell_impact_0.1": 1.521000976277478e-14,
    "micro_ob_buy_impact_1.0": 0.0,
    "micro_ob_sell_impact_1.0": 0.0,
    "micro_ob_buy_impact_10.0": 0.0,
    "micro_ob_sell_impact_10.0": 0.0,
    "micro_ob_bid_depth_concentration": 0.4680512598800536,
    "micro_ob_ask_depth_concentration": 0.5384804951944682,
    "micro_ob_bid_levels": 15,
    "micro_ob_ask_levels": 15,
    "micro_ob_total_bid_volume": 180.41400000000002,
    "micro_ob_total_ask_volume": 206.94899999999998,
    "micro_ob_total_orderbook_volume": 387.363,
    "micro_ob_order_flow_imbalance": -0.06850163799846647,
    "micro_ob_depth_imbalance_1": 0.08212051218801163,
    "micro_ob_depth_imbalance_5": -0.13781326417569847,
    "micro_ob_depth_imbalance_10": -0.07403483348827038,
    "micro_ob_depth_imbalance_20": -0.06850163799846647,
    "micro_fr_funding_rate_current": 7.393e-05,
    "micro_fr_funding_rate_abs": 7.393e-05,
    "micro_fr_funding_rate_mean": 2.503945054945055e-05,
    "micro_fr_funding_rate_std": 3.072563290284713e-05,
    "micro_fr_funding_rate_min": -1.246e-05,
    "micro_fr_funding_rate_max": 7.665e-05,
    "micro_fr_funding_rate_skew": 0.37043553715621774,
    "micro_fr_funding_rate_kurtosis": -1.3478358639569992,
    "micro_fr_funding_rate_trend": -6.810000000000026e-07,
    "micro_fr_funding_rate_change": -1.899999999999965e-07,
    "micro_fr_funding_rate_change_abs": 1.899999999999965e-07,
    "micro_fr_funding_rate_positive": 1.0,
    "micro_fr_funding_rate_negative": 0.0,
    "micro_fr_funding_rate_high": 0.0,
    "micro_fr_funding_rate_extreme": 0.0,
    "micro_fr_hours_to_next_funding": 0.0,
    "micro_fr_funding_imminent": 1.0,
    "micro_vp_volume_current": 23.9236,
    "micro_vp_volume_mean": 564.7193277,
    "micro_vp_volume_std": 2624.6526052040426,
    "micro_vp_volume_max": 20390.5042,
    "micro_vp_volume_sum": 56471.93277,
    "micro_vp_volume_ratio": 0.04236369967614976,
    "micro_vp_large_volume_trade": 0.0,
    "micro_vp_recent_vwap": 2989.989570873002,
    "micro_vp_price_vwap_deviation_pct": 0.015399021169947342,
    "micro_vp_price_clustering": 0.0,
    "micro_vp_volume_trend": -2.5011036363636383,
    "micro_of_order_flow_imbalance": -0.06850163799846647,
    "micro_of_trade_flow_buy_pressure": 0.4657491810007668,
    "micro_of_trade_flow_sell_pressure": 0.5342508189992332,
    "micro_of_kyles_lambda_buy": 0.0,
    "micro_of_kyles_lambda_sell": 0.0,
    "micro_of_kyles_lambda_avg": 0.0,
    "micro_of_amihud_illiquidity": 0.0738162150909538,
    "micro_of_spread_dynamics_current": 0.0003344710925069538,
    "micro_micro_funding_arbitrage": 0.0,
    "micro_micro_orderbook_pressure": 0.0,
    "micro_micro_liquidity_score": 0.75,
    "micro_micro_volume_spike": 0.0,
    "micro_micro_oi_divergence": 0.0,
    "micro_micro_composite_score": 0.15000000000000002,
    "fee_maker_rate": 0.0002,
    "fee_taker_rate": 0.0008,
    "fee_round_trip_cost": 0.0016,
    "fee_breakeven_move_pct": 0.16,
    "fee_net_profit_threshold": 0.16
  },
  "output_prediction": {
    "signal": "SHORT",
    "confidence": 0.5766411597338232,
    "raw_model_outputs": {
      "xgboost": 0.1234569177031517,
      "lightgbm": 0.05907719561460501,
      "lstm": 0.47997722029685974,
      "random_forest": 0.1993936893202222,
      "weighted_average": 0.21167942013308838
    }
  },
  "regime_info": {
    "regime": "ranging",
    "regime_confidence": 0.650610954103968,
    "atr_ratio": 0.8786832106459078,
    "adx_value": 16.98778091792064,
    "is_exhausted": false,
    "is_weakening": false,
    "leverage_tier": "unknown"
  },
  "explanation": "ETHUSDT short position is justified by a combination of RSI at 41.6, MACD at -0.4844, ADX at 17.0, and an ensemble model average of 0.21. These metrics suggest overbought conditions in the ETH market, indicating potential for correction.",
  "symbol": "cmt_ethusdt",
  "position_size": 0.006,
  "risk_validation": {
    "checks_performed": [
      "Wash trading check: Same direction - allowed",
      "Risk check: Order passes all risk checks (leverage: 3x, risk: 5.86%)",
      "Trading status: Trading allowed within risk limits",
      "Leverage set: 3x"
    ],
    "all_checks_passed": true
  },
  "execution_details": {
    "order_type": "1",
    "side": "OPEN_SHORT",
    "price": 2989.1,
    "leverage": 3,
    "client_oid": "8bd5c4e0-2ff7-4a0a-9f7a-1bf0d06cdcb4",
    "symbol": "cmt_ethusdt",
    "maker_fee_rate": 0.0002,
    "taker_fee_rate": 0.0008,
    "estimated_entry_fee": 0.04304304,
    "estimated_exit_fee": 0.04304304,
    "total_estimated_fees": 0.08608608
  },
  "log_metadata": {
    "log_version": "2.3",
    "competition": "WEEX_AI_Trading_Hackathon_2025",
    "bot_name": "AlphaStrike",
    "compliance_status": "MANDATORY",
    "deepseek_enabled": true
  },
  "weex_response": {
    "code": "00000",
    "msg": "success",
    "request_time": 1767299554757,
    "data": "upload success",
    "upload_attempted": true,
    "upload_success": true,
    "upload_timestamp": "2026-01-01T20:32:34.680566Z",
    "error_details": null
  }
}