{
  "timestamp": "2026-01-01T21:53:29.808918Z",
  "order_id": "701725552687449005",
  "stage": "Decision Making",
  "model_version": "ollama:qwen2.5:1.5b+exit_manager_v1",
  "input_features": {
    "tech_returns_1": 0.020376374273234354,
    "tech_returns_5": 0.07838126823611624,
    "tech_returns_15": 0.044272587795046725,
    "tech_returns_60": 0.14371724425583654,
    "tech_returns_240": -0.018784187787557194,
    "tech_returns_1440": -1.1472182907403015,
    "tech_rsi_14": 61.851307269586464,
    "tech_rsi_7": 72.57353614869275,
    "tech_macd": 1.968272536949371,
    "tech_macd_signal": -2.095584166280365,
    "tech_macd_hist": 4.063856703229736,
    "tech_stoch_k": 100.0,
    "tech_stoch_d": 84.53768453768957,
    "tech_ema_cross_9_21": 1.0,
    "tech_ema_cross_50_200": 1.0,
    "tech_ema_9": 88319.35743328056,
    "tech_ema_21": 88315.80941377052,
    "tech_ema_50": 88307.77291930532,
    "tech_price_ema_9_pct": 0.041035813407979516,
    "tech_price_ema_21_pct": 0.04505488484294208,
    "tech_adx": 26.75510931236058,
    "tech_adx_7": 52.924055022620664,
    "tech_adx_10": 37.56088521287927,
    "tech_adx_roc_5": 3.59794678800478,
    "tech_adx_slope_3": 3.255658060461304,
    "tech_adx_deceleration": 1.475326205561247,
    "tech_plus_di": 64.19785815524631,
    "tech_minus_di": 20.44146614981111,
    "tech_di_crossover": 0.0,
    "tech_atr_14": 14.851639253215712,
    "tech_atr_pct": 0.01680893939174847,
    "tech_atr_14_avg": 13.576542136368959,
    "tech_bb_upper": 88361.66663415045,
    "tech_bb_lower": 88266.84336584953,
    "tech_bb_width": 0.10737028614566457,
    "tech_bb_position": 0.9360216721154518,
    "tech_volatility_20": 0.0031416881087913766,
    "tech_volume_ratio": 0.7837496646882876,
    "tech_obv": -358.08369999999957,
    "tech_momentum_10": 42.0,
    "tech_roc_10": 0.0475577940430405,
    "tech_high_low_range": 0.020372223152805256,
    "tech_body_ratio": 0.9999999999944446,
    "tech_swing_high_10": 88355.6,
    "tech_swing_low_10": 88263.2,
    "tech_price_vs_swing_high": 0.0,
    "tech_price_vs_swing_low": 0.10468689102594143,
    "tech_swing_break_up": 1.0,
    "tech_swing_break_down": 0.0,
    "tech_volume_spike": 0.0,
    "tech_volume_spike_ratio": 0.7837496646882876,
    "micro_ob_best_bid_price": 88355.5,
    "micro_ob_best_ask_price": 88355.6,
    "micro_ob_best_bid_size": 2.6783,
    "micro_ob_best_ask_size": 2.5439,
    "micro_ob_spread_absolute": 0.10000000000582077,
    "micro_ob_spread_percentage": 0.0001131790815696589,
    "micro_ob_bid_ask_size_ratio": 1.0528322654192384,
    "micro_ob_orderbook_imbalance_5": 0.08825410705466086,
    "micro_ob_orderbook_imbalance_10": 0.10139308474865767,
    "micro_ob_orderbook_imbalance_20": 0.04545751866748258,
    "micro_ob_orderbook_vwap": 88355.51887293573,
    "micro_ob_buy_impact_0.1": 0.0,
    "micro_ob_sell_impact_0.1": 0.0,
    "micro_ob_buy_impact_1.0": 0.0,
    "micro_ob_sell_impact_1.0": 0.0,
    "micro_ob_buy_impact_10.0": 0.00052082267563485,
    "micro_ob_sell_impact_10.0": 0.00032160646477844305,
    "micro_ob_bid_depth_concentration": 0.3737504066826652,
    "micro_ob_ask_depth_concentration": 0.34295434056964647,
    "micro_ob_bid_levels": 15,
    "micro_ob_ask_levels": 15,
    "micro_ob_total_bid_volume": 35.9617,
    "micro_ob_total_ask_volume": 32.8344,
    "micro_ob_total_orderbook_volume": 68.7961,
    "micro_ob_order_flow_imbalance": 0.04545751866748258,
    "micro_ob_depth_imbalance_1": 0.025736279728849967,
    "micro_ob_depth_imbalance_5": 0.08825410705466086,
    "micro_ob_depth_imbalance_10": 0.10139308474865767,
    "micro_ob_depth_imbalance_20": 0.04545751866748258,
    "micro_fr_funding_rate_current": 4.914e-05,
    "micro_fr_funding_rate_abs": 4.914e-05,
    "micro_fr_funding_rate_mean": 3.60719e-05,
    "micro_fr_funding_rate_std": 2.170238183679386e-05,
    "micro_fr_funding_rate_min": 7.53e-06,
    "micro_fr_funding_rate_max": 9.499e-05,
    "micro_fr_funding_rate_skew": 0.6730252152426616,
    "micro_fr_funding_rate_kurtosis": -0.07355147005775153,
    "micro_fr_funding_rate_trend": 1.3599999999999603e-07,
    "micro_fr_funding_rate_change": 4.59999999999999e-07,
    "micro_fr_funding_rate_change_abs": 4.59999999999999e-07,
    "micro_fr_funding_rate_positive": 1.0,
    "micro_fr_funding_rate_negative": 0.0,
    "micro_fr_funding_rate_high": 0.0,
    "micro_fr_funding_rate_extreme": 0.0,
    "micro_fr_hours_to_next_funding": 0.0,
    "micro_fr_funding_imminent": 1.0,
    "micro_vp_volume_current": 326.84912,
    "micro_vp_volume_mean": 2178.2348842,
    "micro_vp_volume_std": 8894.635645380533,
    "micro_vp_volume_max": 60187.56224,
    "micro_vp_volume_sum": 217823.48842,
    "micro_vp_volume_ratio": 0.15005228424667427,
    "micro_vp_large_volume_trade": 0.0,
    "micro_vp_recent_vwap": 88348.60648781563,
    "micro_vp_price_vwap_deviation_pct": -0.012458020848517,
    "micro_vp_price_clustering": 0.0038789776361078947,
    "micro_vp_volume_trend": -10.332815939393926,
    "micro_of_order_flow_imbalance": 0.04545751866748258,
    "micro_of_trade_flow_buy_pressure": 0.5227287593337413,
    "micro_of_trade_flow_sell_pressure": 0.47727124066625876,
    "micro_of_kyles_lambda_buy": 5.2082267563485006e-05,
    "micro_of_kyles_lambda_sell": 3.2160646477844304e-05,
    "micro_of_kyles_lambda_avg": 4.212145702066465e-05,
    "micro_of_amihud_illiquidity": 0.013975175642780713,
    "micro_of_spread_dynamics_current": 0.0001131790815696589,
    "micro_micro_funding_arbitrage": 0.0,
    "micro_micro_orderbook_pressure": 0.0,
    "micro_micro_liquidity_score": 0.5,
    "micro_micro_volume_spike": 0.0,
    "micro_micro_oi_divergence": 0.0,
    "micro_micro_composite_score": 0.1,
    "fee_maker_rate": 0.0002,
    "fee_taker_rate": 0.0008,
    "fee_round_trip_cost": 0.0016,
    "fee_breakeven_move_pct": 0.16,
    "fee_net_profit_threshold": 0.16,
    "exit_trigger": true,
    "exit_reason": "Trailing stop hit: 88346.30 >= 88327.45",
    "position_side": "SHORT",
    "entry_price": 88312.26666666666,
    "exit_price": 88346.3,
    "position_size": 0.0003,
    "hold_duration_hours": 0.24328202222222223
  },
  "output_prediction": {
    "signal": "EXIT_SHORT",
    "confidence": 1.0,
    "raw_model_outputs": {
      "action": "exit"
    }
  },
  "regime_info": {
    "regime": "unknown",
    "regime_confidence": 0.0,
    "atr_ratio": 1.0,
    "adx_value": 0.0,
    "is_exhausted": false,
    "is_weakening": false,
    "leverage_tier": "unknown"
  },
  "explanation": "The BTCUSDT position is exiting short due to a RSI of 61.9, MACD at 1.9683, and ADX of 26.8, indicating overbought conditions. The models suggest no further action needed.",
  "symbol": "cmt_btcusdt",
  "position_size": 0.0003,
  "risk_validation": {
    "checks_performed": [
      "Risk check: Close order - bypassing risk checks for position exit",
      "Trading status: Trading allowed within risk limits",
      "Leverage set: 5x"
    ],
    "all_checks_passed": true
  },
  "execution_details": {
    "order_type": "1",
    "side": "CLOSE_SHORT",
    "price": 88346.3,
    "leverage": 5,
    "client_oid": "07fe8774-a9f4-4c8b-9b9d-39b4704d608d",
    "symbol": "cmt_btcusdt",
    "maker_fee_rate": 0.0002,
    "taker_fee_rate": 0.0008,
    "estimated_entry_fee": 0.10601556000000001,
    "estimated_exit_fee": 0.10601556000000001,
    "total_estimated_fees": 0.21203112000000002
  },
  "log_metadata": {
    "log_version": "2.3",
    "competition": "WEEX_AI_Trading_Hackathon_2025",
    "bot_name": "AlphaStrike",
    "compliance_status": "MANDATORY",
    "deepseek_enabled": true
  },
  "weex_response": {
    "code": "00000",
    "msg": "success",
    "request_time": 1767304409882,
    "data": "upload success",
    "upload_attempted": true,
    "upload_success": true,
    "upload_timestamp": "2026-01-01T21:53:29.809004Z",
    "error_details": null
  }
}