{
  "timestamp": "2026-01-01T20:58:38.499691Z",
  "order_id": "701711747647538093",
  "stage": "Decision Making",
  "model_version": "ollama:qwen2.5:1.5b+ensemble_v1.0",
  "input_features": {
    "tech_returns_1": 0.0,
    "tech_returns_5": -0.015093288130874072,
    "tech_returns_15": 0.020905923344938238,
    "tech_returns_60": -0.051066595482929245,
    "tech_returns_240": 0.32970233587696907,
    "tech_returns_1440": -1.1360104968751084,
    "tech_rsi_14": 51.086493354250486,
    "tech_rsi_7": 49.82092227278765,
    "tech_macd": 0.04697487530472699,
    "tech_macd_signal": 0.04256541257910509,
    "tech_macd_hist": 0.004409462725621906,
    "tech_stoch_k": 48.71794871794274,
    "tech_stoch_d": 52.13675213674753,
    "tech_ema_cross_9_21": 1.0,
    "tech_ema_cross_50_200": 1.0,
    "tech_ema_9": 861.1998076208635,
    "tech_ema_21": 861.1510436525871,
    "tech_ema_50": 861.108213384819,
    "tech_price_ema_9_pct": -0.002300002936394421,
    "tech_price_ema_21_pct": 0.003362516671878353,
    "tech_adx": 25.234273353841502,
    "tech_adx_7": 51.2465852530586,
    "tech_adx_10": 34.462525416847974,
    "tech_adx_roc_5": 3.3685800145761142,
    "tech_adx_slope_3": 1.269541701934294,
    "tech_adx_deceleration": 0.6271035179194939,
    "tech_plus_di": 18.162523341510102,
    "tech_minus_di": 36.77907684021949,
    "tech_di_crossover": 0.0,
    "tech_atr_14": 0.15574602834173915,
    "tech_atr_pct": 0.018085188734264516,
    "tech_atr_14_avg": 0.18483672925129188,
    "tech_bb_upper": 861.5828539352316,
    "tech_bb_lower": 860.6951460647682,
    "tech_bb_width": 0.10308531729063175,
    "tech_bb_position": 0.5461863653170633,
    "tech_volatility_20": 0.00346814130914403,
    "tech_volume_ratio": 0.41326568130009567,
    "tech_obv": 5584.10000000001,
    "tech_momentum_10": -0.2900000000000773,
    "tech_roc_10": -0.03366338932291324,
    "tech_high_low_range": 0.00348359228036954,
    "tech_body_ratio": 0.0,
    "tech_swing_high_10": 861.58,
    "tech_swing_low_10": 860.92,
    "tech_price_vs_swing_high": -0.04642633301609728,
    "tech_price_vs_swing_low": 0.03020025089439099,
    "tech_swing_break_up": 0.0,
    "tech_swing_break_down": 0.0,
    "tech_volume_spike": 0.0,
    "tech_volume_spike_ratio": 0.41326568130009567,
    "micro_ob_best_bid_price": 861.15,
    "micro_ob_best_ask_price": 861.16,
    "micro_ob_best_bid_size": 156.3,
    "micro_ob_best_ask_size": 178.0,
    "micro_ob_spread_absolute": 0.009999999999990905,
    "micro_ob_spread_percentage": 0.001161231137250658,
    "micro_ob_bid_ask_size_ratio": 0.8780898876404495,
    "micro_ob_orderbook_imbalance_5": 0.19541097441316324,
    "micro_ob_orderbook_imbalance_10": 0.11186472610804955,
    "micro_ob_orderbook_imbalance_20": 0.09973863923783836,
    "micro_ob_orderbook_vwap": 861.1523663510907,
    "micro_ob_buy_impact_0.1": 0.0,
    "micro_ob_sell_impact_0.1": -1.320174623719631e-14,
    "micro_ob_buy_impact_1.0": 0.0,
    "micro_ob_sell_impact_1.0": 0.0,
    "micro_ob_buy_impact_10.0": 1.3201592935298438e-14,
    "micro_ob_sell_impact_10.0": 0.0,
    "micro_ob_bid_depth_concentration": 0.6070990493713584,
    "micro_ob_ask_depth_concentration": 0.4991571455328713,
    "micro_ob_bid_levels": 15,
    "micro_ob_ask_levels": 15,
    "micro_ob_total_bid_volume": 1304.4,
    "micro_ob_total_ask_volume": 1067.8,
    "micro_ob_total_orderbook_volume": 2372.2,
    "micro_ob_order_flow_imbalance": 0.09973863923783836,
    "micro_ob_depth_imbalance_1": -0.06491175590786714,
    "micro_ob_depth_imbalance_5": 0.19541097441316324,
    "micro_ob_depth_imbalance_10": 0.11186472610804955,
    "micro_ob_depth_imbalance_20": 0.09973863923783836,
    "micro_fr_funding_rate_current": -5.2e-05,
    "micro_fr_funding_rate_abs": 5.2e-05,
    "micro_fr_funding_rate_mean": 3.772916666666666e-05,
    "micro_fr_funding_rate_std": 5.556649154516496e-05,
    "micro_fr_funding_rate_min": -5.2e-05,
    "micro_fr_funding_rate_max": 0.0001,
    "micro_fr_funding_rate_skew": 0.0036647925773952914,
    "micro_fr_funding_rate_kurtosis": -1.6395277962123458,
    "micro_fr_funding_rate_trend": -1.9999999999999965e-06,
    "micro_fr_funding_rate_change": -1.9999999999999944e-06,
    "micro_fr_funding_rate_change_abs": 1.9999999999999944e-06,
    "micro_fr_funding_rate_positive": 0.0,
    "micro_fr_funding_rate_negative": 1.0,
    "micro_fr_funding_rate_high": 0.0,
    "micro_fr_funding_rate_extreme": 0.0,
    "micro_fr_hours_to_next_funding": 0.0,
    "micro_fr_funding_imminent": 1.0,
    "micro_vp_volume_current": 688.944,
    "micro_vp_volume_mean": 419.39434000000006,
    "micro_vp_volume_std": 205.11785201455382,
    "micro_vp_volume_max": 775.062,
    "micro_vp_volume_sum": 41939.43400000001,
    "micro_vp_volume_ratio": 1.642711725675649,
    "micro_vp_large_volume_trade": 0.0,
    "micro_vp_recent_vwap": 861.179342933431,
    "micro_vp_price_vwap_deviation_pct": 7.629845912019382e-05,
    "micro_vp_price_clustering": 0.8064049958634957,
    "micro_vp_volume_trend": 7.828781818181812,
    "micro_of_order_flow_imbalance": 0.09973863923783836,
    "micro_of_trade_flow_buy_pressure": 0.5498693196189193,
    "micro_of_trade_flow_sell_pressure": 0.4501306803810809,
    "micro_of_kyles_lambda_buy": 1.3201592935298438e-15,
    "micro_of_kyles_lambda_sell": 0.0,
    "micro_of_kyles_lambda_avg": 6.600796467649219e-16,
    "micro_of_amihud_illiquidity": 0.018581925229430044,
    "micro_of_spread_dynamics_current": 0.001161231137250658,
    "micro_micro_funding_arbitrage": 0.0,
    "micro_micro_orderbook_pressure": 0.5,
    "micro_micro_liquidity_score": 1.0,
    "micro_micro_volume_spike": 0.5,
    "micro_micro_oi_divergence": 0.0,
    "micro_micro_composite_score": 0.39999999999999997,
    "fee_maker_rate": 0.0002,
    "fee_taker_rate": 0.0008,
    "fee_round_trip_cost": 0.0016,
    "fee_breakeven_move_pct": 0.16,
    "fee_net_profit_threshold": 0.16
  },
  "output_prediction": {
    "signal": "SHORT",
    "confidence": 0.48966979381746345,
    "raw_model_outputs": {
      "xgboost": 0.15066388249397278,
      "lightgbm": 0.11155794662312052,
      "lstm": 0.4806627035140991,
      "random_forest": 0.3095538678679869,
      "weighted_average": 0.2551651030912683
    }
  },
  "regime_info": {
    "regime": "trending",
    "regime_confidence": 0.602811280246098,
    "atr_ratio": 0.8426140679539783,
    "adx_value": 25.234273353841502,
    "is_exhausted": false,
    "is_weakening": false,
    "leverage_tier": "unknown"
  },
  "explanation": "BNBUSDT SHORT due to RSI at 51.1, MACD at 0.0470, ADX at 25.2, ensemble model averaging 0.26, indicating overbought conditions and potential reversal risk. Shorting aligns with recent trends for higher probability of profit.",
  "symbol": "cmt_bnbusdt",
  "position_size": 0.1,
  "risk_validation": {
    "checks_performed": [
      "Wash trading check: No current position - any direction allowed",
      "Risk check: Order passes all risk checks (leverage: 4x, risk: 6.82%)",
      "Trading status: Trading allowed within risk limits",
      "Leverage set: 4x"
    ],
    "all_checks_passed": true
  },
  "execution_details": {
    "order_type": "1",
    "side": "OPEN_SHORT",
    "price": 861.18,
    "leverage": 4,
    "client_oid": "317a1f4a-a16a-4dab-9f46-98d92eaa23b8",
    "symbol": "cmt_bnbusdt",
    "maker_fee_rate": 0.0002,
    "taker_fee_rate": 0.0008,
    "estimated_entry_fee": 0.2755776,
    "estimated_exit_fee": 0.2755776,
    "total_estimated_fees": 0.5511552
  },
  "log_metadata": {
    "log_version": "2.3",
    "competition": "WEEX_AI_Trading_Hackathon_2025",
    "bot_name": "AlphaStrike",
    "compliance_status": "MANDATORY",
    "deepseek_enabled": true
  },
  "weex_response": {
    "code": "00000",
    "msg": "success",
    "request_time": 1767301118584,
    "data": "upload success",
    "upload_attempted": true,
    "upload_success": true,
    "upload_timestamp": "2026-01-01T20:58:38.499779Z",
    "error_details": null
  }
}