{
  "timestamp": "2026-01-01T21:09:10.261795Z",
  "order_id": "701714397088711597",
  "stage": "Decision Making",
  "model_version": "ollama:qwen2.5:1.5b+ensemble_v1.0",
  "input_features": {
    "tech_returns_1": -0.007971938775508391,
    "tech_returns_5": 0.04785833931562067,
    "tech_returns_15": 0.0877752952441968,
    "tech_returns_60": -0.13535031847132784,
    "tech_returns_240": 0.738896474178774,
    "tech_returns_1440": -0.8952622405324002,
    "tech_rsi_14": 55.20957439050196,
    "tech_rsi_7": 63.995161506047005,
    "tech_macd": -0.004646659999835379,
    "tech_macd_signal": -0.021494544811403803,
    "tech_macd_hist": 0.016847884811568424,
    "tech_stoch_k": 93.75000000000556,
    "tech_stoch_d": 92.78846153846423,
    "tech_ema_cross_9_21": 1.0,
    "tech_ema_cross_50_200": 1.0,
    "tech_ema_9": 125.38799582083342,
    "tech_ema_21": 125.37985465920329,
    "tech_ema_50": 125.42147475891207,
    "tech_price_ema_9_pct": 0.033499362432271466,
    "tech_price_ema_21_pct": 0.03999473514546524,
    "tech_adx": 20.401391038948123,
    "tech_adx_7": 34.30046803145777,
    "tech_adx_10": 26.37882896575539,
    "tech_adx_roc_5": 0.00891088710065091,
    "tech_adx_slope_3": -1.922419833901337,
    "tech_adx_deceleration": -0.6898502842035885,
    "tech_plus_di": 26.59490085687316,
    "tech_minus_di": 22.293586985060067,
    "tech_di_crossover": 0.0,
    "tech_atr_14": 0.04726294071180652,
    "tech_atr_pct": 0.03768073085530297,
    "tech_atr_14_avg": 0.05623846300144038,
    "tech_bb_upper": 125.44143009895458,
    "tech_bb_lower": 125.26756990104539,
    "tech_bb_width": 0.1386948198183492,
    "tech_bb_position": 0.9342569541963436,
    "tech_volatility_20": 0.0049050718623368525,
    "tech_volume_ratio": 0.1396683611005005,
    "tech_obv": -109951.00000000003,
    "tech_momentum_10": 0.11000000000001364,
    "tech_roc_10": 0.0877752952441968,
    "tech_high_low_range": 0.00797257434424851,
    "tech_body_ratio": 0.9999999900000002,
    "tech_swing_high_10": 125.44,
    "tech_swing_low_10": 125.28,
    "tech_price_vs_swing_high": -0.007971938775502955,
    "tech_price_vs_swing_low": 0.11973180076628807,
    "tech_swing_break_up": 0.0,
    "tech_swing_break_down": 0.0,
    "tech_volume_spike": 0.0,
    "tech_volume_spike_ratio": 0.1396683611005005,
    "micro_ob_best_bid_price": 125.42,
    "micro_ob_best_ask_price": 125.43,
    "micro_ob_best_bid_size": 5726.6,
    "micro_ob_best_ask_size": 5139.4,
    "micro_ob_spread_absolute": 0.010000000000005116,
    "micro_ob_spread_percentage": 0.007972892166637524,
    "micro_ob_bid_ask_size_ratio": 1.114254582246955,
    "micro_ob_orderbook_imbalance_5": 0.036193436147621695,
    "micro_ob_orderbook_imbalance_10": 0.15077230417900148,
    "micro_ob_orderbook_imbalance_20": 0.20348357744395032,
    "micro_ob_orderbook_vwap": 125.41106178242808,
    "micro_ob_buy_impact_0.1": 0.0,
    "micro_ob_sell_impact_0.1": -1.133061291277468e-14,
    "micro_ob_buy_impact_1.0": 0.0,
    "micro_ob_sell_impact_1.0": 0.0,
    "micro_ob_buy_impact_10.0": 1.1329709571236547e-14,
    "micro_ob_sell_impact_10.0": 0.0,
    "micro_ob_bid_depth_concentration": 0.45420671837430326,
    "micro_ob_ask_depth_concentration": 0.6383340782443608,
    "micro_ob_bid_levels": 15,
    "micro_ob_ask_levels": 15,
    "micro_ob_total_bid_volume": 36848.2,
    "micro_ob_total_ask_volume": 24387.7,
    "micro_ob_total_orderbook_volume": 61235.899999999994,
    "micro_ob_order_flow_imbalance": 0.20348357744395032,
    "micro_ob_depth_imbalance_1": 0.054040125161052895,
    "micro_ob_depth_imbalance_5": 0.036193436147621695,
    "micro_ob_depth_imbalance_10": 0.15077230417900148,
    "micro_ob_depth_imbalance_20": 0.20348357744395032,
    "micro_fr_funding_rate_current": 7.753e-05,
    "micro_fr_funding_rate_abs": 7.753e-05,
    "micro_fr_funding_rate_mean": 2.6200000000000007e-05,
    "micro_fr_funding_rate_std": 2.90168461977746e-05,
    "micro_fr_funding_rate_min": -1.85e-05,
    "micro_fr_funding_rate_max": 7.753e-05,
    "micro_fr_funding_rate_skew": 0.03527062278862272,
    "micro_fr_funding_rate_kurtosis": -1.1585502548703202,
    "micro_fr_funding_rate_trend": 1.0469999999999942e-06,
    "micro_fr_funding_rate_change": 1.6200000000000014e-06,
    "micro_fr_funding_rate_change_abs": 1.6200000000000014e-06,
    "micro_fr_funding_rate_positive": 1.0,
    "micro_fr_funding_rate_negative": 0.0,
    "micro_fr_funding_rate_high": 0.0,
    "micro_fr_funding_rate_extreme": 0.0,
    "micro_fr_hours_to_next_funding": 0.0,
    "micro_fr_funding_imminent": 1.0,
    "micro_vp_volume_current": 1141.322,
    "micro_vp_volume_mean": 669.7974800000001,
    "micro_vp_volume_std": 328.844954969374,
    "micro_vp_volume_max": 1241.757,
    "micro_vp_volume_sum": 66979.748,
    "micro_vp_volume_ratio": 1.7039807316086046,
    "micro_vp_large_volume_trade": 0.0,
    "micro_vp_recent_vwap": 125.43023989728952,
    "micro_vp_price_vwap_deviation_pct": -0.008163818627715383,
    "micro_vp_price_clustering": 0.0,
    "micro_vp_volume_trend": 92.35472727272726,
    "micro_of_order_flow_imbalance": 0.20348357744395032,
    "micro_of_trade_flow_buy_pressure": 0.6017417887219751,
    "micro_of_trade_flow_sell_pressure": 0.39825821127802485,
    "micro_of_kyles_lambda_buy": 1.1329709571236547e-15,
    "micro_of_kyles_lambda_sell": 0.0,
    "micro_of_kyles_lambda_avg": 5.664854785618274e-16,
    "micro_of_amihud_illiquidity": 0.00888632960004822,
    "micro_of_spread_dynamics_current": 0.007972892166637524,
    "micro_micro_funding_arbitrage": 0.0,
    "micro_micro_orderbook_pressure": 0.5,
    "micro_micro_liquidity_score": 1.0,
    "micro_micro_volume_spike": 0.5,
    "micro_micro_oi_divergence": 0.0,
    "micro_micro_composite_score": 0.39999999999999997,
    "fee_maker_rate": 0.0002,
    "fee_taker_rate": 0.0008,
    "fee_round_trip_cost": 0.0016,
    "fee_breakeven_move_pct": 0.16,
    "fee_net_profit_threshold": 0.16
  },
  "output_prediction": {
    "signal": "SHORT",
    "confidence": 0.4759171602860367,
    "raw_model_outputs": {
      "xgboost": 0.200537770986557,
      "lightgbm": 0.10998622133846217,
      "lstm": 0.35551556944847107,
      "random_forest": 0.42752319314553533,
      "weighted_average": 0.26204141985698165
    }
  },
  "regime_info": {
    "regime": "ranging",
    "regime_confidence": 0.5,
    "atr_ratio": 0.8404024254822899,
    "adx_value": 20.401391038948123,
    "is_exhausted": false,
    "is_weakening": false,
    "leverage_tier": "unknown"
  },
  "explanation": "The short position in SOLUSDT is justified by a RSI of 55.2, indicating overbought conditions. The MACD shows negative divergence, suggesting potential for further decline. The ADX at 20.4 indicates weak market momentum but no extreme strength or weakness. Ensemble models predict an average profit of 0.26%, aligning with the short position's risk/reward profile.",
  "symbol": "cmt_solusdt",
  "position_size": 0.2,
  "risk_validation": {
    "checks_performed": [
      "Wash trading check: No current position - any direction allowed",
      "Risk check: Order passes all risk checks (leverage: 2x, risk: 6.60%)",
      "Trading status: Trading allowed within risk limits",
      "Leverage set: 2x"
    ],
    "all_checks_passed": true
  },
  "execution_details": {
    "order_type": "1",
    "side": "OPEN_SHORT",
    "price": 125.43,
    "leverage": 2,
    "client_oid": "19a4d1e6-6995-4c16-911c-d9d15dbf7420",
    "symbol": "cmt_solusdt",
    "maker_fee_rate": 0.0002,
    "taker_fee_rate": 0.0008,
    "estimated_entry_fee": 0.0401376,
    "estimated_exit_fee": 0.0401376,
    "total_estimated_fees": 0.0802752
  },
  "log_metadata": {
    "log_version": "2.3",
    "competition": "WEEX_AI_Trading_Hackathon_2025",
    "bot_name": "AlphaStrike",
    "compliance_status": "MANDATORY",
    "deepseek_enabled": true
  },
  "weex_response": {
    "code": "00000",
    "msg": "success",
    "request_time": 1767301750336,
    "data": "upload success",
    "upload_attempted": true,