{
  "timestamp": "2026-01-01T22:03:41.477297Z",
  "order_id": "701728118208988077",
  "stage": "Decision Making",
  "model_version": "ollama:qwen2.5:1.5b+exit_manager_v1",
  "input_features": {
    "tech_returns_1": 0.005346449957221999,
    "tech_returns_5": 0.03208727739452133,
    "tech_returns_15": 0.11239563262683827,
    "tech_returns_60": 0.0,
    "tech_returns_240": 0.048138639281125606,
    "tech_returns_1440": -1.1892699056050338,
    "tech_rsi_14": 62.53279509913871,
    "tech_rsi_7": 74.44679607159216,
    "tech_macd": 0.0003621852267214898,
    "tech_macd_signal": 0.00021263308154738315,
    "tech_macd_hist": 0.00014955214517410663,
    "tech_stoch_k": 94.73684210526378,
    "tech_stoch_d": 92.74617520231645,
    "tech_ema_cross_9_21": 1.0,
    "tech_ema_cross_50_200": 1.0,
    "tech_ema_9": 1.8700569561759823,
    "tech_ema_21": 1.8696265136551236,
    "tech_ema_50": 1.8695272571460477,
    "tech_price_ema_9_pct": 0.023691461511615396,
    "tech_price_ema_21_pct": 0.04671983085909643,
    "tech_adx": 42.188032650050665,
    "tech_adx_7": 71.59597288524972,
    "tech_adx_10": 57.275542827607566,
    "tech_adx_roc_5": 15.612100081086417,
    "tech_adx_slope_3": 3.253419032603972,
    "tech_adx_deceleration": 0.2042432453965617,
    "tech_plus_di": 34.40770199635283,
    "tech_minus_di": 8.116947714208266,
    "tech_di_crossover": 0.0,
    "tech_atr_14": 0.0004211959196143572,
    "tech_atr_pct": 0.02251782515981594,
    "tech_atr_14_avg": 0.0005866242874588746,
    "tech_bb_upper": 1.8710004944527372,
    "tech_bb_lower": 1.8677295055472622,
    "tech_bb_width": 0.17497861067661735,
    "tech_bb_position": 0.8469898653892035,
    "tech_volatility_20": 0.002708799172686111,
    "tech_volume_ratio": 0.8953677454634413,
    "tech_obv": -960930.0,
    "tech_momentum_10": 0.000600000000000156,
    "tech_roc_10": 0.03208727739452133,
    "tech_high_low_range": 0.02138465650895247,
    "tech_body_ratio": 0.24999993750001565,
    "tech_swing_high_10": 1.8706,
    "tech_swing_low_10": 1.8694,
    "tech_price_vs_swing_high": -0.00534587832780867,
    "tech_price_vs_swing_low": 0.058842409329201935,
    "tech_swing_break_up": 0.0,
    "tech_swing_break_down": 0.0,
    "tech_volume_spike": 0.0,
    "tech_volume_spike_ratio": 0.8953677454634413,
    "micro_ob_best_bid_price": 1.8705,
    "micro_ob_best_ask_price": 1.8706,
    "micro_ob_best_bid_size": 68160.0,
    "micro_ob_best_ask_size": 64220.0,
    "micro_ob_spread_absolute": 9.999999999998899e-05,
    "micro_ob_spread_percentage": 0.005346021223703669,
    "micro_ob_bid_ask_size_ratio": 1.0613516038617252,
    "micro_ob_orderbook_imbalance_5": 0.21958423689523668,
    "micro_ob_orderbook_imbalance_10": 0.24718531093289625,
    "micro_ob_orderbook_imbalance_20": 0.29473620433140574,
    "micro_ob_orderbook_vwap": 1.8703747975570255,
    "micro_ob_buy_impact_0.1": 0.0,
    "micro_ob_sell_impact_0.1": 0.0,
    "micro_ob_buy_impact_1.0": 0.0,
    "micro_ob_sell_impact_1.0": 0.0,
    "micro_ob_buy_impact_10.0": 0.0,
    "micro_ob_sell_impact_10.0": -1.1870869014970933e-14,
    "micro_ob_bid_depth_concentration": 0.3392088350907843,
    "micro_ob_ask_depth_concentration": 0.3984841831961971,
    "micro_ob_bid_levels": 15,
    "micro_ob_ask_levels": 15,
    "micro_ob_total_bid_volume": 961620.0,
    "micro_ob_total_ask_volume": 523810.0,
    "micro_ob_total_orderbook_volume": 1485430.0,
    "micro_ob_order_flow_imbalance": 0.29473620433140574,
    "micro_ob_depth_imbalance_1": 0.029762804048949994,
    "micro_ob_depth_imbalance_5": 0.21958423689523668,
    "micro_ob_depth_imbalance_10": 0.24718531093289625,
    "micro_ob_depth_imbalance_20": 0.29473620433140574,
    "micro_fr_funding_rate_current": 5.381e-05,
    "micro_fr_funding_rate_abs": 5.381e-05,
    "micro_fr_funding_rate_mean": -1.06999e-05,
    "micro_fr_funding_rate_std": 3.930156517226763e-05,
    "micro_fr_funding_rate_min": -5.801e-05,
    "micro_fr_funding_rate_max": 5.381e-05,
    "micro_fr_funding_rate_skew": 0.22086523219571988,
    "micro_fr_funding_rate_kurtosis": -1.4856311484089855,
    "micro_fr_funding_rate_trend": 1.0199999999999936e-06,
    "micro_fr_funding_rate_change": 1.2400000000000017e-06,
    "micro_fr_funding_rate_change_abs": 1.2400000000000017e-06,
    "micro_fr_funding_rate_positive": 1.0,
    "micro_fr_funding_rate_negative": 0.0,
    "micro_fr_funding_rate_high": 0.0,
    "micro_fr_funding_rate_extreme": 0.0,
    "micro_fr_hours_to_next_funding": 0.0,
    "micro_fr_funding_imminent": 1.0,
    "micro_vp_volume_current": 299.248,
    "micro_vp_volume_mean": 220.70216000000005,
    "micro_vp_volume_std": 108.4472416165317,
    "micro_vp_volume_max": 448.92,
    "micro_vp_volume_sum": 22070.216000000004,
    "micro_vp_volume_ratio": 1.3558906718448063,
    "micro_vp_large_volume_trade": 0.0,
    "micro_vp_recent_vwap": 1.870357292497726,
    "micro_vp_price_vwap_deviation_pct": -0.0030631846629423235,
    "micro_vp_price_clustering": 1.1102230246251565e-16,
    "micro_vp_volume_trend": 21.196733333333327,
    "micro_of_order_flow_imbalance": 0.29473620433140574,
    "micro_of_trade_flow_buy_pressure": 0.6473681021657028,
    "micro_of_trade_flow_sell_pressure": 0.35263189783429716,
    "micro_of_kyles_lambda_buy": 0.0,
    "micro_of_kyles_lambda_sell": -1.1870869014970934e-15,
    "micro_of_kyles_lambda_avg": -5.935434507485467e-16,
    "micro_of_amihud_illiquidity": 0.022519330410670568,
    "micro_of_spread_dynamics_current": 0.005346021223703669,
    "micro_micro_funding_arbitrage": 0.0,
    "micro_micro_orderbook_pressure": 0.5,
    "micro_micro_liquidity_score": 1.0,
    "micro_micro_volume_spike": 0.0,
    "micro_micro_oi_divergence": 0.0,
    "micro_micro_composite_score": 0.35,
    "fee_maker_rate": 0.0002,
    "fee_taker_rate": 0.0008,
    "fee_round_trip_cost": 0.0016,
    "fee_breakeven_move_pct": 0.16,
    "fee_net_profit_threshold": 0.16,
    "exit_trigger": true,
    "exit_reason": "Trailing stop hit: 1.87 >= 1.87",
    "position_side": "SHORT",
    "entry_price": 1.8694,
    "exit_price": 1.8705,
    "position_size": 10.0,
    "hold_duration_hours": 0.1433906802777778
  },
  "output_prediction": {
    "signal": "EXIT_SHORT",
    "confidence": 1.0,
    "raw_model_outputs": {
      "action": "exit"
    }
  },
  "regime_info": {
    "regime": "unknown",
    "regime_confidence": 0.0,
    "atr_ratio": 1.0,
    "adx_value": 0.0,
    "is_exhausted": false,
    "is_weakening": false,
    "leverage_tier": "unknown"
  },
  "explanation": "XRPUSDT EXIT_SHORT due to RSI at 62.5, MACD at 0.0004, ADX at 42.2, indicating overbought conditions and lack of momentum, suggesting a potential reversal or risk-off scenario.",
  "symbol": "cmt_xrpusdt",
  "position_size": 10.0,
  "risk_validation": {
    "checks_performed": [
      "Risk check: Close order - bypassing risk checks for position exit",
      "Trading status: Trading allowed within risk limits",
      "Leverage set: 2x"
    ],
    "all_checks_passed": true
  },
  "execution_details": {
    "order_type": "1",
    "side": "CLOSE_SHORT",
    "price": 1.8705,
    "leverage": 2,
    "client_oid": "a823bd2b-d95a-402c-9f85-879663eb4590",
    "symbol": "cmt_xrpusdt",
    "maker_fee_rate": 0.0002,
    "taker_fee_rate": 0.0008,
    "estimated_entry_fee": 0.029928000000000003,
    "estimated_exit_fee": 0.029928000000000003,
    "total_estimated_fees": 0.059856000000000006
  },
  "log_metadata": {
    "log_version": "2.3",
    "competition": "WEEX_AI_Trading_Hackathon_2025",
    "bot_name": "AlphaStrike",
    "compliance_status": "MANDATORY",
    "deepseek_enabled": true
  },
  "weex_response": {
    "code": "00000",
    "msg": "success",
    "request_time": 1767305021555,
    "data": "upload success",
    "upload_attempted": true,
    "upload_success": true,
    "upload_timestamp": "2026-01-01T22:03:41.477434Z",
    "error_details": null
  }
}