{
  "timestamp": "2026-01-01T19:41:10.773353Z",
  "order_id": "701692253617259437",
  "stage": "Decision Making",
  "model_version": "ollama:qwen2.5:1.5b+exit_manager_v1",
  "input_features": {
    "tech_returns_1": 0.03951007506914905,
    "tech_returns_5": 0.13725718273815968,
    "tech_returns_15": 0.14890646812470987,
    "tech_returns_60": 0.1617238129588472,
    "tech_returns_240": 0.16638547908545132,
    "tech_returns_1440": -1.1360104968751084,
    "tech_rsi_14": 75.44275276707492,
    "tech_rsi_7": 90.7341785819603,
    "tech_macd": 0.07660283317500216,
    "tech_macd_signal": -0.05711121352315618,
    "tech_macd_hist": 0.13371404669815834,
    "tech_stoch_k": 95.74468085105988,
    "tech_stoch_d": 97.47044917257341,
    "tech_ema_cross_9_21": 1.0,
    "tech_ema_cross_50_200": 1.0,
    "tech_ema_9": 860.1802775935544,
    "tech_ema_21": 860.0291904840153,
    "tech_ema_50": 860.0478765277483,
    "tech_price_ema_9_pct": 0.0813460183489882,
    "tech_price_ema_21_pct": 0.098927981212574,
    "tech_adx": 35.131836522850826,
    "tech_adx_7": 57.15396141192755,
    "tech_adx_10": 43.49607208243081,
    "tech_adx_roc_5": 1.1407256043945395,
    "tech_adx_slope_3": 4.3263127729694375,
    "tech_adx_deceleration": 3.0817044587208677,
    "tech_plus_di": 69.15924012470033,
    "tech_minus_di": 13.66042855714637,
    "tech_di_crossover": 0.0,
    "tech_atr_14": 0.2118695205065324,
    "tech_atr_pct": 0.024610807604606034,
    "tech_atr_14_avg": 0.1789818614457774,
    "tech_bb_upper": 860.5050176073782,
    "tech_bb_lower": 859.1979823926217,
    "tech_bb_width": 0.15200708666049018,
    "tech_bb_position": 1.2868954014307854,
    "tech_volatility_20": 0.0026544404635183414,
    "tech_volume_ratio": 1.1146029750680913,
    "tech_obv": 5898.300000000007,
    "tech_momentum_10": 1.07000000000005,
    "tech_roc_10": 0.12444609855666311,
    "tech_high_low_range": 0.046464083263647774,
    "tech_body_ratio": 0.8499999997873863,
    "tech_swing_high_10": 860.94,
    "tech_swing_low_10": 859.56,
    "tech_price_vs_swing_high": -0.006969126768422783,
    "tech_price_vs_swing_low": 0.15356694122574924,
    "tech_swing_break_up": 1.0,
    "tech_swing_break_down": 0.0,
    "tech_volume_spike": 0.0,
    "tech_volume_spike_ratio": 1.1146029750680913,
    "micro_ob_best_bid_price": 860.85,
    "micro_ob_best_ask_price": 860.86,
    "micro_ob_best_bid_size": 147.2,
    "micro_ob_best_ask_size": 153.1,
    "micro_ob_spread_absolute": 0.009999999999990905,
    "micro_ob_spread_percentage": 0.0011616358155544086,
    "micro_ob_bid_ask_size_ratio": 0.961463096015676,
    "micro_ob_orderbook_imbalance_5": 0.2029207740051114,
    "micro_ob_orderbook_imbalance_10": 0.07348796878387166,
    "micro_ob_orderbook_imbalance_20": 0.1551225022947116,
    "micro_ob_orderbook_vwap": 860.8552378062,
    "micro_ob_buy_impact_0.1": 1.3206193541530102e-14,
    "micro_ob_sell_impact_0.1": 0.0,
    "micro_ob_buy_impact_1.0": 0.0,
    "micro_ob_sell_impact_1.0": 0.0,
    "micro_ob_buy_impact_10.0": 0.0,
    "micro_ob_sell_impact_10.0": 0.0,
    "micro_ob_bid_depth_concentration": 0.5034841075794622,
    "micro_ob_ask_depth_concentration": 0.45612568945345144,
    "micro_ob_bid_levels": 15,
    "micro_ob_ask_levels": 15,
    "micro_ob_total_bid_volume": 1636.0,
    "micro_ob_total_ask_volume": 1196.6,
    "micro_ob_total_orderbook_volume": 2832.6,
    "micro_ob_order_flow_imbalance": 0.1551225022947116,
    "micro_ob_depth_imbalance_1": -0.01964701964701967,
    "micro_ob_depth_imbalance_5": 0.2029207740051114,
    "micro_ob_depth_imbalance_10": 0.07348796878387166,
    "micro_ob_depth_imbalance_20": 0.1551225022947116,
    "micro_fr_funding_rate_current": -2e-05,
    "micro_fr_funding_rate_abs": 2e-05,
    "micro_fr_funding_rate_mean": 5.164197530864196e-05,
    "micro_fr_funding_rate_std": 4.9027658770261686e-05,
    "micro_fr_funding_rate_min": -2e-05,
    "micro_fr_funding_rate_max": 0.0001,
    "micro_fr_funding_rate_skew": -0.16945407706165297,
    "micro_fr_funding_rate_kurtosis": -1.7558370457239716,
    "micro_fr_funding_rate_trend": 2.124291121666259e-21,
    "micro_fr_funding_rate_change": 0.0,
    "micro_fr_funding_rate_change_abs": 0.0,
    "micro_fr_funding_rate_positive": 0.0,
    "micro_fr_funding_rate_negative": 1.0,
    "micro_fr_funding_rate_high": 0.0,
    "micro_fr_funding_rate_extreme": 0.0,
    "micro_fr_hours_to_next_funding": 0.0,
    "micro_fr_funding_imminent": 1.0,
    "micro_vp_volume_current": 430.27,
    "micro_vp_volume_mean": 711.8841400000002,
    "micro_vp_volume_std": 1439.7464271984288,
    "micro_vp_volume_max": 11277.135,
    "micro_vp_volume_sum": 71188.41400000002,
    "micro_vp_volume_ratio": 0.604410150224726,
    "micro_vp_large_volume_trade": 0.0,
    "micro_vp_recent_vwap": 860.8030831351292,
    "micro_vp_price_vwap_deviation_pct": -0.030562522403041983,
    "micro_vp_price_clustering": 0.0,
    "micro_vp_volume_trend": -0.5215393939394003,
    "micro_of_order_flow_imbalance": 0.1551225022947116,
    "micro_of_trade_flow_buy_pressure": 0.5775612511473558,
    "micro_of_trade_flow_sell_pressure": 0.4224387488526442,
    "micro_of_kyles_lambda_buy": 0.0,
    "micro_of_kyles_lambda_sell": 0.0,
    "micro_of_kyles_lambda_avg": 0.0,
    "micro_of_amihud_illiquidity": 0.025035569453367237,
    "micro_of_spread_dynamics_current": 0.0011616358155544086,
    "micro_micro_funding_arbitrage": 0.0,
    "micro_micro_orderbook_pressure": 0.5,
    "micro_micro_liquidity_score": 1.0,
    "micro_micro_volume_spike": 0.0,
    "micro_micro_oi_divergence": 0.0,
    "micro_micro_composite_score": 0.35,
    "fee_maker_rate": 0.0002,
    "fee_taker_rate": 0.0008,
    "fee_round_trip_cost": 0.0016,
    "fee_breakeven_move_pct": 0.16,
    "fee_net_profit_threshold": 0.16,
    "exit_trigger": true,
    "exit_reason": "Trailing stop hit: 860.94 >= 859.80",
    "position_side": "SHORT",
    "entry_price": 860.36,
    "exit_price": 860.94,
    "position_size": 0.1,
    "hold_duration_hours": 0.41484625666666664
  },
  "output_prediction": {
    "signal": "EXIT_SHORT",
    "confidence": 1.0,
    "raw_model_outputs": {
      "action": "exit"
    }
  },
  "regime_info": {
    "regime": "unknown",
    "regime_confidence": 0.0,
    "atr_ratio": 1.0,
    "adx_value": 0.0,
    "is_exhausted": false,
    "is_weakening": false,
    "leverage_tier": "unknown"
  },
  "explanation": "BNBUSDT EXIT_SHORT: RSI at 75.4, MACD at 0.0766, ADX at 35.1 indicates overbought conditions. The short position is confirmed with a high confidence level (100%). This setup suggests the market may reverse soon due to oversold indicators and potential reversal signals.",
  "symbol": "cmt_bnbusdt",
  "position_size": 0.1,
  "risk_validation": {
    "checks_performed": [
      "Risk check: Close order - bypassing risk checks for position exit",
      "Trading status: Trading allowed within risk limits",
      "Leverage set: 2x"
    ],
    "all_checks_passed": true
  },
  "execution_details": {
    "order_type": "1",
    "side": "CLOSE_SHORT",
    "price": 860.94,
    "leverage": 2,
    "client_oid": "9e591150-5202-4de1-b43d-7fba50ef6a10",
    "symbol": "cmt_bnbusdt",
    "maker_fee_rate": 0.0002,
    "taker_fee_rate": 0.0008,
    "estimated_entry_fee": 0.13775040000000002,
    "estimated_exit_fee": 0.13775040000000002,
    "total_estimated_fees": 0.27550080000000005
  },
  "log_metadata": {
    "log_version": "2.3",
    "competition": "WEEX_AI_Trading_Hackathon_2025",
    "bot_name": "AlphaStrike",
    "compliance_status": "MANDATORY",
    "deepseek_enabled": true
  },
  "weex_response": {
    "code": "00000",
    "msg": "success",
    "request_time": 1767296470845,
    "data": "upload success",
    "upload_attempted": true,
    "upload_success": true,
    "upload_timestamp": "2026-01-01T19:41:10.773432Z",
    "error_details": null
  }
}