{
  "timestamp": "2026-01-01T23:09:53.339065Z",
  "order_id": "701744777372107693",
  "stage": "Decision Making",
  "model_version": "ollama:qwen2.5:1.5b+exit_manager_v1",
  "input_features": {
    "tech_returns_1": -0.01600597556420391,
    "tech_returns_5": 0.05339028296851289,
    "tech_returns_15": 0.03736721293974288,
    "tech_returns_60": 0.10149030500508083,
    "tech_returns_240": 0.2943537597003054,
    "tech_returns_1440": -1.1892699056050338,
    "tech_rsi_14": 55.23655745663304,
    "tech_rsi_7": 53.9612872431196,
    "tech_macd": 0.0005976832587981651,
    "tech_macd_signal": 0.000795150041288561,
    "tech_macd_hist": -0.00019746678249039592,
    "tech_stoch_k": 42.028985507248755,
    "tech_stoch_d": 40.57971014492895,
    "tech_ema_cross_9_21": 1.0,
    "tech_ema_cross_50_200": 1.0,
    "tech_ema_9": 1.8736376568986284,
    "tech_ema_21": 1.873238516332571,
    "tech_ema_50": 1.8721241149354915,
    "tech_price_ema_9_pct": 0.019339016807097393,
    "tech_price_ema_21_pct": 0.040650651841167666,
    "tech_adx": 35.2889800247413,
    "tech_adx_7": 39.390028470969106,
    "tech_adx_10": 37.110333068084856,
    "tech_adx_roc_5": -17.6773866861312,
    "tech_adx_slope_3": -2.655354034307944,
    "tech_adx_deceleration": 1.4422462621677106,
    "tech_plus_di": 37.432400689049146,
    "tech_minus_di": 25.34097870023552,
    "tech_di_crossover": 0.0,
    "tech_atr_14": 0.0012900518182952846,
    "tech_atr_pct": 0.06883947803069822,
    "tech_atr_14_avg": 0.0008404853405564984,
    "tech_bb_upper": 1.8768892266285733,
    "tech_bb_lower": 1.8703907733714267,
    "tech_bb_width": 0.34683574524170047,
    "tech_bb_position": 0.5553977978689363,
    "tech_volatility_20": 0.009656510269286494,
    "tech_volume_ratio": 0.758819738280046,
    "tech_obv": -192740.0,
    "tech_momentum_10": -0.0011999999999998678,
    "tech_roc_10": -0.06399317406142746,
    "tech_high_low_range": 0.03201707577375432,
    "tech_body_ratio": 0.4999999166664955,
    "tech_swing_high_10": 1.878,
    "tech_swing_low_10": 1.8711,
    "tech_price_vs_swing_high": -0.21299254526090428,
    "tech_price_vs_swing_low": 0.15498904387793944,
    "tech_swing_break_up": 0.0,
    "tech_swing_break_down": 0.0,
    "tech_volume_spike": 0.0,
    "tech_volume_spike_ratio": 0.758819738280046,
    "micro_ob_best_bid_price": 1.8738,
    "micro_ob_best_ask_price": 1.8739,
    "micro_ob_best_bid_size": 132060.0,
    "micro_ob_best_ask_size": 117230.0,
    "micro_ob_spread_absolute": 9.999999999998899e-05,
    "micro_ob_spread_percentage": 0.005336606451956613,
    "micro_ob_bid_ask_size_ratio": 1.1265034547470785,
    "micro_ob_orderbook_imbalance_5": 0.03576741131852964,
    "micro_ob_orderbook_imbalance_10": 0.05812305511908063,
    "micro_ob_orderbook_imbalance_20": 0.10664279591086956,
    "micro_ob_orderbook_vwap": 1.8738794967187355,
    "micro_ob_buy_impact_0.1": 0.0,
    "micro_ob_sell_impact_0.1": 0.0,
    "micro_ob_buy_impact_1.0": 0.0,
    "micro_ob_sell_impact_1.0": 0.0,
    "micro_ob_buy_impact_10.0": -1.1849330536583133e-14,
    "micro_ob_sell_impact_10.0": 0.0,
    "micro_ob_bid_depth_concentration": 0.407291084809713,
    "micro_ob_ask_depth_concentration": 0.46968510104966316,
    "micro_ob_bid_levels": 15,
    "micro_ob_ask_levels": 15,
    "micro_ob_total_bid_volume": 948830.0,
    "micro_ob_total_ask_volume": 765960.0,
    "micro_ob_total_orderbook_volume": 1714790.0,
    "micro_ob_order_flow_imbalance": 0.10664279591086956,
    "micro_ob_depth_imbalance_1": 0.05948894861406394,
    "micro_ob_depth_imbalance_5": 0.03576741131852964,
    "micro_ob_depth_imbalance_10": 0.05812305511908063,
    "micro_ob_depth_imbalance_20": 0.10664279591086956,
    "micro_fr_funding_rate_current": 6.335e-05,
    "micro_fr_funding_rate_abs": 6.335e-05,
    "micro_fr_funding_rate_mean": 4.2104e-06,
    "micro_fr_funding_rate_std": 4.114607866905424e-05,
    "micro_fr_funding_rate_min": -5.801e-05,
    "micro_fr_funding_rate_max": 6.335e-05,
    "micro_fr_funding_rate_skew": -0.13674524102695992,
    "micro_fr_funding_rate_kurtosis": -1.4488520508400247,
    "micro_fr_funding_rate_trend": 6.859999999999948e-07,
    "micro_fr_funding_rate_change": 6.800000000000003e-07,
    "micro_fr_funding_rate_change_abs": 6.800000000000003e-07,
    "micro_fr_funding_rate_positive": 1.0,
    "micro_fr_funding_rate_negative": 0.0,
    "micro_fr_funding_rate_high": 0.0,
    "micro_fr_funding_rate_extreme": 0.0,
    "micro_fr_hours_to_next_funding": 0.0,
    "micro_fr_funding_imminent": 1.0,
    "micro_vp_volume_current": 93.7,
    "micro_vp_volume_mean": 323.61505,
    "micro_vp_volume_std": 368.8874335577285,
    "micro_vp_volume_max": 2792.26,
    "micro_vp_volume_sum": 32361.504999999997,
    "micro_vp_volume_ratio": 0.28954154017249817,
    "micro_vp_large_volume_trade": 0.0,
    "micro_vp_recent_vwap": 1.8738566916248178,
    "micro_vp_price_vwap_deviation_pct": 0.007647776685527662,
    "micro_vp_price_clustering": 1.3895591697489598,
    "micro_vp_volume_trend": -20.7785939393939,
    "micro_of_order_flow_imbalance": 0.10664279591086956,
    "micro_of_trade_flow_buy_pressure": 0.5533213979554348,
    "micro_of_trade_flow_sell_pressure": 0.4466786020445652,
    "micro_of_kyles_lambda_buy": -1.1849330536583132e-15,
    "micro_of_kyles_lambda_sell": 0.0,
    "micro_of_kyles_lambda_avg": -5.924665268291566e-16,
    "micro_of_amihud_illiquidity": 0.06395958825814144,
    "micro_of_spread_dynamics_current": 0.005336606451956613,
    "micro_micro_funding_arbitrage": 0.0,
    "micro_micro_orderbook_pressure": 0.0,
    "micro_micro_liquidity_score": 1.0,
    "micro_micro_volume_spike": 0.0,
    "micro_micro_oi_divergence": 0.0,
    "micro_micro_composite_score": 0.2,
    "fee_maker_rate": 0.0002,
    "fee_taker_rate": 0.0008,
    "fee_round_trip_cost": 0.0016,
    "fee_breakeven_move_pct": 0.16,
    "fee_net_profit_threshold": 0.16,
    "exit_trigger": true,
    "exit_reason": "Trailing stop hit: 1.87 >= 1.87",
    "position_side": "SHORT",
    "entry_price": 1.8769,
    "exit_price": 1.8747,
    "position_size": 30.0,
    "hold_duration_hours": 0.15238006638888887
  },
  "output_prediction": {
    "signal": "EXIT_SHORT",
    "confidence": 1.0,
    "raw_model_outputs": {
      "action": "exit"
    }
  },
  "regime_info": {
    "regime": "unknown",
    "regime_confidence": 0.0,
    "atr_ratio": 1.0,
    "adx_value": 0.0,
    "is_exhausted": false,
    "is_weakening": false,
    "leverage_tier": "unknown"
  },
  "explanation": "The XRPUSDT position is exiting short due to a RSI of 55.2, MACD at 0.0006, ADX at 35.3, indicating overbought conditions and potential for correction. The models confirm this trend reversal.",
  "symbol": "cmt_xrpusdt",
  "position_size": 30.0,
  "risk_validation": {
    "checks_performed": [
      "Risk check: Close order - bypassing risk checks for position exit",
      "Trading status: Trading allowed within risk limits",
      "Leverage set: 2x"
    ],
    "all_checks_passed": true
  },
  "execution_details": {
    "order_type": "1",
    "side": "CLOSE_SHORT",
    "price": 1.8747,
    "leverage": 2,
    "client_oid": "166e6c9f-6da4-4516-86a8-5b802d74589f",
    "symbol": "cmt_xrpusdt",
    "maker_fee_rate": 0.0002,
    "taker_fee_rate": 0.0008,
    "estimated_entry_fee": 0.0899856,
    "estimated_exit_fee": 0.0899856,
    "total_estimated_fees": 0.1799712
  },
  "log_metadata": {
    "log_version": "2.3",
    "competition": "WEEX_AI_Trading_Hackathon_2025",
    "bot_name": "AlphaStrike",
    "compliance_status": "MANDATORY",
    "deepseek_enabled": true
  },
  "weex_response": {
    "code": "00000",
    "msg": "success",
    "request_time": 1767308993419,
    "data": "upload success",
    "upload_attempted": true,
    "upload_success": true,
    "upload_timestamp": "2026-01-01T23:09:53.339145Z",
    "error_details": null
  }
}