{
  "timestamp": "2026-01-01T11:51:48.884059Z",
  "order_id": "701574133237941165",
  "stage": "Decision Making",
  "model_version": "ollama:qwen2.5:1.5b+ensemble_v1.0",
  "input_features": {
    "tech_returns_1": 0.024001920153615686,
    "tech_returns_5": -0.02399040383846973,
    "tech_returns_15": 0.19233851578779326,
    "tech_returns_60": 0.09607686148918049,
    "tech_returns_240": 0.37735849056603765,
    "tech_returns_1440": -1.231449321124094,
    "tech_rsi_14": 60.52639306301178,
    "tech_rsi_7": 65.67036755157132,
    "tech_macd": 0.03794338348825477,
    "tech_macd_signal": 0.015536317028714634,
    "tech_macd_hist": 0.02240706645954013,
    "tech_stoch_k": 85.2941176470592,
    "tech_stoch_d": 78.24170920146155,
    "tech_ema_cross_9_21": 1.0,
    "tech_ema_cross_50_200": 1.0,
    "tech_ema_9": 124.96498518638244,
    "tech_ema_21": 124.91546225422175,
    "tech_ema_50": 124.91088118178442,
    "tech_price_ema_9_pct": 0.044024182882514994,
    "tech_price_ema_21_pct": 0.08368679416603768,
    "tech_adx": 36.17843381171498,
    "tech_adx_7": 40.97511133772822,
    "tech_adx_10": 41.80072631521718,
    "tech_adx_roc_5": 5.009336398281977,
    "tech_adx_slope_3": -0.2373130004806896,
    "tech_adx_deceleration": 0.45031661117251076,
    "tech_plus_di": 40.18616993720367,
    "tech_minus_di": 18.375599731382977,
    "tech_di_crossover": 0.0,
    "tech_atr_14": 0.057675149795774976,
    "tech_atr_pct": 0.04613273859844423,
    "tech_atr_14_avg": 0.06113993083023588,
    "tech_bb_upper": 125.09656913448538,
    "tech_bb_lower": 124.64943086551463,
    "tech_bb_width": 0.3580744187860841,
    "tech_bb_position": 0.8287573670184079,
    "tech_volatility_20": 0.007406931400467941,
    "tech_volume_ratio": 0.5874028793772711,
    "tech_obv": -78744.40000000002,
    "tech_momentum_10": 0.1799999999999926,
    "tech_roc_10": 0.14418455623197435,
    "tech_high_low_range": 0.02399616061430262,
    "tech_body_ratio": 0.9999999966666666,
    "tech_swing_high_10": 125.07,
    "tech_swing_low_10": 124.78,
    "tech_price_vs_swing_high": -0.03997761253697702,
    "tech_price_vs_swing_low": 0.1923385157877824,
    "tech_swing_break_up": 0.0,
    "tech_swing_break_down": 0.0,
    "tech_volume_spike": 0.0,
    "tech_volume_spike_ratio": 0.5874028793772711,
    "micro_ob_best_bid_price": 125.02,
    "micro_ob_best_ask_price": 125.03,
    "micro_ob_best_bid_size": 2930.4,
    "micro_ob_best_ask_size": 2810.2,
    "micro_ob_spread_absolute": 0.010000000000005116,
    "micro_ob_spread_percentage": 0.007998400319940105,
    "micro_ob_bid_ask_size_ratio": 1.0427727563874458,
    "micro_ob_orderbook_imbalance_5": 0.09428057022638996,
    "micro_ob_orderbook_imbalance_10": 0.3527766604803673,
    "micro_ob_orderbook_imbalance_20": 0.4190573347987213,
    "micro_ob_orderbook_vwap": 124.99350909009652,
    "micro_ob_buy_impact_0.1": 0.0,
    "micro_ob_sell_impact_0.1": 0.0,
    "micro_ob_buy_impact_1.0": 0.0,
    "micro_ob_sell_impact_1.0": 0.0,
    "micro_ob_buy_impact_10.0": 0.0,
    "micro_ob_sell_impact_10.0": -1.1366865073749802e-14,
    "micro_ob_bid_depth_concentration": 0.34632567353807747,
    "micro_ob_ask_depth_concentration": 0.7001907254356132,
    "micro_ob_bid_levels": 15,
    "micro_ob_ask_levels": 15,
    "micro_ob_total_bid_volume": 39574.6,
    "micro_ob_total_ask_volume": 16201.3,
    "micro_ob_total_orderbook_volume": 55775.899999999994,
    "micro_ob_order_flow_imbalance": 0.4190573347987213,
    "micro_ob_depth_imbalance_1": 0.020938577849005376,
    "micro_ob_depth_imbalance_5": 0.09428057022638996,
    "micro_ob_depth_imbalance_10": 0.3527766604803673,
    "micro_ob_depth_imbalance_20": 0.4190573347987213,
    "micro_fr_funding_rate_current": -5.52e-06,
    "micro_fr_funding_rate_abs": 5.52e-06,
    "micro_fr_funding_rate_mean": 1.2430952380952382e-05,
    "micro_fr_funding_rate_std": 1.5556005089066597e-05,
    "micro_fr_funding_rate_min": -5.78e-06,
    "micro_fr_funding_rate_max": 4.065e-05,
    "micro_fr_funding_rate_skew": 0.36570537042566253,
    "micro_fr_funding_rate_kurtosis": -1.257617062648553,
    "micro_fr_funding_rate_trend": -2.259999999999995e-07,
    "micro_fr_funding_rate_change": 2.6000000000000005e-07,
    "micro_fr_funding_rate_change_abs": 2.6000000000000005e-07,
    "micro_fr_funding_rate_positive": 0.0,
    "micro_fr_funding_rate_negative": 1.0,
    "micro_fr_funding_rate_high": 0.0,
    "micro_fr_funding_rate_extreme": 0.0,
    "micro_fr_hours_to_next_funding": 0.0,
    "micro_fr_funding_imminent": 1.0,
    "micro_vp_volume_current": 524.958,
    "micro_vp_volume_mean": 717.3928900000001,
    "micro_vp_volume_std": 320.4054012606496,
    "micro_vp_volume_max": 1237.5,
    "micro_vp_volume_sum": 71739.289,
    "micro_vp_volume_ratio": 0.7317580189566695,
    "micro_vp_large_volume_trade": 0.0,
    "micro_vp_recent_vwap": 125.00311770207257,
    "micro_vp_price_vwap_deviation_pct": -0.010493899923233465,
    "micro_vp_price_clustering": 0.6923109695274962,
    "micro_vp_volume_trend": -58.1890545454545,
    "micro_of_order_flow_imbalance": 0.4190573347987213,
    "micro_of_trade_flow_buy_pressure": 0.7095286673993607,
    "micro_of_trade_flow_sell_pressure": 0.29047133260063934,
    "micro_of_kyles_lambda_buy": 0.0,
    "micro_of_kyles_lambda_sell": -1.1366865073749803e-15,
    "micro_of_kyles_lambda_avg": -5.683432536874902e-16,
    "micro_of_amihud_illiquidity": 0.027894524283092987,
    "micro_of_spread_dynamics_current": 0.007998400319940105,
    "micro_micro_funding_arbitrage": 0.0,
    "micro_micro_orderbook_pressure": 1.0,
    "micro_micro_liquidity_score": 1.0,
    "micro_micro_volume_spike": 0.0,
    "micro_micro_oi_divergence": 0.0,
    "micro_micro_composite_score": 0.5,
    "fee_maker_rate": 0.0002,
    "fee_taker_rate": 0.0008,
    "fee_round_trip_cost": 0.0016,
    "fee_breakeven_move_pct": 0.16,
    "fee_net_profit_threshold": 0.16
  },
  "output_prediction": {
    "signal": "SHORT",
    "confidence": 0.47345476409868004,
    "raw_model_outputs": {
      "xgboost": 0.225685715675354,
      "lightgbm": 0.12310762073949086,
      "lstm": 0.25686517357826233,
      "random_forest": 0.502868493540755,
      "weighted_average": 0.26327261795066
    }
  },
  "explanation": "The short position in SOLUSDT is justified by a RSI of 60.5, MACD at 0.0379, ADX at 36.2, and an ensemble model average of 0.26. The high RSI suggests overbought conditions, while the low MACD and ADX indicate weak momentum support for a potential sell signal. This combination points to a strong bearish trend, making this short position advisable with confidence levels up to 47.3%.",
  "symbol": "cmt_solusdt",
  "position_size": 0.1,
  "risk_validation": {
    "checks_performed": [
      "Wash trading check: No current position - any direction allowed",
      "Risk check: Order passes all risk checks (leverage: 3x, risk: 6.76%)",
      "Trading status: Trading allowed within risk limits",
      "Leverage set: 3x"
    ],
    "all_checks_passed": true
  },
  "execution_details": {
    "order_type": "1",
    "side": "OPEN_SHORT",
    "price": 125.02,
    "leverage": 3,
    "client_oid": "9a6d5056-7e30-4561-a985-fafeb57bc33c",
    "symbol": "cmt_solusdt",
    "maker_fee_rate": 0.0002,
    "taker_fee_rate": 0.0008,
    "estimated_entry_fee": 0.0300048,
    "estimated_exit_fee": 0.0300048,
    "total_estimated_fees": 0.0600096
  },
  "log_metadata": {
    "log_version": "2.3",
    "competition": "WEEX_AI_Trading_Hackathon_2025",
    "bot_name": "AlphaStrike",
    "compliance_status": "MANDATORY",
    "deepseek_enabled": true
  },
  "weex_response": {
    "code": "00000",
    "msg": "success",
    "request_time": 1767268308957,
    "data": "upload success",
    "upload_attempted": true,
    "upload_success": true,
    "upload_timestamp": "2026-01-01T11:51:48.884137Z",
    "error_details": null
  }
}