{
  "timestamp": "2026-01-01T20:52:54.705865Z",
  "order_id": "701710305037648813",
  "stage": "Decision Making",
  "model_version": "ollama:qwen2.5:1.5b+ensemble_v1.0",
  "input_features": {
    "tech_returns_1": 0.0,
    "tech_returns_5": -0.026520358908865838,
    "tech_returns_15": -0.04430604941881855,
    "tech_returns_60": -0.14964417061246182,
    "tech_returns_240": 0.32356680943792515,
    "tech_returns_1440": -1.1472182907403015,
    "tech_rsi_14": 38.23541220544021,
    "tech_rsi_7": 32.796726465019375,
    "tech_macd": -17.23230438993778,
    "tech_macd_signal": -15.56891023588832,
    "tech_macd_hist": -1.6633941540494614,
    "tech_stoch_k": 18.589743589739104,
    "tech_stoch_d": 27.92022792022324,
    "tech_ema_cross_9_21": -1.0,
    "tech_ema_cross_50_200": 1.0,
    "tech_ema_9": 88228.40145620132,
    "tech_ema_21": 88244.8802757224,
    "tech_ema_50": 88259.65501916161,
    "tech_price_ema_9_pct": -0.02006321763645282,
    "tech_price_ema_21_pct": -0.03873343769701997,
    "tech_adx": 22.90654813976745,
    "tech_adx_7": 38.02394543108072,
    "tech_adx_10": 26.089997465580193,
    "tech_adx_roc_5": -0.5837443256925603,
    "tech_adx_slope_3": 3.0881462466351515,
    "tech_adx_deceleration": 2.4602802418001914,
    "tech_plus_di": 20.71860141855775,
    "tech_minus_di": 50.169621644671025,
    "tech_di_crossover": 0.0,
    "tech_atr_14": 16.384781750431667,
    "tech_atr_pct": 0.018574596676402825,
    "tech_atr_14_avg": 17.279713420889856,
    "tech_bb_upper": 88291.47788618706,
    "tech_bb_lower": 88194.96211381294,
    "tech_bb_width": 0.10937471725772702,
    "tech_bb_position": 0.16306025222540632,
    "tech_volatility_20": 0.004027533680618332,
    "tech_volume_ratio": 0.004789182006078828,
    "tech_obv": -263.69539999999984,
    "tech_momentum_10": -72.30000000000291,
    "tech_roc_10": -0.0818957217131322,
    "tech_high_low_range": 0.0,
    "tech_body_ratio": 0.0,
    "tech_swing_high_10": 88283.0,
    "tech_swing_low_10": 88193.3,
    "tech_price_vs_swing_high": -0.08189572171313039,
    "tech_price_vs_swing_low": 0.0197293898742809,
    "tech_swing_break_up": 0.0,
    "tech_swing_break_down": 0.0,
    "tech_volume_spike": 0.0,
    "tech_volume_spike_ratio": 0.004789182006078828,
    "micro_ob_best_bid_price": 88210.7,
    "micro_ob_best_ask_price": 88210.8,
    "micro_ob_best_bid_size": 2.8725,
    "micro_ob_best_ask_size": 2.9658,
    "micro_ob_spread_absolute": 0.10000000000582077,
    "micro_ob_spread_percentage": 0.00011336486766728633,
    "micro_ob_bid_ask_size_ratio": 0.9685413716366579,
    "micro_ob_orderbook_imbalance_5": 0.06723332934275107,
    "micro_ob_orderbook_imbalance_10": 0.05293353015047698,
    "micro_ob_orderbook_imbalance_20": 0.04400914514279266,
    "micro_ob_orderbook_vwap": 88210.9818887836,
    "micro_ob_buy_impact_0.1": -1.6496750089974077e-14,
    "micro_ob_sell_impact_0.1": 0.0,
    "micro_ob_buy_impact_1.0": 0.0,
    "micro_ob_sell_impact_1.0": 0.0,
    "micro_ob_buy_impact_10.0": 0.00041220122705947697,
    "micro_ob_sell_impact_10.0": 0.00015648441742772905,
    "micro_ob_bid_depth_concentration": 0.38005519538655247,
    "micro_ob_ask_depth_concentration": 0.36275288815499507,
    "micro_ob_bid_levels": 15,
    "micro_ob_ask_levels": 15,
    "micro_ob_total_bid_volume": 35.1841,
    "micro_ob_total_ask_volume": 32.217800000000004,
    "micro_ob_total_orderbook_volume": 67.40190000000001,
    "micro_ob_order_flow_imbalance": 0.04400914514279266,
    "micro_ob_depth_imbalance_1": -0.01598067930733264,
    "micro_ob_depth_imbalance_5": 0.06723332934275107,
    "micro_ob_depth_imbalance_10": 0.05293353015047698,
    "micro_ob_depth_imbalance_20": 0.04400914514279266,
    "micro_fr_funding_rate_current": 4.136e-05,
    "micro_fr_funding_rate_abs": 4.136e-05,
    "micro_fr_funding_rate_mean": 3.9372842105263154e-05,
    "micro_fr_funding_rate_std": 2.7631472279693862e-05,
    "micro_fr_funding_rate_min": 7.53e-06,
    "micro_fr_funding_rate_max": 0.0001,
    "micro_fr_funding_rate_skew": 0.8542405821458773,
    "micro_fr_funding_rate_kurtosis": -0.3145376865507239,
    "micro_fr_funding_rate_trend": -6.950000000000047e-07,
    "micro_fr_funding_rate_change": 1.4999999999999687e-07,
    "micro_fr_funding_rate_change_abs": 1.4999999999999687e-07,
    "micro_fr_funding_rate_positive": 1.0,
    "micro_fr_funding_rate_negative": 0.0,
    "micro_fr_funding_rate_high": 0.0,
    "micro_fr_funding_rate_extreme": 0.0,
    "micro_fr_hours_to_next_funding": 0.0,
    "micro_fr_funding_imminent": 1.0,
    "micro_vp_volume_current": 361.64255,
    "micro_vp_volume_mean": 661.7498423000001,
    "micro_vp_volume_std": 3289.3538231857615,
    "micro_vp_volume_max": 32408.61118,
    "micro_vp_volume_sum": 66174.98423,
    "micro_vp_volume_ratio": 0.5464943501052648,
    "micro_vp_large_volume_trade": 0.0,
    "micro_vp_recent_vwap": 88209.78972565477,
    "micro_vp_price_vwap_deviation_pct": -0.004863094751857739,
    "micro_vp_price_clustering": 0.3561028577254825,
    "micro_vp_volume_trend": -35.710961333333266,
    "micro_of_order_flow_imbalance": 0.04400914514279266,
    "micro_of_trade_flow_buy_pressure": 0.5220045725713963,
    "micro_of_trade_flow_sell_pressure": 0.4779954274286036,
    "micro_of_kyles_lambda_buy": 4.12201227059477e-05,
    "micro_of_kyles_lambda_sell": 1.5648441742772905e-05,
    "micro_of_kyles_lambda_avg": 2.8434282224360302e-05,
    "micro_of_amihud_illiquidity": 0.00742414721251018,
    "micro_of_spread_dynamics_current": 0.00011336486766728633,
    "micro_micro_funding_arbitrage": 0.0,
    "micro_micro_orderbook_pressure": 0.0,
    "micro_micro_liquidity_score": 0.5,
    "micro_micro_volume_spike": 0.0,
    "micro_micro_oi_divergence": 0.0,
    "micro_micro_composite_score": 0.1,
    "fee_maker_rate": 0.0002,
    "fee_taker_rate": 0.0008,
    "fee_round_trip_cost": 0.0016,
    "fee_breakeven_move_pct": 0.16,
    "fee_net_profit_threshold": 0.16
  },
  "output_prediction": {
    "signal": "SHORT",
    "confidence": 0.6814652968243042,
    "raw_model_outputs": {
      "xgboost": 0.0740618109703064,
      "lightgbm": 0.026955956598841403,
      "lstm": 0.3436056673526764,
      "random_forest": 0.2220420078190922,
      "weighted_average": 0.15926735158784788
    }
  },
  "regime_info": {
    "regime": "ranging",
    "regime_confidence": 0.5,
    "atr_ratio": 0.9482091138516057,
    "adx_value": 22.90654813976745,
    "is_exhausted": false,
    "is_weakening": false,
    "leverage_tier": "unknown"
  },
  "explanation": "The short BTCUSDT position is based on a combination of RSI at 38.2, MACD at -17.2323, and ADX at 22.9, with an ensemble average model predicting a slight upward trend but not enough to justify the risk. The high RSI suggests overbought conditions, while the low MACD and weak ADX indicate indecision in price direction.",
  "symbol": "cmt_btcusdt",
  "position_size": 0.0001,
  "risk_validation": {
    "checks_performed": [
      "Wash trading check: Same direction - allowed",
      "Risk check: Order passes all risk checks (leverage: 4x, risk: 6.77%)",
      "Trading status: Trading allowed within risk limits",
      "Leverage set: 4x"
    ],
    "all_checks_passed": true
  },
  "execution_details": {
    "order_type": "1",
    "side": "OPEN_SHORT",
    "price": 88228.8,
    "leverage": 4,
    "client_oid": "c164c86a-66f5-42d3-9b16-e02d5ef722ea",
    "symbol": "cmt_btcusdt",
    "maker_fee_rate": 0.0002,
    "taker_fee_rate": 0.0008,
    "estimated_entry_fee": 0.028233216000000005,
    "estimated_exit_fee": 0.028233216000000005,
    "total_estimated_fees": 0.05646643200000001
  },
  "log_metadata": {
    "log_version": "2.3",
    "competition": "WEEX_AI_Trading_Hackathon_2025",
    "bot_name": "AlphaStrike",
    "compliance_status": "MANDATORY",
    "deepseek_enabled": true
  },
  "weex_response": {
    "code": "00000",
    "msg": "success",
    "request_time": 1767300774795,
    "data": "upload success",
    "upload_attempted": true,
    "upload_success": true,