{
  "timestamp": "2026-01-07T04:05:59.896816Z",
  "order_id": "703631222932243373",
  "stage": "Decision Making",
  "model_version": "ollama:qwen2.5:1.5b+exit_manager_v1",
  "input_features": {
    "tech_returns_1": 0.011978917105892606,
    "tech_returns_5": 0.24012486492974716,
    "tech_returns_15": 0.2160604969391411,
    "tech_returns_60": -0.20320344250538414,
    "tech_returns_240": -0.9491042828330909,
    "tech_returns_1440": 0.02391486308742106,
    "tech_rsi_14": 66.32844078534265,
    "tech_rsi_7": 83.56123823583013,
    "tech_rsi_21": 59.432207691302494,
    "tech_rsi_slope": 1.1224859772000428,
    "tech_rsi_divergence": 0.0,
    "tech_rsi_zone": 3.0,
    "tech_macd": 0.01535269772945469,
    "tech_macd_signal": -0.01891918509119152,
    "tech_macd_hist": 0.03427188282064621,
    "tech_stoch_k": 96.42857142856961,
    "tech_stoch_d": 97.57495590828972,
    "tech_ema_cross_9_21": 1.0,
    "tech_ema_cross_50_200": -1.0,
    "tech_ema_9": 83.38494771019072,
    "tech_ema_21": 83.34900139212652,
    "tech_ema_50": 83.36978015981528,
    "tech_price_ema_9_pct": 0.12598471629963096,
    "tech_price_ema_21_pct": 0.16916652331576668,
    "tech_adx": 45.8310342631588,
    "tech_adx_7": 73.91554581741529,
    "tech_adx_10": 58.08063835522759,
    "tech_adx_roc_5": 6.024114204972598,
    "tech_adx_slope_3": 3.321120724134719,
    "tech_adx_deceleration": 0.006891612624670529,
    "tech_plus_di": 51.8857535267051,
    "tech_minus_di": 10.389302709038406,
    "tech_di_crossover": 0.0,
    "tech_atr_14": 0.04591061886723006,
    "tech_atr_pct": 0.05498936263891492,
    "tech_atr_14_avg": 0.05042545163869449,
    "tech_bb_upper": 83.47519724683985,
    "tech_bb_lower": 83.15480275316014,
    "tech_bb_width": 0.38455799517459555,
    "tech_bb_position": 1.0462016465705486,
    "tech_volatility_20": 0.007620100314550574,
    "tech_volume_ratio": 0.16790743223328294,
    "tech_obv": -41661.49999999999,
    "tech_momentum_10": 0.21999999999999886,
    "tech_roc_10": 0.26420079260238705,
    "tech_high_low_range": 0.023954964666422354,
    "tech_body_ratio": 0.4999999974996447,
    "tech_swing_high_10": 83.5,
    "tech_swing_low_10": 83.22,
    "tech_price_vs_swing_high": -0.011976047904197745,
    "tech_price_vs_swing_low": 0.32444124008651287,
    "tech_swing_break_up": 0.0,
    "tech_swing_break_down": 0.0,
    "tech_volume_spike": 0.0,
    "tech_volume_spike_ratio": 0.16790743223328294,
    "micro_ob_best_bid_price": 83.47,
    "micro_ob_best_ask_price": 83.48,
    "micro_ob_best_bid_size": 3564.2,
    "micro_ob_best_ask_size": 3703.9,
    "micro_ob_spread_absolute": 0.010000000000005116,
    "micro_ob_spread_percentage": 0.011979634621150185,
    "micro_ob_bid_ask_size_ratio": 0.9622829990010529,
    "micro_ob_orderbook_imbalance_5": -0.30104486874721004,
    "micro_ob_orderbook_imbalance_10": -0.1478977073262942,
    "micro_ob_orderbook_imbalance_20": -0.11756913319824418,
    "micro_ob_orderbook_vwap": 83.46934036347926,
    "micro_ob_buy_impact_0.1": 0.0,
    "micro_ob_sell_impact_0.1": 0.0,
    "micro_ob_buy_impact_1.0": 0.0,
    "micro_ob_sell_impact_1.0": 0.0,
    "micro_ob_buy_impact_10.0": 0.0,
    "micro_ob_sell_impact_10.0": 0.0,
    "micro_ob_bid_depth_concentration": 0.5036929321672177,
    "micro_ob_ask_depth_concentration": 0.7403125748601921,
    "micro_ob_bid_levels": 15,
    "micro_ob_ask_levels": 15,
    "micro_ob_total_bid_volume": 19117.6,
    "micro_ob_total_ask_volume": 24211.8,
    "micro_ob_total_orderbook_volume": 43329.399999999994,
    "micro_ob_order_flow_imbalance": -0.11756913319824418,
    "micro_ob_depth_imbalance_1": -0.019220979348110272,
    "micro_ob_depth_imbalance_5": -0.30104486874721004,
    "micro_ob_depth_imbalance_10": -0.1478977073262942,
    "micro_ob_depth_imbalance_20": -0.11756913319824418,
    "micro_fr_funding_rate_current": 5.93e-06,
    "micro_fr_funding_rate_abs": 5.93e-06,
    "micro_fr_funding_rate_mean": 3.0205e-05,
    "micro_fr_funding_rate_std": 1.6976100111627523e-05,
    "micro_fr_funding_rate_min": 5.93e-06,
    "micro_fr_funding_rate_max": 5.904e-05,
    "micro_fr_funding_rate_skew": 0.23362650853326572,
    "micro_fr_funding_rate_kurtosis": -1.2783115365902051,
    "micro_fr_funding_rate_trend": -3.5250000000000014e-06,
    "micro_fr_funding_rate_change": -4.5699999999999994e-06,
    "micro_fr_funding_rate_change_abs": 4.5699999999999994e-06,
    "micro_fr_funding_rate_positive": 1.0,
    "micro_fr_funding_rate_negative": 0.0,
    "micro_fr_funding_rate_high": 0.0,
    "micro_fr_funding_rate_extreme": 0.0,
    "micro_fr_hours_to_next_funding": 0.0,
    "micro_fr_funding_imminent": 1.0,
    "micro_vp_volume_current": 575.874,
    "micro_vp_volume_mean": 421.56171,
    "micro_vp_volume_std": 180.93352329528628,
    "micro_vp_volume_max": 743.061,
    "micro_vp_volume_sum": 42156.171,
    "micro_vp_volume_ratio": 1.366049112951933,
    "micro_vp_large_volume_trade": 0.0,
    "micro_vp_recent_vwap": 83.47756747523393,
    "micro_vp_price_vwap_deviation_pct": -0.021044546176005645,
    "micro_vp_price_clustering": 0.40790850822423375,
    "micro_vp_volume_trend": 33.93684242424242,
    "micro_of_order_flow_imbalance": -0.11756913319824418,
    "micro_of_trade_flow_buy_pressure": 0.44121543340087793,
    "micro_of_trade_flow_sell_pressure": 0.5587845665991221,
    "micro_of_kyles_lambda_buy": 0.0,
    "micro_of_kyles_lambda_sell": 0.0,
    "micro_of_kyles_lambda_avg": 0.0,
    "micro_of_amihud_illiquidity": 0.0653572081183481,
    "micro_of_spread_dynamics_current": 0.011979634621150185,
    "micro_micro_funding_arbitrage": 0.0,
    "micro_micro_orderbook_pressure": -1.0,
    "micro_micro_liquidity_score": 1.0,
    "micro_micro_volume_spike": 0.0,
    "micro_micro_oi_divergence": 0.0,
    "micro_micro_composite_score": 0.5,
    "fee_maker_rate": 0.0002,
    "fee_taker_rate": 0.0008,
    "fee_round_trip_cost": 0.0016,
    "fee_breakeven_move_pct": 0.16,
    "fee_net_profit_threshold": 0.16,
    "time_hour_sin": 0.8660254037844386,
    "time_hour_cos": 0.5000000000000001,
    "time_day_sin": 0.9749279121818236,
    "time_day_cos": -0.22252093395631434,
    "time_day_of_week": 2.0,
    "time_is_asian": 1.0,
    "time_is_london": 0.0,
    "time_is_ny": 0.0,
    "time_is_london_ny_overlap": 0.0,
    "time_is_weekend": 0.0,
    "time_is_us_market_hours": 0.0,
    "cross_btc_return_1m": 0.00010769189349898583,
    "cross_btc_return_5m": 0.08914048950741164,
    "cross_btc_return_15m": 0.06713702094826236,
    "cross_btc_correlation": 0.7997408502197944,
    "cross_btc_lead_indicator": 0.08914048950741164,
    "cross_eth_btc_ratio_change": 0.034790464931027706,
    "vol_realized_5m": 13.023805581152015,
    "vol_realized_15m": 7.962488074248957,
    "vol_realized_1h": 4.8631574993831075,
    "vol_realized_4h": 2.9411372594313154,
    "vol_ratio_5m_1h": 2.678055477907941,
    "vol_ratio_15m_4h": 2.7072820381693257,
    "vol_regime": 2.0,
    "vol_expansion": 1.0,
    "vol_contraction": 0.0,
    "vol_percentile": 61.05263157894737,
    "sent_fear_greed": 42.0,
    "sent_fear_greed_change": -2.0,
    "sent_extreme_fear": 0.0,
    "sent_extreme_greed": 0.0,
    "sent_fear": 0.0,
    "sent_greed": 0.0,
    "exit_trigger": true,
    "exit_reason": "Trailing stop hit: 83.47 >= 83.37",
    "position_side": "SHORT",
    "entry_price": 83.57,
    "exit_price": 83.47,
    "position_size": 0.2,
    "hold_duration_hours": 0.6634732611111112
  },
  "output_prediction": {
    "signal": "EXIT_SHORT",
    "confidence": 1.0,
    "raw_model_outputs": {
      "action": "exit"
    }
  },
  "regime_info": {
    "regime": "unknown",
    "regime_confidence": 0.0,
    "atr_ratio": 1.0,
    "adx_value": 0.0,
    "is_exhausted": false,
    "is_weakening": false,
    "leverage_tier": "unknown"
  },