{
  "timestamp": "2026-01-07T10:01:21.946907Z",
  "order_id": "703720650119840685",
  "stage": "Decision Making",
  "model_version": "ollama:qwen2.5:1.5b+ensemble_v1.0",
  "input_features": {
    "tech_returns_1": -0.040404040404040664,
    "tech_returns_5": -0.12111425111022145,
    "tech_returns_15": 0.00673718251025246,
    "tech_returns_60": -2.4383831744988593,
    "tech_returns_240": 0.47380533369432154,
    "tech_returns_1440": -2.4692175294585006,
    "tech_rsi_14": 36.67600002439648,
    "tech_rsi_7": 35.63993695173754,
    "tech_rsi_21": 36.96319692535918,
    "tech_rsi_slope": 0.3483569198265748,
    "tech_rsi_divergence": 0.0,
    "tech_rsi_zone": 2.0,
    "tech_macd": -0.0002881396977942319,
    "tech_macd_signal": -0.0003251326786256311,
    "tech_macd_hist": 3.699298083139924e-05,
    "tech_stoch_k": 42.168674698794014,
    "tech_stoch_d": 38.48228735838787,
    "tech_ema_cross_9_21": -1.0,
    "tech_ema_cross_50_200": -1.0,
    "tech_ema_9": 0.14858349063133683,
    "tech_ema_21": 0.14880157324974183,
    "tech_ema_50": 0.14942111136612327,
    "tech_price_ema_9_pct": -0.0965723922133899,
    "tech_price_ema_21_pct": -0.24299020624936138,
    "tech_adx": 38.666899879070385,
    "tech_adx_7": 53.08742051539403,
    "tech_adx_10": 40.52347474649393,
    "tech_adx_roc_5": 7.31987803394675,
    "tech_adx_slope_3": 3.322970793135731,
    "tech_adx_deceleration": 0.5536810292318304,
    "tech_plus_di": 11.348573827229462,
    "tech_minus_di": 39.393094244745456,
    "tech_di_crossover": 0.0,
    "tech_atr_14": 0.00022987129099654582,
    "tech_atr_pct": 0.15485805106207615,
    "tech_atr_14_avg": 0.0003019580896112603,
    "tech_bb_upper": 0.1492228629701267,
    "tech_bb_lower": 0.14818413702987332,
    "tech_bb_width": 0.6985215144589019,
    "tech_bb_position": 0.2463238475244512,
    "tech_volatility_20": 0.02265278685132921,
    "tech_volume_ratio": 0.15672238716937134,
    "tech_obv": -2693271500.0,
    "tech_momentum_10": -0.0002700000000000202,
    "tech_roc_10": -0.18156142828325006,
    "tech_high_low_range": 0.08084074373484841,
    "tech_body_ratio": 0.4999995833336806,
    "tech_swing_high_10": 0.14892,
    "tech_swing_low_10": 0.14809,
    "tech_price_vs_swing_high": -0.32232070910556554,
    "tech_price_vs_swing_low": 0.23634276453507272,
    "tech_swing_break_up": 0.0,
    "tech_swing_break_down": 0.0,
    "tech_volume_spike": 0.0,
    "tech_volume_spike_ratio": 0.15672238716937134,
    "micro_ob_best_bid_price": 0.14846,
    "micro_ob_best_ask_price": 0.14847,
    "micro_ob_best_bid_size": 1576800.0,
    "micro_ob_best_ask_size": 2528500.0,
    "micro_ob_spread_absolute": 9.999999999982245e-06,
    "micro_ob_spread_percentage": 0.006735594247790553,
    "micro_ob_bid_ask_size_ratio": 0.6236108364643069,
    "micro_ob_orderbook_imbalance_5": 0.21620944158195238,
    "micro_ob_orderbook_imbalance_10": 0.34170620451875694,
    "micro_ob_orderbook_imbalance_20": 0.4058295402765051,
    "micro_ob_orderbook_vwap": 0.14843973229950114,
    "micro_ob_buy_impact_0.1": 0.0,
    "micro_ob_sell_impact_0.1": 0.0,
    "micro_ob_buy_impact_1.0": 0.0,
    "micro_ob_sell_impact_1.0": 0.0,
    "micro_ob_buy_impact_10.0": 0.0,
    "micro_ob_sell_impact_10.0": 0.0,
    "micro_ob_bid_depth_concentration": 0.31107660086766353,
    "micro_ob_ask_depth_concentration": 0.47433001854036744,
    "micro_ob_bid_levels": 15,
    "micro_ob_ask_levels": 15,
    "micro_ob_total_bid_volume": 28075400.0,
    "micro_ob_total_ask_volume": 11866000.0,
    "micro_ob_total_orderbook_volume": 39941400.0,
    "micro_ob_order_flow_imbalance": 0.4058295402765051,
    "micro_ob_depth_imbalance_1": -0.2318222785180133,
    "micro_ob_depth_imbalance_5": 0.21620944158195238,
    "micro_ob_depth_imbalance_10": 0.34170620451875694,
    "micro_ob_depth_imbalance_20": 0.4058295402765051,
    "micro_fr_funding_rate_current": 9.256e-05,
    "micro_fr_funding_rate_abs": 9.256e-05,
    "micro_fr_funding_rate_mean": 7.342169811320754e-05,
    "micro_fr_funding_rate_std": 1.0476088989343205e-05,
    "micro_fr_funding_rate_min": 5.396e-05,
    "micro_fr_funding_rate_max": 9.256e-05,
    "micro_fr_funding_rate_skew": -0.07940046082864165,
    "micro_fr_funding_rate_kurtosis": -1.0964035963552985,
    "micro_fr_funding_rate_trend": 2.2199999999999787e-06,
    "micro_fr_funding_rate_change": 2.3499999999999894e-06,
    "micro_fr_funding_rate_change_abs": 2.3499999999999894e-06,
    "micro_fr_funding_rate_positive": 1.0,
    "micro_fr_funding_rate_negative": 0.0,
    "micro_fr_funding_rate_high": 0.0,
    "micro_fr_funding_rate_extreme": 0.0,
    "micro_fr_hours_to_next_funding": 0.0,
    "micro_fr_funding_imminent": 1.0,
    "micro_vp_volume_current": 994.883,
    "micro_vp_volume_mean": 404.18795,
    "micro_vp_volume_std": 1119.6483279544555,
    "micro_vp_volume_max": 10216.8,
    "micro_vp_volume_sum": 40418.795,
    "micro_vp_volume_ratio": 2.461436566824914,
    "micro_vp_large_volume_trade": 0.0,
    "micro_vp_recent_vwap": 0.1484893317128826,
    "micro_vp_price_vwap_deviation_pct": 0.0004500573271584168,
    "micro_vp_price_clustering": 0.15929934931348264,
    "micro_vp_volume_trend": 64.25472727272727,
    "micro_of_order_flow_imbalance": 0.4058295402765051,
    "micro_of_trade_flow_buy_pressure": 0.7029147701382525,
    "micro_of_trade_flow_sell_pressure": 0.29708522986174746,
    "micro_of_kyles_lambda_buy": 0.0,
    "micro_of_kyles_lambda_sell": 0.0,
    "micro_of_kyles_lambda_avg": 0.0,
    "micro_of_amihud_illiquidity": 0.3158833319752602,
    "micro_of_spread_dynamics_current": 0.006735594247790553,
    "micro_micro_funding_arbitrage": 0.0,
    "micro_micro_orderbook_pressure": 1.0,
    "micro_micro_liquidity_score": 1.0,
    "micro_micro_volume_spike": 1.0,
    "micro_micro_oi_divergence": 0.0,
    "micro_micro_composite_score": 0.6,
    "fee_maker_rate": 0.0002,
    "fee_taker_rate": 0.0008,
    "fee_round_trip_cost": 0.0016,
    "fee_breakeven_move_pct": 0.16,
    "fee_net_profit_threshold": 0.16,
    "time_hour_sin": 0.49999999999999994,
    "time_hour_cos": -0.8660254037844387,
    "time_day_sin": 0.9749279121818236,
    "time_day_cos": -0.22252093395631434,
    "time_day_of_week": 2.0,
    "time_is_asian": 0.0,
    "time_is_london": 1.0,
    "time_is_ny": 0.0,
    "time_is_london_ny_overlap": 0.0,
    "time_is_weekend": 0.0,
    "time_is_us_market_hours": 0.0,
    "cross_btc_return_1m": -0.021613384579601505,
    "cross_btc_return_5m": -0.09838536741262527,
    "cross_btc_return_15m": 0.004585858740277315,
    "cross_btc_correlation": 0.6754497233862344,
    "cross_btc_lead_indicator": -0.09838536741262527,
    "cross_eth_btc_ratio_change": -0.12458052065474803,
    "vol_realized_5m": 20.494791881729498,
    "vol_realized_15m": 21.80440129186872,
    "vol_realized_1h": 13.4338230726059,
    "vol_realized_4h": 7.511219557897698,
    "vol_ratio_5m_1h": 1.5256112702215234,
    "vol_ratio_15m_4h": 2.902910921961056,
    "vol_regime": 0.0,
    "vol_expansion": 1.0,
    "vol_contraction": 0.0,
    "vol_percentile": 22.105263157894736,
    "sent_fear_greed": 42.0,
    "sent_fear_greed_change": -2.0,
    "sent_extreme_fear": 0.0,
    "sent_extreme_greed": 0.0,
    "sent_fear": 0.0,
    "sent_greed": 0.0
  },
  "output_prediction": {
    "signal": "SHORT",
    "confidence": 0.5620473472013696,
    "raw_model_outputs": {
      "xgboost": 0.14167751371860504,
      "lightgbm": 0.08886143040570742,
      "lstm": 0.1309305727481842,
      "random_forest": 0.6076253463004331,
      "weighted_average": 0.21897632639931522,
      "model_agreement": 0.1525708652705341
    }
  },
  "regime_info": {
    "regime": "trending",
    "regime_confidence": 0.7640027985488447,
    "atr_ratio": 0.7612688611604387,
    "adx_value": 38.666899879070385,
    "is_exhausted": false,
    "is_weakening": false,
    "leverage_tier": "normal_volatility"
  },