{
  "timestamp": "2026-01-07T04:05:56.006457Z",
  "order_id": "703631206951945133",
  "stage": "Decision Making",
  "model_version": "ollama:qwen2.5:1.5b+exit_manager_v1",
  "input_features": {
    "tech_returns_1": 0.023857442604491297,
    "tech_returns_5": 0.16570744213255661,
    "tech_returns_15": 0.12001420576313038,
    "tech_returns_60": -0.0974524880933858,
    "tech_returns_240": 1.1518855785410231,
    "tech_returns_1440": 1.6462093414541694,
    "tech_rsi_14": 61.57628881286821,
    "tech_rsi_7": 74.49545914593016,
    "tech_rsi_21": 58.593303112891874,
    "tech_rsi_slope": 2.1162097564060396,
    "tech_rsi_divergence": 0.0,
    "tech_rsi_zone": 3.0,
    "tech_macd": 0.1809914157838648,
    "tech_macd_signal": -0.40840824742164844,
    "tech_macd_hist": 0.5893996632055132,
    "tech_stoch_k": 100.0,
    "tech_stoch_d": 97.10257454894605,
    "tech_ema_cross_9_21": 1.0,
    "tech_ema_cross_50_200": 1.0,
    "tech_ema_9": 3267.202075859555,
    "tech_ema_21": 3266.7302039409337,
    "tech_ema_50": 3264.9610986882813,
    "tech_price_ema_9_pct": 0.0917581487412637,
    "tech_price_ema_21_pct": 0.1062161807816322,
    "tech_adx": 33.9707605907289,
    "tech_adx_7": 52.05465897884388,
    "tech_adx_10": 40.51499777751941,
    "tech_adx_roc_5": 2.349991365879987,
    "tech_adx_slope_3": 0.6952608952232815,
    "tech_adx_deceleration": 1.0013518972616886,
    "tech_plus_di": 38.1238963422643,
    "tech_minus_di": 16.73181955958975,
    "tech_di_crossover": 0.0,
    "tech_atr_14": 1.878572843188757,
    "tech_atr_pct": 0.05744519733315262,
    "tech_atr_14_avg": 1.89064279084144,
    "tech_bb_upper": 3269.5669129404914,
    "tech_bb_lower": 3262.7410870595077,
    "tech_bb_width": 0.20898665160870425,
    "tech_bb_position": 1.0927487853553564,
    "tech_volatility_20": 0.007481178307051309,
    "tech_volume_ratio": 0.9379020200966586,
    "tech_obv": -31114.865000000027,
    "tech_momentum_10": 4.199999999999818,
    "tech_roc_10": 0.12859767299449043,
    "tech_high_low_range": 0.036695003363703085,
    "tech_body_ratio": 0.6499999999457197,
    "tech_swing_high_10": 3270.2,
    "tech_swing_low_10": 3263.39,
    "tech_price_vs_swing_high": 0.0,
    "tech_price_vs_swing_low": 0.20867870527273621,
    "tech_swing_break_up": 1.0,
    "tech_swing_break_down": 0.0,
    "tech_volume_spike": 0.0,
    "tech_volume_spike_ratio": 0.9379020200966586,
    "micro_ob_best_bid_price": 3269.54,
    "micro_ob_best_ask_price": 3269.55,
    "micro_ob_best_bid_size": 42.804,
    "micro_ob_best_ask_size": 49.796,
    "micro_ob_spread_absolute": 0.010000000000218279,
    "micro_ob_spread_percentage": 0.00030585295508146483,
    "micro_ob_bid_ask_size_ratio": 0.8595871154309583,
    "micro_ob_orderbook_imbalance_5": -0.12020182511708753,
    "micro_ob_orderbook_imbalance_10": -0.10098018834991829,
    "micro_ob_orderbook_imbalance_20": 0.7980432339525353,
    "micro_ob_orderbook_vwap": 3269.5477276810047,
    "micro_ob_buy_impact_0.1": 0.0,
    "micro_ob_sell_impact_0.1": 0.0,
    "micro_ob_buy_impact_1.0": 0.0,
    "micro_ob_sell_impact_1.0": 0.0,
    "micro_ob_buy_impact_10.0": 1.390856083823352e-14,
    "micro_ob_sell_impact_10.0": -1.3908603378042908e-14,
    "micro_ob_bid_depth_concentration": 0.04466218120764243,
    "micro_ob_ask_depth_concentration": 0.5062847790507364,
    "micro_ob_bid_levels": 15,
    "micro_ob_ask_levels": 15,
    "micro_ob_total_bid_volume": 1631.94,
    "micro_ob_total_ask_volume": 183.3,
    "micro_ob_total_orderbook_volume": 1815.24,
    "micro_ob_order_flow_imbalance": 0.7980432339525353,
    "micro_ob_depth_imbalance_1": -0.07550755939524835,
    "micro_ob_depth_imbalance_5": -0.12020182511708753,
    "micro_ob_depth_imbalance_10": -0.10098018834991829,
    "micro_ob_depth_imbalance_20": 0.7980432339525353,
    "micro_fr_funding_rate_current": 0.0001,
    "micro_fr_funding_rate_abs": 0.0001,
    "micro_fr_funding_rate_mean": 0.0001,
    "micro_fr_funding_rate_std": 0.0,
    "micro_fr_funding_rate_min": 0.0001,
    "micro_fr_funding_rate_max": 0.0001,
    "micro_fr_funding_rate_skew": 0.0,
    "micro_fr_funding_rate_kurtosis": 0.0,
    "micro_fr_funding_rate_trend": -9.234190815370753e-21,
    "micro_fr_funding_rate_change": 0.0,
    "micro_fr_funding_rate_change_abs": 0.0,
    "micro_fr_funding_rate_positive": 1.0,
    "micro_fr_funding_rate_negative": 0.0,
    "micro_fr_funding_rate_high": 0.0,
    "micro_fr_funding_rate_extreme": 0.0,
    "micro_fr_hours_to_next_funding": 0.0,
    "micro_fr_funding_imminent": 1.0,
    "micro_vp_volume_current": 114.41115,
    "micro_vp_volume_mean": 2270.5276673999997,
    "micro_vp_volume_std": 6566.74820628554,
    "micro_vp_volume_max": 40085.86818,
    "micro_vp_volume_sum": 227052.76673999996,
    "micro_vp_volume_ratio": 0.05038967445440257,
    "micro_vp_large_volume_trade": 0.0,
    "micro_vp_recent_vwap": 3269.5337061419004,
    "micro_vp_price_vwap_deviation_pct": -0.019688010577512866,
    "micro_vp_price_clustering": 0.12017927594977876,
    "micro_vp_volume_trend": -770.267824363637,
    "micro_of_order_flow_imbalance": 0.7980432339525353,
    "micro_of_trade_flow_buy_pressure": 0.8990216169762676,
    "micro_of_trade_flow_sell_pressure": 0.10097838302373241,
    "micro_of_kyles_lambda_buy": 1.390856083823352e-15,
    "micro_of_kyles_lambda_sell": -1.3908603378042909e-15,
    "micro_of_kyles_lambda_avg": -2.1269904694278993e-21,
    "micro_of_amihud_illiquidity": 0.11302370079785486,
    "micro_of_spread_dynamics_current": 0.00030585295508146483,
    "micro_micro_funding_arbitrage": 0.0,
    "micro_micro_orderbook_pressure": 0.0,
    "micro_micro_liquidity_score": 1.0,
    "micro_micro_volume_spike": 0.0,
    "micro_micro_oi_divergence": 0.0,
    "micro_micro_composite_score": 0.2,
    "fee_maker_rate": 0.0002,
    "fee_taker_rate": 0.0008,
    "fee_round_trip_cost": 0.0016,
    "fee_breakeven_move_pct": 0.16,
    "fee_net_profit_threshold": 0.16,
    "time_hour_sin": 0.8660254037844386,
    "time_hour_cos": 0.5000000000000001,
    "time_day_sin": 0.9749279121818236,
    "time_day_cos": -0.22252093395631434,
    "time_day_of_week": 2.0,
    "time_is_asian": 1.0,
    "time_is_london": 0.0,
    "time_is_ny": 0.0,
    "time_is_london_ny_overlap": 0.0,
    "time_is_weekend": 0.0,
    "time_is_us_market_hours": 0.0,
    "cross_btc_return_1m": 0.021107611124578866,
    "cross_btc_return_5m": 0.11015910553394469,
    "cross_btc_return_15m": 0.08815101626914608,
    "cross_btc_correlation": 0.9107688509767513,
    "cross_btc_lead_indicator": 0.11015910553394469,
    "cross_eth_btc_ratio_change": 0.031835126506439104,
    "vol_realized_5m": 15.871612890717238,
    "vol_realized_15m": 7.103088117396061,
    "vol_realized_1h": 4.68900919251904,
    "vol_realized_4h": 4.641329805929146,
    "vol_ratio_5m_1h": 3.384854292040885,
    "vol_ratio_15m_4h": 1.5303993498419568,
    "vol_regime": 2.0,
    "vol_expansion": 1.0,
    "vol_contraction": 0.0,
    "vol_percentile": 69.47368421052632,
    "sent_fear_greed": 42.0,
    "sent_fear_greed_change": -2.0,
    "sent_extreme_fear": 0.0,
    "sent_extreme_greed": 0.0,
    "sent_fear": 0.0,
    "sent_greed": 0.0,
    "exit_trigger": true,
    "exit_reason": "Trailing stop hit: 3269.64 >= 3268.33",
    "position_side": "SHORT",
    "entry_price": 3269.5,
    "exit_price": 3269.64,
    "position_size": 0.003,
    "hold_duration_hours": 0.5155298544444444
  },
  "output_prediction": {
    "signal": "EXIT_SHORT",
    "confidence": 1.0,
    "raw_model_outputs": {
      "action": "exit"
    }
  },
  "regime_info": {
    "regime": "unknown",
    "regime_confidence": 0.0,
    "atr_ratio": 1.0,
    "adx_value": 0.0,
    "is_exhausted": false,
    "is_weakening": false,
    "leverage_tier": "unknown"
  },