{
  "timestamp": "2026-01-07T08:41:16.943819Z",
  "order_id": "703700491254629293",
  "stage": "Decision Making",
  "model_version": "ollama:qwen2.5:1.5b+ensemble_v1.0",
  "input_features": {
    "tech_returns_1": -0.033189512114173425,
    "tech_returns_5": -0.006639665360852476,
    "tech_returns_15": 0.1063546929008341,
    "tech_returns_60": 1.019586799034089,
    "tech_returns_240": -0.6006204210943111,
    "tech_returns_1440": -2.4692175294585006,
    "tech_rsi_14": 49.96158360405452,
    "tech_rsi_7": 45.15305183637059,
    "tech_rsi_21": 53.090873269897386,
    "tech_rsi_slope": -1.193782645761548,
    "tech_rsi_divergence": 0.0,
    "tech_rsi_zone": 2.0,
    "tech_macd": 4.214929956372626e-05,
    "tech_macd_signal": 7.970695888092846e-05,
    "tech_macd_hist": -3.75576593172022e-05,
    "tech_stoch_k": 26.829268292683093,
    "tech_stoch_d": 34.117756999071545,
    "tech_ema_cross_9_21": 1.0,
    "tech_ema_cross_50_200": 1.0,
    "tech_ema_9": 0.15064398323189176,
    "tech_ema_21": 0.15064319795536774,
    "tech_ema_50": 0.1503172634213036,
    "tech_price_ema_9_pct": -0.029196806236893146,
    "tech_price_ema_21_pct": -0.028675676003985788,
    "tech_adx": 17.108388923701064,
    "tech_adx_7": 36.725874450402124,
    "tech_adx_10": 23.563098274115692,
    "tech_adx_roc_5": -0.9468196185901014,
    "tech_adx_slope_3": 0.7136825011588934,
    "tech_adx_deceleration": -0.1097973078705996,
    "tech_plus_di": 24.1322154594704,
    "tech_minus_di": 15.619087345936109,
    "tech_di_crossover": 0.0,
    "tech_atr_14": 0.00020094321572689165,
    "tech_atr_pct": 0.1334284300975376,
    "tech_atr_14_avg": 0.0002524036561289397,
    "tech_bb_upper": 0.15106409299822893,
    "tech_bb_lower": 0.15027790700177107,
    "tech_bb_width": 0.5217898576752364,
    "tech_bb_position": 0.4096905817200042,
    "tech_volatility_20": 0.017690244907494084,
    "tech_volume_ratio": 0.09978120891170922,
    "tech_obv": -2737650500.0,
    "tech_momentum_10": -0.0003599999999999992,
    "tech_roc_10": -0.23847376788552754,
    "tech_high_low_range": 0.03320053120849568,
    "tech_body_ratio": 0.999998000004,
    "tech_swing_high_10": 0.1512,
    "tech_swing_low_10": 0.15047,
    "tech_price_vs_swing_high": -0.39682539682538986,
    "tech_price_vs_swing_low": 0.08639595932745331,
    "tech_swing_break_up": 0.0,
    "tech_swing_break_down": 0.0,
    "tech_volume_spike": 0.0,
    "tech_volume_spike_ratio": 0.09978120891170922,
    "micro_ob_best_bid_price": 0.15059,
    "micro_ob_best_ask_price": 0.1506,
    "micro_ob_best_bid_size": 2408300.0,
    "micro_ob_best_ask_size": 2982100.0,
    "micro_ob_spread_absolute": 1.0000000000010001e-05,
    "micro_ob_spread_percentage": 0.006640326704080482,
    "micro_ob_bid_ask_size_ratio": 0.8075852587103048,
    "micro_ob_orderbook_imbalance_5": -0.4613867017400423,
    "micro_ob_orderbook_imbalance_10": -0.4956264978004697,
    "micro_ob_orderbook_imbalance_20": -0.5052992499234934,
    "micro_ob_orderbook_vwap": 0.15063066653436408,
    "micro_ob_buy_impact_0.1": 0.0,
    "micro_ob_sell_impact_0.1": 0.0,
    "micro_ob_buy_impact_1.0": 0.0,
    "micro_ob_sell_impact_1.0": 0.0,
    "micro_ob_buy_impact_10.0": 0.0,
    "micro_ob_sell_impact_10.0": 0.0,
    "micro_ob_bid_depth_concentration": 0.3825779573286201,
    "micro_ob_ask_depth_concentration": 0.34113615241635686,
    "micro_ob_bid_levels": 15,
    "micro_ob_ask_levels": 15,
    "micro_ob_total_bid_volume": 11881500.0,
    "micro_ob_total_ask_volume": 36153600.0,
    "micro_ob_total_orderbook_volume": 48035100.0,
    "micro_ob_order_flow_imbalance": -0.5052992499234934,
    "micro_ob_depth_imbalance_1": -0.10644850103888394,
    "micro_ob_depth_imbalance_5": -0.4613867017400423,
    "micro_ob_depth_imbalance_10": -0.4956264978004697,
    "micro_ob_depth_imbalance_20": -0.5052992499234934,
    "micro_fr_funding_rate_current": 5.895e-05,
    "micro_fr_funding_rate_abs": 5.895e-05,
    "micro_fr_funding_rate_mean": 7.145289473684209e-05,
    "micro_fr_funding_rate_std": 1.0061264676155603e-05,
    "micro_fr_funding_rate_min": 5.396e-05,
    "micro_fr_funding_rate_max": 8.907e-05,
    "micro_fr_funding_rate_skew": 0.0806933427137247,
    "micro_fr_funding_rate_kurtosis": -1.1491253253625526,
    "micro_fr_funding_rate_trend": -4.320000000000096e-07,
    "micro_fr_funding_rate_change": -2.180000000000003e-06,
    "micro_fr_funding_rate_change_abs": 2.180000000000003e-06,
    "micro_fr_funding_rate_positive": 1.0,
    "micro_fr_funding_rate_negative": 0.0,
    "micro_fr_funding_rate_high": 0.0,
    "micro_fr_funding_rate_extreme": 0.0,
    "micro_fr_hours_to_next_funding": 0.0,
    "micro_fr_funding_imminent": 1.0,
    "micro_vp_volume_current": 30.13,
    "micro_vp_volume_mean": 222.48565999999994,
    "micro_vp_volume_std": 350.83977975247393,
    "micro_vp_volume_max": 2515.354,
    "micro_vp_volume_sum": 22248.565999999995,
    "micro_vp_volume_ratio": 0.1354244583673393,
    "micro_vp_large_volume_trade": 0.0,
    "micro_vp_recent_vwap": 0.1506334888675522,
    "micro_vp_price_vwap_deviation_pct": 0.010961129939914846,
    "micro_vp_price_clustering": 0.5093637654126836,
    "micro_vp_volume_trend": -16.430236363636368,
    "micro_of_order_flow_imbalance": -0.5052992499234934,
    "micro_of_trade_flow_buy_pressure": 0.24735037503825327,
    "micro_of_trade_flow_sell_pressure": 0.7526496249617467,
    "micro_of_kyles_lambda_buy": 0.0,
    "micro_of_kyles_lambda_sell": 0.0,
    "micro_of_kyles_lambda_avg": 0.0,
    "micro_of_amihud_illiquidity": 0.35021937452306534,
    "micro_of_spread_dynamics_current": 0.006640326704080482,
    "micro_micro_funding_arbitrage": 0.0,
    "micro_micro_orderbook_pressure": -1.0,
    "micro_micro_liquidity_score": 1.0,
    "micro_micro_volume_spike": 0.0,
    "micro_micro_oi_divergence": 0.0,
    "micro_micro_composite_score": 0.5,
    "fee_maker_rate": 0.0002,
    "fee_taker_rate": 0.0008,
    "fee_round_trip_cost": 0.0016,
    "fee_breakeven_move_pct": 0.16,
    "fee_net_profit_threshold": 0.16,
    "time_hour_sin": 0.8660254037844387,
    "time_hour_cos": -0.4999999999999998,
    "time_day_sin": 0.9749279121818236,
    "time_day_cos": -0.22252093395631434,
    "time_day_of_week": 2.0,
    "time_is_asian": 1.0,
    "time_is_london": 1.0,
    "time_is_ny": 0.0,
    "time_is_london_ny_overlap": 0.0,
    "time_is_weekend": 0.0,
    "time_is_us_market_hours": 0.0,
    "cross_btc_return_1m": 0.0,
    "cross_btc_return_5m": 0.00010782833729331548,
    "cross_btc_return_15m": 0.004421152518984882,
    "cross_btc_correlation": 0.716807943396371,
    "cross_btc_lead_indicator": 0.00010782833729331548,
    "cross_eth_btc_ratio_change": 0.06046910072081852,
    "vol_realized_5m": 10.493363780022703,
    "vol_realized_15m": 18.22138568152653,
    "vol_realized_1h": 15.05307984490594,
    "vol_realized_4h": 9.295493757773977,
    "vol_ratio_5m_1h": 0.6970908204923743,
    "vol_ratio_15m_4h": 1.960238601234892,
    "vol_regime": 0.0,
    "vol_expansion": 0.0,
    "vol_contraction": 0.0,
    "vol_percentile": 12.631578947368421,
    "sent_fear_greed": 42.0,
    "sent_fear_greed_change": -2.0,
    "sent_extreme_fear": 0.0,
    "sent_extreme_greed": 0.0,
    "sent_fear": 0.0,
    "sent_greed": 0.0
  },
  "output_prediction": {
    "signal": "SHORT",
    "confidence": 0.6080604389081292,
    "raw_model_outputs": {
      "xgboost": 0.1310497522354126,
      "lightgbm": 0.13339202126353608,
      "lstm": 0.25206518173217773,
      "random_forest": 0.3014527706319158,
      "weighted_average": 0.1959697805459354,
      "model_agreement": 0.7025873615490887
    }
  },
  "regime_info": {
    "regime": "ranging",
    "regime_confidence": 0.7445805538149468,
    "atr_ratio": 0.7961184826270519,
    "adx_value": 17.108388923701064,
    "is_exhausted": false,
    "is_weakening": false,
    "leverage_tier": "normal_volatility"
  },