{
  "timestamp": "2026-01-07T03:35:00.538539Z",
  "order_id": "703623422051091373",
  "stage": "Decision Making",
  "model_version": "ollama:qwen2.5:1.5b+ensemble_v1.0",
  "input_features": {
    "tech_returns_1": -0.005505125883875639,
    "tech_returns_5": -0.11853191502362304,
    "tech_returns_15": -0.27116969000027247,
    "tech_returns_60": 1.258648563270004,
    "tech_returns_240": 1.1912683650004086,
    "tech_returns_1440": 1.6462093414541694,
    "tech_rsi_14": 50.40244596557552,
    "tech_rsi_7": 33.432363511194026,
    "tech_rsi_21": 57.282008093915145,
    "tech_rsi_slope": 0.4942961700355646,
    "tech_rsi_divergence": 0.0,
    "tech_rsi_zone": 3.0,
    "tech_macd": 2.6847137497989024,
    "tech_macd_signal": 4.770839537291479,
    "tech_macd_hist": -2.086125787492577,
    "tech_stoch_k": 11.644444444443959,
    "tech_stoch_d": 5.780043998433432,
    "tech_ema_cross_9_21": 1.0,
    "tech_ema_cross_50_200": 1.0,
    "tech_ema_9": 3271.9728261551577,
    "tech_ema_21": 3271.1802840483024,
    "tech_ema_50": 3261.597350135604,
    "tech_price_ema_9_pct": -0.07557599914616249,
    "tech_price_ema_21_pct": -0.05136629297064972,
    "tech_adx": 36.293649169667724,
    "tech_adx_7": 68.7475213374914,
    "tech_adx_10": 48.46592790176151,
    "tech_adx_roc_5": 0.5057312224603905,
    "tech_adx_slope_3": 1.7410840221331867,
    "tech_adx_deceleration": 0.12145299094933293,
    "tech_plus_di": 13.665010554784693,
    "tech_minus_di": 40.08357529790823,
    "tech_di_crossover": 0.0,
    "tech_atr_14": 2.192308971473831,
    "tech_atr_pct": 0.06705334061703107,
    "tech_atr_14_avg": 2.8386859019608788,
    "tech_bb_upper": 3280.5618438865654,
    "tech_bb_lower": 3267.810156113435,
    "tech_bb_width": 0.38946131261725725,
    "tech_bb_position": 0.13251923326775736,
    "tech_volatility_20": 0.008952705111130999,
    "tech_volume_ratio": 0.940848120456349,
    "tech_obv": -25282.252000000044,
    "tech_momentum_10": -8.7199999999998,
    "tech_roc_10": -0.2659980111157867,
    "tech_high_low_range": 0.05046643217617651,
    "tech_body_ratio": 0.10909090908419229,
    "tech_swing_high_10": 3278.23,
    "tech_swing_low_10": 3268.19,
    "tech_price_vs_swing_high": -0.2663022423685958,
    "tech_price_vs_swing_low": 0.04008334888730292,
    "tech_swing_break_up": 0.0,
    "tech_swing_break_down": 0.0,
    "tech_volume_spike": 0.0,
    "tech_volume_spike_ratio": 0.940848120456349,
    "micro_ob_best_bid_price": 3268.29,
    "micro_ob_best_ask_price": 3268.3,
    "micro_ob_best_bid_size": 41.512,
    "micro_ob_best_ask_size": 43.344,
    "micro_ob_spread_absolute": 0.010000000000218279,
    "micro_ob_spread_percentage": 0.00030596993234142814,
    "micro_ob_bid_ask_size_ratio": 0.9577334809892949,
    "micro_ob_orderbook_imbalance_5": -0.10329689626410292,
    "micro_ob_orderbook_imbalance_10": -0.04378304196622113,
    "micro_ob_orderbook_imbalance_20": -0.03825856329667756,
    "micro_ob_orderbook_vwap": 3268.293377766167,
    "micro_ob_buy_impact_0.1": 0.0,
    "micro_ob_sell_impact_0.1": 0.0,
    "micro_ob_buy_impact_1.0": 0.0,
    "micro_ob_sell_impact_1.0": 0.0,
    "micro_ob_buy_impact_10.0": 0.0,
    "micro_ob_sell_impact_10.0": 0.0,
    "micro_ob_bid_depth_concentration": 0.4470562486320858,
    "micro_ob_ask_depth_concentration": 0.5095170240619099,
    "micro_ob_bid_levels": 15,
    "micro_ob_ask_levels": 15,
    "micro_ob_total_bid_volume": 159.915,
    "micro_ob_total_ask_volume": 172.638,
    "micro_ob_total_orderbook_volume": 332.553,
    "micro_ob_order_flow_imbalance": -0.03825856329667756,
    "micro_ob_depth_imbalance_1": -0.021589516357122664,
    "micro_ob_depth_imbalance_5": -0.10329689626410292,
    "micro_ob_depth_imbalance_10": -0.04378304196622113,
    "micro_ob_depth_imbalance_20": -0.03825856329667756,
    "micro_fr_funding_rate_current": 0.0001,
    "micro_fr_funding_rate_abs": 0.0001,
    "micro_fr_funding_rate_positive": 1.0,
    "micro_fr_funding_rate_negative": 0.0,
    "micro_fr_funding_rate_high": 0.0,
    "micro_fr_funding_rate_extreme": 0.0,
    "micro_fr_hours_to_next_funding": 0.0,
    "micro_fr_funding_imminent": 1.0,
    "micro_vp_volume_current": 78.44496,
    "micro_vp_volume_mean": 4727.7917893,
    "micro_vp_volume_std": 17302.597789363368,
    "micro_vp_volume_max": 153540.05633,
    "micro_vp_volume_sum": 472779.17893,
    "micro_vp_volume_ratio": 0.016592304292574314,
    "micro_vp_large_volume_trade": 0.0,
    "micro_vp_recent_vwap": 3268.2998254932263,
    "micro_vp_price_vwap_deviation_pct": 0.007348606908713167,
    "micro_vp_price_clustering": 0.025328105813456462,
    "micro_vp_volume_trend": 71.11556703030303,
    "micro_of_order_flow_imbalance": -0.03825856329667756,
    "micro_of_trade_flow_buy_pressure": 0.48087071835166123,
    "micro_of_trade_flow_sell_pressure": 0.5191292816483388,
    "micro_of_kyles_lambda_buy": 0.0,
    "micro_of_kyles_lambda_sell": 0.0,
    "micro_of_kyles_lambda_avg": 0.0,
    "micro_of_amihud_illiquidity": 0.14551644265873237,
    "micro_of_spread_dynamics_current": 0.00030596993234142814,
    "micro_micro_funding_arbitrage": 0.0,
    "micro_micro_orderbook_pressure": 0.0,
    "micro_micro_liquidity_score": 0.75,
    "micro_micro_volume_spike": 0.0,
    "micro_micro_oi_divergence": 0.0,
    "micro_micro_composite_score": 0.15000000000000002,
    "fee_maker_rate": 0.0002,
    "fee_taker_rate": 0.0008,
    "fee_round_trip_cost": 0.0016,
    "fee_breakeven_move_pct": 0.16,
    "fee_net_profit_threshold": 0.16,
    "time_hour_sin": 0.7071067811865475,
    "time_hour_cos": 0.7071067811865476,
    "time_day_sin": 0.9749279121818236,
    "time_day_cos": -0.22252093395631434,
    "time_day_of_week": 2.0,
    "time_is_asian": 1.0,
    "time_is_london": 0.0,
    "time_is_ny": 0.0,
    "time_is_london_ny_overlap": 0.0,
    "time_is_weekend": 0.0,
    "time_is_us_market_hours": 0.0,
    "cross_btc_return_1m": -0.012709600703124095,
    "cross_btc_return_5m": -0.144354470901077,
    "cross_btc_return_15m": -0.22795789066405048,
    "cross_btc_correlation": 0.9193337353761561,
    "cross_btc_lead_indicator": -0.144354470901077,
    "cross_eth_btc_ratio_change": -0.04331052910480196,
    "vol_realized_5m": 15.697238815970675,
    "vol_realized_15m": 9.000618419755657,
    "vol_realized_1h": 17.19213453401814,
    "vol_realized_4h": 4.610113994147008,
    "vol_ratio_5m_1h": 0.913047695439475,
    "vol_ratio_15m_4h": 1.9523635274925575,
    "vol_regime": 3.0,
    "vol_expansion": 0.0,
    "vol_contraction": 0.0,
    "vol_percentile": 76.84210526315789,
    "sent_fear_greed": 42.0,
    "sent_fear_greed_change": -2.0,
    "sent_extreme_fear": 0.0,
    "sent_extreme_greed": 0.0,
    "sent_fear": 0.0,
    "sent_greed": 0.0
  },
  "output_prediction": {
    "signal": "SHORT",
    "confidence": 0.5774524089438813,
    "raw_model_outputs": {
      "xgboost": 0.13880261778831482,
      "lightgbm": 0.059869382445635826,
      "lstm": 0.371595174074173,
      "random_forest": 0.30883434040690244,
      "weighted_average": 0.21127379552805936
    }
  },
  "regime_info": {
    "regime": "trending",
    "regime_confidence": 0.7355237900360126,
    "atr_ratio": 0.7722971287381425,
    "adx_value": 36.293649169667724,
    "is_exhausted": false,
    "is_weakening": false,
    "leverage_tier": "normal_volatility"
  },
  "explanation": "The short signal for ETHUSDT is based on a confidence level of 57.7%, indicated by the high RSI (60.4), low MACD (2.6847), and moderate ADX (36.3). The ATR suggests recent price volatility, while the BB shows a narrow range. This combination indicates potential for short-term profit due to overbought conditions in the market. ML ensemble validation supports this signal by highlighting the high RSI as a strong indicator of upcoming trends.",
  "symbol": "cmt_ethusdt",
  "position_size": 0.003,