{
  "timestamp": "2026-01-07T09:57:28.991624Z",
  "order_id": "703719683278242733",
  "stage": "Decision Making",
  "model_version": "ollama:qwen2.5:1.5b+ensemble_v1.0",
  "input_features": {
    "tech_returns_1": -0.04605970214724975,
    "tech_returns_5": -0.08988665512024152,
    "tech_returns_15": -0.05592411864685509,
    "tech_returns_60": -0.7567591110530292,
    "tech_returns_240": -0.22550629447181114,
    "tech_returns_1440": 0.5318270405972239,
    "tech_rsi_14": 41.48415374780337,
    "tech_rsi_7": 40.37845175018563,
    "tech_rsi_21": 41.135118150486186,
    "tech_rsi_slope": -2.068432823103251,
    "tech_rsi_divergence": 0.0,
    "tech_rsi_zone": 2.0,
    "tech_macd": -0.5627516327333524,
    "tech_macd_signal": -0.736362075207688,
    "tech_macd_hist": 0.17361044247433566,
    "tech_stoch_k": 57.95795795795916,
    "tech_stoch_d": 68.6686686686691,
    "tech_ema_cross_9_21": -1.0,
    "tech_ema_cross_50_200": -1.0,
    "tech_ema_9": 911.891209826984,
    "tech_ema_21": 912.2559575931625,
    "tech_ema_50": 913.6128500383154,
    "tech_price_ema_9_pct": -0.04948066415395501,
    "tech_price_ema_21_pct": -0.0894439314285473,
    "tech_adx": 20.65336613559266,
    "tech_adx_7": 28.388412877257455,
    "tech_adx_10": 22.6113447497629,
    "tech_adx_roc_5": -11.434918260862911,
    "tech_adx_slope_3": -2.152732503483705,
    "tech_adx_deceleration": 1.1590823052428316,
    "tech_plus_di": 19.854834142081256,
    "tech_minus_di": 25.345779309627392,
    "tech_di_crossover": 0.0,
    "tech_atr_14": 0.7439890183998555,
    "tech_atr_pct": 0.08162786561922403,
    "tech_atr_14_avg": 0.8335523847793677,
    "tech_bb_upper": 914.0301009473602,
    "tech_bb_lower": 909.79889905264,
    "tech_bb_width": 0.46399107533877826,
    "tech_bb_position": 0.38785692297214114,
    "tech_volatility_20": 0.011379996434057503,
    "tech_volume_ratio": 0.2016258267532997,
    "tech_obv": -471.00000000000233,
    "tech_momentum_10": 1.7700000000000955,
    "tech_roc_10": 0.19457605505293074,
    "tech_high_low_range": 0.04608092688492485,
    "tech_body_ratio": 0.9999999997619048,
    "tech_swing_high_10": 912.84,
    "tech_swing_low_10": 909.58,
    "tech_price_vs_swing_high": -0.15336751237894672,
    "tech_price_vs_swing_low": 0.20448998438840055,
    "tech_swing_break_up": 0.0,
    "tech_swing_break_down": 0.0,
    "tech_volume_spike": 0.0,
    "tech_volume_spike_ratio": 0.2016258267532997,
    "micro_ob_best_bid_price": 911.55,
    "micro_ob_best_ask_price": 911.56,
    "micro_ob_best_bid_size": 153.1,
    "micro_ob_best_ask_size": 176.8,
    "micro_ob_spread_absolute": 0.009999999999990905,
    "micro_ob_spread_percentage": 0.0010970265096446078,
    "micro_ob_bid_ask_size_ratio": 0.8659502262443438,
    "micro_ob_orderbook_imbalance_5": -0.12639523758902954,
    "micro_ob_orderbook_imbalance_10": -0.34079271761805424,
    "micro_ob_orderbook_imbalance_20": -0.38855565076644777,
    "micro_ob_orderbook_vwap": 911.5855509197801,
    "micro_ob_buy_impact_0.1": 0.0,
    "micro_ob_sell_impact_0.1": 0.0,
    "micro_ob_buy_impact_1.0": 0.0,
    "micro_ob_sell_impact_1.0": 0.0,
    "micro_ob_buy_impact_10.0": 1.2471679069026287e-14,
    "micro_ob_sell_impact_10.0": 0.0,
    "micro_ob_bid_depth_concentration": 0.6398318280909374,
    "micro_ob_ask_depth_concentration": 0.3632748217224356,
    "micro_ob_bid_levels": 15,
    "micro_ob_ask_levels": 15,
    "micro_ob_total_bid_volume": 642.1999999999999,
    "micro_ob_total_ask_volume": 1458.4,
    "micro_ob_total_orderbook_volume": 2100.6,
    "micro_ob_order_flow_imbalance": -0.38855565076644777,
    "micro_ob_depth_imbalance_1": -0.07183995150045475,
    "micro_ob_depth_imbalance_5": -0.12639523758902954,
    "micro_ob_depth_imbalance_10": -0.34079271761805424,
    "micro_ob_depth_imbalance_20": -0.38855565076644777,
    "micro_fr_funding_rate_current": 8e-06,
    "micro_fr_funding_rate_abs": 8e-06,
    "micro_fr_funding_rate_mean": 6.32021153846154e-05,
    "micro_fr_funding_rate_std": 2.5674398977051834e-05,
    "micro_fr_funding_rate_min": 8e-06,
    "micro_fr_funding_rate_max": 8.68e-05,
    "micro_fr_funding_rate_skew": -0.7322306806968887,
    "micro_fr_funding_rate_kurtosis": -0.9307263219845736,
    "micro_fr_funding_rate_trend": -3.0410000000000023e-06,
    "micro_fr_funding_rate_change": -2.7800000000000005e-06,
    "micro_fr_funding_rate_change_abs": 2.7800000000000005e-06,
    "micro_fr_funding_rate_positive": 1.0,
    "micro_fr_funding_rate_negative": 0.0,
    "micro_fr_funding_rate_high": 0.0,
    "micro_fr_funding_rate_extreme": 0.0,
    "micro_fr_hours_to_next_funding": 0.0,
    "micro_fr_funding_imminent": 1.0,
    "micro_vp_volume_current": 547.278,
    "micro_vp_volume_mean": 1940.3418099999994,
    "micro_vp_volume_std": 5688.4545795723825,
    "micro_vp_volume_max": 38663.712,
    "micro_vp_volume_sum": 194034.18099999995,
    "micro_vp_volume_ratio": 0.28205236684561275,
    "micro_vp_large_volume_trade": 0.0,
    "micro_vp_recent_vwap": 911.814775609922,
    "micro_vp_price_vwap_deviation_pct": 0.03457109914315199,
    "micro_vp_price_clustering": 0.03127556845495483,
    "micro_vp_volume_trend": 13.8208303030303,
    "micro_of_order_flow_imbalance": -0.38855565076644777,
    "micro_of_trade_flow_buy_pressure": 0.30572217461677614,
    "micro_of_trade_flow_sell_pressure": 0.6942778253832239,
    "micro_of_kyles_lambda_buy": 1.2471679069026287e-15,
    "micro_of_kyles_lambda_sell": 0.0,
    "micro_of_kyles_lambda_avg": 6.235839534513143e-16,
    "micro_of_amihud_illiquidity": 0.06406293799893827,
    "micro_of_spread_dynamics_current": 0.0010970265096446078,
    "micro_micro_funding_arbitrage": 0.0,
    "micro_micro_orderbook_pressure": -1.0,
    "micro_micro_liquidity_score": 1.0,
    "micro_micro_volume_spike": 0.0,
    "micro_micro_oi_divergence": 0.0,
    "micro_micro_composite_score": 0.5,
    "fee_maker_rate": 0.0002,
    "fee_taker_rate": 0.0008,
    "fee_round_trip_cost": 0.0016,
    "fee_breakeven_move_pct": 0.16,
    "fee_net_profit_threshold": 0.16,
    "time_hour_sin": 0.7071067811865476,
    "time_hour_cos": -0.7071067811865475,
    "time_day_sin": 0.9749279121818236,
    "time_day_cos": -0.22252093395631434,
    "time_day_of_week": 2.0,
    "time_is_asian": 0.0,
    "time_is_london": 1.0,
    "time_is_ny": 0.0,
    "time_is_london_ny_overlap": 0.0,
    "time_is_weekend": 0.0,
    "time_is_us_market_hours": 0.0,
    "cross_btc_return_1m": -0.023451057642699686,
    "cross_btc_return_5m": -0.0017455738792229458,
    "cross_btc_return_15m": -0.03762543173819679,
    "cross_btc_correlation": 0.6828429480168691,
    "cross_btc_lead_indicator": -0.0017455738792229458,
    "cross_eth_btc_ratio_change": -0.3026838486444095,
    "vol_realized_5m": 10.553387243410587,
    "vol_realized_15m": 13.001928310830484,
    "vol_realized_1h": 6.328205425067964,
    "vol_realized_4h": 2.426655984869853,
    "vol_ratio_5m_1h": 1.6676745672012134,
    "vol_ratio_15m_4h": 5.357961075610726,
    "vol_regime": 0.0,
    "vol_expansion": 1.0,
    "vol_contraction": 0.0,
    "vol_percentile": 16.842105263157894,
    "sent_fear_greed": 42.0,
    "sent_fear_greed_change": -2.0,
    "sent_extreme_fear": 0.0,
    "sent_extreme_greed": 0.0,
    "sent_fear": 0.0,
    "sent_greed": 0.0
  },
  "output_prediction": {
    "signal": "SHORT",
    "confidence": 0.5623700751453118,
    "raw_model_outputs": {
      "xgboost": 0.10130827873945236,
      "lightgbm": 0.10107012007185817,
      "lstm": 0.3993135690689087,
      "random_forest": 0.3166327770136479,
      "weighted_average": 0.2188149624273441,
      "model_agreement": 0.47328909575244804
    }
  },
  "regime_info": {
    "regime": "ranging",
    "regime_confidence": 0.567331693220367,
    "atr_ratio": 0.8925522042586219,
    "adx_value": 20.65336613559266,
    "is_exhausted": false,
    "is_weakening": false,
    "leverage_tier": "normal_volatility"
  },