{
  "timestamp": "2026-01-07T10:50:11.372020Z",
  "order_id": "703732934841992109",
  "stage": "Decision Making",
  "model_version": "ollama:qwen2.5:1.5b+ensemble_v1.0",
  "input_features": {
    "tech_returns_1": -0.005876367751789235,
    "tech_returns_5": 0.057712138387167045,
    "tech_returns_15": -0.005441104936065866,
    "tech_returns_60": 0.2061088931079924,
    "tech_returns_240": -0.839252453440209,
    "tech_returns_1440": -1.1218704455687452,
    "tech_rsi_14": 58.38338642228142,
    "tech_rsi_7": 61.9194609296787,
    "tech_rsi_21": 56.05294855836849,
    "tech_rsi_slope": 1.1281326439718562,
    "tech_rsi_divergence": 0.0,
    "tech_rsi_zone": 3.0,
    "tech_macd": 23.712235607599723,
    "tech_macd_signal": 23.505156251205506,
    "tech_macd_hist": 0.20707935639421748,
    "tech_stoch_k": 59.8778004073387,
    "tech_stoch_d": 56.48336727766812,
    "tech_ema_cross_9_21": 1.0,
    "tech_ema_cross_50_200": -1.0,
    "tech_ema_9": 91866.81863776542,
    "tech_ema_21": 91845.98997796395,
    "tech_ema_50": 91828.66446668576,
    "tech_price_ema_9_pct": 0.02316545032271005,
    "tech_price_ema_21_pct": 0.0458485145036341,
    "tech_adx": 24.176942180560932,
    "tech_adx_7": 40.340559470383326,
    "tech_adx_10": 29.24721575433821,
    "tech_adx_roc_5": -8.224925598858515,
    "tech_adx_slope_3": -0.23653658416082202,
    "tech_adx_deceleration": 0.8621518269856434,
    "tech_plus_di": 31.20424676598963,
    "tech_minus_di": 19.58857645605872,
    "tech_di_crossover": 0.0,
    "tech_atr_14": 31.584748490946122,
    "tech_atr_pct": 0.03437305645774166,
    "tech_atr_14_avg": 38.33493210322819,
    "tech_bb_upper": 91933.00633625618,
    "tech_bb_lower": 91790.64366374382,
    "tech_bb_width": 0.1549747923170058,
    "tech_bb_position": 0.6845638293825039,
    "tech_volatility_20": 0.006005771727955707,
    "tech_volume_ratio": 0.0525572541344498,
    "tech_obv": -6137.0383999999995,
    "tech_momentum_10": 27.0,
    "tech_roc_10": 0.029392201922240346,
    "tech_high_low_range": 0.006420853189906177,
    "tech_body_ratio": 0.9152542372725392,
    "tech_swing_high_10": 91894.0,
    "tech_swing_low_10": 91800.0,
    "tech_price_vs_swing_high": -0.006420440942819095,
    "tech_price_vs_swing_low": 0.09596949891068172,
    "tech_swing_break_up": 0.0,
    "tech_swing_break_down": 0.0,
    "tech_volume_spike": 0.0,
    "tech_volume_spike_ratio": 0.0525572541344498,
    "micro_ob_best_bid_price": 91888.0,
    "micro_ob_best_ask_price": 91888.1,
    "micro_ob_best_bid_size": 2.6367,
    "micro_ob_best_ask_size": 2.845,
    "micro_ob_spread_absolute": 0.10000000000582077,
    "micro_ob_spread_percentage": 0.00010882807939206543,
    "micro_ob_bid_ask_size_ratio": 0.9267838312829524,
    "micro_ob_orderbook_imbalance_5": -0.07716849115047983,
    "micro_ob_orderbook_imbalance_10": -0.022407361188109227,
    "micro_ob_orderbook_imbalance_20": -0.03709291976053743,
    "micro_ob_orderbook_vwap": 91887.89965853347,
    "micro_ob_buy_impact_0.1": 0.0,
    "micro_ob_sell_impact_0.1": 0.0,
    "micro_ob_buy_impact_1.0": 0.0,
    "micro_ob_sell_impact_1.0": 0.0,
    "micro_ob_buy_impact_10.0": 0.0,
    "micro_ob_sell_impact_10.0": 0.0,
    "micro_ob_bid_depth_concentration": 0.34611695510273854,
    "micro_ob_ask_depth_concentration": 0.37510323686136426,
    "micro_ob_bid_levels": 15,
    "micro_ob_ask_levels": 15,
    "micro_ob_total_bid_volume": 31.5899,
    "micro_ob_total_ask_volume": 34.0237,
    "micro_ob_total_orderbook_volume": 65.61359999999999,
    "micro_ob_order_flow_imbalance": -0.03709291976053743,
    "micro_ob_depth_imbalance_1": -0.03799916084426371,
    "micro_ob_depth_imbalance_5": -0.07716849115047983,
    "micro_ob_depth_imbalance_10": -0.022407361188109227,
    "micro_ob_depth_imbalance_20": -0.03709291976053743,
    "micro_fr_funding_rate_current": 8.379e-05,
    "micro_fr_funding_rate_abs": 8.379e-05,
    "micro_fr_funding_rate_mean": 9.855857142857144e-05,
    "micro_fr_funding_rate_std": 4.0283813981973476e-06,
    "micro_fr_funding_rate_min": 8.379e-05,
    "micro_fr_funding_rate_max": 0.0001,
    "micro_fr_funding_rate_skew": -2.6953940853664475,
    "micro_fr_funding_rate_kurtosis": 5.702753724793357,
    "micro_fr_funding_rate_trend": -1.0169999999999993e-06,
    "micro_fr_funding_rate_change": -1.460000000000003e-06,
    "micro_fr_funding_rate_change_abs": 1.460000000000003e-06,
    "micro_fr_funding_rate_positive": 1.0,
    "micro_fr_funding_rate_negative": 0.0,
    "micro_fr_funding_rate_high": 0.0,
    "micro_fr_funding_rate_extreme": 0.0,
    "micro_fr_hours_to_next_funding": 0.0,
    "micro_fr_funding_imminent": 1.0,
    "micro_vp_volume_current": 349.13374,
    "micro_vp_volume_mean": 293.64013090000003,
    "micro_vp_volume_std": 770.9076934646865,
    "micro_vp_volume_max": 5999.59422,
    "micro_vp_volume_sum": 29364.013090000004,
    "micro_vp_volume_ratio": 1.1889850986304678,
    "micro_vp_large_volume_trade": 0.0,
    "micro_vp_recent_vwap": 91877.38764081277,
    "micro_vp_price_vwap_deviation_pct": -9.538888187446559e-05,
    "micro_vp_price_clustering": 0.798652302097503,
    "micro_vp_volume_trend": 8.630886545454548,
    "micro_of_order_flow_imbalance": -0.03709291976053743,
    "micro_of_trade_flow_buy_pressure": 0.48145354011973135,
    "micro_of_trade_flow_sell_pressure": 0.5185464598802688,
    "micro_of_kyles_lambda_buy": 0.0,
    "micro_of_kyles_lambda_sell": 0.0,
    "micro_of_kyles_lambda_avg": 0.0,
    "micro_of_amihud_illiquidity": 0.02280172070162247,
    "micro_of_spread_dynamics_current": 0.00010882807939206543,
    "micro_micro_funding_arbitrage": 0.0,
    "micro_micro_orderbook_pressure": 0.0,
    "micro_micro_liquidity_score": 0.5,
    "micro_micro_volume_spike": 0.0,
    "micro_micro_oi_divergence": 0.0,
    "micro_micro_composite_score": 0.1,
    "fee_maker_rate": 0.0002,
    "fee_taker_rate": 0.0008,
    "fee_round_trip_cost": 0.0016,
    "fee_breakeven_move_pct": 0.16,
    "fee_net_profit_threshold": 0.16,
    "time_hour_sin": 0.49999999999999994,
    "time_hour_cos": -0.8660254037844387,
    "time_day_sin": 0.9749279121818236,
    "time_day_cos": -0.22252093395631434,
    "time_day_of_week": 2.0,
    "time_is_asian": 0.0,
    "time_is_london": 1.0,
    "time_is_ny": 0.0,
    "time_is_london_ny_overlap": 0.0,
    "time_is_weekend": 0.0,
    "time_is_us_market_hours": 0.0,
    "cross_btc_return_1m": -0.005876367751793303,
    "cross_btc_return_5m": 0.05771213838717439,
    "cross_btc_return_15m": -0.005441104936061576,
    "cross_btc_correlation": 1.0,
    "cross_btc_lead_indicator": 0.0,
    "cross_eth_btc_ratio_change": -0.020377934557150746,
    "vol_realized_5m": 5.2433951356960184,
    "vol_realized_15m": 6.776563609612733,
    "vol_realized_1h": 3.690461863735644,
    "vol_realized_4h": 1.8621024770255943,
    "vol_ratio_5m_1h": 1.4207964556469983,
    "vol_ratio_15m_4h": 3.6392001478013127,
    "vol_regime": 0.0,
    "vol_expansion": 0.0,
    "vol_contraction": 0.0,
    "vol_percentile": 3.1578947368421053,
    "sent_fear_greed": 42.0,
    "sent_fear_greed_change": -2.0,
    "sent_extreme_fear": 0.0,
    "sent_extreme_greed": 0.0,
    "sent_fear": 0.0,
    "sent_greed": 0.0
  },
  "output_prediction": {
    "signal": "SHORT",
    "confidence": 0.5636719078023449,
    "raw_model_outputs": {
      "xgboost": 0.11966714262962341,
      "lightgbm": 0.08696584905477102,
      "lstm": 0.4925249516963959,
      "random_forest": 0.18695600070958285,
      "weighted_average": 0.21816404609882756,
      "model_agreement": 0.3577627301566336
    }
  },
  "regime_info": {
    "regime": "ranging",
    "regime_confidence": 0.5,
    "atr_ratio": 0.8239155975519875,
    "adx_value": 24.176942180560932,
    "is_exhausted": false,
    "is_weakening": false,
    "leverage_tier": "normal_volatility"
  },