{
  "timestamp": "2026-01-07T06:01:22.221641Z",
  "order_id": "703660259394192301",
  "stage": "Decision Making",
  "model_version": "ollama:qwen2.5:1.5b+ensemble_v1.0",
  "input_features": {
    "tech_returns_1": -0.013536379018608269,
    "tech_returns_5": 0.10842312123060527,
    "tech_returns_15": -0.05412353697313854,
    "tech_returns_60": -2.4691358024691357,
    "tech_returns_240": 0.1966901790559028,
    "tech_returns_1440": -2.4692175294585006,
    "tech_rsi_14": 40.88308027345537,
    "tech_rsi_7": 57.262534581307136,
    "tech_rsi_21": 36.579315118719194,
    "tech_rsi_slope": 3.74755129261359,
    "tech_rsi_divergence": 0.0,
    "tech_rsi_zone": 2.0,
    "tech_macd": -0.00029374615754729216,
    "tech_macd_signal": -0.00039567248789168676,
    "tech_macd_hist": 0.00010192633034439459,
    "tech_stoch_k": 80.5555555555592,
    "tech_stoch_d": 62.685185185186555,
    "tech_ema_cross_9_21": -1.0,
    "tech_ema_cross_50_200": -1.0,
    "tech_ema_9": 0.14764083994115634,
    "tech_ema_21": 0.14781576844811795,
    "tech_ema_50": 0.14868185578774787,
    "tech_price_ema_9_pct": 0.060389834465309565,
    "tech_price_ema_21_pct": -0.05802388271454914,
    "tech_adx": 38.56631138700147,
    "tech_adx_7": 45.05866175563003,
    "tech_adx_10": 39.54705298470327,
    "tech_adx_roc_5": -11.60585971167837,
    "tech_adx_slope_3": -5.540915588862301,
    "tech_adx_deceleration": -2.6585346991480385,
    "tech_plus_di": 25.403862760294256,
    "tech_minus_di": 24.33677610078531,
    "tech_di_crossover": 1.0,
    "tech_atr_14": 0.00013593073023777393,
    "tech_atr_pct": 0.09201294946034924,
    "tech_atr_14_avg": 0.00023244498788964763,
    "tech_bb_upper": 0.14805602760477748,
    "tech_bb_lower": 0.14729097239522249,
    "tech_bb_width": 0.5180721047141154,
    "tech_bb_position": 0.5738508793801673,
    "tech_volatility_20": 0.01771785367241415,
    "tech_volume_ratio": 0.5268297387551387,
    "tech_obv": -2764539100.0,
    "tech_momentum_10": 0.00020000000000000573,
    "tech_roc_10": 0.13556564766488144,
    "tech_high_low_range": 0.05415284640898717,
    "tech_body_ratio": 0.2499996875003039,
    "tech_swing_high_10": 0.1478,
    "tech_swing_low_10": 0.14748,
    "tech_price_vs_swing_high": -0.04736129905276505,
    "tech_price_vs_swing_low": 0.16951451044209398,
    "tech_swing_break_up": 0.0,
    "tech_swing_break_down": 0.0,
    "tech_volume_spike": 0.0,
    "tech_volume_spike_ratio": 0.5268297387551387,
    "micro_ob_best_bid_price": 0.14775,
    "micro_ob_best_ask_price": 0.14776,
    "micro_ob_best_bid_size": 2747600.0,
    "micro_ob_best_ask_size": 2257000.0,
    "micro_ob_spread_absolute": 1.0000000000010001e-05,
    "micro_ob_spread_percentage": 0.006767960475117594,
    "micro_ob_bid_ask_size_ratio": 1.2173681878599911,
    "micro_ob_orderbook_imbalance_5": 0.341703719387395,
    "micro_ob_orderbook_imbalance_10": 0.4483121622570005,
    "micro_ob_orderbook_imbalance_20": 0.5023584852303398,
    "micro_ob_orderbook_vwap": 0.14772383121622568,
    "micro_ob_buy_impact_0.1": 0.0,
    "micro_ob_sell_impact_0.1": 0.0,
    "micro_ob_buy_impact_1.0": 0.0,
    "micro_ob_sell_impact_1.0": 0.0,
    "micro_ob_buy_impact_10.0": 0.0,
    "micro_ob_sell_impact_10.0": 0.0,
    "micro_ob_bid_depth_concentration": 0.2862723130253556,
    "micro_ob_ask_depth_concentration": 0.4240344050043643,
    "micro_ob_bid_levels": 15,
    "micro_ob_ask_levels": 15,
    "micro_ob_total_bid_volume": 33203700.0,
    "micro_ob_total_ask_volume": 10998400.0,
    "micro_ob_total_orderbook_volume": 44202100.0,
    "micro_ob_order_flow_imbalance": 0.5023584852303398,
    "micro_ob_depth_imbalance_1": 0.09802981257243336,
    "micro_ob_depth_imbalance_5": 0.341703719387395,
    "micro_ob_depth_imbalance_10": 0.4483121622570005,
    "micro_ob_depth_imbalance_20": 0.5023584852303398,
    "micro_fr_funding_rate_current": 8.125e-05,
    "micro_fr_funding_rate_abs": 8.125e-05,
    "micro_fr_funding_rate_positive": 1.0,
    "micro_fr_funding_rate_negative": 0.0,
    "micro_fr_funding_rate_high": 0.0,
    "micro_fr_funding_rate_extreme": 0.0,
    "micro_fr_hours_to_next_funding": 0.0,
    "micro_fr_funding_imminent": 1.0,
    "micro_vp_volume_current": 221.49,
    "micro_vp_volume_mean": 387.62537,
    "micro_vp_volume_std": 1217.715914935332,
    "micro_vp_volume_max": 9764.953,
    "micro_vp_volume_sum": 38762.537,
    "micro_vp_volume_ratio": 0.5714022278779122,
    "micro_vp_large_volume_trade": 0.0,
    "micro_vp_recent_vwap": 0.14772308799215078,
    "micro_vp_price_vwap_deviation_pct": -0.04270692754142793,
    "micro_vp_price_clustering": 0.39181129460995795,
    "micro_vp_volume_trend": -99.52890303030301,
    "micro_of_order_flow_imbalance": 0.5023584852303398,
    "micro_of_trade_flow_buy_pressure": 0.7511792426151699,
    "micro_of_trade_flow_sell_pressure": 0.24882075738483014,
    "micro_of_kyles_lambda_buy": 0.0,
    "micro_of_kyles_lambda_sell": 0.0,
    "micro_of_kyles_lambda_avg": 0.0,
    "micro_of_amihud_illiquidity": 0.11357148008325484,
    "micro_of_spread_dynamics_current": 0.006767960475117594,
    "micro_micro_funding_arbitrage": 0.0,
    "micro_micro_orderbook_pressure": 1.0,
    "micro_micro_liquidity_score": 1.0,
    "micro_micro_volume_spike": 0.0,
    "micro_micro_oi_divergence": 0.0,
    "micro_micro_composite_score": 0.5,
    "fee_maker_rate": 0.0002,
    "fee_taker_rate": 0.0008,
    "fee_round_trip_cost": 0.0016,
    "fee_breakeven_move_pct": 0.16,
    "fee_net_profit_threshold": 0.16,
    "time_hour_sin": 1.0,
    "time_hour_cos": 6.123233995736766e-17,
    "time_day_sin": 0.9749279121818236,
    "time_day_cos": -0.22252093395631434,
    "time_day_of_week": 2.0,
    "time_is_asian": 1.0,
    "time_is_london": 0.0,
    "time_is_ny": 0.0,
    "time_is_london_ny_overlap": 0.0,
    "time_is_weekend": 0.0,
    "time_is_us_market_hours": 0.0,
    "cross_btc_return_1m": -0.014048510587714037,
    "cross_btc_return_5m": -0.03770592404362455,
    "cross_btc_return_15m": -0.09631508421630845,
    "cross_btc_correlation": 0.8577782655395417,
    "cross_btc_lead_indicator": -0.03770592404362455,
    "cross_eth_btc_ratio_change": 0.04498675933026879,
    "vol_realized_5m": 19.622494426424417,
    "vol_realized_15m": 9.81988422297842,
    "vol_realized_1h": 32.40446150482105,
    "vol_realized_4h": 12.485770264262618,
    "vol_ratio_5m_1h": 0.6055491594422896,
    "vol_ratio_15m_4h": 0.7864860569383831,
    "vol_regime": 1.0,
    "vol_expansion": 0.0,
    "vol_contraction": 0.0,
    "vol_percentile": 38.94736842105263,
    "sent_fear_greed": 42.0,
    "sent_fear_greed_change": -2.0,
    "sent_extreme_fear": 0.0,
    "sent_extreme_greed": 0.0,
    "sent_fear": 0.0,
    "sent_greed": 0.0
  },
  "output_prediction": {
    "signal": "SHORT",
    "confidence": 0.672932813504431,
    "raw_model_outputs": {
      "xgboost": 0.0438179187476635,
      "lightgbm": 0.05139894717454603,
      "lstm": 0.2333279699087143,
      "random_forest": 0.3960324399007066,
      "weighted_average": 0.1635335932477845,
      "model_agreement": 0.41830441073431035
    }
  },
  "regime_info": {
    "regime": "low_volatility",
    "regime_confidence": 0.5060853323242116,
    "atr_ratio": 0.5847866691894709,
    "adx_value": 38.56631138700147,
    "is_exhausted": false,
    "is_weakening": false,
    "leverage_tier": "normal_volatility"
  },