{
  "timestamp": "2026-01-07T10:13:00.503541Z",
  "order_id": "703723578171851693",
  "stage": "Decision Making",
  "model_version": "ollama:qwen2.5:1.5b+ensemble_v1.0",
  "input_features": {
    "tech_returns_1": 0.03461308187395762,
    "tech_returns_5": 0.1082845480758321,
    "tech_returns_15": 0.265040584339471,
    "tech_returns_60": -0.7880079295617404,
    "tech_returns_240": -1.3056734032112716,
    "tech_returns_1440": 0.3466413142119858,
    "tech_rsi_14": 55.46270277715897,
    "tech_rsi_7": 69.1107989148534,
    "tech_rsi_21": 49.05224053842212,
    "tech_rsi_slope": 1.8390998063090827,
    "tech_rsi_divergence": 0.0,
    "tech_rsi_zone": 3.0,
    "tech_macd": -0.46387232396045874,
    "tech_macd_signal": -2.0154421272996785,
    "tech_macd_hist": 1.5515698033392198,
    "tech_stoch_k": 99.20405209840716,
    "tech_stoch_d": 93.0979329468261,
    "tech_ema_cross_9_21": 1.0,
    "tech_ema_cross_50_200": -1.0,
    "tech_ema_9": 3205.3940247113046,
    "tech_ema_21": 3204.5883386369865,
    "tech_ema_50": 3211.1868507950894,
    "tech_price_ema_9_pct": 0.08098771223387988,
    "tech_price_ema_21_pct": 0.10614971420822658,
    "tech_adx": 23.81937610338881,
    "tech_adx_7": 30.673581589028267,
    "tech_adx_10": 28.33169581042042,
    "tech_adx_roc_5": -7.204254614052488,
    "tech_adx_slope_3": -1.354175900528654,
    "tech_adx_deceleration": 0.8380051988961945,
    "tech_plus_di": 21.003146482355213,
    "tech_minus_di": 15.172156095885308,
    "tech_di_crossover": 0.0,
    "tech_atr_14": 3.073176281677758,
    "tech_atr_pct": 0.09579756425917033,
    "tech_atr_14_avg": 3.9751925073771273,
    "tech_bb_upper": 3209.665653387932,
    "tech_bb_lower": 3195.0183466120684,
    "tech_bb_width": 0.45739358181803813,
    "tech_bb_position": 0.8855998980854798,
    "tech_volatility_20": 0.010718416090942942,
    "tech_volume_ratio": 0.8099754564054242,
    "tech_obv": -56111.97900000003,
    "tech_momentum_10": 10.4699999999998,
    "tech_roc_10": 0.32744126698189824,
    "tech_high_low_range": 0.06546155069061653,
    "tech_body_ratio": 0.5285714285461255,
    "tech_swing_high_10": 3208.1,
    "tech_swing_low_10": 3195.68,
    "tech_price_vs_swing_high": -0.00342882079736066,
    "tech_price_vs_swing_low": 0.38520753016572207,
    "tech_swing_break_up": 0.0,
    "tech_swing_break_down": 0.0,
    "tech_volume_spike": 0.0,
    "tech_volume_spike_ratio": 0.8099754564054242,
    "micro_ob_best_bid_price": 3207.89,
    "micro_ob_best_ask_price": 3207.9,
    "micro_ob_best_bid_size": 43.298,
    "micro_ob_best_ask_size": 41.935,
    "micro_ob_spread_absolute": 0.010000000000218279,
    "micro_ob_spread_percentage": 0.00031173090142346547,
    "micro_ob_bid_ask_size_ratio": 1.0325026827232622,
    "micro_ob_orderbook_imbalance_5": 0.25554812308176594,
    "micro_ob_orderbook_imbalance_10": 0.18771015665840377,
    "micro_ob_orderbook_imbalance_20": 0.1656435757475041,
    "micro_ob_orderbook_vwap": 3207.8934557258735,
    "micro_ob_buy_impact_0.1": 0.0,
    "micro_ob_sell_impact_0.1": 0.0,
    "micro_ob_buy_impact_1.0": 0.0,
    "micro_ob_sell_impact_1.0": 0.0,
    "micro_ob_buy_impact_10.0": 0.0,
    "micro_ob_sell_impact_10.0": 0.0,
    "micro_ob_bid_depth_concentration": 0.5598915608741808,
    "micro_ob_ask_depth_concentration": 0.4637899652516041,
    "micro_ob_bid_levels": 15,
    "micro_ob_ask_levels": 15,
    "micro_ob_total_bid_volume": 227.96200000000002,
    "micro_ob_total_ask_volume": 163.173,
    "micro_ob_total_orderbook_volume": 391.135,
    "micro_ob_order_flow_imbalance": 0.1656435757475041,
    "micro_ob_depth_imbalance_1": 0.015991458707308195,
    "micro_ob_depth_imbalance_5": 0.25554812308176594,
    "micro_ob_depth_imbalance_10": 0.18771015665840377,
    "micro_ob_depth_imbalance_20": 0.1656435757475041,
    "micro_fr_funding_rate_current": 5.117e-05,
    "micro_fr_funding_rate_abs": 5.117e-05,
    "micro_fr_funding_rate_mean": 7.417236363636364e-05,
    "micro_fr_funding_rate_std": 9.687746705576324e-06,
    "micro_fr_funding_rate_min": 5.117e-05,
    "micro_fr_funding_rate_max": 9.093e-05,
    "micro_fr_funding_rate_skew": -0.0012336641960671829,
    "micro_fr_funding_rate_kurtosis": -0.4313969342478772,
    "micro_fr_funding_rate_trend": -2.70600000000001e-06,
    "micro_fr_funding_rate_change": -1.800000000000003e-06,
    "micro_fr_funding_rate_change_abs": 1.800000000000003e-06,
    "micro_fr_funding_rate_positive": 1.0,
    "micro_fr_funding_rate_negative": 0.0,
    "micro_fr_funding_rate_high": 0.0,
    "micro_fr_funding_rate_extreme": 0.0,
    "micro_fr_hours_to_next_funding": 0.0,
    "micro_fr_funding_imminent": 1.0,
    "micro_vp_volume_current": 24134.00969,
    "micro_vp_volume_mean": 8502.196609599998,
    "micro_vp_volume_std": 21606.416182270244,
    "micro_vp_volume_max": 140590.6,
    "micro_vp_volume_sum": 850219.6609599998,
    "micro_vp_volume_ratio": 2.8385617033073327,
    "micro_vp_large_volume_trade": 0.0,
    "micro_vp_recent_vwap": 3208.0008057068476,
    "micro_vp_price_vwap_deviation_pct": 0.0009100463160943952,
    "micro_vp_price_clustering": 0.5980490460282942,
    "micro_vp_volume_trend": 3618.026655151515,
    "micro_of_order_flow_imbalance": 0.1656435757475041,
    "micro_of_trade_flow_buy_pressure": 0.582821787873752,
    "micro_of_trade_flow_sell_pressure": 0.417178212126248,
    "micro_of_kyles_lambda_buy": 0.0,
    "micro_of_kyles_lambda_sell": 0.0,
    "micro_of_kyles_lambda_avg": 0.0,
    "micro_of_amihud_illiquidity": 0.12601338867229298,
    "micro_of_spread_dynamics_current": 0.00031173090142346547,
    "micro_micro_funding_arbitrage": 0.0,
    "micro_micro_orderbook_pressure": 0.5,
    "micro_micro_liquidity_score": 0.75,
    "micro_micro_volume_spike": 1.0,
    "micro_micro_oi_divergence": 0.0,
    "micro_micro_composite_score": 0.4,
    "fee_maker_rate": 0.0002,
    "fee_taker_rate": 0.0008,
    "fee_round_trip_cost": 0.0016,
    "fee_breakeven_move_pct": 0.16,
    "fee_net_profit_threshold": 0.16,
    "time_hour_sin": 0.49999999999999994,
    "time_hour_cos": -0.8660254037844387,
    "time_day_sin": 0.9749279121818236,
    "time_day_cos": -0.22252093395631434,
    "time_day_of_week": 2.0,
    "time_is_asian": 0.0,
    "time_is_london": 1.0,
    "time_is_ny": 0.0,
    "time_is_london_ny_overlap": 0.0,
    "time_is_weekend": 0.0,
    "time_is_us_market_hours": 0.0,
    "cross_btc_return_1m": 0.027459026664673074,
    "cross_btc_return_5m": 0.04163029464876029,
    "cross_btc_return_15m": 0.15230414570576042,
    "cross_btc_correlation": 0.7538438543849664,
    "cross_btc_lead_indicator": 0.04163029464876029,
    "cross_eth_btc_ratio_change": 0.11256499747595106,
    "vol_realized_5m": 10.941272828154462,
    "vol_realized_15m": 13.090166310884099,
    "vol_realized_1h": 8.830581505924787,
    "vol_realized_4h": 3.0087158449740574,
    "vol_ratio_5m_1h": 1.239020648958795,
    "vol_ratio_15m_4h": 4.350748620129984,
    "vol_regime": 0.0,
    "vol_expansion": 0.0,
    "vol_contraction": 0.0,
    "vol_percentile": 20.0,
    "sent_fear_greed": 42.0,
    "sent_fear_greed_change": -2.0,
    "sent_extreme_fear": 0.0,
    "sent_extreme_greed": 0.0,
    "sent_fear": 0.0,
    "sent_greed": 0.0
  },
  "output_prediction": {
    "signal": "SHORT",
    "confidence": 0.5832352889950361,
    "raw_model_outputs": {
      "xgboost": 0.11498121172189713,
      "lightgbm": 0.09395387904189098,
      "lstm": 0.28842654824256897,
      "random_forest": 0.391464410922828,
      "weighted_average": 0.20838235550248196,
      "model_agreement": 0.5061201262324848
    }
  },
  "regime_info": {
    "regime": "ranging",
    "regime_confidence": 0.5,
    "atr_ratio": 0.7730886682782242,
    "adx_value": 23.81937610338881,
    "is_exhausted": false,
    "is_weakening": false,
    "leverage_tier": "normal_volatility"
  },