{
  "timestamp": "2026-01-07T12:22:01.916710Z",
  "order_id": "703756048510485421",
  "stage": "Decision Making",
  "model_version": "ollama:qwen2.5:1.5b+ensemble_v1.0",
  "input_features": {
    "tech_returns_1": -0.036381275770058785,
    "tech_returns_5": -0.09695794449157136,
    "tech_returns_15": -0.04850248575238858,
    "tech_returns_60": -0.09695794449157136,
    "tech_returns_240": -1.7169428878025528,
    "tech_returns_1440": -1.8764845605700693,
    "tech_rsi_14": 41.32447979544134,
    "tech_rsi_7": 40.16028888685624,
    "tech_rsi_21": 42.611203002762686,
    "tech_rsi_slope": -0.6278580983222461,
    "tech_rsi_divergence": 0.0,
    "tech_rsi_zone": 2.0,
    "tech_macd": -0.048932161291375564,
    "tech_macd_signal": -0.047362292422622486,
    "tech_macd_hist": -0.0015698688687530785,
    "tech_stoch_k": 33.33333333333785,
    "tech_stoch_d": 43.756272401436206,
    "tech_ema_cross_9_21": -1.0,
    "tech_ema_cross_50_200": -1.0,
    "tech_ema_9": 82.46271945414256,
    "tech_ema_21": 82.50777705567114,
    "tech_ema_50": 82.5624488161277,
    "tech_price_ema_9_pct": -0.0396778742674701,
    "tech_price_ema_21_pct": -0.0942663327587355,
    "tech_adx": 34.62596572127555,
    "tech_adx_7": 38.19544494026752,
    "tech_adx_10": 34.819054011311835,
    "tech_adx_roc_5": -1.7890656115387742,
    "tech_adx_slope_3": 0.8145030416861232,
    "tech_adx_deceleration": 0.4517216766190657,
    "tech_plus_di": 15.35216657733983,
    "tech_minus_di": 35.4341154935365,
    "tech_di_crossover": 0.0,
    "tech_atr_14": 0.06184050555470178,
    "tech_atr_pct": 0.07502184344862523,
    "tech_atr_14_avg": 0.05623020717538028,
    "tech_bb_upper": 82.71137217274648,
    "tech_bb_lower": 82.29862782725351,
    "tech_bb_width": 0.5002658572122509,
    "tech_bb_position": 0.31828945491570276,
    "tech_volatility_20": 0.012236021703824393,
    "tech_volume_ratio": 0.7905789609718273,
    "tech_obv": 20033.40000000004,
    "tech_momentum_10": -0.12999999999999545,
    "tech_roc_10": -0.15746124031007502,
    "tech_high_low_range": 0.04852602207933039,
    "tech_body_ratio": 0.7499999981248223,
    "tech_swing_high_10": 82.57,
    "tech_swing_low_10": 82.39,
    "tech_price_vs_swing_high": -0.16955310645511248,
    "tech_price_vs_swing_low": 0.048549581259869225,
    "tech_swing_break_up": 0.0,
    "tech_swing_break_down": 0.0,
    "tech_volume_spike": 0.0,
    "tech_volume_spike_ratio": 0.7905789609718273,
    "micro_ob_best_bid_price": 82.41,
    "micro_ob_best_ask_price": 82.42,
    "micro_ob_best_bid_size": 3733.4,
    "micro_ob_best_ask_size": 3228.1,
    "micro_ob_spread_absolute": 0.010000000000005116,
    "micro_ob_spread_percentage": 0.01213371352302993,
    "micro_ob_bid_ask_size_ratio": 1.1565317059570646,
    "micro_ob_orderbook_imbalance_5": -0.1219287276697614,
    "micro_ob_orderbook_imbalance_10": -0.09199638611234602,
    "micro_ob_orderbook_imbalance_20": -0.1617604250895229,
    "micro_ob_orderbook_vwap": 82.4298450330556,
    "micro_ob_buy_impact_0.1": 0.0,
    "micro_ob_sell_impact_0.1": 0.0,
    "micro_ob_buy_impact_1.0": 0.0,
    "micro_ob_sell_impact_1.0": 0.0,
    "micro_ob_buy_impact_10.0": 0.0,
    "micro_ob_sell_impact_10.0": 1.7244090177408087e-14,
    "micro_ob_bid_depth_concentration": 0.6560777439696609,
    "micro_ob_ask_depth_concentration": 0.6048426227161003,
    "micro_ob_bid_levels": 15,
    "micro_ob_ask_levels": 15,
    "micro_ob_total_bid_volume": 18141.600000000002,
    "micro_ob_total_ask_volume": 25143.4,
    "micro_ob_total_orderbook_volume": 43285.0,
    "micro_ob_order_flow_imbalance": -0.1617604250895229,
    "micro_ob_depth_imbalance_1": 0.07258493140846084,
    "micro_ob_depth_imbalance_5": -0.1219287276697614,
    "micro_ob_depth_imbalance_10": -0.09199638611234602,
    "micro_ob_depth_imbalance_20": -0.1617604250895229,
    "micro_fr_funding_rate_current": -1.433e-05,
    "micro_fr_funding_rate_abs": 1.433e-05,
    "micro_fr_funding_rate_mean": -1.1428e-05,
    "micro_fr_funding_rate_std": 1.7568881580795062e-06,
    "micro_fr_funding_rate_min": -1.433e-05,
    "micro_fr_funding_rate_max": -9.2e-06,
    "micro_fr_funding_rate_skew": -0.3285254871469697,
    "micro_fr_funding_rate_kurtosis": -1.251810550763717,
    "micro_fr_funding_rate_trend": -8.129999999999996e-07,
    "micro_fr_funding_rate_change": -5.899999999999994e-07,
    "micro_fr_funding_rate_change_abs": 5.899999999999994e-07,
    "micro_fr_funding_rate_positive": 0.0,
    "micro_fr_funding_rate_negative": 1.0,
    "micro_fr_funding_rate_high": 0.0,
    "micro_fr_funding_rate_extreme": 0.0,
    "micro_fr_hours_to_next_funding": 0.0,
    "micro_fr_funding_imminent": 1.0,
    "micro_vp_volume_current": 370.98,
    "micro_vp_volume_mean": 454.8172600000001,
    "micro_vp_volume_std": 309.6511718203766,
    "micro_vp_volume_max": 2250.066,
    "micro_vp_volume_sum": 45481.72600000001,
    "micro_vp_volume_ratio": 0.8156682532232834,
    "micro_vp_large_volume_trade": 0.0,
    "micro_vp_recent_vwap": 82.43923729895386,
    "micro_vp_price_vwap_deviation_pct": 0.0009251675186854675,
    "micro_vp_price_clustering": 0.36329624537114075,
    "micro_vp_volume_trend": -11.000127272727292,
    "micro_of_order_flow_imbalance": -0.1617604250895229,
    "micro_of_trade_flow_buy_pressure": 0.4191197874552386,
    "micro_of_trade_flow_sell_pressure": 0.5808802125447615,
    "micro_of_kyles_lambda_buy": 0.0,
    "micro_of_kyles_lambda_sell": 1.7244090177408086e-15,
    "micro_of_kyles_lambda_avg": 8.622045088704043e-16,
    "micro_of_amihud_illiquidity": 0.08391824034657193,
    "micro_of_spread_dynamics_current": 0.01213371352302993,
    "micro_micro_funding_arbitrage": 0.0,
    "micro_micro_orderbook_pressure": 0.0,
    "micro_micro_liquidity_score": 1.0,
    "micro_micro_volume_spike": 0.0,
    "micro_micro_oi_divergence": 0.0,
    "micro_micro_composite_score": 0.2,
    "fee_maker_rate": 0.0002,
    "fee_taker_rate": 0.0008,
    "fee_round_trip_cost": 0.0016,
    "fee_breakeven_move_pct": 0.16,
    "fee_net_profit_threshold": 0.16,
    "time_hour_sin": 1.2246467991473532e-16,
    "time_hour_cos": -1.0,
    "time_day_sin": 0.9749279121818236,
    "time_day_cos": -0.22252093395631434,
    "time_day_of_week": 2.0,
    "time_is_asian": 0.0,
    "time_is_london": 1.0,
    "time_is_ny": 0.0,
    "time_is_london_ny_overlap": 0.0,
    "time_is_weekend": 0.0,
    "time_is_us_market_hours": 0.0,
    "cross_btc_return_1m": 0.0009776625825654293,
    "cross_btc_return_5m": -0.01292507475364561,
    "cross_btc_return_15m": 0.059563663556606035,
    "cross_btc_correlation": 0.7601795418212273,
    "cross_btc_lead_indicator": -0.01292507475364561,
    "cross_eth_btc_ratio_change": 0.13771576574791286,
    "vol_realized_5m": 11.284636752928987,
    "vol_realized_15m": 12.854215527945678,
    "vol_realized_1h": 5.759039323083746,
    "vol_realized_4h": 3.4940975309141873,
    "vol_ratio_5m_1h": 1.9594651329601436,
    "vol_ratio_15m_4h": 3.678837071437594,
    "vol_regime": 0.0,
    "vol_expansion": 1.0,
    "vol_contraction": 0.0,
    "vol_percentile": 24.210526315789473,
    "sent_fear_greed": 42.0,
    "sent_fear_greed_change": -2.0,
    "sent_extreme_fear": 0.0,
    "sent_extreme_greed": 0.0,
    "sent_fear": 0.0,
    "sent_greed": 0.0
  },
  "output_prediction": {
    "signal": "SHORT",
    "confidence": 0.5637875346241186,
    "raw_model_outputs": {
      "xgboost": 0.20832669734954834,
      "lightgbm": 0.14791578926296978,
      "lstm": 0.28439757227897644,
      "random_forest": 0.23764940803736753,
      "weighted_average": 0.2181062326879407,
      "model_agreement": 0.8021089504702322
    }
  },
  "regime_info": {
    "regime": "trending",
    "regime_confidence": 0.7155115886553065,
    "atr_ratio": 1.0997737454856453,
    "adx_value": 34.62596572127555,
    "is_exhausted": false,
    "is_weakening": false,
    "leverage_tier": "elevated_volatility"
  },