{
  "timestamp": "2026-01-07T15:07:10.235057Z",
  "order_id": "703797612070831021",
  "stage": "Decision Making",
  "model_version": "ollama:qwen2.5:1.5b+ensemble_v1.0",
  "input_features": {
    "tech_returns_1": 0.0,
    "tech_returns_5": 0.22031823745409795,
    "tech_returns_15": -0.2801120448179373,
    "tech_returns_60": -0.14634146341463428,
    "tech_returns_240": -2.2795082945459066,
    "tech_returns_1440": -2.1342553952545678,
    "tech_rsi_14": 46.53537101743195,
    "tech_rsi_7": 47.24417363086081,
    "tech_rsi_21": 47.14162320981343,
    "tech_rsi_slope": 0.9950041545007515,
    "tech_rsi_divergence": 0.0,
    "tech_rsi_zone": 2.0,
    "tech_macd": -0.0610822771705557,
    "tech_macd_signal": -0.029376298224249954,
    "tech_macd_hist": -0.031705978946305745,
    "tech_stoch_k": 43.05555555555509,
    "tech_stoch_d": 40.74074074074045,
    "tech_ema_cross_9_21": -1.0,
    "tech_ema_cross_50_200": -1.0,
    "tech_ema_9": 81.87279807308182,
    "tech_ema_21": 81.94938931244987,
    "tech_ema_50": 82.00295556063236,
    "tech_price_ema_9_pct": 0.0087964831881552,
    "tech_price_ema_21_pct": -0.08467337344676189,
    "tech_adx": 35.770048255990325,
    "tech_adx_7": 34.16142812215868,
    "tech_adx_10": 39.916215807983335,
    "tech_adx_roc_5": 6.5652975539442835,
    "tech_adx_slope_3": -1.7714590800108887,
    "tech_adx_deceleration": -1.0207647615854363,
    "tech_plus_di": 18.09885496306803,
    "tech_minus_di": 30.21502234209905,
    "tech_di_crossover": 0.0,
    "tech_atr_14": 0.14129600557827884,
    "tech_atr_pct": 0.17256473568426828,
    "tech_atr_14_avg": 0.167905367524567,
    "tech_bb_upper": 82.39530377034798,
    "tech_bb_lower": 81.62069622965201,
    "tech_bb_width": 0.9445511909764507,
    "tech_bb_position": 0.33475502977288996,
    "tech_volatility_20": 0.022944809863935677,
    "tech_volume_ratio": 0.10612538088121141,
    "tech_obv": 13589.200000000024,
    "tech_momentum_10": -0.2400000000000091,
    "tech_roc_10": -0.292255236239658,
    "tech_high_low_range": 0.02442598925255987,
    "tech_body_ratio": 0.0,
    "tech_swing_high_10": 82.2,
    "tech_swing_low_10": 81.57,
    "tech_price_vs_swing_high": -0.38929440389295306,
    "tech_price_vs_swing_low": 0.38004168199093086,
    "tech_swing_break_up": 0.0,
    "tech_swing_break_down": 0.0,
    "tech_volume_spike": 0.0,
    "tech_volume_spike_ratio": 0.10612538088121141,
    "micro_ob_best_bid_price": 81.88,
    "micro_ob_best_ask_price": 81.89,
    "micro_ob_best_bid_size": 3672.8,
    "micro_ob_best_ask_size": 3892.6,
    "micro_ob_spread_absolute": 0.010000000000005116,
    "micro_ob_spread_percentage": 0.01221224888563854,
    "micro_ob_bid_ask_size_ratio": 0.9435338848070699,
    "micro_ob_orderbook_imbalance_5": 0.38411340617786477,
    "micro_ob_orderbook_imbalance_10": 0.36857230580288614,
    "micro_ob_orderbook_imbalance_20": 0.3204569993013754,
    "micro_ob_orderbook_vwap": 81.85082836966534,
    "micro_ob_buy_impact_0.1": 0.0,
    "micro_ob_sell_impact_0.1": 0.0,
    "micro_ob_buy_impact_1.0": 0.0,
    "micro_ob_sell_impact_1.0": 0.0,
    "micro_ob_buy_impact_10.0": 0.0,
    "micro_ob_sell_impact_10.0": 0.0,
    "micro_ob_bid_depth_concentration": 0.5372866319648564,
    "micro_ob_ask_depth_concentration": 0.46456066018664677,
    "micro_ob_bid_levels": 15,
    "micro_ob_ask_levels": 15,
    "micro_ob_total_bid_volume": 28067.7,
    "micro_ob_total_ask_volume": 14444.4,
    "micro_ob_total_orderbook_volume": 42512.1,
    "micro_ob_order_flow_imbalance": 0.3204569993013754,
    "micro_ob_depth_imbalance_1": -0.02905332170143016,
    "micro_ob_depth_imbalance_5": 0.38411340617786477,
    "micro_ob_depth_imbalance_10": 0.36857230580288614,
    "micro_ob_depth_imbalance_20": 0.3204569993013754,
    "micro_fr_funding_rate_current": -1.57e-05,
    "micro_fr_funding_rate_abs": 1.57e-05,
    "micro_fr_funding_rate_mean": -1.988724137931035e-05,
    "micro_fr_funding_rate_std": 3.2359882534117432e-06,
    "micro_fr_funding_rate_min": -2.586e-05,
    "micro_fr_funding_rate_max": -1.561e-05,
    "micro_fr_funding_rate_skew": -0.5318883173990023,
    "micro_fr_funding_rate_kurtosis": -1.032873219830488,
    "micro_fr_funding_rate_trend": 1.5220000000000032e-06,
    "micro_fr_funding_rate_change": 9.400000000000012e-07,
    "micro_fr_funding_rate_change_abs": 9.400000000000012e-07,
    "micro_fr_funding_rate_positive": 0.0,
    "micro_fr_funding_rate_negative": 1.0,
    "micro_fr_funding_rate_high": 0.0,
    "micro_fr_funding_rate_extreme": 0.0,
    "micro_fr_hours_to_next_funding": 0.0,
    "micro_fr_funding_imminent": 1.0,
    "micro_vp_volume_current": 531.7,
    "micro_vp_volume_mean": 412.07831999999996,
    "micro_vp_volume_std": 305.85543483086514,
    "micro_vp_volume_max": 2143.422,
    "micro_vp_volume_sum": 41207.831999999995,
    "micro_vp_volume_ratio": 1.2902887004586898,
    "micro_vp_large_volume_trade": 0.0,
    "micro_vp_recent_vwap": 81.85903093324592,
    "micro_vp_price_vwap_deviation_pct": -0.0721129148157882,
    "micro_vp_price_clustering": 0.385175403076963,
    "micro_vp_volume_trend": 12.732290909090917,
    "micro_of_order_flow_imbalance": 0.3204569993013754,
    "micro_of_trade_flow_buy_pressure": 0.6602284996506878,
    "micro_of_trade_flow_sell_pressure": 0.3397715003493123,
    "micro_of_kyles_lambda_buy": 0.0,
    "micro_of_kyles_lambda_sell": 0.0,
    "micro_of_kyles_lambda_avg": 0.0,
    "micro_of_amihud_illiquidity": 0.3141759851642502,
    "micro_of_spread_dynamics_current": 0.01221224888563854,
    "micro_micro_funding_arbitrage": 0.0,
    "micro_micro_orderbook_pressure": 1.0,
    "micro_micro_liquidity_score": 1.0,
    "micro_micro_volume_spike": 0.0,
    "micro_micro_oi_divergence": 0.0,
    "micro_micro_composite_score": 0.5,
    "fee_maker_rate": 0.0002,
    "fee_taker_rate": 0.0008,
    "fee_round_trip_cost": 0.0016,
    "fee_breakeven_move_pct": 0.16,
    "fee_net_profit_threshold": 0.16,
    "time_hour_sin": -0.7071067811865471,
    "time_hour_cos": -0.7071067811865479,
    "time_day_sin": 0.9749279121818236,
    "time_day_cos": -0.22252093395631434,
    "time_day_of_week": 2.0,
    "time_is_asian": 0.0,
    "time_is_london": 1.0,
    "time_is_ny": 1.0,
    "time_is_london_ny_overlap": 1.0,
    "time_is_weekend": 0.0,
    "time_is_us_market_hours": 1.0,
    "cross_btc_return_1m": -0.0159164321900093,
    "cross_btc_return_5m": 0.2556826256058598,
    "cross_btc_return_15m": -0.185232144198106,
    "cross_btc_correlation": 0.8792270057690937,
    "cross_btc_lead_indicator": 0.2556826256058598,
    "cross_eth_btc_ratio_change": -0.3373634671114697,
    "vol_realized_5m": 29.97968783377812,
    "vol_realized_15m": 28.86248576892929,
    "vol_realized_1h": 13.520566173179885,
    "vol_realized_4h": 5.209226076147487,
    "vol_ratio_5m_1h": 2.217339677183595,
    "vol_ratio_15m_4h": 5.540647563961115,
    "vol_regime": 2.0,
    "vol_expansion": 1.0,
    "vol_contraction": 0.0,
    "vol_percentile": 56.84210526315789,
    "sent_fear_greed": 42.0,
    "sent_fear_greed_change": -2.0,
    "sent_extreme_fear": 0.0,
    "sent_extreme_greed": 0.0,
    "sent_fear": 0.0,
    "sent_greed": 0.0
  },
  "output_prediction": {
    "signal": "SHORT",
    "confidence": 0.5784662146630242,
    "raw_model_outputs": {
      "xgboost": 0.14937743544578552,
      "lightgbm": 0.09696141168971738,
      "lstm": 0.29049527645111084,
      "random_forest": 0.3454474499977261,
      "weighted_average": 0.21076689266848792,
      "model_agreement": 0.5958644477111832
    }
  },
  "regime_info": {
    "regime": "trending",
    "regime_confidence": 0.7292405790718839,
    "atr_ratio": 0.8415216717691004,
    "adx_value": 35.770048255990325,
    "is_exhausted": false,
    "is_weakening": false,
    "leverage_tier": "normal_volatility"
  },