{
  "timestamp": "2026-01-07T16:39:07.464325Z",
  "order_id": "703820748334039981",
  "stage": "Decision Making",
  "model_version": "ollama:qwen2.5:1.5b+ensemble_v1.0",
  "input_features": {
    "tech_returns_1": 0.0,
    "tech_returns_5": -0.08440730960733722,
    "tech_returns_15": -0.40431619818368514,
    "tech_returns_60": -0.021799714303250006,
    "tech_returns_240": -0.786721078732977,
    "tech_returns_1440": -1.8353295330814097,
    "tech_rsi_14": 39.441103227317136,
    "tech_rsi_7": 37.32446697095554,
    "tech_rsi_21": 42.24272975029852,
    "tech_rsi_slope": 1.1712072983398798,
    "tech_rsi_divergence": 0.0,
    "tech_rsi_zone": 2.0,
    "tech_macd": -68.71228219200566,
    "tech_macd_signal": -35.227215029342986,
    "tech_macd_hist": -33.48506716266267,
    "tech_stoch_k": 33.02568218298419,
    "tech_stoch_d": 27.894163084552194,
    "tech_ema_cross_9_21": -1.0,
    "tech_ema_cross_50_200": -1.0,
    "tech_ema_9": 91307.74740775966,
    "tech_ema_21": 91392.13752418027,
    "tech_ema_50": 91428.54392496088,
    "tech_price_ema_9_pct": -0.04605020817333817,
    "tech_price_ema_21_pct": -0.13834617244489414,
    "tech_adx": 45.879395028183076,
    "tech_adx_7": 60.87473534957794,
    "tech_adx_10": 55.43958311645703,
    "tech_adx_roc_5": 12.215220511852309,
    "tech_adx_slope_3": 0.5800112876687606,
    "tech_adx_deceleration": -1.0601053807607528,
    "tech_plus_di": 13.041383138579688,
    "tech_minus_di": 38.485400164167366,
    "tech_di_crossover": 0.0,
    "tech_atr_14": 84.3410107453819,
    "tech_atr_pct": 0.09241260489469964,
    "tech_atr_14_avg": 82.93400984387615,
    "tech_bb_upper": 91770.68772905738,
    "tech_bb_lower": 91126.83227094261,
    "tech_bb_width": 0.7040614417459153,
    "tech_bb_position": 0.2156815280622056,
    "tech_volatility_20": 0.012429358150216868,
    "tech_volume_ratio": 0.004068059697339383,
    "tech_obv": -4995.964799999995,
    "tech_momentum_10": -286.8000000000029,
    "tech_roc_10": -0.31326288195298035,
    "tech_high_low_range": 0.00010957018900996634,
    "tech_body_ratio": 0.0,
    "tech_swing_high_10": 91590.7,
    "tech_swing_low_10": 91101.1,
    "tech_price_vs_swing_high": -0.3548395197328987,
    "tech_price_vs_swing_low": 0.18067838917421553,
    "tech_swing_break_up": 0.0,
    "tech_swing_break_down": 0.0,
    "tech_volume_spike": 0.0,
    "tech_volume_spike_ratio": 0.004068059697339383,
    "micro_ob_best_bid_price": 91265.6,
    "micro_ob_best_ask_price": 91265.7,
    "micro_ob_best_bid_size": 2.9281,
    "micro_ob_best_ask_size": 2.9691,
    "micro_ob_spread_absolute": 0.09999999999126885,
    "micro_ob_spread_percentage": 0.00010957024903813085,
    "micro_ob_bid_ask_size_ratio": 0.986191101680644,
    "micro_ob_orderbook_imbalance_5": 0.12968099567631206,
    "micro_ob_orderbook_imbalance_10": 0.03539365126786294,
    "micro_ob_orderbook_imbalance_20": 0.03693163966066703,
    "micro_ob_orderbook_vwap": 91265.80622576685,
    "micro_ob_buy_impact_0.1": 0.0,
    "micro_ob_sell_impact_0.1": 0.0,
    "micro_ob_buy_impact_1.0": 0.0,
    "micro_ob_sell_impact_1.0": 0.0,
    "micro_ob_buy_impact_10.0": 0.0,
    "micro_ob_sell_impact_10.0": 0.0,
    "micro_ob_bid_depth_concentration": 0.3849108438880664,
    "micro_ob_ask_depth_concentration": 0.3192830044462673,
    "micro_ob_bid_levels": 15,
    "micro_ob_ask_levels": 15,
    "micro_ob_total_bid_volume": 34.6527,
    "micro_ob_total_ask_volume": 32.1843,
    "micro_ob_total_orderbook_volume": 66.837,
    "micro_ob_order_flow_imbalance": 0.03693163966066703,
    "micro_ob_depth_imbalance_1": -0.00695245201112391,
    "micro_ob_depth_imbalance_5": 0.12968099567631206,
    "micro_ob_depth_imbalance_10": 0.03539365126786294,
    "micro_ob_depth_imbalance_20": 0.03693163966066703,
    "micro_fr_funding_rate_current": 2.442e-05,
    "micro_fr_funding_rate_abs": 2.442e-05,
    "micro_fr_funding_rate_mean": 3.6711489361702136e-05,
    "micro_fr_funding_rate_std": 7.302321105407689e-06,
    "micro_fr_funding_rate_min": 2.442e-05,
    "micro_fr_funding_rate_max": 5.01e-05,
    "micro_fr_funding_rate_skew": 0.5359183655596922,
    "micro_fr_funding_rate_kurtosis": -1.1201431969550606,
    "micro_fr_funding_rate_trend": -1.4180000000000021e-06,
    "micro_fr_funding_rate_change": -3.7499999999999997e-06,
    "micro_fr_funding_rate_change_abs": 3.7499999999999997e-06,
    "micro_fr_funding_rate_positive": 1.0,
    "micro_fr_funding_rate_negative": 0.0,
    "micro_fr_funding_rate_high": 0.0,
    "micro_fr_funding_rate_extreme": 0.0,
    "micro_fr_hours_to_next_funding": 0.0,
    "micro_fr_funding_imminent": 1.0,
    "micro_vp_volume_current": 5618.01856,
    "micro_vp_volume_mean": 15779.967629800001,
    "micro_vp_volume_std": 44447.77329873072,
    "micro_vp_volume_max": 296205.53176,
    "micro_vp_volume_sum": 1577996.76298,
    "micro_vp_volume_ratio": 0.35602218533012314,
    "micro_vp_large_volume_trade": 0.0,
    "micro_vp_recent_vwap": 91234.78296307352,
    "micro_vp_price_vwap_deviation_pct": -0.036370956334653724,
    "micro_vp_price_clustering": 0.0021010941602316534,
    "micro_vp_volume_trend": 254.5354356969696,
    "micro_of_order_flow_imbalance": 0.03693163966066703,
    "micro_of_trade_flow_buy_pressure": 0.5184658198303335,
    "micro_of_trade_flow_sell_pressure": 0.4815341801696665,
    "micro_of_kyles_lambda_buy": 0.0,
    "micro_of_kyles_lambda_sell": 0.0,
    "micro_of_kyles_lambda_avg": 0.0,
    "micro_of_amihud_illiquidity": 0.14116956374573764,
    "micro_of_spread_dynamics_current": 0.00010957024903813085,
    "micro_micro_funding_arbitrage": 0.0,
    "micro_micro_orderbook_pressure": 0.0,
    "micro_micro_liquidity_score": 0.5,
    "micro_micro_volume_spike": 0.0,
    "micro_micro_oi_divergence": 0.0,
    "micro_micro_composite_score": 0.1,
    "fee_maker_rate": 0.0002,
    "fee_taker_rate": 0.0008,
    "fee_round_trip_cost": 0.0016,
    "fee_breakeven_move_pct": 0.16,
    "fee_net_profit_threshold": 0.16,
    "time_hour_sin": -0.8660254037844384,
    "time_hour_cos": -0.5000000000000004,
    "time_day_sin": 0.9749279121818236,
    "time_day_cos": -0.22252093395631434,
    "time_day_of_week": 2.0,
    "time_is_asian": 0.0,
    "time_is_london": 1.0,
    "time_is_ny": 1.0,
    "time_is_london_ny_overlap": 1.0,
    "time_is_weekend": 0.0,
    "time_is_us_market_hours": 1.0,
    "cross_btc_return_1m": 0.0,
    "cross_btc_return_5m": -0.08440730960733174,
    "cross_btc_return_15m": -0.40431619818368725,
    "cross_btc_correlation": 1.0,
    "cross_btc_lead_indicator": 0.0,
    "cross_eth_btc_ratio_change": 0.07072549486109735,
    "vol_realized_5m": 27.97004229006273,
    "vol_realized_15m": 12.457795163446768,
    "vol_realized_1h": 5.395788206064597,
    "vol_realized_4h": 3.567875997276329,
    "vol_ratio_5m_1h": 5.183680534129526,
    "vol_ratio_15m_4h": 3.4916558683532974,
    "vol_regime": 3.0,
    "vol_expansion": 1.0,
    "vol_contraction": 0.0,
    "vol_percentile": 81.05263157894737,
    "sent_fear_greed": 42.0,
    "sent_fear_greed_change": -2.0,
    "sent_extreme_fear": 0.0,
    "sent_extreme_greed": 0.0,
    "sent_fear": 0.0,
    "sent_greed": 0.0
  },
  "output_prediction": {
    "signal": "SHORT",
    "confidence": 0.5684022420022968,
    "raw_model_outputs": {
      "xgboost": 0.06598562002182007,
      "lightgbm": 0.052787030021995605,
      "lstm": 0.42379000782966614,
      "random_forest": 0.38429466764695064,
      "weighted_average": 0.21579887899885158,
      "model_agreement": 0.30817687393775683
    }
  },
  "regime_info": {
    "regime": "trending",
    "regime_confidence": 0.8505527403381969,
    "atr_ratio": 1.0169653065630666,
    "adx_value": 45.879395028183076,
    "is_exhausted": false,
    "is_weakening": false,
    "leverage_tier": "elevated_volatility"
  },