{
  "timestamp": "2026-01-07T05:17:59.465866Z",
  "order_id": "703649341394387885",
  "stage": "Decision Making",
  "model_version": "ollama:qwen2.5:1.5b+exit_manager_v1",
  "input_features": {
    "tech_returns_1": 0.02408477842004153,
    "tech_returns_5": 0.07228915662651492,
    "tech_returns_15": 0.036131518728166334,
    "tech_returns_60": -0.312049927988467,
    "tech_returns_240": -1.036578100798291,
    "tech_returns_1440": 0.02391486308742106,
    "tech_rsi_14": 47.1594370295943,
    "tech_rsi_7": 60.49530187943098,
    "tech_rsi_21": 43.6810478187829,
    "tech_rsi_slope": 0.37298618856619115,
    "tech_rsi_divergence": 0.0,
    "tech_rsi_zone": 2.0,
    "tech_macd": -0.03559288809660188,
    "tech_macd_signal": -0.05025087429831633,
    "tech_macd_hist": 0.014657986201714449,
    "tech_stoch_k": 92.30769230769903,
    "tech_stoch_d": 84.98168498169126,
    "tech_ema_cross_9_21": -1.0,
    "tech_ema_cross_50_200": -1.0,
    "tech_ema_9": 83.03516191004519,
    "tech_ema_21": 83.05640679162586,
    "tech_ema_50": 83.1399764267201,
    "tech_price_ema_9_pct": 0.029912737427694007,
    "tech_price_ema_21_pct": 0.0043262266126635985,
    "tech_adx": 33.1421372587402,
    "tech_adx_7": 42.94979261420033,
    "tech_adx_10": 34.040445360086714,
    "tech_adx_roc_5": -25.013562942136097,
    "tech_adx_slope_3": -3.8226582297985665,
    "tech_adx_deceleration": 1.1173919348891914,
    "tech_plus_di": 28.216606429947067,
    "tech_minus_di": 23.053844136069458,
    "tech_di_crossover": 0.0,
    "tech_atr_14": 0.03171110129650793,
    "tech_atr_pct": 0.03817854719059466,
    "tech_atr_14_avg": 0.037255092957704704,
    "tech_bb_upper": 83.13872027158335,
    "tech_bb_lower": 82.93127972841664,
    "tech_bb_width": 0.24982301820522876,
    "tech_bb_position": 0.620516460371559,
    "tech_volatility_20": 0.005130701154737332,
    "tech_volume_ratio": 0.009853441158977728,
    "tech_obv": -73061.40000000002,
    "tech_momentum_10": 0.07000000000000739,
    "tech_roc_10": 0.08434751174841715,
    "tech_high_low_range": 0.024078979051283436,
    "tech_body_ratio": 0.9999999949999999,
    "tech_swing_high_10": 83.07,
    "tech_swing_low_10": 82.95,
    "tech_price_vs_swing_high": -0.012038040207043344,
    "tech_price_vs_swing_low": 0.13261000602772685,
    "tech_swing_break_up": 0.0,
    "tech_swing_break_down": 0.0,
    "tech_volume_spike": 0.0,
    "tech_volume_spike_ratio": 0.009853441158977728,
    "micro_ob_best_bid_price": 83.03,
    "micro_ob_best_ask_price": 83.04,
    "micro_ob_best_bid_size": 3893.4,
    "micro_ob_best_ask_size": 3415.6,
    "micro_ob_spread_absolute": 0.010000000000005116,
    "micro_ob_spread_percentage": 0.012043114349376908,
    "micro_ob_bid_ask_size_ratio": 1.1398875746574542,
    "micro_ob_orderbook_imbalance_5": 0.001616396221085368,
    "micro_ob_orderbook_imbalance_10": -0.05587948235466189,
    "micro_ob_orderbook_imbalance_20": -0.053403362987809205,
    "micro_ob_orderbook_vwap": 83.03823310353752,
    "micro_ob_buy_impact_0.1": 0.0,
    "micro_ob_sell_impact_0.1": 0.0,
    "micro_ob_buy_impact_1.0": 0.0,
    "micro_ob_sell_impact_1.0": 0.0,
    "micro_ob_buy_impact_10.0": 0.0,
    "micro_ob_sell_impact_10.0": 0.0,
    "micro_ob_bid_depth_concentration": 0.6204734360569679,
    "micro_ob_ask_depth_concentration": 0.5557627881175664,
    "micro_ob_bid_levels": 15,
    "micro_ob_ask_levels": 15,
    "micro_ob_total_bid_volume": 20573.0,
    "micro_ob_total_ask_volume": 22894.3,
    "micro_ob_total_orderbook_volume": 43467.3,
    "micro_ob_order_flow_imbalance": -0.053403362987809205,
    "micro_ob_depth_imbalance_1": 0.06537145984402794,
    "micro_ob_depth_imbalance_5": 0.001616396221085368,
    "micro_ob_depth_imbalance_10": -0.05587948235466189,
    "micro_ob_depth_imbalance_20": -0.053403362987809205,
    "micro_fr_funding_rate_current": -2.683e-05,
    "micro_fr_funding_rate_abs": 2.683e-05,
    "micro_fr_funding_rate_mean": 7.6280769230769226e-06,
    "micro_fr_funding_rate_std": 2.4895270174693945e-05,
    "micro_fr_funding_rate_min": -2.683e-05,
    "micro_fr_funding_rate_max": 5.904e-05,
    "micro_fr_funding_rate_skew": 0.522492886674692,
    "micro_fr_funding_rate_kurtosis": -0.8229370911171969,
    "micro_fr_funding_rate_trend": -2.9289999999999977e-06,
    "micro_fr_funding_rate_change": -1.5999999999999847e-07,
    "micro_fr_funding_rate_change_abs": 1.5999999999999847e-07,
    "micro_fr_funding_rate_positive": 0.0,
    "micro_fr_funding_rate_negative": 1.0,
    "micro_fr_funding_rate_high": 0.0,
    "micro_fr_funding_rate_extreme": 0.0,
    "micro_fr_hours_to_next_funding": 0.0,
    "micro_fr_funding_imminent": 1.0,
    "micro_vp_volume_current": 639.639,
    "micro_vp_volume_mean": 394.93729,
    "micro_vp_volume_std": 205.46630269274303,
    "micro_vp_volume_max": 730.928,
    "micro_vp_volume_sum": 39493.729,
    "micro_vp_volume_ratio": 1.6195963668054743,
    "micro_vp_large_volume_trade": 0.0,
    "micro_vp_recent_vwap": 83.05726460699621,
    "micro_vp_price_vwap_deviation_pct": 0.015333268033856194,
    "micro_vp_price_clustering": 0.6011518800266478,
    "micro_vp_volume_trend": 36.30415757575758,
    "micro_of_order_flow_imbalance": -0.053403362987809205,
    "micro_of_trade_flow_buy_pressure": 0.47329831850609533,
    "micro_of_trade_flow_sell_pressure": 0.5267016814939046,
    "micro_of_kyles_lambda_buy": 0.0,
    "micro_of_kyles_lambda_sell": 0.0,
    "micro_of_kyles_lambda_avg": 0.0,
    "micro_of_amihud_illiquidity": 0.050043855506125424,
    "micro_of_spread_dynamics_current": 0.012043114349376908,
    "micro_micro_funding_arbitrage": 0.0,
    "micro_micro_orderbook_pressure": 0.0,
    "micro_micro_liquidity_score": 1.0,
    "micro_micro_volume_spike": 0.5,
    "micro_micro_oi_divergence": 0.0,
    "micro_micro_composite_score": 0.25,
    "fee_maker_rate": 0.0002,
    "fee_taker_rate": 0.0008,
    "fee_round_trip_cost": 0.0016,
    "fee_breakeven_move_pct": 0.16,
    "fee_net_profit_threshold": 0.16,
    "time_hour_sin": 0.9659258262890683,
    "time_hour_cos": 0.25881904510252074,
    "time_day_sin": 0.9749279121818236,
    "time_day_cos": -0.22252093395631434,
    "time_day_of_week": 2.0,
    "time_is_asian": 1.0,
    "time_is_london": 0.0,
    "time_is_ny": 0.0,
    "time_is_london_ny_overlap": 0.0,
    "time_is_weekend": 0.0,
    "time_is_us_market_hours": 0.0,
    "cross_btc_return_1m": 0.0,
    "cross_btc_return_5m": 0.07695637016338162,
    "cross_btc_return_15m": 0.10872323081822825,
    "cross_btc_correlation": 0.5760297486796727,
    "cross_btc_lead_indicator": 0.07695637016338162,
    "cross_eth_btc_ratio_change": -0.008801277260896205,
    "vol_realized_5m": 7.571620053614627,
    "vol_realized_15m": 4.672807980146689,
    "vol_realized_1h": 4.117727606263454,
    "vol_realized_4h": 2.8754703536010835,
    "vol_ratio_5m_1h": 1.8387860435686603,
    "vol_ratio_15m_4h": 1.6250586532024984,
    "vol_regime": 0.0,
    "vol_expansion": 1.0,
    "vol_contraction": 0.0,
    "vol_percentile": 20.0,
    "sent_fear_greed": 42.0,
    "sent_fear_greed_change": -2.0,
    "sent_extreme_fear": 0.0,
    "sent_extreme_greed": 0.0,
    "sent_fear": 0.0,
    "sent_greed": 0.0,
    "exit_trigger": true,
    "exit_reason": "Trailing stop hit: 83.08 >= 83.06",
    "position_side": "SHORT",
    "entry_price": 83.2,
    "exit_price": 83.08,
    "position_size": 0.1,
    "hold_duration_hours": 0.43986580583333335
  },
  "output_prediction": {
    "signal": "EXIT_SHORT",
    "confidence": 1.0,
    "raw_model_outputs": {
      "action": "exit"
    }
  },
  "regime_info": {
    "regime": "unknown",
    "regime_confidence": 0.0,
    "atr_ratio": 1.0,
    "adx_value": 0.0,
    "is_exhausted": false,
    "is_weakening": false,
    "leverage_tier": "unknown"
  },