{
  "timestamp": "2026-01-07T13:15:32.649768Z",
  "order_id": "703769520887563181",
  "stage": "Decision Making",
  "model_version": "ollama:qwen2.5:1.5b+ensemble_v1.0",
  "input_features": {
    "tech_returns_1": 0.08337731200289689,
    "tech_returns_5": -0.020276825460208148,
    "tech_returns_15": -0.23688052319157382,
    "tech_returns_60": -1.0512406492067083,
    "tech_returns_240": -2.3586400194979262,
    "tech_returns_1440": -0.7326290289189176,
    "tech_rsi_14": 38.07242974921987,
    "tech_rsi_7": 42.540071788729485,
    "tech_rsi_21": 36.80050932859837,
    "tech_rsi_slope": 3.984108157350388,
    "tech_rsi_divergence": 0.0,
    "tech_rsi_zone": 2.0,
    "tech_macd": -3.7516462053381474,
    "tech_macd_signal": -3.5298597954983624,
    "tech_macd_hist": -0.22178640983978504,
    "tech_stoch_k": 28.43729040912239,
    "tech_stoch_d": 12.836070798311754,
    "tech_ema_cross_9_21": -1.0,
    "tech_ema_cross_50_200": -1.0,
    "tech_ema_9": 3205.428261520362,
    "tech_ema_21": 3208.7712572814366,
    "tech_ema_50": 3216.4215741672015,
    "tech_price_ema_9_pct": -0.013984450244702235,
    "tech_price_ema_21_pct": -0.11815293074672736,
    "tech_adx": 53.81497797849214,
    "tech_adx_7": 55.62432180991354,
    "tech_adx_10": 56.722060614416755,
    "tech_adx_roc_5": 3.567707306495606,
    "tech_adx_slope_3": -0.20582511753914545,
    "tech_adx_deceleration": -2.2593463243321104,
    "tech_plus_di": 17.115797091393844,
    "tech_minus_di": 38.76776109555965,
    "tech_di_crossover": 0.0,
    "tech_atr_14": 2.67313637319569,
    "tech_atr_pct": 0.08340571152380638,
    "tech_atr_14_avg": 2.2029419856213015,
    "tech_bb_upper": 3217.5492381789804,
    "tech_bb_lower": 3200.631761821019,
    "tech_bb_width": 0.5271735514458467,
    "tech_bb_position": 0.25702640789768894,
    "tech_volatility_20": 0.010459646797666745,
    "tech_volume_ratio": 0.7443317270627821,
    "tech_obv": -13535.693,
    "tech_momentum_10": -9.0,
    "tech_roc_10": -0.2800266336442703,
    "tech_high_low_range": 0.13260613170753013,
    "tech_body_ratio": 0.6282352941028821,
    "tech_swing_high_10": 3214.61,
    "tech_swing_low_10": 3200.74,
    "tech_price_vs_swing_high": -0.2995697767380836,
    "tech_price_vs_swing_low": 0.13246936645901375,
    "tech_swing_break_up": 0.0,
    "tech_swing_break_down": 0.0,
    "tech_volume_spike": 0.0,
    "tech_volume_spike_ratio": 0.7443317270627821,
    "micro_ob_best_bid_price": 3204.13,
    "micro_ob_best_ask_price": 3204.14,
    "micro_ob_best_bid_size": 40.656,
    "micro_ob_best_ask_size": 47.774,
    "micro_ob_spread_absolute": 0.009999999999763531,
    "micro_ob_spread_percentage": 0.00031209671252189846,
    "micro_ob_bid_ask_size_ratio": 0.8510068237953698,
    "micro_ob_orderbook_imbalance_5": -0.20561978911522566,
    "micro_ob_orderbook_imbalance_10": -0.14781589054968336,
    "micro_ob_orderbook_imbalance_20": -0.1085226757026594,
    "micro_ob_orderbook_vwap": 3204.1511836131,
    "micro_ob_buy_impact_0.1": 0.0,
    "micro_ob_sell_impact_0.1": 0.0,
    "micro_ob_buy_impact_1.0": 0.0,
    "micro_ob_sell_impact_1.0": 0.0,
    "micro_ob_buy_impact_10.0": -1.4192493177154061e-14,
    "micro_ob_sell_impact_10.0": 0.0,
    "micro_ob_bid_depth_concentration": 0.4723636281363832,
    "micro_ob_ask_depth_concentration": 0.5765329330422125,
    "micro_ob_bid_levels": 15,
    "micro_ob_ask_levels": 15,
    "micro_ob_total_bid_volume": 176.796,
    "micro_ob_total_ask_volume": 219.84,
    "micro_ob_total_orderbook_volume": 396.63599999999997,
    "micro_ob_order_flow_imbalance": -0.1085226757026594,
    "micro_ob_depth_imbalance_1": -0.08049304534660184,
    "micro_ob_depth_imbalance_5": -0.20561978911522566,
    "micro_ob_depth_imbalance_10": -0.14781589054968336,
    "micro_ob_depth_imbalance_20": -0.1085226757026594,
    "micro_fr_funding_rate_current": 5.79e-06,
    "micro_fr_funding_rate_abs": 5.79e-06,
    "micro_fr_funding_rate_positive": 1.0,
    "micro_fr_funding_rate_negative": 0.0,
    "micro_fr_funding_rate_high": 0.0,
    "micro_fr_funding_rate_extreme": 0.0,
    "micro_fr_hours_to_next_funding": 0.0,
    "micro_fr_funding_imminent": 1.0,
    "micro_vp_volume_current": 4998.75908,
    "micro_vp_volume_mean": 5044.6388116,
    "micro_vp_volume_std": 15202.569700841019,
    "micro_vp_volume_max": 125051.526,
    "micro_vp_volume_sum": 504463.88116,
    "micro_vp_volume_ratio": 0.9909052494512588,
    "micro_vp_large_volume_trade": 0.0,
    "micro_vp_recent_vwap": 3203.3318179697053,
    "micro_vp_price_vwap_deviation_pct": -0.03283512384838571,
    "micro_vp_price_clustering": 0.005521139932227292,
    "micro_vp_volume_trend": 230.87466309090902,
    "micro_of_order_flow_imbalance": -0.1085226757026594,
    "micro_of_trade_flow_buy_pressure": 0.44573866214867036,
    "micro_of_trade_flow_sell_pressure": 0.5542613378513297,
    "micro_of_kyles_lambda_buy": -1.419249317715406e-15,
    "micro_of_kyles_lambda_sell": 0.0,
    "micro_of_kyles_lambda_avg": -7.09624658857703e-16,
    "micro_of_amihud_illiquidity": 0.1322380391758003,
    "micro_of_spread_dynamics_current": 0.00031209671252189846,
    "micro_micro_funding_arbitrage": 0.0,
    "micro_micro_orderbook_pressure": -0.5,
    "micro_micro_liquidity_score": 0.75,
    "micro_micro_volume_spike": 0.0,
    "micro_micro_oi_divergence": 0.0,
    "micro_micro_composite_score": 0.30000000000000004,
    "fee_maker_rate": 0.0002,
    "fee_taker_rate": 0.0008,
    "fee_round_trip_cost": 0.0016,
    "fee_breakeven_move_pct": 0.16,
    "fee_net_profit_threshold": 0.16,
    "time_hour_sin": -0.2588190451025208,
    "time_hour_cos": -0.9659258262890683,
    "time_day_sin": 0.9749279121818236,
    "time_day_cos": -0.22252093395631434,
    "time_day_of_week": 2.0,
    "time_is_asian": 0.0,
    "time_is_london": 1.0,
    "time_is_ny": 1.0,
    "time_is_london_ny_overlap": 1.0,
    "time_is_weekend": 0.0,
    "time_is_us_market_hours": 1.0,
    "cross_btc_return_1m": 0.016438952697192116,
    "cross_btc_return_5m": -0.027204932580736075,
    "cross_btc_return_15m": -0.12480309268150355,
    "cross_btc_correlation": 0.8995263971580124,
    "cross_btc_lead_indicator": -0.027204932580736075,
    "cross_eth_btc_ratio_change": -0.10754251700515519,
    "vol_realized_5m": 18.16740944015342,
    "vol_realized_15m": 13.768705629612981,
    "vol_realized_1h": 8.375104725019428,
    "vol_realized_4h": 4.2682793256384715,
    "vol_ratio_5m_1h": 2.169215793311919,
    "vol_ratio_15m_4h": 3.2258211281787155,
    "vol_regime": 2.0,
    "vol_expansion": 1.0,
    "vol_contraction": 0.0,
    "vol_percentile": 68.42105263157895,
    "sent_fear_greed": 42.0,
    "sent_fear_greed_change": -2.0,
    "sent_extreme_fear": 0.0,
    "sent_extreme_greed": 0.0,
    "sent_fear": 0.0,
    "sent_greed": 0.0
  },
  "output_prediction": {
    "signal": "SHORT",
    "confidence": 0.574339643998449,
    "raw_model_outputs": {
      "xgboost": 0.09562785178422928,
      "lightgbm": 0.07496764763973013,
      "lstm": 0.3529450297355652,
      "random_forest": 0.3858182618831243,
      "weighted_average": 0.21283017800077553,
      "model_agreement": 0.42918512025204403
    }
  },
  "regime_info": {
    "regime": "trending",
    "regime_confidence": 0.869480176172063,
    "atr_ratio": 1.2134392964696155,
    "adx_value": 53.81497797849214,
    "is_exhausted": false,
    "is_weakening": false,
    "leverage_tier": "elevated_volatility"
  },
  "explanation": "The short signal for ETHUSDT is based on a confidence level of 57.4%, indicated by the high RSI at 38.1, MACD at -3.7516, and ADX at 53.8. The ATR value of 0.08% suggests recent price volatility, while BB shows slight overbought conditions with a reading of 0.26. Volatility is currently low at 0.74%. This combination points to an oversold market that could be ready for a correction or reversal. ML ensemble validation supports this signal, indicating a high likelihood of profit potential in the short-term.",
  "symbol": "cmt_ethusdt",
  "position_size": 0.004,