{
  "timestamp": "2026-01-07T10:17:13.594172Z",
  "order_id": "703724642157724589",
  "stage": "Decision Making",
  "model_version": "ollama:qwen2.5:1.5b+ensemble_v1.0",
  "input_features": {
    "tech_returns_1": 0.0,
    "tech_returns_5": -0.1701507049100548,
    "tech_returns_15": 0.2685546875,
    "tech_returns_60": -1.202790473899451,
    "tech_returns_240": -0.1944106925880873,
    "tech_returns_1440": -2.9787234042553195,
    "tech_rsi_14": 47.080939149607914,
    "tech_rsi_7": 44.21390453232204,
    "tech_rsi_21": 44.936705999835354,
    "tech_rsi_slope": 3.552713678800501e-15,
    "tech_rsi_divergence": 0.0,
    "tech_rsi_zone": 2.0,
    "tech_macd": -2.8914946788194396e-05,
    "tech_macd_signal": -8.404819346817957e-05,
    "tech_macd_hist": 5.513324667998517e-05,
    "tech_stoch_k": 50.0,
    "tech_stoch_d": 58.045977011494614,
    "tech_ema_cross_9_21": 1.0,
    "tech_ema_cross_50_200": -1.0,
    "tech_ema_9": 0.4108594947629677,
    "tech_ema_21": 0.4108170781920861,
    "tech_ema_50": 0.4115839595625355,
    "tech_price_ema_9_pct": -0.03881978267526389,
    "tech_price_ema_21_pct": -0.02849886197559078,
    "tech_adx": 23.66953692951672,
    "tech_adx_7": 41.492568046240045,
    "tech_adx_10": 31.069938141001167,
    "tech_adx_roc_5": -6.771551018662176,
    "tech_adx_slope_3": -1.8108295550480502,
    "tech_adx_deceleration": 0.27858916231508424,
    "tech_plus_di": 17.149045146192208,
    "tech_minus_di": 22.156531203030287,
    "tech_di_crossover": 0.0,
    "tech_atr_14": 0.00047921281910491277,
    "tech_atr_pct": 0.11668196228510172,
    "tech_atr_14_avg": 0.0006575042874627381,
    "tech_bb_upper": 0.411802321572218,
    "tech_bb_lower": 0.409407678427782,
    "tech_bb_width": 0.5831987297855721,
    "tech_bb_position": 0.539671881892191,
    "tech_volatility_20": 0.01228856350519109,
    "tech_volume_ratio": 0.10736416203386591,
    "tech_obv": 878210.0,
    "tech_momentum_10": -9.999999999998899e-05,
    "tech_roc_10": -0.024342745861727355,
    "tech_high_low_range": 0.024348672997318965,
    "tech_body_ratio": 0.0,
    "tech_swing_high_10": 0.4118,
    "tech_swing_low_10": 0.4104,
    "tech_price_vs_swing_high": -0.267119961146185,
    "tech_price_vs_swing_low": 0.07309941520468384,
    "tech_swing_break_up": 0.0,
    "tech_swing_break_down": 0.0,
    "tech_volume_spike": 0.0,
    "tech_volume_spike_ratio": 0.10736416203386591,
    "micro_ob_best_bid_price": 0.4108,
    "micro_ob_best_ask_price": 0.4109,
    "micro_ob_best_bid_size": 940480.0,
    "micro_ob_best_ask_size": 872690.0,
    "micro_ob_spread_absolute": 9.999999999998899e-05,
    "micro_ob_spread_percentage": 0.024339783375925274,
    "micro_ob_bid_ask_size_ratio": 1.0776793592226335,
    "micro_ob_orderbook_imbalance_5": 0.024009455113973375,
    "micro_ob_orderbook_imbalance_10": 0.07685172098496933,
    "micro_ob_orderbook_imbalance_20": 0.09809902339418813,
    "micro_ob_orderbook_vwap": 0.4107648746001483,
    "micro_ob_buy_impact_0.1": 0.0,
    "micro_ob_sell_impact_0.1": 0.0,
    "micro_ob_buy_impact_1.0": 0.0,
    "micro_ob_sell_impact_1.0": 0.0,
    "micro_ob_buy_impact_10.0": 0.0,
    "micro_ob_sell_impact_10.0": 0.0,
    "micro_ob_bid_depth_concentration": 0.3921356069969905,
    "micro_ob_ask_depth_concentration": 0.4550515217286846,
    "micro_ob_bid_levels": 15,
    "micro_ob_ask_levels": 15,
    "micro_ob_total_bid_volume": 11909120.0,
    "micro_ob_total_ask_volume": 9781310.0,
    "micro_ob_total_orderbook_volume": 21690430.0,
    "micro_ob_order_flow_imbalance": 0.09809902339418813,
    "micro_ob_depth_imbalance_1": 0.03738755880584832,
    "micro_ob_depth_imbalance_5": 0.024009455113973375,
    "micro_ob_depth_imbalance_10": 0.07685172098496933,
    "micro_ob_depth_imbalance_20": 0.09809902339418813,
    "micro_fr_funding_rate_current": 0.0001,
    "micro_fr_funding_rate_abs": 0.0001,
    "micro_fr_funding_rate_mean": 0.00010000000000000002,
    "micro_fr_funding_rate_std": 1.3552527156068805e-20,
    "micro_fr_funding_rate_min": 0.0001,
    "micro_fr_funding_rate_max": 0.0001,
    "micro_fr_funding_rate_skew": -1.0,
    "micro_fr_funding_rate_kurtosis": -2.0,
    "micro_fr_funding_rate_trend": -9.234190815370753e-21,
    "micro_fr_funding_rate_change": 0.0,
    "micro_fr_funding_rate_change_abs": 0.0,
    "micro_fr_funding_rate_positive": 1.0,
    "micro_fr_funding_rate_negative": 0.0,
    "micro_fr_funding_rate_high": 0.0,
    "micro_fr_funding_rate_extreme": 0.0,
    "micro_fr_hours_to_next_funding": 0.0,
    "micro_fr_funding_imminent": 1.0,
    "micro_vp_volume_current": 61.59,
    "micro_vp_volume_mean": 100.42879,
    "micro_vp_volume_std": 217.79193726101508,
    "micro_vp_volume_max": 1996.974,
    "micro_vp_volume_sum": 10042.879,
    "micro_vp_volume_ratio": 0.6132703580317954,
    "micro_vp_large_volume_trade": 0.0,
    "micro_vp_recent_vwap": 0.41075171965130713,
    "micro_vp_price_vwap_deviation_pct": -0.0369370702661722,
    "micro_vp_price_clustering": 0.42666009299143054,
    "micro_vp_volume_trend": 3.8825878787878834,
    "micro_of_order_flow_imbalance": 0.09809902339418813,
    "micro_of_trade_flow_buy_pressure": 0.549049511697094,
    "micro_of_trade_flow_sell_pressure": 0.45095048830290596,
    "micro_of_kyles_lambda_buy": 0.0,
    "micro_of_kyles_lambda_sell": 0.0,
    "micro_of_kyles_lambda_avg": 0.0,
    "micro_of_amihud_illiquidity": 1.1465385129818624,
    "micro_of_spread_dynamics_current": 0.024339783375925274,
    "micro_micro_funding_arbitrage": 0.0,
    "micro_micro_orderbook_pressure": 0.0,
    "micro_micro_liquidity_score": 1.0,
    "micro_micro_volume_spike": 0.0,
    "micro_micro_oi_divergence": 0.0,
    "micro_micro_composite_score": 0.2,
    "fee_maker_rate": 0.0002,
    "fee_taker_rate": 0.0008,
    "fee_round_trip_cost": 0.0016,
    "fee_breakeven_move_pct": 0.16,
    "fee_net_profit_threshold": 0.16,
    "time_hour_sin": 0.49999999999999994,
    "time_hour_cos": -0.8660254037844387,
    "time_day_sin": 0.9749279121818236,
    "time_day_cos": -0.22252093395631434,
    "time_day_of_week": 2.0,
    "time_is_asian": 0.0,
    "time_is_london": 1.0,
    "time_is_ny": 0.0,
    "time_is_london_ny_overlap": 0.0,
    "time_is_weekend": 0.0,
    "time_is_us_market_hours": 0.0,
    "cross_btc_return_1m": 0.026153591323981967,
    "cross_btc_return_5m": -0.015358858085231063,
    "cross_btc_return_15m": 0.2274481799231971,
    "cross_btc_correlation": 0.5362203666843692,
    "cross_btc_lead_indicator": -0.015358858085231063,
    "cross_eth_btc_ratio_change": 0.10382259533470238,
    "vol_realized_5m": 11.593072484292776,
    "vol_realized_15m": 11.674073800937837,
    "vol_realized_1h": 10.600286360396908,
    "vol_realized_4h": 4.926304479860078,
    "vol_ratio_5m_1h": 1.0936565381483425,
    "vol_ratio_15m_4h": 2.3697426435301083,
    "vol_regime": 0.0,
    "vol_expansion": 0.0,
    "vol_contraction": 0.0,
    "vol_percentile": 12.631578947368421,
    "sent_fear_greed": 42.0,
    "sent_fear_greed_change": -2.0,
    "sent_extreme_fear": 0.0,
    "sent_extreme_greed": 0.0,
    "sent_fear": 0.0,
    "sent_greed": 0.0
  },
  "output_prediction": {
    "signal": "SHORT",
    "confidence": 0.5822883296747778,
    "raw_model_outputs": {
      "xgboost": 0.21355335414409637,
      "lightgbm": 0.17181894246980656,
      "lstm": 0.152449369430542,
      "random_forest": 0.31861374727089464,
      "weighted_average": 0.20885583516261108,
      "model_agreement": 0.7430026462995869
    }
  },
  "regime_info": {
    "regime": "ranging",
    "regime_confidence": 0.5,
    "atr_ratio": 0.728836036878422,
    "adx_value": 23.66953692951672,
    "is_exhausted": false,
    "is_weakening": false,
    "leverage_tier": "normal_volatility"
  },