{
  "timestamp": "2026-01-07T15:35:48.233216Z",
  "order_id": "703804810918364077",
  "stage": "Decision Making",
  "model_version": "ollama:qwen2.5:1.5b+ensemble_v1.0",
  "input_features": {
    "tech_returns_1": 0.09500646043931749,
    "tech_returns_5": 0.21814953389560632,
    "tech_returns_15": 0.2760169798031731,
    "tech_returns_60": -1.1274055907305014,
    "tech_returns_240": -2.4972004824733274,
    "tech_returns_1440": -0.7326290289189176,
    "tech_rsi_14": 49.87802841168652,
    "tech_rsi_7": 57.86705557722083,
    "tech_rsi_21": 46.85940522805262,
    "tech_rsi_slope": 2.0511366206467194,
    "tech_rsi_divergence": 0.0,
    "tech_rsi_zone": 2.0,
    "tech_macd": -2.931767129142827,
    "tech_macd_signal": -4.5046272597052015,
    "tech_macd_hist": 1.5728601305623746,
    "tech_stoch_k": 74.66496490108337,
    "tech_stoch_d": 63.84561467029877,
    "tech_ema_cross_9_21": -1.0,
    "tech_ema_cross_50_200": -1.0,
    "tech_ema_9": 3157.6425744781664,
    "tech_ema_21": 3159.0657623452407,
    "tech_ema_50": 3167.8468686863384,
    "tech_price_ema_9_pct": 0.09619282265775285,
    "tech_price_ema_21_pct": 0.05109857711732863,
    "tech_adx": 24.09716656511919,
    "tech_adx_7": 30.59031916269945,
    "tech_adx_10": 26.205597605758626,
    "tech_adx_roc_5": -14.177990757044142,
    "tech_adx_slope_3": -1.843408694669213,
    "tech_adx_deceleration": 1.5206484632689587,
    "tech_plus_di": 27.481526738510208,
    "tech_minus_di": 17.325876802260133,
    "tech_di_crossover": 0.0,
    "tech_atr_14": 6.256695162191569,
    "tech_atr_pct": 0.19795408463341968,
    "tech_atr_14_avg": 7.056075871387535,
    "tech_bb_upper": 3164.2424679043993,
    "tech_bb_lower": 3147.0505320956004,
    "tech_bb_width": 0.5447991658380911,
    "tech_bb_position": 0.7927826194781296,
    "tech_volatility_20": 0.025768902322292744,
    "tech_volume_ratio": 0.33803546512103905,
    "tech_obv": -138309.145,
    "tech_momentum_10": 7.589999999999691,
    "tech_roc_10": 0.24071624977402006,
    "tech_high_low_range": 0.19078173051369327,
    "tech_body_ratio": 0.4593698175711365,
    "tech_swing_high_10": 3164.65,
    "tech_swing_low_10": 3148.98,
    "tech_price_vs_swing_high": -0.12544831181964053,
    "tech_price_vs_swing_low": 0.3715488824952784,
    "tech_swing_break_up": 0.0,
    "tech_swing_break_down": 0.0,
    "tech_volume_spike": 0.0,
    "tech_volume_spike_ratio": 0.33803546512103905,
    "micro_ob_best_bid_price": 3160.48,
    "micro_ob_best_ask_price": 3160.49,
    "micro_ob_best_bid_size": 43.713,
    "micro_ob_best_ask_size": 46.732,
    "micro_ob_spread_absolute": 0.009999999999763531,
    "micro_ob_spread_percentage": 0.00031640713370775477,
    "micro_ob_bid_ask_size_ratio": 0.9353975862364119,
    "micro_ob_orderbook_imbalance_5": -0.21538104538510622,
    "micro_ob_orderbook_imbalance_10": -0.13884245153288208,
    "micro_ob_orderbook_imbalance_20": -0.10146513213671798,
    "micro_ob_orderbook_vwap": 3160.4878856135583,
    "micro_ob_buy_impact_0.1": 0.0,
    "micro_ob_sell_impact_0.1": 0.0,
    "micro_ob_buy_impact_1.0": 0.0,
    "micro_ob_sell_impact_1.0": 0.0,
    "micro_ob_buy_impact_10.0": 0.0,
    "micro_ob_sell_impact_10.0": 0.0,
    "micro_ob_bid_depth_concentration": 0.46831176925474083,
    "micro_ob_ask_depth_concentration": 0.591769961914536,
    "micro_ob_bid_levels": 15,
    "micro_ob_ask_levels": 15,
    "micro_ob_total_bid_volume": 173.282,
    "micro_ob_total_ask_volume": 212.417,
    "micro_ob_total_orderbook_volume": 385.699,
    "micro_ob_order_flow_imbalance": -0.10146513213671798,
    "micro_ob_depth_imbalance_1": -0.03337940184642599,
    "micro_ob_depth_imbalance_5": -0.21538104538510622,
    "micro_ob_depth_imbalance_10": -0.13884245153288208,
    "micro_ob_depth_imbalance_20": -0.10146513213671798,
    "micro_fr_funding_rate_current": 2.913e-05,
    "micro_fr_funding_rate_abs": 2.913e-05,
    "micro_fr_funding_rate_mean": 1.422205882352941e-05,
    "micro_fr_funding_rate_std": 7.422036655405769e-06,
    "micro_fr_funding_rate_min": 5.79e-06,
    "micro_fr_funding_rate_max": 2.913e-05,
    "micro_fr_funding_rate_skew": 0.5059777629926309,
    "micro_fr_funding_rate_kurtosis": -1.2691551647480492,
    "micro_fr_funding_rate_trend": 1.1230000000000007e-06,
    "micro_fr_funding_rate_change": 2.1799999999999995e-06,
    "micro_fr_funding_rate_change_abs": 2.1799999999999995e-06,
    "micro_fr_funding_rate_positive": 1.0,
    "micro_fr_funding_rate_negative": 0.0,
    "micro_fr_funding_rate_high": 0.0,
    "micro_fr_funding_rate_extreme": 0.0,
    "micro_fr_hours_to_next_funding": 0.0,
    "micro_fr_funding_imminent": 1.0,
    "micro_vp_volume_current": 107.45632,
    "micro_vp_volume_mean": 7889.6285635,
    "micro_vp_volume_std": 13518.791600557659,
    "micro_vp_volume_max": 78917.363,
    "micro_vp_volume_sum": 788962.85635,
    "micro_vp_volume_ratio": 0.01361994663438632,
    "micro_vp_large_volume_trade": 0.0,
    "micro_vp_recent_vwap": 3162.125206948074,
    "micro_vp_price_vwap_deviation_pct": -0.05202852007437314,
    "micro_vp_price_clustering": 0.005400779295452285,
    "micro_vp_volume_trend": -126.7080424242422,
    "micro_of_order_flow_imbalance": -0.10146513213671798,
    "micro_of_trade_flow_buy_pressure": 0.449267433931641,
    "micro_of_trade_flow_sell_pressure": 0.550732566068359,
    "micro_of_kyles_lambda_buy": 0.0,
    "micro_of_kyles_lambda_sell": 0.0,
    "micro_of_kyles_lambda_avg": 0.0,
    "micro_of_amihud_illiquidity": 0.2893984789650284,
    "micro_of_spread_dynamics_current": 0.00031640713370775477,
    "micro_micro_funding_arbitrage": 0.0,
    "micro_micro_orderbook_pressure": -0.5,
    "micro_micro_liquidity_score": 0.75,
    "micro_micro_volume_spike": 0.0,
    "micro_micro_oi_divergence": 0.0,
    "micro_micro_composite_score": 0.30000000000000004,
    "fee_maker_rate": 0.0002,
    "fee_taker_rate": 0.0008,
    "fee_round_trip_cost": 0.0016,
    "fee_breakeven_move_pct": 0.16,
    "fee_net_profit_threshold": 0.16,
    "time_hour_sin": -0.7071067811865471,
    "time_hour_cos": -0.7071067811865479,
    "time_day_sin": 0.9749279121818236,
    "time_day_cos": -0.22252093395631434,
    "time_day_of_week": 2.0,
    "time_is_asian": 0.0,
    "time_is_london": 1.0,
    "time_is_ny": 1.0,
    "time_is_london_ny_overlap": 1.0,
    "time_is_weekend": 0.0,
    "time_is_us_market_hours": 1.0,
    "cross_btc_return_1m": 0.0993643314951933,
    "cross_btc_return_5m": 0.14582393816801043,
    "cross_btc_return_15m": 0.12506006174017786,
    "cross_btc_correlation": 0.8928634414935571,
    "cross_btc_lead_indicator": 0.14582393816801043,
    "cross_eth_btc_ratio_change": 0.1507683670500696,
    "vol_realized_5m": 32.03054928114112,
    "vol_realized_15m": 24.360508157905073,
    "vol_realized_1h": 13.917083284263462,
    "vol_realized_4h": 5.486901979061744,
    "vol_ratio_5m_1h": 2.3015274556385816,
    "vol_ratio_15m_4h": 4.439756396390136,
    "vol_regime": 1.0,
    "vol_expansion": 1.0,
    "vol_contraction": 0.0,
    "vol_percentile": 34.73684210526316,
    "sent_fear_greed": 42.0,
    "sent_fear_greed_change": -2.0,
    "sent_extreme_fear": 0.0,
    "sent_extreme_greed": 0.0,
    "sent_fear": 0.0,
    "sent_greed": 0.0
  },
  "output_prediction": {
    "signal": "SHORT",
    "confidence": 0.6056755376844567,
    "raw_model_outputs": {
      "xgboost": 0.16951589286327362,
      "lightgbm": 0.12483601759433742,
      "lstm": 0.21036362648010254,
      "random_forest": 0.31253775767560743,
      "weighted_average": 0.19716223115777165,
      "model_agreement": 0.7223193369950189
    }
  },
  "regime_info": {
    "regime": "ranging",
    "regime_confidence": 0.5,
    "atr_ratio": 0.8867103013393799,
    "adx_value": 24.09716656511919,
    "is_exhausted": false,
    "is_weakening": false,
    "leverage_tier": "normal_volatility"
  },