{
  "timestamp": "2026-01-07T05:47:31.874766Z",
  "order_id": "703656768177177517",
  "stage": "Decision Making",
  "model_version": "ollama:qwen2.5:1.5b+ensemble_v1.0",
  "input_features": {
    "tech_returns_1": -0.02407318247471535,
    "tech_returns_5": -0.15626878230555752,
    "tech_returns_15": -0.16826923076923572,
    "tech_returns_60": -1.2718411981457178,
    "tech_returns_240": 0.6421907185266029,
    "tech_returns_1440": -0.7890017931859065,
    "tech_rsi_14": 30.06067781949146,
    "tech_rsi_7": 29.878434466777804,
    "tech_rsi_21": 31.089736352663223,
    "tech_rsi_slope": 1.8515794267105576,
    "tech_rsi_divergence": 0.0,
    "tech_rsi_zone": 2.0,
    "tech_macd": -0.17252674544457136,
    "tech_macd_signal": -0.19051295309058588,
    "tech_macd_hist": 0.017986207646014524,
    "tech_stoch_k": 24.137931034484787,
    "tech_stoch_d": 18.39080459770199,
    "tech_ema_cross_9_21": -1.0,
    "tech_ema_cross_50_200": -1.0,
    "tech_ema_9": 83.1356860714067,
    "tech_ema_21": 83.27379008565379,
    "tech_ema_50": 83.57006675758176,
    "tech_price_ema_9_pct": -0.09103920949384486,
    "tech_price_ema_21_pct": -0.2567315423422949,
    "tech_adx": 37.7547818868786,
    "tech_adx_7": 52.16623498702087,
    "tech_adx_10": 40.07936340165873,
    "tech_adx_roc_5": 7.317753305176797,
    "tech_adx_slope_3": 3.000161327114233,
    "tech_adx_deceleration": -0.06394218122564688,
    "tech_plus_di": 14.544230249413708,
    "tech_minus_di": 51.360551644781516,
    "tech_di_crossover": 0.0,
    "tech_atr_14": 0.06689943340456526,
    "tech_atr_pct": 0.08054350277457893,
    "tech_atr_14_avg": 0.09945735266141846,
    "tech_bb_upper": 83.32600904827672,
    "tech_bb_lower": 82.9929909517233,
    "tech_bb_width": 0.40045706931068226,
    "tech_bb_position": 0.2012174382419902,
    "tech_volatility_20": 0.010498526638219097,
    "tech_volume_ratio": 0.24335343776680982,
    "tech_obv": -6559.0999999999985,
    "tech_momentum_10": -0.09000000000000341,
    "tech_roc_10": -0.10823812387252829,
    "tech_high_low_range": 0.024078979051283436,
    "tech_body_ratio": 0.9999999949999999,
    "tech_swing_high_10": 83.28,
    "tech_swing_low_10": 82.99,
    "tech_price_vs_swing_high": -0.264169068203649,
    "tech_price_vs_swing_low": 0.08434751174841233,
    "tech_swing_break_up": 0.0,
    "tech_swing_break_down": 0.0,
    "tech_volume_spike": 0.0,
    "tech_volume_spike_ratio": 0.24335343776680982,
    "micro_ob_best_bid_price": 83.08,
    "micro_ob_best_ask_price": 83.09,
    "micro_ob_best_bid_size": 3522.8,
    "micro_ob_best_ask_size": 3764.3,
    "micro_ob_spread_absolute": 0.010000000000005116,
    "micro_ob_spread_percentage": 0.012035866883318428,
    "micro_ob_bid_ask_size_ratio": 0.93584464575087,
    "micro_ob_orderbook_imbalance_5": -0.025196863666116915,
    "micro_ob_orderbook_imbalance_10": -0.1850136272871896,
    "micro_ob_orderbook_imbalance_20": -0.1534579381697253,
    "micro_ob_orderbook_vwap": 83.12228513385277,
    "micro_ob_buy_impact_0.1": 0.0,
    "micro_ob_sell_impact_0.1": 0.0,
    "micro_ob_buy_impact_1.0": 0.0,
    "micro_ob_sell_impact_1.0": 0.0,
    "micro_ob_buy_impact_10.0": 0.0,
    "micro_ob_sell_impact_10.0": 0.0,
    "micro_ob_bid_depth_concentration": 0.6310639706390517,
    "micro_ob_ask_depth_concentration": 0.48709146095670813,
    "micro_ob_bid_levels": 15,
    "micro_ob_ask_levels": 15,
    "micro_ob_total_bid_volume": 27492.3,
    "micro_ob_total_ask_volume": 37459.7,
    "micro_ob_total_orderbook_volume": 64952.0,
    "micro_ob_order_flow_imbalance": -0.1534579381697253,
    "micro_ob_depth_imbalance_1": -0.033140755581781506,
    "micro_ob_depth_imbalance_5": -0.025196863666116915,
    "micro_ob_depth_imbalance_10": -0.1850136272871896,
    "micro_ob_depth_imbalance_20": -0.1534579381697253,
    "micro_fr_funding_rate_current": -3.116e-05,
    "micro_fr_funding_rate_abs": 3.116e-05,
    "micro_fr_funding_rate_positive": 0.0,
    "micro_fr_funding_rate_negative": 1.0,
    "micro_fr_funding_rate_high": 0.0,
    "micro_fr_funding_rate_extreme": 0.0,
    "micro_fr_hours_to_next_funding": 0.0,
    "micro_fr_funding_imminent": 1.0,
    "micro_vp_volume_current": 357.072,
    "micro_vp_volume_mean": 425.47479,
    "micro_vp_volume_std": 205.38982550454125,
    "micro_vp_volume_max": 739.323,
    "micro_vp_volume_sum": 42547.479,
    "micro_vp_volume_ratio": 0.8392318614223889,
    "micro_vp_large_volume_trade": 0.0,
    "micro_vp_recent_vwap": 83.06809763393973,
    "micro_vp_price_vwap_deviation_pct": -0.03382481932298725,
    "micro_vp_price_clustering": 0.42137959024134836,
    "micro_vp_volume_trend": -22.001024242424222,
    "micro_of_order_flow_imbalance": -0.1534579381697253,
    "micro_of_trade_flow_buy_pressure": 0.42327103091513735,
    "micro_of_trade_flow_sell_pressure": 0.5767289690848626,
    "micro_of_kyles_lambda_buy": 0.0,
    "micro_of_kyles_lambda_sell": 0.0,
    "micro_of_kyles_lambda_avg": 0.0,
    "micro_of_amihud_illiquidity": 0.06089081977095289,
    "micro_of_spread_dynamics_current": 0.012035866883318428,
    "micro_micro_funding_arbitrage": 0.0,
    "micro_micro_orderbook_pressure": -0.5,
    "micro_micro_liquidity_score": 1.0,
    "micro_micro_volume_spike": 0.0,
    "micro_micro_oi_divergence": 0.0,
    "micro_micro_composite_score": 0.35,
    "fee_maker_rate": 0.0002,
    "fee_taker_rate": 0.0008,
    "fee_round_trip_cost": 0.0016,
    "fee_breakeven_move_pct": 0.16,
    "fee_net_profit_threshold": 0.16,
    "time_hour_sin": 0.9659258262890683,
    "time_hour_cos": 0.25881904510252074,
    "time_day_sin": 0.9749279121818236,
    "time_day_cos": -0.22252093395631434,
    "time_day_of_week": 2.0,
    "time_is_asian": 1.0,
    "time_is_london": 0.0,
    "time_is_ny": 0.0,
    "time_is_london_ny_overlap": 0.0,
    "time_is_weekend": 0.0,
    "time_is_us_market_hours": 0.0,
    "cross_btc_return_1m": 0.0,
    "cross_btc_return_5m": -0.14092647023938856,
    "cross_btc_return_15m": -0.2071011336685855,
    "cross_btc_correlation": 0.9925562459305658,
    "cross_btc_lead_indicator": -0.14092647023938856,
    "cross_eth_btc_ratio_change": -0.011160723063799607,
    "vol_realized_5m": 24.36526910662084,
    "vol_realized_15m": 11.922071039033465,
    "vol_realized_1h": 17.6705149877698,
    "vol_realized_4h": 6.814872527502152,
    "vol_ratio_5m_1h": 1.3788658181996758,
    "vol_ratio_15m_4h": 1.7494195219236548,
    "vol_regime": 3.0,
    "vol_expansion": 0.0,
    "vol_contraction": 0.0,
    "vol_percentile": 80.0,
    "sent_fear_greed": 42.0,
    "sent_fear_greed_change": -2.0,
    "sent_extreme_fear": 0.0,
    "sent_extreme_greed": 0.0,
    "sent_fear": 0.0,
    "sent_greed": 0.0
  },
  "output_prediction": {
    "signal": "SHORT",
    "confidence": 0.5808499725931354,
    "raw_model_outputs": {
      "xgboost": 0.1279083490371704,
      "lightgbm": 0.07630967992077028,
      "lstm": 0.252432256937027,
      "random_forest": 0.4450851201638688,
      "weighted_average": 0.2095750137034323,
      "model_agreement": 0.4317576717575218
    }
  },
  "regime_info": {
    "regime": "trending",
    "regime_confidence": 0.7530573826425431,
    "atr_ratio": 0.672644421094841,
    "adx_value": 37.7547818868786,
    "is_exhausted": false,
    "is_weakening": false,
    "leverage_tier": "normal_volatility"
  },