{
  "timestamp": "2026-01-07T23:59:16.340705Z",
  "order_id": "703931512415847341",
  "stage": "Decision Making",
  "model_version": "ollama:qwen2.5:1.5b+ensemble_v1.0",
  "input_features": {
    "tech_returns_1": 0.0,
    "tech_returns_5": 0.09957679860592705,
    "tech_returns_15": 0.12450199203186685,
    "tech_returns_60": -2.1654501216544886,
    "tech_returns_240": -2.093985877769655,
    "tech_returns_1440": -2.496364517692688,
    "tech_rsi_14": 46.293794266005435,
    "tech_rsi_7": 62.91093243030863,
    "tech_rsi_21": 39.57433348988123,
    "tech_rsi_slope": 0.9644015594702431,
    "tech_rsi_divergence": 0.0,
    "tech_rsi_zone": 2.0,
    "tech_macd": -0.00033719329071318915,
    "tech_macd_signal": -0.0005481165105126343,
    "tech_macd_hist": 0.00021092321979944515,
    "tech_stoch_k": 91.66666666666744,
    "tech_stoch_d": 91.41414141414225,
    "tech_ema_cross_9_21": -1.0,
    "tech_ema_cross_50_200": -1.0,
    "tech_ema_9": 0.4019245701370742,
    "tech_ema_21": 0.4020440015317492,
    "tech_ema_50": 0.4037115343396031,
    "tech_price_ema_9_pct": 0.043647459239917,
    "tech_price_ema_21_pct": 0.013928442667339828,
    "tech_adx": 24.063209025989547,
    "tech_adx_7": 37.36082339874952,
    "tech_adx_10": 25.642758392503158,
    "tech_adx_roc_5": -18.851737964305595,
    "tech_adx_slope_3": -2.706414516603898,
    "tech_adx_deceleration": 0.8631648870752251,
    "tech_plus_di": 27.022563197651824,
    "tech_minus_di": 23.145539946138673,
    "tech_di_crossover": 0.0,
    "tech_atr_14": 0.00024332827334099642,
    "tech_atr_pct": 0.06051436790375439,
    "tech_atr_14_avg": 0.0004626389462308771,
    "tech_bb_upper": 0.4022732843590158,
    "tech_bb_lower": 0.40118671564098424,
    "tech_bb_width": 0.270472386436559,
    "tech_bb_position": 0.8405214910569742,
    "tech_volatility_20": 0.007585565509167839,
    "tech_volume_ratio": 0.0734469828752561,
    "tech_obv": 2006340.0,
    "tech_momentum_10": 0.0005000000000000004,
    "tech_roc_10": 0.12450199203186685,
    "tech_high_low_range": 0.0,
    "tech_body_ratio": 0.0,
    "tech_swing_high_10": 0.4022,
    "tech_swing_low_10": 0.401,
    "tech_price_vs_swing_high": -0.02486325211337369,
    "tech_price_vs_swing_low": 0.27431421446383786,
    "tech_swing_break_up": 0.0,
    "tech_swing_break_down": 0.0,
    "tech_volume_spike": 0.0,
    "tech_volume_spike_ratio": 0.0734469828752561,
    "micro_ob_best_bid_price": 0.4022,
    "micro_ob_best_ask_price": 0.4023,
    "micro_ob_best_bid_size": 856880.0,
    "micro_ob_best_ask_size": 954770.0,
    "micro_ob_spread_absolute": 9.999999999998899e-05,
    "micro_ob_spread_percentage": 0.024860161591047605,
    "micro_ob_bid_ask_size_ratio": 0.8974726897577427,
    "micro_ob_orderbook_imbalance_5": -0.02993043520819383,
    "micro_ob_orderbook_imbalance_10": -0.007558337255891156,
    "micro_ob_orderbook_imbalance_20": 0.0031434029427250113,
    "micro_ob_orderbook_vwap": 0.4022420422938067,
    "micro_ob_buy_impact_0.1": 0.0,
    "micro_ob_sell_impact_0.1": 0.0,
    "micro_ob_buy_impact_1.0": 0.0,
    "micro_ob_sell_impact_1.0": 0.0,
    "micro_ob_buy_impact_10.0": 0.0,
    "micro_ob_sell_impact_10.0": 1.3801877481665296e-14,
    "micro_ob_bid_depth_concentration": 0.39941579068855726,
    "micro_ob_ask_depth_concentration": 0.42673727290324365,
    "micro_ob_bid_levels": 15,
    "micro_ob_ask_levels": 15,
    "micro_ob_total_bid_volume": 10917320.0,
    "micro_ob_total_ask_volume": 10848900.0,
    "micro_ob_total_orderbook_volume": 21766220.0,
    "micro_ob_order_flow_imbalance": 0.0031434029427250113,
    "micro_ob_depth_imbalance_1": -0.054033615764634446,
    "micro_ob_depth_imbalance_5": -0.02993043520819383,
    "micro_ob_depth_imbalance_10": -0.007558337255891156,
    "micro_ob_depth_imbalance_20": 0.0031434029427250113,
    "micro_fr_funding_rate_current": 0.0001,
    "micro_fr_funding_rate_abs": 0.0001,
    "micro_fr_funding_rate_positive": 1.0,
    "micro_fr_funding_rate_negative": 0.0,
    "micro_fr_funding_rate_high": 0.0,
    "micro_fr_funding_rate_extreme": 0.0,
    "micro_fr_hours_to_next_funding": 0.0,
    "micro_fr_funding_imminent": 1.0,
    "micro_vp_volume_current": 72.36,
    "micro_vp_volume_mean": 53.63503999999999,
    "micro_vp_volume_std": 48.980129707651855,
    "micro_vp_volume_max": 361.89,
    "micro_vp_volume_sum": 5363.503999999999,
    "micro_vp_volume_ratio": 1.349118039251952,
    "micro_vp_large_volume_trade": 0.0,
    "micro_vp_recent_vwap": 0.40206178065682446,
    "micro_vp_price_vwap_deviation_pct": -0.015365961102672344,
    "micro_vp_price_clustering": 0.0,
    "micro_vp_volume_trend": -1.6567272727272748,
    "micro_of_order_flow_imbalance": 0.0031434029427250113,
    "micro_of_trade_flow_buy_pressure": 0.5015717014713625,
    "micro_of_trade_flow_sell_pressure": 0.4984282985286375,
    "micro_of_kyles_lambda_buy": 0.0,
    "micro_of_kyles_lambda_sell": 1.3801877481665295e-15,
    "micro_of_kyles_lambda_avg": 6.900938740832648e-16,
    "micro_of_amihud_illiquidity": 0.3092367148698833,
    "micro_of_spread_dynamics_current": 0.024860161591047605,
    "micro_micro_funding_arbitrage": 0.0,
    "micro_micro_orderbook_pressure": 0.0,
    "micro_micro_liquidity_score": 1.0,
    "micro_micro_volume_spike": 0.0,
    "micro_micro_oi_divergence": 0.0,
    "micro_micro_composite_score": 0.2,
    "fee_maker_rate": 0.0002,
    "fee_taker_rate": 0.0008,
    "fee_round_trip_cost": 0.0016,
    "fee_breakeven_move_pct": 0.16,
    "fee_net_profit_threshold": 0.16,
    "time_hour_sin": -0.25881904510252157,
    "time_hour_cos": 0.9659258262890681,
    "time_day_sin": 0.9749279121818236,
    "time_day_cos": -0.22252093395631434,
    "time_day_of_week": 2.0,
    "time_is_asian": 0.0,
    "time_is_london": 0.0,
    "time_is_ny": 0.0,
    "time_is_london_ny_overlap": 0.0,
    "time_is_weekend": 0.0,
    "time_is_us_market_hours": 0.0,
    "cross_btc_return_1m": -0.0050350813822456686,
    "cross_btc_return_5m": 0.031316451648922064,
    "cross_btc_return_15m": 0.18050264393604465,
    "cross_btc_correlation": 0.6120594966976568,
    "cross_btc_lead_indicator": 0.031316451648922064,
    "cross_eth_btc_ratio_change": -0.04863548649470458,
    "vol_realized_5m": 10.705183194582817,
    "vol_realized_15m": 8.280884174973318,
    "vol_realized_1h": 26.786327280512186,
    "vol_realized_4h": 8.203636018302912,
    "vol_ratio_5m_1h": 0.39965102652841633,
    "vol_ratio_15m_4h": 1.0094163315507976,
    "vol_regime": 0.0,
    "vol_expansion": 0.0,
    "vol_contraction": 1.0,
    "vol_percentile": 7.368421052631578,
    "sent_fear_greed": 42.0,
    "sent_fear_greed_change": -2.0,
    "sent_extreme_fear": 0.0,
    "sent_extreme_greed": 0.0,
    "sent_fear": 0.0,
    "sent_greed": 0.0
  },
  "output_prediction": {
    "signal": "SHORT",
    "confidence": 0.5649051247581047,
    "raw_model_outputs": {
      "xgboost": 0.18600156903266907,
      "lightgbm": 0.1585764251778464,
      "lstm": 0.26945504546165466,
      "random_forest": 0.2736954925310678,
      "weighted_average": 0.2175474376209476,
      "model_agreement": 0.7975863271472282
    }
  },
  "regime_info": {
    "regime": "ranging",
    "regime_confidence": 0.5,
    "atr_ratio": 0.5259571752948896,
    "adx_value": 24.063209025989547,
    "is_exhausted": false,
    "is_weakening": false,
    "leverage_tier": "normal_volatility"
  },