{
  "timestamp": "2026-01-02T18:16:47.497569Z",
  "order_id": "702033403922351021",
  "stage": "Decision Making",
  "model_version": "ollama:qwen2.5:1.5b+ensemble_v1.0",
  "input_features": {
    "tech_returns_1": 0.023929381735676714,
    "tech_returns_5": 0.061951894741629765,
    "tech_returns_15": -0.18329961416426732,
    "tech_returns_60": -0.5826046645811433,
    "tech_returns_240": 1.3498389734713179,
    "tech_returns_1440": 1.217343697426279,
    "tech_rsi_14": 48.03721950456446,
    "tech_rsi_7": 51.60289073165262,
    "tech_macd": -36.08797315527045,
    "tech_macd_signal": -37.110620078802086,
    "tech_macd_hist": 1.0226469235316387,
    "tech_stoch_k": 32.836266030419054,
    "tech_stoch_d": 32.150313152399924,
    "tech_ema_cross_9_21": -1.0,
    "tech_ema_cross_50_200": 1.0,
    "tech_ema_9": 90267.84456912607,
    "tech_ema_21": 90298.5357161387,
    "tech_ema_50": 90348.45841481959,
    "tech_price_ema_9_pct": 0.021442221165593064,
    "tech_price_ema_21_pct": -0.012553599068683158,
    "tech_adx": 25.74440108917902,
    "tech_adx_7": 48.69750123623923,
    "tech_adx_10": 34.98268972018739,
    "tech_adx_roc_5": -0.6756564019511089,
    "tech_adx_slope_3": -0.612096379972904,
    "tech_adx_deceleration": 0.8038146532166994,
    "tech_plus_di": 25.73112436357571,
    "tech_minus_di": 16.719230243641103,
    "tech_di_crossover": 0.0,
    "tech_atr_14": 76.49215843126788,
    "tech_atr_pct": 0.084720933234465,
    "tech_atr_14_avg": 78.52395441169034,
    "tech_bb_upper": 90496.29967886119,
    "tech_bb_lower": 90127.9403211388,
    "tech_bb_width": 0.40787366936175856,
    "tech_bb_position": 0.4323486712701388,
    "tech_volatility_20": 0.012051917940791588,
    "tech_volume_ratio": 0.7839062630744593,
    "tech_obv": 4245.536299999998,
    "tech_momentum_10": 27.80000000000291,
    "tech_roc_10": 0.030800116109785947,
    "tech_high_low_range": 0.08639098343951301,
    "tech_body_ratio": 0.2769230769226099,
    "tech_swing_high_10": 90368.7,
    "tech_swing_low_10": 90177.1,
    "tech_price_vs_swing_high": -0.09018609319377174,
    "tech_price_vs_swing_low": 0.12209308128115816,
    "tech_swing_break_up": 0.0,
    "tech_swing_break_down": 0.0,
    "tech_volume_spike": 0.0,
    "tech_volume_spike_ratio": 0.7839062630744593,
    "micro_ob_best_bid_price": 90287.1,
    "micro_ob_best_ask_price": 90287.2,
    "micro_ob_best_bid_size": 2.4866,
    "micro_ob_best_ask_size": 2.8915,
    "micro_ob_spread_absolute": 0.09999999999126885,
    "micro_ob_spread_percentage": 0.00011075773240297081,
    "micro_ob_bid_ask_size_ratio": 0.8599688742867024,
    "micro_ob_orderbook_imbalance_5": -0.08307422298537306,
    "micro_ob_orderbook_imbalance_10": -0.05229258338116196,
    "micro_ob_orderbook_imbalance_20": -0.04914561426452709,
    "micro_ob_orderbook_vwap": 90286.96369511673,
    "micro_ob_buy_impact_0.1": -1.6117362403936384e-14,
    "micro_ob_sell_impact_0.1": 0.0,
    "micro_ob_buy_impact_1.0": 0.0,
    "micro_ob_sell_impact_1.0": 0.0,
    "micro_ob_buy_impact_10.0": 0.0002558114549960508,
    "micro_ob_sell_impact_10.0": 0.0005940018009240802,
    "micro_ob_bid_depth_concentration": 0.31800690040647434,
    "micro_ob_ask_depth_concentration": 0.34043862371135386,
    "micro_ob_bid_levels": 15,
    "micro_ob_ask_levels": 15,
    "micro_ob_total_bid_volume": 34.1719,
    "micro_ob_total_ask_volume": 37.7043,
    "micro_ob_total_orderbook_volume": 71.87620000000001,
    "micro_ob_order_flow_imbalance": -0.04914561426452709,
    "micro_ob_depth_imbalance_1": -0.07528681132742047,
    "micro_ob_depth_imbalance_5": -0.08307422298537306,
    "micro_ob_depth_imbalance_10": -0.05229258338116196,
    "micro_ob_depth_imbalance_20": -0.04914561426452709,
    "micro_fr_funding_rate_current": 4.191e-05,
    "micro_fr_funding_rate_abs": 4.191e-05,
    "micro_fr_funding_rate_mean": 4.8137500000000005e-05,
    "micro_fr_funding_rate_std": 1.2017642395661471e-05,
    "micro_fr_funding_rate_min": 2.556e-05,
    "micro_fr_funding_rate_max": 6.675e-05,
    "micro_fr_funding_rate_skew": -0.2639183203459723,
    "micro_fr_funding_rate_kurtosis": -1.080561657042883,
    "micro_fr_funding_rate_trend": -1.7250000000000087e-06,
    "micro_fr_funding_rate_change": -1.8800000000000023e-06,
    "micro_fr_funding_rate_change_abs": 1.8800000000000023e-06,
    "micro_fr_funding_rate_positive": 1.0,
    "micro_fr_funding_rate_negative": 0.0,
    "micro_fr_funding_rate_high": 0.0,
    "micro_fr_funding_rate_extreme": 0.0,
    "micro_fr_hours_to_next_funding": 0.0,
    "micro_fr_funding_imminent": 1.0,
    "micro_vp_volume_current": 27660.76072,
    "micro_vp_volume_mean": 11827.176365700001,
    "micro_vp_volume_std": 35765.0791256813,
    "micro_vp_volume_max": 235388.01983,
    "micro_vp_volume_sum": 1182717.63657,
    "micro_vp_volume_ratio": 2.3387459411038276,
    "micro_vp_large_volume_trade": 0.0,
    "micro_vp_recent_vwap": 90309.2995810996,
    "micro_vp_price_vwap_deviation_pct": 0.029122603123259014,
    "micro_vp_price_clustering": 0.09302487100594546,
    "micro_vp_volume_trend": 2374.3756402424237,
    "micro_of_order_flow_imbalance": -0.04914561426452709,
    "micro_of_trade_flow_buy_pressure": 0.4754271928677364,
    "micro_of_trade_flow_sell_pressure": 0.5245728071322635,
    "micro_of_kyles_lambda_buy": 2.5581145499605082e-05,
    "micro_of_kyles_lambda_sell": 5.940018009240802e-05,
    "micro_of_kyles_lambda_avg": 4.249066279600655e-05,
    "micro_of_amihud_illiquidity": 0.03239516591083927,
    "micro_of_spread_dynamics_current": 0.00011075773240297081,
    "micro_micro_funding_arbitrage": 0.0,
    "micro_micro_orderbook_pressure": 0.0,
    "micro_micro_liquidity_score": 0.5,
    "micro_micro_volume_spike": 1.0,
    "micro_micro_oi_divergence": 0.0,
    "micro_micro_composite_score": 0.2,
    "fee_maker_rate": 0.0002,
    "fee_taker_rate": 0.0008,
    "fee_round_trip_cost": 0.0016,
    "fee_breakeven_move_pct": 0.16,
    "fee_net_profit_threshold": 0.16
  },
  "output_prediction": {
    "signal": "SHORT",
    "confidence": 0.5116750521693576,
    "raw_model_outputs": {
      "xgboost": 0.229756698012352,
      "lightgbm": 0.17496776127976174,
      "lstm": 0.2735293209552765,
      "random_forest": 0.3155559548631191,
      "weighted_average": 0.24416247391532123
    }
  },
  "regime_info": {
    "regime": "trending",
    "regime_confidence": 0.6089328130701482,
    "atr_ratio": 0.974125144414276,
    "adx_value": 25.74440108917902,
    "is_exhausted": false,
    "is_weakening": false,
    "leverage_tier": "normal_volatility"
  },
  "explanation": "The short BTCUSDT position is based on a combination of RSI at 48, MACD at -36, ADX at 25.7, and an ensemble average model predicting a 0.24 loss. The low RSI suggests overbought conditions, while the negative MACD signal indicates bearish momentum. The moderate ADX level (25.7) suggests weak market strength but still supports shorting as it's not extreme.",
  "symbol": "cmt_btcusdt",
  "position_size": 0.0001,
  "risk_validation": {
    "checks_performed": [
      "Wash trading check: Same direction - allowed",
      "Risk check: Order passes all risk checks (leverage: 5x, risk: 6.75%)",
      "Trading status: Trading allowed within risk limits",
      "Leverage set: 5x"
    ],
    "all_checks_passed": true
  },
  "execution_details": {
    "order_type": "1",
    "side": "OPEN_SHORT",
    "price": 90287.2,
    "leverage": 5,
    "client_oid": "338b5218-ea5a-4c98-a6b7-d85009cb469b",
    "symbol": "cmt_btcusdt",
    "maker_fee_rate": 0.0002,
    "taker_fee_rate": 0.0008,
    "estimated_entry_fee": 0.03611488,
    "estimated_exit_fee": 0.03611488,
    "total_estimated_fees": 0.07222976
  },
  "log_metadata": {
    "log_version": "2.3",
    "competition": "WEEX_AI_Trading_Hackathon_2025",
    "bot_name": "AlphaStrike",
    "compliance_status": "MANDATORY",
    "deepseek_enabled": true
  },
  "weex_response": {
    "code": "00000",
    "msg": "success",
    "request_time": 1767377807570,