{
  "timestamp": "2026-01-02T10:12:48.258638Z",
  "order_id": "701911604635108269",
  "stage": "Decision Making",
  "model_version": "ollama:qwen2.5:1.5b+ensemble_v1.0",
  "input_features": {
    "tech_returns_1": -0.08207934336524891,
    "tech_returns_5": -0.08207934336524891,
    "tech_returns_15": 0.1645639056500503,
    "tech_returns_60": 1.7553636110337223,
    "tech_returns_240": 1.9542155220547253,
    "tech_returns_1440": 6.9539375928677485,
    "tech_rsi_14": 56.63309519065715,
    "tech_rsi_7": 49.39202105012327,
    "tech_macd": 0.0007699409564793092,
    "tech_macd_signal": 0.0009914072860772879,
    "tech_macd_hist": -0.0002214663295979787,
    "tech_stoch_k": 30.769230769231754,
    "tech_stoch_d": 37.939221272554796,
    "tech_ema_cross_9_21": 1.0,
    "tech_ema_cross_50_200": 1.0,
    "tech_ema_9": 0.36532625175630196,
    "tech_ema_21": 0.3648162747724484,
    "tech_ema_50": 0.3629837810226545,
    "tech_price_ema_9_pct": -0.03455863237174381,
    "tech_price_ema_21_pct": 0.10518314397870313,
    "tech_adx": 40.86422721826792,
    "tech_adx_7": 16.94634653785949,
    "tech_adx_10": 25.797528716617297,
    "tech_adx_roc_5": -18.8993519414286,
    "tech_adx_slope_3": -2.7361035449143003,
    "tech_adx_deceleration": 0.954547185501756,
    "tech_plus_di": 22.91752401476326,
    "tech_minus_di": 13.942218104517517,
    "tech_di_crossover": 0.0,
    "tech_atr_14": 0.0007464736644238309,
    "tech_atr_pct": 0.20440133198900082,
    "tech_atr_14_avg": 0.0008685132644050254,
    "tech_bb_upper": 0.36630135760587285,
    "tech_bb_lower": 0.36410864239412716,
    "tech_bb_width": 0.600406678918878,
    "tech_bb_position": 0.49771972211749443,
    "tech_volatility_20": 0.02260592779828687,
    "tech_volume_ratio": 0.18712191341413534,
    "tech_obv": 7582700.0,
    "tech_momentum_10": 0.00030000000000002247,
    "tech_roc_10": 0.08221430528911888,
    "tech_high_low_range": 0.10952902519167891,
    "tech_body_ratio": 0.7499998124999429,
    "tech_swing_high_10": 0.367,
    "tech_swing_low_10": 0.3648,
    "tech_price_vs_swing_high": -0.49046321525884695,
    "tech_price_vs_swing_low": 0.10964912280702069,
    "tech_swing_break_up": 0.0,
    "tech_swing_break_down": 0.0,
    "tech_volume_spike": 0.0,
    "tech_volume_spike_ratio": 0.18712191341413534,
    "micro_ob_best_bid_price": 0.3652,
    "micro_ob_best_ask_price": 0.3653,
    "micro_ob_best_bid_size": 943710.0,
    "micro_ob_best_ask_size": 946590.0,
    "micro_ob_spread_absolute": 9.999999999998899e-05,
    "micro_ob_spread_percentage": 0.027378507871318,
    "micro_ob_bid_ask_size_ratio": 0.9969575000792318,
    "micro_ob_orderbook_imbalance_5": -0.01728008558925925,
    "micro_ob_orderbook_imbalance_10": -0.17117823147341418,
    "micro_ob_orderbook_imbalance_20": -0.19509174744280192,
    "micro_ob_orderbook_vwap": 0.36544751023883476,
    "micro_ob_buy_impact_0.1": -1.5196044684165842e-14,
    "micro_ob_sell_impact_0.1": 0.0,
    "micro_ob_buy_impact_1.0": 0.0,
    "micro_ob_sell_impact_1.0": 0.0,
    "micro_ob_buy_impact_10.0": 0.0,
    "micro_ob_sell_impact_10.0": 0.0,
    "micro_ob_bid_depth_concentration": 0.5196944787751325,
    "micro_ob_ask_depth_concentration": 0.36232977261369315,
    "micro_ob_bid_levels": 15,
    "micro_ob_ask_levels": 15,
    "micro_ob_total_bid_volume": 8625260.0,
    "micro_ob_total_ask_volume": 12806400.0,
    "micro_ob_total_orderbook_volume": 21431660.0,
    "micro_ob_order_flow_imbalance": -0.19509174744280192,
    "micro_ob_depth_imbalance_1": -0.001523567687668624,
    "micro_ob_depth_imbalance_5": -0.01728008558925925,
    "micro_ob_depth_imbalance_10": -0.17117823147341418,
    "micro_ob_depth_imbalance_20": -0.19509174744280192,
    "micro_fr_funding_rate_current": 0.0001,
    "micro_fr_funding_rate_abs": 0.0001,
    "micro_fr_funding_rate_mean": 0.00010000000000000003,
    "micro_fr_funding_rate_std": 2.710505431213761e-20,
    "micro_fr_funding_rate_min": 0.0001,
    "micro_fr_funding_rate_max": 0.0001,
    "micro_fr_funding_rate_skew": -1.0,
    "micro_fr_funding_rate_kurtosis": -2.0,
    "micro_fr_funding_rate_trend": -9.234190815370753e-21,
    "micro_fr_funding_rate_change": 0.0,
    "micro_fr_funding_rate_change_abs": 0.0,
    "micro_fr_funding_rate_positive": 1.0,
    "micro_fr_funding_rate_negative": 0.0,
    "micro_fr_funding_rate_high": 0.0,
    "micro_fr_funding_rate_extreme": 0.0,
    "micro_fr_hours_to_next_funding": 0.0,
    "micro_fr_funding_imminent": 1.0,
    "micro_vp_volume_current": 36.53,
    "micro_vp_volume_mean": 85.46545,
    "micro_vp_volume_std": 158.08695846624258,
    "micro_vp_volume_max": 1380.078,
    "micro_vp_volume_sum": 8546.545,
    "micro_vp_volume_ratio": 0.42742418135047555,
    "micro_vp_large_volume_trade": 0.0,
    "micro_vp_recent_vwap": 0.3652370020517062,
    "micro_vp_price_vwap_deviation_pct": 0.017248512045575096,
    "micro_vp_price_clustering": 0.6678843236933988,
    "micro_vp_volume_trend": 7.105848484848488,
    "micro_of_order_flow_imbalance": -0.19509174744280192,
    "micro_of_trade_flow_buy_pressure": 0.40245412627859906,
    "micro_of_trade_flow_sell_pressure": 0.597545873721401,
    "micro_of_kyles_lambda_buy": 0.0,
    "micro_of_kyles_lambda_sell": 0.0,
    "micro_of_kyles_lambda_avg": 0.0,
    "micro_of_amihud_illiquidity": 2.6128065490392487,
    "micro_of_spread_dynamics_current": 0.027378507871318,
    "micro_micro_funding_arbitrage": 0.0,
    "micro_micro_orderbook_pressure": -0.5,
    "micro_micro_liquidity_score": 1.0,
    "micro_micro_volume_spike": 0.0,
    "micro_micro_oi_divergence": 0.0,
    "micro_micro_composite_score": 0.35,
    "fee_maker_rate": 0.0002,
    "fee_taker_rate": 0.0008,
    "fee_round_trip_cost": 0.0016,
    "fee_breakeven_move_pct": 0.16,
    "fee_net_profit_threshold": 0.16
  },
  "output_prediction": {
    "signal": "SHORT",
    "confidence": 0.4844996785729513,
    "raw_model_outputs": {
      "xgboost": 0.13881872594356537,
      "lightgbm": 0.04953381647358653,
      "lstm": 0.47194281220436096,
      "random_forest": 0.4286769176289683,
      "weighted_average": 0.25775016071352436
    }
  },
  "regime_info": {
    "regime": "trend_weakening",
    "regime_confidence": 0.6718151176263327,
    "atr_ratio": 0.8594844719328522,
    "adx_value": 40.86422721826792,
    "is_exhausted": false,
    "is_weakening": true,
    "leverage_tier": "normal_volatility"
  },
  "explanation": "The short position in ADAUSDT is justified by a combination of RSI at 56.6, MACD at 0.0008, ADX at 40.9, and an ensemble average model prediction of 0.26. The high RSI suggests overbought conditions, while the low MACD and ADX indicate weak momentum, creating a bearish divergence that points towards potential price decline.",
  "symbol": "cmt_adausdt",
  "position_size": 90.0,
  "risk_validation": {
    "checks_performed": [
      "Wash trading check: Same direction - allowed",
      "Risk check: Order passes all risk checks (leverage: 2x, risk: 7.15%)",
      "Trading status: Trading allowed within risk limits",
      "Leverage set: 2x"
    ],
    "all_checks_passed": true
  },
  "execution_details": {
    "order_type": "1",
    "side": "OPEN_SHORT",
    "price": 0.3652,
    "leverage": 2,
    "client_oid": "70967312-ac30-44bd-9fbc-5f68eac01fc7",
    "symbol": "cmt_adausdt",
    "maker_fee_rate": 0.0002,
    "taker_fee_rate": 0.0008,
    "estimated_entry_fee": 0.052588800000000005,
    "estimated_exit_fee": 0.052588800000000005,
    "total_estimated_fees": 0.10517760000000001
  },
  "log_metadata": {
    "log_version": "2.3",
    "competition": "WEEX_AI_Trading_Hackathon_2025",
    "bot_name": "AlphaStrike",
    "compliance_status": "MANDATORY",
    "deepseek_enabled": true
  },
  "weex_response": {
    "code": "00000",
    "msg": "success",
    "request_time": 1767348768383,
    "data": "upload success",
    "upload_attempted": true,
    "upload_success": true,
    "upload_timestamp": "2026-01-02T10:12:48.258726Z",
    "error_details": null
  }
}