{
  "timestamp": "2026-01-02T20:57:20.828776Z",
  "order_id": "702073805152977837",
  "stage": "Decision Making",
  "model_version": "ollama:qwen2.5:1.5b+ensemble_v1.0",
  "input_features": {
    "tech_returns_1": 0.0,
    "tech_returns_5": -0.01818925924241821,
    "tech_returns_15": -0.17026493223455397,
    "tech_returns_60": -0.22236340533672294,
    "tech_returns_240": -0.8600962676556412,
    "tech_returns_1440": 0.15519497816847133,
    "tech_rsi_14": 34.25769753834224,
    "tech_rsi_7": 33.93232838854735,
    "tech_macd": -0.5371219676214878,
    "tech_macd_signal": -0.48247012660835115,
    "tech_macd_hist": -0.05465184101313664,
    "tech_stoch_k": 16.015624999999098,
    "tech_stoch_d": 11.84895833333168,
    "tech_ema_cross_9_21": -1.0,
    "tech_ema_cross_50_200": -1.0,
    "tech_ema_9": 879.626800469757,
    "tech_ema_21": 880.1342096070304,
    "tech_ema_50": 880.881168925819,
    "tech_price_ema_9_pct": -0.016688949186013494,
    "tech_price_ema_21_pct": -0.07433066456108275,
    "tech_adx": 36.29171666694056,
    "tech_adx_7": 49.266177820006654,
    "tech_adx_10": 43.55102858586372,
    "tech_adx_roc_5": 8.219925612864213,
    "tech_adx_slope_3": 1.1019082349720755,
    "tech_adx_deceleration": -0.7333019576013378,
    "tech_plus_di": 16.06508929175306,
    "tech_minus_di": 40.24685885425422,
    "tech_di_crossover": 0.0,
    "tech_atr_14": 0.29451955275682834,
    "tech_atr_pct": 0.03348791931105066,
    "tech_atr_14_avg": 0.40171251220061327,
    "tech_bb_upper": 881.7970177438294,
    "tech_bb_lower": 878.7499822561704,
    "tech_bb_width": 0.34614645194465804,
    "tech_bb_position": 0.23958294768351984,
    "tech_volatility_20": 0.004539248966812051,
    "tech_volume_ratio": 0.0420231127119916,
    "tech_obv": 17805.199999999986,
    "tech_momentum_10": -0.7799999999999727,
    "tech_roc_10": -0.08861018335492021,
    "tech_high_low_range": 0.0,
    "tech_body_ratio": 0.0,
    "tech_swing_high_10": 880.31,
    "tech_swing_low_10": 879.07,
    "tech_price_vs_swing_high": -0.09428496779542744,
    "tech_price_vs_swing_low": 0.04664019930153095,
    "tech_swing_break_up": 0.0,
    "tech_swing_break_down": 0.0,
    "tech_volume_spike": 0.0,
    "tech_volume_spike_ratio": 0.0420231127119916,
    "micro_ob_best_bid_price": 879.38,
    "micro_ob_best_ask_price": 879.39,
    "micro_ob_best_bid_size": 153.9,
    "micro_ob_best_ask_size": 161.7,
    "micro_ob_spread_absolute": 0.009999999999990905,
    "micro_ob_spread_percentage": 0.0011371583549856894,
    "micro_ob_bid_ask_size_ratio": 0.9517625231910947,
    "micro_ob_orderbook_imbalance_5": -0.4435439102919951,
    "micro_ob_orderbook_imbalance_10": 0.09446022727272729,
    "micro_ob_orderbook_imbalance_20": 0.29499296199477176,
    "micro_ob_orderbook_vwap": 879.3688139204548,
    "micro_ob_buy_impact_0.1": 0.0,
    "micro_ob_sell_impact_0.1": 0.0,
    "micro_ob_buy_impact_1.0": 0.0,
    "micro_ob_sell_impact_1.0": 0.0,
    "micro_ob_buy_impact_10.0": 0.0,
    "micro_ob_sell_impact_10.0": 1.2928067243013945e-14,
    "micro_ob_bid_depth_concentration": 0.15565217391304348,
    "micro_ob_ask_depth_concentration": 0.7416999429549345,
    "micro_ob_bid_levels": 15,
    "micro_ob_ask_levels": 15,
    "micro_ob_total_bid_volume": 1610.0,
    "micro_ob_total_ask_volume": 876.5,
    "micro_ob_total_orderbook_volume": 2486.5,
    "micro_ob_order_flow_imbalance": 0.29499296199477176,
    "micro_ob_depth_imbalance_1": -0.024714828897338347,
    "micro_ob_depth_imbalance_5": -0.4435439102919951,
    "micro_ob_depth_imbalance_10": 0.09446022727272729,
    "micro_ob_depth_imbalance_20": 0.29499296199477176,
    "micro_fr_funding_rate_current": 0.00017555,
    "micro_fr_funding_rate_abs": 0.00017555,
    "micro_fr_funding_rate_mean": 0.0001137805,
    "micro_fr_funding_rate_std": 5.539113711371161e-05,
    "micro_fr_funding_rate_min": 3.27e-06,
    "micro_fr_funding_rate_max": 0.00018508,
    "micro_fr_funding_rate_skew": -0.07946538766566906,
    "micro_fr_funding_rate_kurtosis": -1.3311249504839233,
    "micro_fr_funding_rate_trend": -1.7850000000000098e-06,
    "micro_fr_funding_rate_change": -1.9799999999999777e-06,
    "micro_fr_funding_rate_change_abs": 1.9799999999999777e-06,
    "micro_fr_funding_rate_positive": 1.0,
    "micro_fr_funding_rate_negative": 0.0,
    "micro_fr_funding_rate_high": 0.0,
    "micro_fr_funding_rate_extreme": 0.0,
    "micro_fr_hours_to_next_funding": 0.0,
    "micro_fr_funding_imminent": 1.0,
    "micro_vp_volume_current": 791.37,
    "micro_vp_volume_mean": 598.79051,
    "micro_vp_volume_std": 935.5491477162542,
    "micro_vp_volume_max": 9234.015,
    "micro_vp_volume_sum": 59879.05100000001,
    "micro_vp_volume_ratio": 1.321614131793772,
    "micro_vp_large_volume_trade": 0.0,
    "micro_vp_recent_vwap": 879.2812308376431,
    "micro_vp_price_vwap_deviation_pct": 0.0021346028663656287,
    "micro_vp_price_clustering": 0.3325553676606355,
    "micro_vp_volume_trend": 96.45540606060601,
    "micro_of_order_flow_imbalance": 0.29499296199477176,
    "micro_of_trade_flow_buy_pressure": 0.6474964809973859,
    "micro_of_trade_flow_sell_pressure": 0.3525035190026141,
    "micro_of_kyles_lambda_buy": 0.0,
    "micro_of_kyles_lambda_sell": 1.2928067243013944e-15,
    "micro_of_kyles_lambda_avg": 6.464033621506972e-16,
    "micro_of_amihud_illiquidity": 0.02857379787051378,
    "micro_of_spread_dynamics_current": 0.0011371583549856894,
    "micro_micro_funding_arbitrage": 0.0,
    "micro_micro_orderbook_pressure": -1.0,
    "micro_micro_liquidity_score": 1.0,
    "micro_micro_volume_spike": 0.0,
    "micro_micro_oi_divergence": 0.0,
    "micro_micro_composite_score": 0.5,
    "fee_maker_rate": 0.0002,
    "fee_taker_rate": 0.0008,
    "fee_round_trip_cost": 0.0016,
    "fee_breakeven_move_pct": 0.16,
    "fee_net_profit_threshold": 0.16
  },
  "output_prediction": {
    "signal": "SHORT",
    "confidence": 0.5062217881116493,
    "raw_model_outputs": {
      "xgboost": 0.21554729342460632,
      "lightgbm": 0.2993156959877546,
      "lstm": 0.17263473570346832,
      "random_forest": 0.3211865276181969,
      "weighted_average": 0.24688910594417535
    }
  },
  "regime_info": {
    "regime": "trending",
    "regime_confidence": 0.7355006000032867,
    "atr_ratio": 0.7331600182016405,
    "adx_value": 36.29171666694056,
    "is_exhausted": false,
    "is_weakening": false,
    "leverage_tier": "normal_volatility"
  },
  "explanation": "The short position in BNBUSDT at 50.6% confidence is based on a RSI of 34.3, an MACD reading of -0.5371, and an ADX of 36.3. The ensemble model predicts a slight upward trend with an average accuracy of 0.25, suggesting a potential for further price movement in the short-term.",
  "symbol": "cmt_bnbusdt",
  "position_size": 0.1,
  "risk_validation": {
    "checks_performed": [
      "Wash trading check: No current position - any direction allowed",
      "Risk check: Order passes all risk checks (leverage: 4x, risk: 7.17%)",
      "Trading status: Trading allowed within risk limits",
      "Leverage set: 4x"
    ],
    "all_checks_passed": true
  },
  "execution_details": {
    "order_type": "1",
    "side": "OPEN_SHORT",
    "price": 879.42,
    "leverage": 4,
    "client_oid": "17c6b480-cc55-463d-9bc1-28e74b3a96e9",
    "symbol": "cmt_bnbusdt",
    "maker_fee_rate": 0.0002,
    "taker_fee_rate": 0.0008,
    "estimated_entry_fee": 0.28141440000000006,
    "estimated_exit_fee": 0.28141440000000006,
    "total_estimated_fees": 0.5628288000000001
  },
  "log_metadata": {
    "log_version": "2.3",
    "competition": "WEEX_AI_Trading_Hackathon_2025",
    "bot_name": "AlphaStrike",
    "compliance_status": "MANDATORY",
    "deepseek_enabled": true
  },
  "weex_response": {
    "code": "00000",
    "msg": "success",
    "request_time": 1767387440900,
    "data": "upload success",
    "upload_attempted": true,
    "upload_success": true,
    "upload_timestamp": "2026-01-02T20:57:20.828860Z",
    "error_details": null
  }
}