{
  "timestamp": "2026-01-02T20:56:07.373048Z",
  "order_id": "702073493885289389",
  "stage": "Decision Making",
  "model_version": "ollama:qwen2.5:1.5b+ensemble_v1.0",
  "input_features": {
    "tech_returns_1": 0.009002925950940543,
    "tech_returns_5": -0.16369869169436946,
    "tech_returns_15": -0.3581542562052231,
    "tech_returns_60": -0.3903835622580121,
    "tech_returns_240": -0.5143197098315677,
    "tech_returns_1440": 1.1689274654337576,
    "tech_rsi_14": 30.78034217293356,
    "tech_rsi_7": 18.879955677265087,
    "tech_macd": -2.4081097242219585,
    "tech_macd_signal": -1.5280420433525794,
    "tech_macd_hist": -0.880067680869379,
    "tech_stoch_k": 3.713706954761539,
    "tech_stoch_d": 1.4881867323610374,
    "tech_ema_cross_9_21": -1.0,
    "tech_ema_cross_50_200": 1.0,
    "tech_ema_9": 3113.7778730855343,
    "tech_ema_21": 3116.464678879785,
    "tech_ema_50": 3118.6935561546693,
    "tech_price_ema_9_pct": -0.10912381113965514,
    "tech_price_ema_21_pct": -0.1952429918753965,
    "tech_adx": 34.750244020093916,
    "tech_adx_7": 60.00972542528346,
    "tech_adx_10": 47.206865212397695,
    "tech_adx_roc_5": 9.310335345435156,
    "tech_adx_slope_3": 3.478375395298727,
    "tech_adx_deceleration": 0.8933165746277503,
    "tech_plus_di": 11.393554465157056,
    "tech_minus_di": 40.57763693276957,
    "tech_di_crossover": 0.0,
    "tech_atr_14": 2.0810245157140597,
    "tech_atr_pct": 0.06690579658157715,
    "tech_atr_14_avg": 2.4203948243207236,
    "tech_bb_upper": 3125.757786998281,
    "tech_bb_lower": 3109.7502130017187,
    "tech_bb_width": 0.5134328749658349,
    "tech_bb_position": 0.03934306337841137,
    "tech_volatility_20": 0.007366071418144424,
    "tech_volume_ratio": 0.06362117791421405,
    "tech_obv": 122237.97799999987,
    "tech_momentum_10": -8.049999999999727,
    "tech_roc_10": -0.25814271925295174,
    "tech_high_low_range": 0.017682726869391582,
    "tech_body_ratio": 0.690909090783441,
    "tech_swing_high_10": 3118.42,
    "tech_swing_low_10": 3109.83,
    "tech_price_vs_swing_high": -0.2578228718389429,
    "tech_price_vs_swing_low": 0.017685854210686178,
    "tech_swing_break_up": 0.0,
    "tech_swing_break_down": 0.0,
    "tech_volume_spike": 0.0,
    "tech_volume_spike_ratio": 0.06362117791421405,
    "micro_ob_best_bid_price": 3109.99,
    "micro_ob_best_ask_price": 3110.0,
    "micro_ob_best_bid_size": 40.957,
    "micro_ob_best_ask_size": 48.073,
    "micro_ob_spread_absolute": 0.010000000000218279,
    "micro_ob_spread_percentage": 0.0003215439253187957,
    "micro_ob_bid_ask_size_ratio": 0.8519751211698875,
    "micro_ob_orderbook_imbalance_5": -0.07166577021117372,
    "micro_ob_orderbook_imbalance_10": -0.15877816270935521,
    "micro_ob_orderbook_imbalance_20": -0.127315621700539,
    "micro_ob_orderbook_vwap": 3110.0050626023235,
    "micro_ob_buy_impact_0.1": 0.0,
    "micro_ob_sell_impact_0.1": -1.4622148331231423e-14,
    "micro_ob_buy_impact_1.0": 0.0,
    "micro_ob_sell_impact_1.0": 0.0,
    "micro_ob_buy_impact_10.0": 0.0,
    "micro_ob_sell_impact_10.0": 0.0,
    "micro_ob_bid_depth_concentration": 0.4595911940583628,
    "micro_ob_ask_depth_concentration": 0.4107129253285891,
    "micro_ob_bid_levels": 15,
    "micro_ob_ask_levels": 15,
    "micro_ob_total_bid_volume": 172.747,
    "micro_ob_total_ask_volume": 223.151,
    "micro_ob_total_orderbook_volume": 395.898,
    "micro_ob_order_flow_imbalance": -0.127315621700539,
    "micro_ob_depth_imbalance_1": -0.07992811411883634,
    "micro_ob_depth_imbalance_5": -0.07166577021117372,
    "micro_ob_depth_imbalance_10": -0.15877816270935521,
    "micro_ob_depth_imbalance_20": -0.127315621700539,
    "micro_fr_funding_rate_current": 5.719e-05,
    "micro_fr_funding_rate_abs": 5.719e-05,
    "micro_fr_funding_rate_mean": 9.052269999999999e-05,
    "micro_fr_funding_rate_std": 1.2463865841303014e-05,
    "micro_fr_funding_rate_min": 5.719e-05,
    "micro_fr_funding_rate_max": 0.0001,
    "micro_fr_funding_rate_skew": -0.9361051611509426,
    "micro_fr_funding_rate_kurtosis": -0.36565871798434557,
    "micro_fr_funding_rate_trend": -9.040000000000028e-07,
    "micro_fr_funding_rate_change": -3.039999999999998e-06,
    "micro_fr_funding_rate_change_abs": 3.039999999999998e-06,
    "micro_fr_funding_rate_positive": 1.0,
    "micro_fr_funding_rate_negative": 0.0,
    "micro_fr_funding_rate_high": 0.0,
    "micro_fr_funding_rate_extreme": 0.0,
    "micro_fr_hours_to_next_funding": 0.0,
    "micro_fr_funding_imminent": 1.0,
    "micro_vp_volume_current": 214.73697,
    "micro_vp_volume_mean": 5134.193142600001,
    "micro_vp_volume_std": 10903.776694160308,
    "micro_vp_volume_max": 57764.9562,
    "micro_vp_volume_sum": 513419.3142600001,
    "micro_vp_volume_ratio": 0.041824871802788335,
    "micro_vp_large_volume_trade": 0.0,
    "micro_vp_recent_vwap": 3110.7839493495912,
    "micro_vp_price_vwap_deviation_pct": 0.043270464047826425,
    "micro_vp_price_clustering": 0.06347894678233151,
    "micro_vp_volume_trend": 735.5254002424239,
    "micro_of_order_flow_imbalance": -0.127315621700539,
    "micro_of_trade_flow_buy_pressure": 0.4363421891497305,
    "micro_of_trade_flow_sell_pressure": 0.5636578108502696,
    "micro_of_kyles_lambda_buy": 0.0,
    "micro_of_kyles_lambda_sell": 0.0,
    "micro_of_kyles_lambda_avg": 0.0,
    "micro_of_amihud_illiquidity": 0.16626060783895144,
    "micro_of_spread_dynamics_current": 0.0003215439253187957,
    "micro_micro_funding_arbitrage": 0.0,
    "micro_micro_orderbook_pressure": -0.5,
    "micro_micro_liquidity_score": 0.75,
    "micro_micro_volume_spike": 0.0,
    "micro_micro_oi_divergence": 0.0,
    "micro_micro_composite_score": 0.30000000000000004,
    "fee_maker_rate": 0.0002,
    "fee_taker_rate": 0.0008,
    "fee_round_trip_cost": 0.0016,
    "fee_breakeven_move_pct": 0.16,
    "fee_net_profit_threshold": 0.16
  },
  "output_prediction": {
    "signal": "SHORT",
    "confidence": 0.4713106446170725,
    "raw_model_outputs": {
      "xgboost": 0.1243734359741211,
      "lightgbm": 0.10410923057935079,
      "lstm": 0.4005942940711975,
      "random_forest": 0.5042838286829519,
      "weighted_average": 0.26434467769146375
    }
  },
  "regime_info": {
    "regime": "trending",
    "regime_confidence": 0.717002928241127,
    "atr_ratio": 0.8597872110795365,
    "adx_value": 34.750244020093916,
    "is_exhausted": false,
    "is_weakening": false,
    "leverage_tier": "normal_volatility"
  },
  "explanation": "The short position in ETHUSDT is justified by a combination of RSI at 30.8, MACD at -2.4081, and an ADX of 34.8 indicating weak momentum. The ensemble average model predicts a slight positive outcome (0.26). These indicators suggest the market may be oversold, potentially leading to a price bounce or retracement.",
  "symbol": "cmt_ethusdt",
  "position_size": 0.005,
  "risk_validation": {
    "checks_performed": [
      "Wash trading check: Same direction - allowed",
      "Risk check: Order passes all risk checks (leverage: 4x, risk: 7.20%)",
      "Trading status: Trading allowed within risk limits",
      "Leverage set: 4x"
    ],
    "all_checks_passed": true
  },
  "execution_details": {
    "order_type": "1",
    "side": "OPEN_SHORT",
    "price": 3110.38,
    "leverage": 4,
    "client_oid": "fac515fc-98ca-44dc-aa58-86a944358dc2",
    "symbol": "cmt_ethusdt",
    "maker_fee_rate": 0.0002,
    "taker_fee_rate": 0.0008,
    "estimated_entry_fee": 0.049766080000000004,
    "estimated_exit_fee": 0.049766080000000004,
    "total_estimated_fees": 0.09953216000000001
  },
  "log_metadata": {
    "log_version": "2.3",
    "competition": "WEEX_AI_Trading_Hackathon_2025",
    "bot_name": "AlphaStrike",
    "compliance_status": "MANDATORY",
    "deepseek_enabled": true
  },
  "weex_response": {
    "code": "00000",
    "msg": "success",
    "request_time": 1767387367445,
    "data": "upload success",
    "upload_attempted": true,
    "upload_success": true,