{
  "timestamp": "2026-01-02T13:18:23.484906Z",
  "order_id": "701958309418107821",
  "stage": "Decision Making",
  "model_version": "ollama:qwen2.5:1.5b+ensemble_v1.0",
  "input_features": {
    "tech_returns_1": 0.1746393318147188,
    "tech_returns_5": 0.403348554033478,
    "tech_returns_15": 1.3910236704580248,
    "tech_returns_60": 2.2475393319383086,
    "tech_returns_240": 2.5495530509133335,
    "tech_returns_1440": 7.976702962775385,
    "tech_rsi_14": 78.96139888742074,
    "tech_rsi_7": 83.66766191418503,
    "tech_macd": 0.00048117724306390164,
    "tech_macd_signal": 0.00045183601647751125,
    "tech_macd_hist": 2.9341226586390387e-05,
    "tech_stoch_k": 88.27586206896534,
    "tech_stoch_d": 90.56158628091192,
    "tech_ema_cross_9_21": 1.0,
    "tech_ema_cross_50_200": 1.0,
    "tech_ema_9": 0.13156777452340038,
    "tech_ema_21": 0.1311180771880184,
    "tech_ema_50": 0.130639313396085,
    "tech_price_ema_9_pct": 0.2753147401875297,
    "tech_price_ema_21_pct": 0.6192302612989962,
    "tech_adx": 64.00325409033607,
    "tech_adx_7": 62.7807458404068,
    "tech_adx_10": 63.314442334919136,
    "tech_adx_roc_5": 1.4626672483642338,
    "tech_adx_slope_3": 1.3030118031874842,
    "tech_adx_deceleration": 0.7156752173559191,
    "tech_plus_di": 54.40794209546911,
    "tech_minus_di": 6.998143360349451,
    "tech_di_crossover": 0.0,
    "tech_atr_14": 0.00023957658359625614,
    "tech_atr_pct": 0.18159371151084375,
    "tech_atr_14_avg": 0.00019913037782076765,
    "tech_bb_upper": 0.1324379035794431,
    "tech_bb_lower": 0.12977709642055688,
    "tech_bb_width": 2.0294850858160096,
    "tech_bb_position": 0.809116726949987,
    "tech_volatility_20": 0.028505109536713535,
    "tech_volume_ratio": 1.2118936905422124,
    "tech_obv": 174591200.0,
    "tech_momentum_10": 0.00028000000000000247,
    "tech_roc_10": 0.21268515001899857,
    "tech_high_low_range": 0.3031910861820539,
    "tech_body_ratio": 0.5749998562500099,
    "tech_swing_high_10": 0.1321,
    "tech_swing_low_10": 0.13126,
    "tech_price_vs_swing_high": -0.12869038607116084,
    "tech_price_vs_swing_low": 0.5104373000152399,
    "tech_swing_break_up": 1.0,
    "tech_swing_break_down": 0.0,
    "tech_volume_spike": 0.0,
    "tech_volume_spike_ratio": 1.2118936905422124,
    "micro_ob_best_bid_price": 0.13172,
    "micro_ob_best_ask_price": 0.13173,
    "micro_ob_best_bid_size": 2422900.0,
    "micro_ob_best_ask_size": 2626900.0,
    "micro_ob_spread_absolute": 1.0000000000010001e-05,
    "micro_ob_spread_percentage": 0.007591573353585121,
    "micro_ob_bid_ask_size_ratio": 0.9223419239407666,
    "micro_ob_orderbook_imbalance_5": 0.07145049387252253,
    "micro_ob_orderbook_imbalance_10": 0.17779178234629514,
    "micro_ob_orderbook_imbalance_20": 0.2193716461445971,
    "micro_ob_orderbook_vwap": 0.13170749842448606,
    "micro_ob_buy_impact_0.1": 0.0,
    "micro_ob_sell_impact_0.1": 0.0,
    "micro_ob_buy_impact_1.0": 0.0,
    "micro_ob_sell_impact_1.0": 0.0,
    "micro_ob_buy_impact_10.0": 0.0,
    "micro_ob_sell_impact_10.0": 0.0,
    "micro_ob_bid_depth_concentration": 0.45261051216875564,
    "micro_ob_ask_depth_concentration": 0.6127020890618048,
    "micro_ob_bid_levels": 15,
    "micro_ob_ask_levels": 15,
    "micro_ob_total_bid_volume": 27381600.0,
    "micro_ob_total_ask_volume": 17529400.0,
    "micro_ob_total_orderbook_volume": 44911000.0,
    "micro_ob_order_flow_imbalance": 0.2193716461445971,
    "micro_ob_depth_imbalance_1": -0.04039763951047566,
    "micro_ob_depth_imbalance_5": 0.07145049387252253,
    "micro_ob_depth_imbalance_10": 0.17779178234629514,
    "micro_ob_depth_imbalance_20": 0.2193716461445971,
    "micro_fr_funding_rate_current": 0.0001,
    "micro_fr_funding_rate_abs": 0.0001,
    "micro_fr_funding_rate_mean": 0.00010000000000000002,
    "micro_fr_funding_rate_std": 1.3552527156068805e-20,
    "micro_fr_funding_rate_min": 0.0001,
    "micro_fr_funding_rate_max": 0.0001,
    "micro_fr_funding_rate_skew": -1.0,
    "micro_fr_funding_rate_kurtosis": -2.0,
    "micro_fr_funding_rate_trend": -9.234190815370753e-21,
    "micro_fr_funding_rate_change": 0.0,
    "micro_fr_funding_rate_change_abs": 0.0,
    "micro_fr_funding_rate_positive": 1.0,
    "micro_fr_funding_rate_negative": 0.0,
    "micro_fr_funding_rate_high": 0.0,
    "micro_fr_funding_rate_extreme": 0.0,
    "micro_fr_hours_to_next_funding": 0.0,
    "micro_fr_funding_imminent": 1.0,
    "micro_vp_volume_current": 144.859,
    "micro_vp_volume_mean": 726.58105,
    "micro_vp_volume_std": 3566.233284371987,
    "micro_vp_volume_max": 33018.405,
    "micro_vp_volume_sum": 72658.105,
    "micro_vp_volume_ratio": 0.19937073778623873,
    "micro_vp_large_volume_trade": 0.0,
    "micro_vp_recent_vwap": 0.13179415897331762,
    "micro_vp_price_vwap_deviation_pct": -0.07903155506208856,
    "micro_vp_price_clustering": 0.0,
    "micro_vp_volume_trend": 2.3943636363636402,
    "micro_of_order_flow_imbalance": 0.2193716461445971,
    "micro_of_trade_flow_buy_pressure": 0.6096858230722986,
    "micro_of_trade_flow_sell_pressure": 0.39031417692770143,
    "micro_of_kyles_lambda_buy": 0.0,
    "micro_of_kyles_lambda_sell": 0.0,
    "micro_of_kyles_lambda_avg": 0.0,
    "micro_of_amihud_illiquidity": 0.3064243738066201,
    "micro_of_spread_dynamics_current": 0.007591573353585121,
    "micro_micro_funding_arbitrage": 0.0,
    "micro_micro_orderbook_pressure": 0.5,
    "micro_micro_liquidity_score": 1.0,
    "micro_micro_volume_spike": 0.0,
    "micro_micro_oi_divergence": 0.0,
    "micro_micro_composite_score": 0.35,
    "fee_maker_rate": 0.0002,
    "fee_taker_rate": 0.0008,
    "fee_round_trip_cost": 0.0016,
    "fee_breakeven_move_pct": 0.16,
    "fee_net_profit_threshold": 0.16
  },
  "output_prediction": {
    "signal": "SHORT",
    "confidence": 0.4575336857221405,
    "raw_model_outputs": {
      "xgboost": 0.1427760273218155,
      "lightgbm": 0.08885301078502775,
      "lstm": 0.30942249298095703,
      "random_forest": 0.6441573538285738,
      "weighted_average": 0.27123315713892976
    }
  },
  "regime_info": {
    "regime": "trend_exhaustion",
    "regime_confidence": 0.7879739672773114,
    "atr_ratio": 1.2031141919084447,
    "adx_value": 64.00325409033607,
    "is_exhausted": true,
    "is_weakening": false,
    "leverage_tier": "elevated_volatility"
  },
  "explanation": "The short position in DOGEUSDT is justified by a RSI of 79, indicating overbought conditions, coupled with an ADX at 64 suggesting strong market momentum. The MACD shows no significant divergence or bullish trend, further supporting the bearish outlook. Ensemble models predict a slight positive return (0.27), but caution due to high confidence in the RSI and ADX signals.",
  "symbol": "cmt_dogeusdt",
  "position_size": 400.0,
  "risk_validation": {
    "checks_performed": [
      "Wash trading check: Same direction - allowed",
      "Risk check: Order passes all risk checks (leverage: 1x, risk: 6.95%)",
      "Trading status: Trading allowed within risk limits"
    ],
    "all_checks_passed": true
  },
  "execution_details": {
    "order_type": "1",
    "side": "OPEN_SHORT",
    "price": 0.1319,
    "leverage": 1,
    "client_oid": "ceb6d13b-ed0e-4590-9ffe-abedaf6e34fe",
    "symbol": "cmt_dogeusdt",
    "maker_fee_rate": 0.0002,
    "taker_fee_rate": 0.0008,
    "estimated_entry_fee": 0.042208,
    "estimated_exit_fee": 0.042208,
    "total_estimated_fees": 0.084416
  },
  "log_metadata": {
    "log_version": "2.3",
    "competition": "WEEX_AI_Trading_Hackathon_2025",
    "bot_name": "AlphaStrike",
    "compliance_status": "MANDATORY",
    "deepseek_enabled": true
  },
  "weex_response": {
    "code": "00000",
    "msg": "success",
    "request_time": 1767359903566,
    "data": "upload success",
    "upload_attempted": true,
    "upload_success": true,
    "upload_timestamp": "2026-01-02T13:18:23.485011Z",
    "error_details": null
  }
}