{
  "timestamp": "2026-01-02T05:18:12.430307Z",
  "order_id": "701837467371701165",
  "stage": "Decision Making",
  "model_version": "ollama:qwen2.5:1.5b+ensemble_v1.0",
  "input_features": {
    "tech_returns_1": 0.0,
    "tech_returns_5": 0.0556947925369089,
    "tech_returns_15": 0.0,
    "tech_returns_60": 5.490311215502053,
    "tech_returns_240": 4.691142191142195,
    "tech_returns_1440": 6.9539375928677485,
    "tech_rsi_14": 56.95770746852415,
    "tech_rsi_7": 50.825889260540194,
    "tech_macd": 0.0002743627367464141,
    "tech_macd_signal": 0.0004609668847818739,
    "tech_macd_hist": -0.0001866041480354598,
    "tech_stoch_k": 42.85714285714399,
    "tech_stoch_d": 28.571428571429337,
    "tech_ema_cross_9_21": 1.0,
    "tech_ema_cross_50_200": 1.0,
    "tech_ema_9": 0.3592530312969059,
    "tech_ema_21": 0.35921185327257577,
    "tech_ema_50": 0.3568927873755637,
    "tech_price_ema_9_pct": 0.013073989361916226,
    "tech_price_ema_21_pct": 0.024538925044145458,
    "tech_adx": 23.779479392197207,
    "tech_adx_7": 36.395610443826016,
    "tech_adx_10": 30.73750639823399,
    "tech_adx_roc_5": 2.5105016549472445,
    "tech_adx_slope_3": -1.807110287452847,
    "tech_adx_deceleration": -2.4872014846147223,
    "tech_plus_di": 18.868106087859672,
    "tech_minus_di": 20.919513645824107,
    "tech_di_crossover": 0.0,
    "tech_atr_14": 0.0002455405693021607,
    "tech_atr_pct": 0.06833859429506281,
    "tech_atr_14_avg": 0.0003865507218075564,
    "tech_bb_upper": 0.35972607334999135,
    "tech_bb_lower": 0.35895392665000864,
    "tech_bb_width": 0.21487913952877832,
    "tech_bb_position": 0.448196372527552,
    "tech_volatility_20": 0.007926220131748228,
    "tech_volume_ratio": 0.19343038260128786,
    "tech_obv": 776530.0,
    "tech_momentum_10": -9.999999999998899e-05,
    "tech_roc_10": -0.027824151363375904,
    "tech_high_low_range": 0.05566379070414083,
    "tech_body_ratio": 0.0,
    "tech_swing_high_10": 0.3596,
    "tech_swing_low_10": 0.359,
    "tech_price_vs_swing_high": -0.08342602892101418,
    "tech_price_vs_swing_low": 0.08356545961003412,
    "tech_swing_break_up": 0.0,
    "tech_swing_break_down": 0.0,
    "tech_volume_spike": 0.0,
    "tech_volume_spike_ratio": 0.19343038260128786,
    "micro_ob_best_bid_price": 0.3592,
    "micro_ob_best_ask_price": 0.3593,
    "micro_ob_best_bid_size": 818780.0,
    "micro_ob_best_ask_size": 850770.0,
    "micro_ob_spread_absolute": 9.999999999998899e-05,
    "micro_ob_spread_percentage": 0.02783576896311454,
    "micro_ob_bid_ask_size_ratio": 0.9623987681747124,
    "micro_ob_orderbook_imbalance_5": -0.04584833895208777,
    "micro_ob_orderbook_imbalance_10": -0.22112149647255566,
    "micro_ob_orderbook_imbalance_20": -0.2533329104727197,
    "micro_ob_orderbook_vwap": 0.35951726932706535,
    "micro_ob_buy_impact_0.1": 0.0,
    "micro_ob_sell_impact_0.1": 1.5454106690216543e-14,
    "micro_ob_buy_impact_1.0": 0.0,
    "micro_ob_sell_impact_1.0": 0.0,
    "micro_ob_buy_impact_10.0": 0.0,
    "micro_ob_sell_impact_10.0": 0.0,
    "micro_ob_bid_depth_concentration": 0.5283982747502673,
    "micro_ob_ask_depth_concentration": 0.34504302858680824,
    "micro_ob_bid_levels": 15,
    "micro_ob_ask_levels": 15,
    "micro_ob_total_bid_volume": 7769310.0,
    "micro_ob_total_ask_volume": 13041330.0,
    "micro_ob_total_orderbook_volume": 20810640.0,
    "micro_ob_order_flow_imbalance": -0.2533329104727197,
    "micro_ob_depth_imbalance_1": -0.019160851726513134,
    "micro_ob_depth_imbalance_5": -0.04584833895208777,
    "micro_ob_depth_imbalance_10": -0.22112149647255566,
    "micro_ob_depth_imbalance_20": -0.2533329104727197,
    "micro_fr_funding_rate_current": 0.0001,
    "micro_fr_funding_rate_abs": 0.0001,
    "micro_fr_funding_rate_mean": 0.0001,
    "micro_fr_funding_rate_std": 0.0,
    "micro_fr_funding_rate_min": 0.0001,
    "micro_fr_funding_rate_max": 0.0001,
    "micro_fr_funding_rate_skew": 0.0,
    "micro_fr_funding_rate_kurtosis": 0.0,
    "micro_fr_funding_rate_trend": -9.234190815370753e-21,
    "micro_fr_funding_rate_change": 0.0,
    "micro_fr_funding_rate_change_abs": 0.0,
    "micro_fr_funding_rate_positive": 1.0,
    "micro_fr_funding_rate_negative": 0.0,
    "micro_fr_funding_rate_high": 0.0,
    "micro_fr_funding_rate_extreme": 0.0,
    "micro_fr_hours_to_next_funding": 0.0,
    "micro_fr_funding_imminent": 1.0,
    "micro_vp_volume_current": 330.372,
    "micro_vp_volume_mean": 56.3877,
    "micro_vp_volume_std": 69.3594467054777,
    "micro_vp_volume_max": 348.424,
    "micro_vp_volume_sum": 5638.77,
    "micro_vp_volume_ratio": 5.858937321437122,
    "micro_vp_large_volume_trade": 1.0,
    "micro_vp_recent_vwap": 0.3591573436760144,
    "micro_vp_price_vwap_deviation_pct": -0.01596617110135626,
    "micro_vp_price_clustering": 0.0,
    "micro_vp_volume_trend": 12.927599999999996,
    "micro_of_order_flow_imbalance": -0.2533329104727197,
    "micro_of_trade_flow_buy_pressure": 0.3733335447636401,
    "micro_of_trade_flow_sell_pressure": 0.6266664552363599,
    "micro_of_kyles_lambda_buy": 0.0,
    "micro_of_kyles_lambda_sell": 0.0,
    "micro_of_kyles_lambda_avg": 0.0,
    "micro_of_amihud_illiquidity": 0.457630673730485,
    "micro_of_spread_dynamics_current": 0.02783576896311454,
    "micro_micro_funding_arbitrage": 0.0,
    "micro_micro_orderbook_pressure": -0.5,
    "micro_micro_liquidity_score": 1.0,
    "micro_micro_volume_spike": 1.0,
    "micro_micro_oi_divergence": 0.0,
    "micro_micro_composite_score": 0.44999999999999996,
    "fee_maker_rate": 0.0002,
    "fee_taker_rate": 0.0008,
    "fee_round_trip_cost": 0.0016,
    "fee_breakeven_move_pct": 0.16,
    "fee_net_profit_threshold": 0.16
  },
  "output_prediction": {
    "signal": "SHORT",
    "confidence": 0.4529453926715674,
    "raw_model_outputs": {
      "xgboost": 0.08522284775972366,
      "lightgbm": 0.06502214627907704,
      "lstm": 0.49628371000289917,
      "random_forest": 0.5381699207410903,
      "weighted_average": 0.2735273036642163
    }
  },
  "regime_info": {
    "regime": "ranging",
    "regime_confidence": 0.5,
    "atr_ratio": 0.6352091858837677,
    "adx_value": 23.779479392197207,
    "is_exhausted": false,
    "is_weakening": false,
    "leverage_tier": "normal_volatility"
  },
  "explanation": "The short position in ADAUSDT is justified by a RSI of 57, indicating overbought territory; MACD at 0 suggests no bullish momentum; ADX at 23 indicates mild market strength but not extreme. Ensemble model averaging predicts a slight positive trend, favoring the sell signal.",
  "symbol": "cmt_adausdt",
  "position_size": 80.0,
  "risk_validation": {
    "checks_performed": [
      "Wash trading check: Same direction - allowed",
      "Risk check: Order passes all risk checks (leverage: 2x, risk: 6.56%)",
      "Trading status: Trading allowed within risk limits",
      "Leverage set: 2x"
    ],
    "all_checks_passed": true
  },
  "execution_details": {
    "order_type": "1",
    "side": "OPEN_SHORT",
    "price": 0.3593,
    "leverage": 2,
    "client_oid": "9128ff86-bf60-496c-8c4e-657020a55ba2",
    "symbol": "cmt_adausdt",
    "maker_fee_rate": 0.0002,
    "taker_fee_rate": 0.0008,
    "estimated_entry_fee": 0.0459904,
    "estimated_exit_fee": 0.0459904,
    "total_estimated_fees": 0.0919808
  },
  "log_metadata": {
    "log_version": "2.3",
    "competition": "WEEX_AI_Trading_Hackathon_2025",
    "bot_name": "AlphaStrike",
    "compliance_status": "MANDATORY",
    "deepseek_enabled": true
  },
  "weex_response": {
    "code": "00000",
    "msg": "success",
    "request_time": 1767331092498,
    "data": "upload success",
    "upload_attempted": true,
    "upload_success": true,
    "upload_timestamp": "2026-01-02T05:18:12.430394Z",
    "error_details": null
  }
}