{
  "timestamp": "2026-01-02T08:37:13.624483Z",
  "order_id": "701887552268796845",
  "stage": "Decision Making",
  "model_version": "ollama:qwen2.5:1.5b+exit_manager_v1",
  "input_features": {
    "tech_returns_1": -0.03200341369745674,
    "tech_returns_5": 0.0854426999893132,
    "tech_returns_15": 0.06941107373592548,
    "tech_returns_60": 0.12821882679774355,
    "tech_returns_240": -0.30320761742644864,
    "tech_returns_1440": 1.8601876457508537,
    "tech_rsi_14": 55.89275506800859,
    "tech_rsi_7": 57.39467381159588,
    "tech_macd": 0.0002992565995698637,
    "tech_macd_signal": 0.00014805256773555217,
    "tech_macd_hist": 0.00015120403183431155,
    "tech_stoch_k": 56.09756097561451,
    "tech_stoch_d": 75.84204413472962,
    "tech_ema_cross_9_21": 1.0,
    "tech_ema_cross_50_200": 1.0,
    "tech_ema_9": 1.873850520392539,
    "tech_ema_21": 1.8735017540011611,
    "tech_ema_50": 1.8732830081547307,
    "tech_price_ema_9_pct": 0.01865034610059515,
    "tech_price_ema_21_pct": 0.037269567394197886,
    "tech_adx": 26.911096704948573,
    "tech_adx_7": 45.91275837475188,
    "tech_adx_10": 35.51789146016701,
    "tech_adx_roc_5": 5.895817581242749,
    "tech_adx_slope_3": 2.148871641025311,
    "tech_adx_deceleration": -1.6240203004558467,
    "tech_plus_di": 43.794833077488974,
    "tech_minus_di": 25.024406261726718,
    "tech_di_crossover": 0.0,
    "tech_atr_14": 0.000881546844091833,
    "tech_atr_pct": 0.04703590033570766,
    "tech_atr_14_avg": 0.0007556941348843773,
    "tech_bb_upper": 1.8749533369138578,
    "tech_bb_lower": 1.8716866630861424,
    "tech_bb_width": 0.17437884759226366,
    "tech_bb_position": 0.7693871645628714,
    "tech_volatility_20": 0.005222555724506535,
    "tech_volume_ratio": 0.7881295814613384,
    "tech_obv": -2168750.0,
    "tech_momentum_10": 0.001100000000000101,
    "tech_roc_10": 0.05872617585820361,
    "tech_high_low_range": 0.04268487888165147,
    "tech_body_ratio": 0.7499999062500117,
    "tech_swing_high_10": 1.876,
    "tech_swing_low_10": 1.8719,
    "tech_price_vs_swing_high": -0.09594882729210032,
    "tech_price_vs_swing_low": 0.12286981142156049,
    "tech_swing_break_up": 0.0,
    "tech_swing_break_down": 0.0,
    "tech_volume_spike": 0.0,
    "tech_volume_spike_ratio": 0.7881295814613384,
    "micro_ob_best_bid_price": 1.8739,
    "micro_ob_best_ask_price": 1.874,
    "micro_ob_best_bid_size": 56830.0,
    "micro_ob_best_ask_size": 67880.0,
    "micro_ob_spread_absolute": 0.00010000000000021103,
    "micro_ob_spread_percentage": 0.005336321673481738,
    "micro_ob_bid_ask_size_ratio": 0.8372127283441367,
    "micro_ob_orderbook_imbalance_5": -0.0796166352900907,
    "micro_ob_orderbook_imbalance_10": -0.18909115465130863,
    "micro_ob_orderbook_imbalance_20": -0.2166356059429518,
    "micro_ob_orderbook_vwap": 1.8741858671220057,
    "micro_ob_buy_impact_0.1": 0.0,
    "micro_ob_sell_impact_0.1": 0.0,
    "micro_ob_buy_impact_1.0": 0.0,
    "micro_ob_sell_impact_1.0": 0.0,
    "micro_ob_buy_impact_10.0": 0.0,
    "micro_ob_sell_impact_10.0": 1.1849330536583133e-14,
    "micro_ob_bid_depth_concentration": 0.444233342695237,
    "micro_ob_ask_depth_concentration": 0.3355175678406927,
    "micro_ob_bid_levels": 15,
    "micro_ob_ask_levels": 15,
    "micro_ob_total_bid_volume": 605290.0,
    "micro_ob_total_ask_volume": 940070.0,
    "micro_ob_total_orderbook_volume": 1545360.0,
    "micro_ob_order_flow_imbalance": -0.2166356059429518,
    "micro_ob_depth_imbalance_1": -0.08860556491059257,
    "micro_ob_depth_imbalance_5": -0.0796166352900907,
    "micro_ob_depth_imbalance_10": -0.18909115465130863,
    "micro_ob_depth_imbalance_20": -0.2166356059429518,
    "micro_fr_funding_rate_current": 0.0001,
    "micro_fr_funding_rate_abs": 0.0001,
    "micro_fr_funding_rate_mean": 0.0001,
    "micro_fr_funding_rate_std": 0.0,
    "micro_fr_funding_rate_min": 0.0001,
    "micro_fr_funding_rate_max": 0.0001,
    "micro_fr_funding_rate_skew": 0.0,
    "micro_fr_funding_rate_kurtosis": 0.0,
    "micro_fr_funding_rate_trend": -9.234190815370753e-21,
    "micro_fr_funding_rate_change": 0.0,
    "micro_fr_funding_rate_change_abs": 0.0,
    "micro_fr_funding_rate_positive": 1.0,
    "micro_fr_funding_rate_negative": 0.0,
    "micro_fr_funding_rate_high": 0.0,
    "micro_fr_funding_rate_extreme": 0.0,
    "micro_fr_hours_to_next_funding": 0.0,
    "micro_fr_funding_imminent": 1.0,
    "micro_vp_volume_current": 281.175,
    "micro_vp_volume_mean": 423.20547000000005,
    "micro_vp_volume_std": 1635.2850593048872,
    "micro_vp_volume_max": 16644.672,
    "micro_vp_volume_sum": 42320.547000000006,
    "micro_vp_volume_ratio": 0.6643935864061492,
    "micro_vp_large_volume_trade": 0.0,
    "micro_vp_recent_vwap": 1.874249227234704,
    "micro_vp_price_vwap_deviation_pct": 0.013379904958854001,
    "micro_vp_price_clustering": 0.0,
    "micro_vp_volume_trend": 6.92996969696969,
    "micro_of_order_flow_imbalance": -0.2166356059429518,
    "micro_of_trade_flow_buy_pressure": 0.3916821970285241,
    "micro_of_trade_flow_sell_pressure": 0.6083178029714759,
    "micro_of_kyles_lambda_buy": 0.0,
    "micro_of_kyles_lambda_sell": 1.1849330536583132e-15,
    "micro_of_kyles_lambda_avg": 5.924665268291566e-16,
    "micro_of_amihud_illiquidity": 0.05112453962913522,
    "micro_of_spread_dynamics_current": 0.005336321673481738,
    "micro_micro_funding_arbitrage": 0.0,
    "micro_micro_orderbook_pressure": -0.5,
    "micro_micro_liquidity_score": 1.0,
    "micro_micro_volume_spike": 0.0,
    "micro_micro_oi_divergence": 0.0,
    "micro_micro_composite_score": 0.35,
    "fee_maker_rate": 0.0002,
    "fee_taker_rate": 0.0008,
    "fee_round_trip_cost": 0.0016,
    "fee_breakeven_move_pct": 0.16,
    "fee_net_profit_threshold": 0.16,
    "exit_trigger": true,
    "exit_reason": "Trailing stop hit: 1.87 >= 1.87",
    "position_side": "SHORT",
    "entry_price": 1.8734,
    "exit_price": 1.8748,
    "position_size": 30.0,
    "hold_duration_hours": 0.15723269194444445
  },
  "output_prediction": {
    "signal": "EXIT_SHORT",
    "confidence": 1.0,
    "raw_model_outputs": {
      "action": "exit"
    }
  },
  "regime_info": {
    "regime": "unknown",
    "regime_confidence": 0.0,
    "atr_ratio": 1.0,
    "adx_value": 0.0,
    "is_exhausted": false,
    "is_weakening": false,
    "leverage_tier": "unknown"
  },
  "explanation": "XRPUSDT EXIT_SHORT due to RSI at 55.9, MACD at 0.0003, ADX at 26.9, indicating overbought conditions with weak momentum and divergences. The short position is confirmed by 1 model.",
  "symbol": "cmt_xrpusdt",
  "position_size": 30.0,
  "risk_validation": {
    "checks_performed": [
      "Risk check: Close order - bypassing risk checks for position exit",
      "Trading status: Trading allowed within risk limits",
      "Leverage set: 2x"
    ],
    "all_checks_passed": true
  },
  "execution_details": {
    "order_type": "1",
    "side": "CLOSE_SHORT",
    "price": 1.8748,
    "leverage": 2,
    "client_oid": "9d6f004b-f5f1-464e-9c55-6d6d4b99ea25",
    "symbol": "cmt_xrpusdt",
    "maker_fee_rate": 0.0002,
    "taker_fee_rate": 0.0008,
    "estimated_entry_fee": 0.0899904,
    "estimated_exit_fee": 0.0899904,
    "total_estimated_fees": 0.1799808
  },
  "log_metadata": {
    "log_version": "2.3",
    "competition": "WEEX_AI_Trading_Hackathon_2025",
    "bot_name": "AlphaStrike",
    "compliance_status": "MANDATORY",
    "deepseek_enabled": true
  },
  "weex_response": {
    "code": "00000",
    "msg": "success",
    "request_time": 1767343033701,
    "data": "upload success",
    "upload_attempted": true,
    "upload_success": true,
    "upload_timestamp": "2026-01-02T08:37:13.624580Z",
    "error_details": null
  }
}