{
  "timestamp": "2026-01-02T17:52:10.094708Z",
  "order_id": "702027207987430317",
  "stage": "Decision Making",
  "model_version": "ollama:qwen2.5:1.5b+ensemble_v1.0",
  "input_features": {
    "tech_returns_1": 0.010165815750218243,
    "tech_returns_5": -0.2411131767224406,
    "tech_returns_15": -0.152239613875238,
    "tech_returns_60": 0.14817328356520054,
    "tech_returns_240": 1.547160289934868,
    "tech_returns_1440": 0.15519497816847133,
    "tech_rsi_14": 36.27462784868326,
    "tech_rsi_7": 32.492455690937064,
    "tech_macd": -0.7074410428909914,
    "tech_macd_signal": -0.5304843054004729,
    "tech_macd_hist": -0.17695673749051855,
    "tech_stoch_k": 20.63882063881895,
    "tech_stoch_d": 17.608517608516774,
    "tech_ema_cross_9_21": -1.0,
    "tech_ema_cross_50_200": 1.0,
    "tech_ema_9": 886.0831820963024,
    "tech_ema_21": 886.8294755509041,
    "tech_ema_50": 887.1953309967014,
    "tech_price_ema_9_pct": -0.0759727878718782,
    "tech_price_ema_21_pct": -0.16006183714432584,
    "tech_adx": 35.01053394589074,
    "tech_adx_7": 53.17533399752044,
    "tech_adx_10": 42.87004558812838,
    "tech_adx_roc_5": 12.76293605647177,
    "tech_adx_slope_3": 1.7773645214978302,
    "tech_adx_deceleration": -1.3134395893345463,
    "tech_plus_di": 13.125425614764897,
    "tech_minus_di": 35.25271599761262,
    "tech_di_crossover": 0.0,
    "tech_atr_14": 0.7878167483594254,
    "tech_atr_pct": 0.08897762035208834,
    "tech_atr_14_avg": 0.7847416464753827,
    "tech_bb_upper": 888.609392475252,
    "tech_bb_lower": 884.956607524748,
    "tech_bb_width": 0.41191418312077793,
    "tech_bb_position": 0.12412241109057573,
    "tech_volatility_20": 0.010699852307560574,
    "tech_volume_ratio": 0.0496268656716418,
    "tech_obv": 18418.30000000001,
    "tech_momentum_10": -3.019999999999982,
    "tech_roc_10": -0.33992548653242194,
    "tech_high_low_range": 0.011294202685751127,
    "tech_body_ratio": 0.8999999991000001,
    "tech_swing_high_10": 888.43,
    "tech_swing_low_10": 884.57,
    "tech_price_vs_swing_high": -0.33992548653242033,
    "tech_price_vs_swing_low": 0.09496139367149216,
    "tech_swing_break_up": 0.0,
    "tech_swing_break_down": 0.0,
    "tech_volume_spike": 0.0,
    "tech_volume_spike_ratio": 0.0496268656716418,
    "micro_ob_best_bid_price": 885.7,
    "micro_ob_best_ask_price": 885.71,
    "micro_ob_best_bid_size": 153.3,
    "micro_ob_best_ask_size": 176.2,
    "micro_ob_spread_absolute": 0.009999999999990905,
    "micro_ob_spread_percentage": 0.0011290440948160962,
    "micro_ob_bid_ask_size_ratio": 0.870034052213394,
    "micro_ob_orderbook_imbalance_5": -0.30555813306114876,
    "micro_ob_orderbook_imbalance_10": 0.09478386301242378,
    "micro_ob_orderbook_imbalance_20": 0.12641949907015382,
    "micro_ob_orderbook_vwap": 885.6836736308222,
    "micro_ob_buy_impact_0.1": 0.0,
    "micro_ob_sell_impact_0.1": 0.0,
    "micro_ob_buy_impact_1.0": 0.0,
    "micro_ob_sell_impact_1.0": 0.0,
    "micro_ob_buy_impact_10.0": 0.0,
    "micro_ob_sell_impact_10.0": 0.0,
    "micro_ob_bid_depth_concentration": 0.262891667837572,
    "micro_ob_ask_depth_concentration": 0.637285986049461,
    "micro_ob_bid_levels": 15,
    "micro_ob_ask_levels": 15,
    "micro_ob_total_bid_volume": 1423.3999999999999,
    "micro_ob_total_ask_volume": 1103.9,
    "micro_ob_total_orderbook_volume": 2527.3,
    "micro_ob_order_flow_imbalance": 0.12641949907015382,
    "micro_ob_depth_imbalance_1": -0.06949924127465851,
    "micro_ob_depth_imbalance_5": -0.30555813306114876,
    "micro_ob_depth_imbalance_10": 0.09478386301242378,
    "micro_ob_depth_imbalance_20": 0.12641949907015382,
    "micro_fr_funding_rate_current": 0.00014937,
    "micro_fr_funding_rate_abs": 0.00014937,
    "micro_fr_funding_rate_mean": 8.594990000000001e-05,
    "micro_fr_funding_rate_std": 2.9715461076517054e-05,
    "micro_fr_funding_rate_min": 3.27e-06,
    "micro_fr_funding_rate_max": 0.00014937,
    "micro_fr_funding_rate_skew": -0.6273952601451279,
    "micro_fr_funding_rate_kurtosis": 0.4839861586122849,
    "micro_fr_funding_rate_trend": 3.405999999999982e-06,
    "micro_fr_funding_rate_change": 2.149999999999998e-06,
    "micro_fr_funding_rate_change_abs": 2.149999999999998e-06,
    "micro_fr_funding_rate_positive": 1.0,
    "micro_fr_funding_rate_negative": 0.0,
    "micro_fr_funding_rate_high": 0.0,
    "micro_fr_funding_rate_extreme": 0.0,
    "micro_fr_hours_to_next_funding": 0.0,
    "micro_fr_funding_imminent": 1.0,
    "micro_vp_volume_current": 88.513,
    "micro_vp_volume_mean": 1369.62574,
    "micro_vp_volume_std": 3313.990733284671,
    "micro_vp_volume_max": 24073.088,
    "micro_vp_volume_sum": 136962.574,
    "micro_vp_volume_ratio": 0.06462568380176617,
    "micro_vp_large_volume_trade": 0.0,
    "micro_vp_recent_vwap": 885.3431439239744,
    "micro_vp_price_vwap_deviation_pct": -0.02407472463497998,
    "micro_vp_price_clustering": 0.32328595948510325,
    "micro_vp_volume_trend": 13.396666666666667,
    "micro_of_order_flow_imbalance": 0.12641949907015382,
    "micro_of_trade_flow_buy_pressure": 0.5632097495350769,
    "micro_of_trade_flow_sell_pressure": 0.43679025046492304,
    "micro_of_kyles_lambda_buy": 0.0,
    "micro_of_kyles_lambda_sell": 0.0,
    "micro_of_kyles_lambda_avg": 0.0,
    "micro_of_amihud_illiquidity": 0.07720279026309264,
    "micro_of_spread_dynamics_current": 0.0011290440948160962,
    "micro_micro_funding_arbitrage": 0.0,
    "micro_micro_orderbook_pressure": -1.0,
    "micro_micro_liquidity_score": 1.0,
    "micro_micro_volume_spike": 0.0,
    "micro_micro_oi_divergence": 0.0,
    "micro_micro_composite_score": 0.5,
    "fee_maker_rate": 0.0002,
    "fee_taker_rate": 0.0008,
    "fee_round_trip_cost": 0.0016,
    "fee_breakeven_move_pct": 0.16,
    "fee_net_profit_threshold": 0.16
  },
  "output_prediction": {
    "signal": "SHORT",
    "confidence": 0.5841509772657556,
    "raw_model_outputs": {
      "xgboost": 0.07936172187328339,
      "lightgbm": 0.09563045347589386,
      "lstm": 0.27088049054145813,
      "random_forest": 0.46244128469077034,
      "weighted_average": 0.20792451136712223
    }
  },
  "regime_info": {
    "regime": "trending",
    "regime_confidence": 0.7201264073506889,
    "atr_ratio": 1.0039186169076846,
    "adx_value": 35.01053394589074,
    "is_exhausted": false,
    "is_weakening": false,
    "leverage_tier": "elevated_volatility"
  },
  "explanation": "BNBUSDT SHORT due to RSI at 36.3, MACD at -0.7074, ADX at 35.0, indicating oversold conditions but lack of momentum, suggesting a potential for price rebound. Ensemble model predicts slight gains with an average forecast of +21%.",
  "symbol": "cmt_bnbusdt",
  "position_size": 0.1,
  "risk_validation": {
    "checks_performed": [
      "Wash trading check: No current position - any direction allowed",
      "Risk check: Order passes all risk checks (leverage: 3x, risk: 7.03%)",
      "Trading status: Trading allowed within risk limits",
      "Leverage set: 3x"
    ],
    "all_checks_passed": true
  },
  "execution_details": {
    "order_type": "1",
    "side": "OPEN_SHORT",
    "price": 885.41,
    "leverage": 3,
    "client_oid": "f5eb3c9e-b02c-45b0-af52-a45dd863fdf5",
    "symbol": "cmt_bnbusdt",
    "maker_fee_rate": 0.0002,
    "taker_fee_rate": 0.0008,
    "estimated_entry_fee": 0.2124984,
    "estimated_exit_fee": 0.2124984,
    "total_estimated_fees": 0.4249968
  },
  "log_metadata": {
    "log_version": "2.3",
    "competition": "WEEX_AI_Trading_Hackathon_2025",
    "bot_name": "AlphaStrike",
    "compliance_status": "MANDATORY",
    "deepseek_enabled": true
  },
  "weex_response": {
    "code": "00000",
    "msg": "success",
    "request_time": 1767376330180,
    "data": "upload success",
    "upload_attempted": true,
    "upload_success": true,
    "upload_timestamp": "2026-01-02T17:52:10.094815Z",
    "error_details": null
  }
}