{
  "timestamp": "2026-01-02T08:12:58.328428Z",
  "order_id": "701881448373683117",
  "stage": "Decision Making",
  "model_version": "ollama:qwen2.5:1.5b+ensemble_v1.0",
  "input_features": {
    "tech_returns_1": 0.11201344161300142,
    "tech_returns_5": 0.16811431773606778,
    "tech_returns_15": 0.5343082114735553,
    "tech_returns_60": -0.16755096341803943,
    "tech_returns_240": 5.023501762632199,
    "tech_returns_1440": 6.9539375928677485,
    "tech_rsi_14": 77.84908759381693,
    "tech_rsi_7": 87.04038609898804,
    "tech_macd": 0.0003370332570361012,
    "tech_macd_signal": 0.00014706465247032937,
    "tech_macd_hist": 0.00018996860456577184,
    "tech_stoch_k": 100.0,
    "tech_stoch_d": 94.54191033138358,
    "tech_ema_cross_9_21": 1.0,
    "tech_ema_cross_50_200": 1.0,
    "tech_ema_9": 0.3567565742294102,
    "tech_ema_21": 0.3563248789831035,
    "tech_ema_50": 0.3563134469957117,
    "tech_price_ema_9_pct": 0.20838460291742875,
    "tech_price_ema_21_pct": 0.32978921377875725,
    "tech_adx": 49.2995585475719,
    "tech_adx_7": 73.13081618307343,
    "tech_adx_10": 61.62979491826657,
    "tech_adx_roc_5": 18.88727621224133,
    "tech_adx_slope_3": 3.7655504316102117,
    "tech_adx_deceleration": 0.3240364218751388,
    "tech_plus_di": 54.17375428457517,
    "tech_minus_di": 7.747499468194738,
    "tech_di_crossover": 0.0,
    "tech_atr_14": 0.00031910044734707914,
    "tech_atr_pct": 0.08925886639079138,
    "tech_atr_14_avg": 0.0002538351374100171,
    "tech_bb_upper": 0.3574060150034923,
    "tech_bb_lower": 0.35475398499650773,
    "tech_bb_width": 0.7447848817638034,
    "tech_bb_position": 1.0354388887984587,
    "tech_volatility_20": 0.009976333874527838,
    "tech_volume_ratio": 4.295509645560959,
    "tech_obv": 949810.0,
    "tech_momentum_10": 0.0018999999999999573,
    "tech_roc_10": 0.5343082114735553,
    "tech_high_low_range": 0.1118881118881151,
    "tech_body_ratio": 0.9999997500000626,
    "tech_swing_high_10": 0.3575,
    "tech_swing_low_10": 0.3555,
    "tech_price_vs_swing_high": 0.0,
    "tech_price_vs_swing_low": 0.5625879043600568,
    "tech_swing_break_up": 1.0,
    "tech_swing_break_down": 0.0,
    "tech_volume_spike": 1.0,
    "tech_volume_spike_ratio": 4.295509645560959,
    "micro_ob_best_bid_price": 0.3574,
    "micro_ob_best_ask_price": 0.3575,
    "micro_ob_best_bid_size": 826240.0,
    "micro_ob_best_ask_size": 913710.0,
    "micro_ob_spread_absolute": 9.999999999998899e-05,
    "micro_ob_spread_percentage": 0.027975940691002652,
    "micro_ob_bid_ask_size_ratio": 0.90426940714231,
    "micro_ob_orderbook_imbalance_5": 0.35756179238265856,
    "micro_ob_orderbook_imbalance_10": 0.4022153200656996,
    "micro_ob_orderbook_imbalance_20": 0.384645133137762,
    "micro_ob_orderbook_vwap": 0.3571373463895056,
    "micro_ob_buy_impact_0.1": -1.552759475000219e-14,
    "micro_ob_sell_impact_0.1": 0.0,
    "micro_ob_buy_impact_1.0": 0.0,
    "micro_ob_sell_impact_1.0": 0.0,
    "micro_ob_buy_impact_10.0": 0.0,
    "micro_ob_sell_impact_10.0": 0.0,
    "micro_ob_bid_depth_concentration": 0.3203013448199638,
    "micro_ob_ask_depth_concentration": 0.34106987420559304,
    "micro_ob_bid_levels": 15,
    "micro_ob_ask_levels": 15,
    "micro_ob_total_bid_volume": 13390640.0,
    "micro_ob_total_ask_volume": 5950980.0,
    "micro_ob_total_orderbook_volume": 19341620.0,
    "micro_ob_order_flow_imbalance": 0.384645133137762,
    "micro_ob_depth_imbalance_1": -0.05027155952757263,
    "micro_ob_depth_imbalance_5": 0.35756179238265856,
    "micro_ob_depth_imbalance_10": 0.4022153200656996,
    "micro_ob_depth_imbalance_20": 0.384645133137762,
    "micro_fr_funding_rate_current": 0.0001,
    "micro_fr_funding_rate_abs": 0.0001,
    "micro_fr_funding_rate_mean": 0.00010000000000000003,
    "micro_fr_funding_rate_std": 2.710505431213761e-20,
    "micro_fr_funding_rate_min": 0.0001,
    "micro_fr_funding_rate_max": 0.0001,
    "micro_fr_funding_rate_skew": -1.0,
    "micro_fr_funding_rate_kurtosis": -2.0,
    "micro_fr_funding_rate_trend": -9.234190815370753e-21,
    "micro_fr_funding_rate_change": 0.0,
    "micro_fr_funding_rate_change_abs": 0.0,
    "micro_fr_funding_rate_positive": 1.0,
    "micro_fr_funding_rate_negative": 0.0,
    "micro_fr_funding_rate_high": 0.0,
    "micro_fr_funding_rate_extreme": 0.0,
    "micro_fr_hours_to_next_funding": 0.0,
    "micro_fr_funding_imminent": 1.0,
    "micro_vp_volume_current": 64.278,
    "micro_vp_volume_mean": 508.71476999999993,
    "micro_vp_volume_std": 3382.5324090880986,
    "micro_vp_volume_max": 31127.976,
    "micro_vp_volume_sum": 50871.47699999999,
    "micro_vp_volume_ratio": 0.12635371290674344,
    "micro_vp_large_volume_trade": 0.0,
    "micro_vp_recent_vwap": 0.35734393180091867,
    "micro_vp_price_vwap_deviation_pct": -0.06826247186830449,
    "micro_vp_price_clustering": 0.0,
    "micro_vp_volume_trend": -1.363472727272727,
    "micro_of_order_flow_imbalance": 0.384645133137762,
    "micro_of_trade_flow_buy_pressure": 0.692322566568881,
    "micro_of_trade_flow_sell_pressure": 0.30767743343111903,
    "micro_of_kyles_lambda_buy": 0.0,
    "micro_of_kyles_lambda_sell": 0.0,
    "micro_of_kyles_lambda_avg": 0.0,
    "micro_of_amihud_illiquidity": 0.5952616678936888,
    "micro_of_spread_dynamics_current": 0.027975940691002652,
    "micro_micro_funding_arbitrage": 0.0,
    "micro_micro_orderbook_pressure": 1.0,
    "micro_micro_liquidity_score": 1.0,
    "micro_micro_volume_spike": 0.0,
    "micro_micro_oi_divergence": 0.0,
    "micro_micro_composite_score": 0.5,
    "fee_maker_rate": 0.0002,
    "fee_taker_rate": 0.0008,
    "fee_round_trip_cost": 0.0016,
    "fee_breakeven_move_pct": 0.16,
    "fee_net_profit_threshold": 0.16
  },
  "output_prediction": {
    "signal": "SHORT",
    "confidence": 0.4766912158881963,
    "raw_model_outputs": {
      "xgboost": 0.23894301056861877,
      "lightgbm": 0.11111641281026494,
      "lstm": 0.2813142240047455,
      "random_forest": 0.4593191260560762,
      "weighted_average": 0.26165439205590185
    }
  },
  "regime_info": {
    "regime": "trending",
    "regime_confidence": 0.8915947025708628,
    "atr_ratio": 1.257116924800051,
    "adx_value": 49.2995585475719,
    "is_exhausted": false,
    "is_weakening": false,
    "leverage_tier": "elevated_volatility"
  },
  "explanation": "The short position in ADAUSDT is based on a combination of RSI at 77.8, MACD showing no significant trend (0.0003), and an ADX reading of 49.3, indicating sideways market conditions. The ensemble model average predicts a slight positive movement, but the low confidence level suggests caution.",
  "symbol": "cmt_adausdt",
  "position_size": 90.0,
  "risk_validation": {
    "checks_performed": [
      "Wash trading check: No current position - any direction allowed",
      "Risk check: Order passes all risk checks (leverage: 2x, risk: 6.84%)",
      "Trading status: Trading allowed within risk limits",
      "Leverage set: 2x"
    ],
    "all_checks_passed": true
  },
  "execution_details": {
    "order_type": "1",
    "side": "OPEN_SHORT",
    "price": 0.3575,
    "leverage": 2,
    "client_oid": "8b99cb68-b2fa-4a05-9511-09a0ce542b70",
    "symbol": "cmt_adausdt",
    "maker_fee_rate": 0.0002,
    "taker_fee_rate": 0.0008,
    "estimated_entry_fee": 0.05148,
    "estimated_exit_fee": 0.05148,
    "total_estimated_fees": 0.10296
  },
  "log_metadata": {
    "log_version": "2.3",
    "competition": "WEEX_AI_Trading_Hackathon_2025",
    "bot_name": "AlphaStrike",
    "compliance_status": "MANDATORY",
    "deepseek_enabled": true
  },
  "weex_response": {
    "code": "00000",
    "msg": "success",
    "request_time": 1767341578400,
    "data": "upload success",
    "upload_attempted": true,
    "upload_success": true,
    "upload_timestamp": "2026-01-02T08:12:58.328516Z",
    "error_details": null
  }
}