{
  "timestamp": "2026-01-02T23:47:06.397803Z",
  "order_id": "702116530501977005",
  "stage": "Decision Making",
  "model_version": "ollama:qwen2.5:1.5b+ensemble_v1.0",
  "input_features": {
    "tech_returns_1": 0.050890585241725184,
    "tech_returns_5": -0.20304568527919065,
    "tech_returns_15": -0.6317917614354296,
    "tech_returns_60": -0.5060728744939236,
    "tech_returns_240": 1.4186226463760665,
    "tech_returns_1440": 6.9539375928677485,
    "tech_rsi_14": 34.456067260569284,
    "tech_rsi_7": 24.608125099736313,
    "tech_macd": -0.0003876213379621629,
    "tech_macd_signal": -0.00018462011737604256,
    "tech_macd_hist": -0.00020300122058612035,
    "tech_stoch_k": 6.896551724137271,
    "tech_stoch_d": 2.2988505747124224,
    "tech_ema_cross_9_21": -1.0,
    "tech_ema_cross_50_200": 1.0,
    "tech_ema_9": 0.393648302002438,
    "tech_ema_21": 0.39413562636682015,
    "tech_ema_50": 0.39413307983937396,
    "tech_price_ema_9_pct": -0.11388389081257343,
    "tech_price_ema_21_pct": -0.23738690547841254,
    "tech_adx": 55.60333016000412,
    "tech_adx_7": 86.18762881699071,
    "tech_adx_10": 72.14181198992299,
    "tech_adx_roc_5": 17.53388745861192,
    "tech_adx_slope_3": 3.5454729091158264,
    "tech_adx_deceleration": -0.30063295733089745,
    "tech_plus_di": 5.107024675733732,
    "tech_minus_di": 39.3072763766348,
    "tech_di_crossover": 0.0,
    "tech_atr_14": 0.0004280242045770193,
    "tech_atr_pct": 0.10885661357503036,
    "tech_atr_14_avg": 0.0005375861226243425,
    "tech_bb_upper": 0.3961011980457827,
    "tech_bb_lower": 0.3927788019542173,
    "tech_bb_width": 0.842307091462674,
    "tech_bb_position": 0.1267753856477168,
    "tech_volatility_20": 0.013159427359064694,
    "tech_volume_ratio": 0.16915441381489674,
    "tech_obv": 8515030.0,
    "tech_momentum_10": -0.0014000000000000123,
    "tech_roc_10": -0.3547896604156109,
    "tech_high_low_range": 0.050864699898265,
    "tech_body_ratio": 0.99999950000025,
    "tech_swing_high_10": 0.3949,
    "tech_swing_low_10": 0.393,
    "tech_price_vs_swing_high": -0.4304887313243807,
    "tech_price_vs_swing_low": 0.05089058524172468,
    "tech_swing_break_up": 0.0,
    "tech_swing_break_down": 0.0,
    "tech_volume_spike": 0.0,
    "tech_volume_spike_ratio": 0.16915441381489674,
    "micro_ob_best_bid_price": 0.393,
    "micro_ob_best_ask_price": 0.3931,
    "micro_ob_best_bid_size": 852390.0,
    "micro_ob_best_ask_size": 849480.0,
    "micro_ob_spread_absolute": 9.999999999998899e-05,
    "micro_ob_spread_percentage": 0.02544205571809922,
    "micro_ob_bid_ask_size_ratio": 1.0034256250882894,
    "micro_ob_orderbook_imbalance_5": -0.25556548567343035,
    "micro_ob_orderbook_imbalance_10": -0.298994113868669,
    "micro_ob_orderbook_imbalance_20": -0.3194466959298565,
    "micro_ob_orderbook_vwap": 0.39326398302856025,
    "micro_ob_buy_impact_0.1": 0.0,
    "micro_ob_sell_impact_0.1": 0.0,
    "micro_ob_buy_impact_1.0": 0.0,
    "micro_ob_sell_impact_1.0": 0.0,
    "micro_ob_buy_impact_10.0": 0.0,
    "micro_ob_sell_impact_10.0": 0.0,
    "micro_ob_bid_depth_concentration": 0.3692142370393668,
    "micro_ob_ask_depth_concentration": 0.32118969631762556,
    "micro_ob_bid_levels": 15,
    "micro_ob_ask_levels": 15,
    "micro_ob_total_bid_volume": 6486180.0,
    "micro_ob_total_ask_volume": 12575310.0,
    "micro_ob_total_orderbook_volume": 19061490.0,
    "micro_ob_order_flow_imbalance": -0.3194466959298565,
    "micro_ob_depth_imbalance_1": 0.0017098838336653212,
    "micro_ob_depth_imbalance_5": -0.25556548567343035,
    "micro_ob_depth_imbalance_10": -0.298994113868669,
    "micro_ob_depth_imbalance_20": -0.3194466959298565,
    "micro_fr_funding_rate_current": 0.0001,
    "micro_fr_funding_rate_abs": 0.0001,
    "micro_fr_funding_rate_mean": 0.0001,
    "micro_fr_funding_rate_std": 0.0,
    "micro_fr_funding_rate_min": 0.0001,
    "micro_fr_funding_rate_max": 0.0001,
    "micro_fr_funding_rate_skew": 0.0,
    "micro_fr_funding_rate_kurtosis": 0.0,
    "micro_fr_funding_rate_trend": -9.234190815370753e-21,
    "micro_fr_funding_rate_change": 0.0,
    "micro_fr_funding_rate_change_abs": 0.0,
    "micro_fr_funding_rate_positive": 1.0,
    "micro_fr_funding_rate_negative": 0.0,
    "micro_fr_funding_rate_high": 0.0,
    "micro_fr_funding_rate_extreme": 0.0,
    "micro_fr_hours_to_next_funding": 0.0,
    "micro_fr_funding_imminent": 1.0,
    "micro_vp_volume_current": 70.776,
    "micro_vp_volume_mean": 83.48276999999999,
    "micro_vp_volume_std": 219.49686041239198,
    "micro_vp_volume_max": 1612.53,
    "micro_vp_volume_sum": 8348.276999999998,
    "micro_vp_volume_ratio": 0.8477917060011306,
    "micro_vp_large_volume_trade": 0.0,
    "micro_vp_recent_vwap": 0.3932302284531288,
    "micro_vp_price_vwap_deviation_pct": -0.007687215005760004,
    "micro_vp_price_clustering": 0.8585132593280623,
    "micro_vp_volume_trend": 33.24405454545454,
    "micro_of_order_flow_imbalance": -0.3194466959298565,
    "micro_of_trade_flow_buy_pressure": 0.34027665203507174,
    "micro_of_trade_flow_sell_pressure": 0.6597233479649283,
    "micro_of_kyles_lambda_buy": 0.0,
    "micro_of_kyles_lambda_sell": 0.0,
    "micro_of_kyles_lambda_avg": 0.0,
    "micro_of_amihud_illiquidity": 1.0967773826434541,
    "micro_of_spread_dynamics_current": 0.02544205571809922,
    "micro_micro_funding_arbitrage": 0.0,
    "micro_micro_orderbook_pressure": -0.5,
    "micro_micro_liquidity_score": 1.0,
    "micro_micro_volume_spike": 0.0,
    "micro_micro_oi_divergence": 0.0,
    "micro_micro_composite_score": 0.35,
    "fee_maker_rate": 0.0002,
    "fee_taker_rate": 0.0008,
    "fee_round_trip_cost": 0.0016,
    "fee_breakeven_move_pct": 0.16,
    "fee_net_profit_threshold": 0.16
  },
  "output_prediction": {
    "signal": "SHORT",
    "confidence": 0.5439111565984088,
    "raw_model_outputs": {
      "xgboost": 0.20721620321273804,
      "lightgbm": 0.19636777399890504,
      "lstm": 0.11910539120435715,
      "random_forest": 0.4350563434555028,
      "weighted_average": 0.22804442170079559
    }
  },
  "regime_info": {
    "regime": "trending",
    "regime_confidence": 0.855173358719967,
    "atr_ratio": 0.7961965284511567,
    "adx_value": 55.60333016000412,
    "is_exhausted": false,
    "is_weakening": false,
    "leverage_tier": "normal_volatility"
  },
  "explanation": "The short position in ADAUSDT is based on a combination of RSI at 34.5, MACD showing -0.0004, and an ADX of 55.6 indicating strong momentum. The ensemble model predicts a positive average return of 0.23%. These indicators suggest a potential for price correction or breakout in the opposite direction, making this short trade attractive given the confidence level at 54.4%.",
  "symbol": "cmt_adausdt",
  "position_size": 50.0,
  "risk_validation": {
    "checks_performed": [
      "Wash trading check: Same direction - allowed",
      "Risk check: Order passes all risk checks (leverage: 3x, risk: 7.01%)",
      "Trading status: Trading allowed within risk limits",
      "Leverage set: 3x"
    ],
    "all_checks_passed": true
  },
  "execution_details": {
    "order_type": "1",
    "side": "OPEN_SHORT",
    "price": 0.3932,
    "leverage": 3,
    "client_oid": "507fae0b-bc32-42fb-a745-90ca677a13fd",
    "symbol": "cmt_adausdt",
    "maker_fee_rate": 0.0002,
    "taker_fee_rate": 0.0008,
    "estimated_entry_fee": 0.047184000000000004,
    "estimated_exit_fee": 0.047184000000000004,
    "total_estimated_fees": 0.09436800000000001
  },
  "log_metadata": {
    "log_version": "2.3",
    "competition": "WEEX_AI_Trading_Hackathon_2025",
    "bot_name": "AlphaStrike",
    "compliance_status": "MANDATORY",
    "deepseek_enabled": true
  },
  "weex_response": {
    "code": "00000",
    "msg": "success",
    "request_time": 1767397626471,
    "data": "upload success",
    "upload_attempted": true,
    "upload_success": true,
    "upload_timestamp": "2026-01-02T23:47:06.397882Z",
    "error_details": null
  }
}