{
  "timestamp": "2026-01-02T18:19:09.720309Z",
  "order_id": "702034000776004525",
  "stage": "Decision Making",
  "model_version": "ollama:qwen2.5:1.5b+ensemble_v1.0",
  "input_features": {
    "tech_returns_1": 0.005022853985647835,
    "tech_returns_5": 0.07036590269400289,
    "tech_returns_15": -0.14544360298911485,
    "tech_returns_60": 0.045223858097598324,
    "tech_returns_240": 5.165856750475384,
    "tech_returns_1440": 1.8601876457508537,
    "tech_rsi_14": 54.465063285727666,
    "tech_rsi_7": 59.96291859606249,
    "tech_macd": 0.00046902898426171014,
    "tech_macd_signal": 0.000369312197568637,
    "tech_macd_hist": 9.971678669307312e-05,
    "tech_stoch_k": 92.18750000000081,
    "tech_stoch_d": 75.17077374872316,
    "tech_ema_cross_9_21": 1.0,
    "tech_ema_cross_50_200": 1.0,
    "tech_ema_9": 1.9900465165055403,
    "tech_ema_21": 1.9896464674211487,
    "tech_ema_50": 1.9870423849502545,
    "tech_price_ema_9_pct": 0.0479126234764638,
    "tech_price_ema_21_pct": 0.0680287981314471,
    "tech_adx": 15.439027681712549,
    "tech_adx_7": 28.85884700111972,
    "tech_adx_10": 20.096699957633717,
    "tech_adx_roc_5": -2.8674109307776128,
    "tech_adx_slope_3": -0.3036098167061727,
    "tech_adx_deceleration": -0.10048015669878385,
    "tech_plus_di": 18.613926572502287,
    "tech_minus_di": 14.155188543901778,
    "tech_di_crossover": 0.0,
    "tech_atr_14": 0.002128940289939764,
    "tech_atr_pct": 0.10692819135809965,
    "tech_atr_14_avg": 0.003389773219002992,
    "tech_bb_upper": 1.9959732675870128,
    "tech_bb_lower": 1.9842967324129872,
    "tech_bb_width": 0.5867207588442774,
    "tech_bb_position": 0.5740801947759561,
    "tech_volatility_20": 0.01811064242053468,
    "tech_volume_ratio": 0.16457909151325564,
    "tech_obv": 5932930.0,
    "tech_momentum_10": 0.0048000000000001375,
    "tech_roc_10": 0.24166750578995533,
    "tech_high_low_range": 0.02009040683074726,
    "tech_body_ratio": 0.24999993750043198,
    "tech_swing_high_10": 1.9915,
    "tech_swing_low_10": 1.9858,
    "tech_price_vs_swing_high": -0.02510670348982902,
    "tech_price_vs_swing_low": 0.261859200322293,
    "tech_swing_break_up": 0.0,
    "tech_swing_break_down": 0.0,
    "tech_volume_spike": 0.0,
    "tech_volume_spike_ratio": 0.16457909151325564,
    "micro_ob_best_bid_price": 1.991,
    "micro_ob_best_ask_price": 1.9911,
    "micro_ob_best_bid_size": 62340.0,
    "micro_ob_best_ask_size": 69390.0,
    "micro_ob_spread_absolute": 9.999999999998899e-05,
    "micro_ob_spread_percentage": 0.005022475578211947,
    "micro_ob_bid_ask_size_ratio": 0.898400345871163,
    "micro_ob_orderbook_imbalance_5": -0.028959361944549945,
    "micro_ob_orderbook_imbalance_10": 0.09694386990942158,
    "micro_ob_orderbook_imbalance_20": 0.09487969275578982,
    "micro_ob_orderbook_vwap": 1.9908747289779616,
    "micro_ob_buy_impact_0.1": 0.0,
    "micro_ob_sell_impact_0.1": 0.0,
    "micro_ob_buy_impact_1.0": 0.0,
    "micro_ob_sell_impact_1.0": 0.0,
    "micro_ob_buy_impact_10.0": 0.0,
    "micro_ob_sell_impact_10.0": 0.0,
    "micro_ob_bid_depth_concentration": 0.36114413513036314,
    "micro_ob_ask_depth_concentration": 0.4629152368612151,
    "micro_ob_bid_levels": 15,
    "micro_ob_ask_levels": 15,
    "micro_ob_total_bid_volume": 849550.0,
    "micro_ob_total_ask_volume": 702310.0,
    "micro_ob_total_orderbook_volume": 1551860.0,
    "micro_ob_order_flow_imbalance": 0.09487969275578982,
    "micro_ob_depth_imbalance_1": -0.05351856069232521,
    "micro_ob_depth_imbalance_5": -0.028959361944549945,
    "micro_ob_depth_imbalance_10": 0.09694386990942158,
    "micro_ob_depth_imbalance_20": 0.09487969275578982,
    "micro_fr_funding_rate_current": 0.0001,
    "micro_fr_funding_rate_abs": 0.0001,
    "micro_fr_funding_rate_mean": 0.0001,
    "micro_fr_funding_rate_std": 0.0,
    "micro_fr_funding_rate_min": 0.0001,
    "micro_fr_funding_rate_max": 0.0001,
    "micro_fr_funding_rate_skew": 0.0,
    "micro_fr_funding_rate_kurtosis": 0.0,
    "micro_fr_funding_rate_trend": -9.234190815370753e-21,
    "micro_fr_funding_rate_change": 0.0,
    "micro_fr_funding_rate_change_abs": 0.0,
    "micro_fr_funding_rate_positive": 1.0,
    "micro_fr_funding_rate_negative": 0.0,
    "micro_fr_funding_rate_high": 0.0,
    "micro_fr_funding_rate_extreme": 0.0,
    "micro_fr_hours_to_next_funding": 0.0,
    "micro_fr_funding_imminent": 1.0,
    "micro_vp_volume_current": 437.822,
    "micro_vp_volume_mean": 631.1223600000001,
    "micro_vp_volume_std": 1373.0925127252533,
    "micro_vp_volume_max": 7048.14,
    "micro_vp_volume_sum": 63112.236000000004,
    "micro_vp_volume_ratio": 0.6937196774330733,
    "micro_vp_large_volume_trade": 0.0,
    "micro_vp_recent_vwap": 1.990922301079619,
    "micro_vp_price_vwap_deviation_pct": -0.041302519901113395,
    "micro_vp_price_clustering": 0.38327118988310754,
    "micro_vp_volume_trend": 2.6478242424242353,
    "micro_of_order_flow_imbalance": 0.09487969275578982,
    "micro_of_trade_flow_buy_pressure": 0.5474398463778949,
    "micro_of_trade_flow_sell_pressure": 0.4525601536221051,
    "micro_of_kyles_lambda_buy": 0.0,
    "micro_of_kyles_lambda_sell": 0.0,
    "micro_of_kyles_lambda_avg": 0.0,
    "micro_of_amihud_illiquidity": 0.07977453943625426,
    "micro_of_spread_dynamics_current": 0.005022475578211947,
    "micro_micro_funding_arbitrage": 0.0,
    "micro_micro_orderbook_pressure": 0.0,
    "micro_micro_liquidity_score": 1.0,
    "micro_micro_volume_spike": 0.0,
    "micro_micro_oi_divergence": 0.0,
    "micro_micro_composite_score": 0.2,
    "fee_maker_rate": 0.0002,
    "fee_taker_rate": 0.0008,
    "fee_round_trip_cost": 0.0016,
    "fee_breakeven_move_pct": 0.16,
    "fee_net_profit_threshold": 0.16
  },
  "output_prediction": {
    "signal": "SHORT",
    "confidence": 0.459281942846944,
    "raw_model_outputs": {
      "xgboost": 0.18843264877796173,
      "lightgbm": 0.15697380107375353,
      "lstm": 0.36592116951942444,
      "random_forest": 0.41552744157306365,
      "weighted_average": 0.270359028576528
    }
  },
  "regime_info": {
    "regime": "ranging",
    "regime_confidence": 0.7280486159143725,
    "atr_ratio": 0.6280479997909515,
    "adx_value": 15.439027681712549,
    "is_exhausted": false,
    "is_weakening": false,
    "leverage_tier": "normal_volatility"
  },
  "explanation": "XRPUSDT short position is justified by a RSI of 54.5, MACD at 0.0005, ADX at 15.4, and ensemble model averaging at 0.27. The high RSI suggests overbought conditions, while the low MACD and ADX indicate weak momentum support. These indicators point to a potential reversal risk in XRPUSDT.",
  "symbol": "cmt_xrpusdt",
  "position_size": 10.0,
  "risk_validation": {
    "checks_performed": [
      "Wash trading check: Same direction - allowed",
      "Risk check: Order passes all risk checks (leverage: 2x, risk: 6.92%)",
      "Trading status: Trading allowed within risk limits",
      "Leverage set: 2x"
    ],
    "all_checks_passed": true
  },
  "execution_details": {
    "order_type": "1",
    "side": "OPEN_SHORT",
    "price": 1.991,
    "leverage": 2,
    "client_oid": "7480af16-8541-40e1-a3ba-cbe097af097d",
    "symbol": "cmt_xrpusdt",
    "maker_fee_rate": 0.0002,
    "taker_fee_rate": 0.0008,
    "estimated_entry_fee": 0.031856,
    "estimated_exit_fee": 0.031856,
    "total_estimated_fees": 0.063712
  },
  "log_metadata": {
    "log_version": "2.3",
    "competition": "WEEX_AI_Trading_Hackathon_2025",
    "bot_name": "AlphaStrike",
    "compliance_status": "MANDATORY",
    "deepseek_enabled": true
  },
  "weex_response": {
    "code": "00000",
    "msg": "success",
    "request_time": 1767377949805,
    "data": "upload success",
    "upload_attempted": true,
    "upload_success": true,
    "upload_timestamp": "2026-01-02T18:19:09.720398Z",
    "error_details": null
  }
}