{
  "timestamp": "2026-01-02T08:12:19.530623Z",
  "order_id": "701881286087672749",
  "stage": "Decision Making",
  "model_version": "ollama:qwen2.5:1.5b+ensemble_v1.0",
  "input_features": {
    "tech_returns_1": -0.012578616352210137,
    "tech_returns_5": 0.037754845205140164,
    "tech_returns_15": 0.17643352236924592,
    "tech_returns_60": 0.06294058408862213,
    "tech_returns_240": 2.3169005019951117,
    "tech_returns_1440": 3.2789009849663056,
    "tech_rsi_14": 69.20074660495057,
    "tech_rsi_7": 77.96234789345964,
    "tech_macd": 0.04673494447172288,
    "tech_macd_signal": 0.02379884128118777,
    "tech_macd_hist": 0.022936103190535115,
    "tech_stoch_k": 82.75862068965162,
    "tech_stoch_d": 85.05747126436542,
    "tech_ema_cross_9_21": 1.0,
    "tech_ema_cross_50_200": 1.0,
    "tech_ema_9": 79.43644368711853,
    "tech_ema_21": 79.37983372355319,
    "tech_ema_50": 79.36239313433873,
    "tech_price_ema_9_pct": 0.06742033051279889,
    "tech_price_ema_21_pct": 0.13878370774933554,
    "tech_adx": 43.958542862149706,
    "tech_adx_7": 62.15375760695925,
    "tech_adx_10": 54.57016614399359,
    "tech_adx_roc_5": 19.17179816088293,
    "tech_adx_slope_3": 1.6525141108741224,
    "tech_adx_deceleration": -1.8579565752183171,
    "tech_plus_di": 55.29129090322611,
    "tech_minus_di": 16.546999907778343,
    "tech_di_crossover": 0.0,
    "tech_atr_14": 0.04045549910031772,
    "tech_atr_pct": 0.05089382199058714,
    "tech_atr_14_avg": 0.038584388164943285,
    "tech_bb_upper": 79.53717878139922,
    "tech_bb_lower": 79.1698212186008,
    "tech_bb_width": 0.4629380717906807,
    "tech_bb_position": 0.8715725871006126,
    "tech_volatility_20": 0.008551803831515029,
    "tech_volume_ratio": 1.0535608286023044,
    "tech_obv": -31105.199999999983,
    "tech_momentum_10": 0.20999999999999375,
    "tech_roc_10": 0.26488395560040345,
    "tech_high_low_range": 0.012580198767146958,
    "tech_body_ratio": 0.9999999900000002,
    "tech_swing_high_10": 79.54,
    "tech_swing_low_10": 79.25,
    "tech_price_vs_swing_high": -0.0628614533568159,
    "tech_price_vs_swing_low": 0.30283911671923647,
    "tech_swing_break_up": 0.0,
    "tech_swing_break_down": 0.0,
    "tech_volume_spike": 0.0,
    "tech_volume_spike_ratio": 1.0535608286023044,
    "micro_ob_best_bid_price": 79.48,
    "micro_ob_best_ask_price": 79.49,
    "micro_ob_best_bid_size": 3809.6,
    "micro_ob_best_ask_size": 3300.5,
    "micro_ob_spread_absolute": 0.009999999999990905,
    "micro_ob_spread_percentage": 0.01258099012391131,
    "micro_ob_bid_ask_size_ratio": 1.154249356158158,
    "micro_ob_orderbook_imbalance_5": -0.13725988700564978,
    "micro_ob_orderbook_imbalance_10": 0.09194441665146232,
    "micro_ob_orderbook_imbalance_20": 0.05974596056439515,
    "micro_ob_orderbook_vwap": 79.46091464742479,
    "micro_ob_buy_impact_0.1": 0.0,
    "micro_ob_sell_impact_0.1": 0.0,
    "micro_ob_buy_impact_1.0": 0.0,
    "micro_ob_sell_impact_1.0": 0.0,
    "micro_ob_buy_impact_10.0": 0.0,
    "micro_ob_sell_impact_10.0": 0.0,
    "micro_ob_bid_depth_concentration": 0.40984545190221644,
    "micro_ob_ask_depth_concentration": 0.6089146348841431,
    "micro_ob_bid_levels": 15,
    "micro_ob_ask_levels": 15,
    "micro_ob_total_bid_volume": 22355.5,
    "micro_ob_total_ask_volume": 19834.8,
    "micro_ob_total_orderbook_volume": 42190.3,
    "micro_ob_order_flow_imbalance": 0.05974596056439515,
    "micro_ob_depth_imbalance_1": 0.07160236846176564,
    "micro_ob_depth_imbalance_5": -0.13725988700564978,
    "micro_ob_depth_imbalance_10": 0.09194441665146232,
    "micro_ob_depth_imbalance_20": 0.05974596056439515,
    "micro_fr_funding_rate_current": 0.0001,
    "micro_fr_funding_rate_abs": 0.0001,
    "micro_fr_funding_rate_mean": 0.00010000000000000002,
    "micro_fr_funding_rate_std": 1.3552527156068805e-20,
    "micro_fr_funding_rate_min": 0.0001,
    "micro_fr_funding_rate_max": 0.0001,
    "micro_fr_funding_rate_skew": -1.0,
    "micro_fr_funding_rate_kurtosis": -2.0,
    "micro_fr_funding_rate_trend": -9.234190815370753e-21,
    "micro_fr_funding_rate_change": 0.0,
    "micro_fr_funding_rate_change_abs": 0.0,
    "micro_fr_funding_rate_positive": 1.0,
    "micro_fr_funding_rate_negative": 0.0,
    "micro_fr_funding_rate_high": 0.0,
    "micro_fr_funding_rate_extreme": 0.0,
    "micro_fr_hours_to_next_funding": 0.0,
    "micro_fr_funding_imminent": 1.0,
    "micro_vp_volume_current": 151.012,
    "micro_vp_volume_mean": 1271.60644,
    "micro_vp_volume_std": 6390.320760830798,
    "micro_vp_volume_max": 47682.0,
    "micro_vp_volume_sum": 127160.644,
    "micro_vp_volume_ratio": 0.11875686946033397,
    "micro_vp_large_volume_trade": 0.0,
    "micro_vp_recent_vwap": 79.48534035860969,
    "micro_vp_price_vwap_deviation_pct": -0.0067186711229925995,
    "micro_vp_price_clustering": 0.0,
    "micro_vp_volume_trend": -67.14855757575755,
    "micro_of_order_flow_imbalance": 0.05974596056439515,
    "micro_of_trade_flow_buy_pressure": 0.5298729802821975,
    "micro_of_trade_flow_sell_pressure": 0.4701270197178024,
    "micro_of_kyles_lambda_buy": 0.0,
    "micro_of_kyles_lambda_sell": 0.0,
    "micro_of_kyles_lambda_avg": 0.0,
    "micro_of_amihud_illiquidity": 0.07497414380872215,
    "micro_of_spread_dynamics_current": 0.01258099012391131,
    "micro_micro_funding_arbitrage": 0.0,
    "micro_micro_orderbook_pressure": 0.0,
    "micro_micro_liquidity_score": 1.0,
    "micro_micro_volume_spike": 0.0,
    "micro_micro_oi_divergence": 0.0,
    "micro_micro_composite_score": 0.2,
    "fee_maker_rate": 0.0002,
    "fee_taker_rate": 0.0008,
    "fee_round_trip_cost": 0.0016,
    "fee_breakeven_move_pct": 0.16,
    "fee_net_profit_threshold": 0.16
  },
  "output_prediction": {
    "signal": "SHORT",
    "confidence": 0.5361383120317822,
    "raw_model_outputs": {
      "xgboost": 0.23123085498809814,
      "lightgbm": 0.12012392474376296,
      "lstm": 0.22463130950927734,
      "random_forest": 0.3818638946220968,
      "weighted_average": 0.2319308439841089
    }
  },
  "regime_info": {
    "regime": "trending",
    "regime_confidence": 0.8275025143457965,
    "atr_ratio": 1.0484939900401082,
    "adx_value": 43.958542862149706,
    "is_exhausted": false,
    "is_weakening": false,
    "leverage_tier": "elevated_volatility"
  },
  "explanation": "LTCUSDT short position based on RSI at 69.2, MACD at 0.0467, ADX at 44.0, ensemble model average of 0.23, indicating strong bearish momentum and low volatility.",
  "symbol": "cmt_ltcusdt",
  "position_size": 0.2,
  "risk_validation": {
    "checks_performed": [
      "Wash trading check: Same direction - allowed",
      "Risk check: Order passes all risk checks (leverage: 3x, risk: 6.88%)",
      "Trading status: Trading allowed within risk limits",
      "Leverage set: 3x"
    ],
    "all_checks_passed": true
  },
  "execution_details": {
    "order_type": "1",
    "side": "OPEN_SHORT",
    "price": 79.49,
    "leverage": 3,
    "client_oid": "6ad93012-21ba-4fb0-b81f-2714f8c6e28d",
    "symbol": "cmt_ltcusdt",
    "maker_fee_rate": 0.0002,
    "taker_fee_rate": 0.0008,
    "estimated_entry_fee": 0.03815520000000001,
    "estimated_exit_fee": 0.03815520000000001,
    "total_estimated_fees": 0.07631040000000001
  },
  "log_metadata": {
    "log_version": "2.3",
    "competition": "WEEX_AI_Trading_Hackathon_2025",
    "bot_name": "AlphaStrike",
    "compliance_status": "MANDATORY",
    "deepseek_enabled": true
  },
  "weex_response": {
    "code": "00000",
    "msg": "success",
    "request_time": 1767341539671,
    "data": "upload success",
    "upload_attempted": true,
    "upload_success": true,
    "upload_timestamp": "2026-01-02T08:12:19.530704Z",
    "error_details": null
  }
}