{
  "timestamp": "2026-01-02T12:09:35.553873Z",
  "order_id": "701940990264476589",
  "stage": "Decision Making",
  "model_version": "ollama:qwen2.5:1.5b+ensemble_v1.0",
  "input_features": {
    "tech_returns_1": -0.00011193307298817956,
    "tech_returns_5": -0.06700306155891234,
    "tech_returns_15": -0.17944214275819048,
    "tech_returns_60": -0.1556802040271199,
    "tech_returns_240": 0.4395826775194456,
    "tech_returns_1440": 1.217343697426279,
    "tech_rsi_14": 34.594733644297946,
    "tech_rsi_7": 25.660824536077243,
    "tech_macd": -29.41779364985996,
    "tech_macd_signal": -15.340846283807313,
    "tech_macd_hist": -14.076947366052647,
    "tech_stoch_k": 0.05232862376023952,
    "tech_stoch_d": 3.217765251938887,
    "tech_ema_cross_9_21": -1.0,
    "tech_ema_cross_50_200": 1.0,
    "tech_ema_9": 89384.13760596266,
    "tech_ema_21": 89419.15858588016,
    "tech_ema_50": 89449.53798324754,
    "tech_price_ema_9_pct": -0.05049845215450465,
    "tech_price_ema_21_pct": -0.08964363694293695,
    "tech_adx": 44.08526622076844,
    "tech_adx_7": 71.3193321837738,
    "tech_adx_10": 57.64717565541969,
    "tech_adx_roc_5": 14.34658998661531,
    "tech_adx_slope_3": 3.3649103957259676,
    "tech_adx_deceleration": 0.3296498594703188,
    "tech_plus_di": 10.937655984081466,
    "tech_minus_di": 50.52347991347356,
    "tech_di_crossover": 0.0,
    "tech_atr_14": 27.616698311105278,
    "tech_atr_pct": 0.030912253675444406,
    "tech_atr_14_avg": 35.37858399748174,
    "tech_bb_upper": 89557.63532758676,
    "tech_bb_lower": 89323.05467241324,
    "tech_bb_width": 0.26227610724613704,
    "tech_bb_position": 0.06797375331295694,
    "tech_volatility_20": 0.004954728234949618,
    "tech_volume_ratio": 0.04951918575880378,
    "tech_obv": 87.5138999999996,
    "tech_momentum_10": -119.10000000000582,
    "tech_roc_10": -0.1331349536822346,
    "tech_high_low_range": 0.00011193319827378946,
    "tech_body_ratio": 0.0,
    "tech_swing_high_10": 89493.6,
    "tech_swing_low_10": 89338.9,
    "tech_price_vs_swing_high": -0.1727497832247287,
    "tech_price_vs_swing_low": 0.00011193332356433846,
    "tech_swing_break_up": 0.0,
    "tech_swing_break_down": 0.0,
    "tech_volume_spike": 0.0,
    "tech_volume_spike_ratio": 0.04951918575880378,
    "micro_ob_best_bid_price": 89342.3,
    "micro_ob_best_ask_price": 89342.4,
    "micro_ob_best_bid_size": 2.5647,
    "micro_ob_best_ask_size": 2.8055,
    "micro_ob_spread_absolute": 0.09999999999126885,
    "micro_ob_spread_percentage": 0.00011192900118618869,
    "micro_ob_bid_ask_size_ratio": 0.9141685973979684,
    "micro_ob_orderbook_imbalance_5": -0.0681835352687856,
    "micro_ob_orderbook_imbalance_10": -0.07150299341778851,
    "micro_ob_orderbook_imbalance_20": -0.031107714020299597,
    "micro_ob_orderbook_vwap": 89342.11073681904,
    "micro_ob_buy_impact_0.1": 0.0,
    "micro_ob_sell_impact_0.1": 0.0,
    "micro_ob_buy_impact_1.0": 0.0,
    "micro_ob_sell_impact_1.0": 0.0,
    "micro_ob_buy_impact_10.0": 0.00015080521679909162,
    "micro_ob_sell_impact_10.0": 0.0005579529517344538,
    "micro_ob_bid_depth_concentration": 0.34618793802370795,
    "micro_ob_ask_depth_concentration": 0.37290559018282265,
    "micro_ob_bid_levels": 15,
    "micro_ob_ask_levels": 15,
    "micro_ob_total_bid_volume": 33.8452,
    "micro_ob_total_ask_volume": 36.0185,
    "micro_ob_total_orderbook_volume": 69.8637,
    "micro_ob_order_flow_imbalance": -0.031107714020299597,
    "micro_ob_depth_imbalance_1": -0.044840043201370465,
    "micro_ob_depth_imbalance_5": -0.0681835352687856,
    "micro_ob_depth_imbalance_10": -0.07150299341778851,
    "micro_ob_depth_imbalance_20": -0.031107714020299597,
    "micro_fr_funding_rate_current": 4.202e-05,
    "micro_fr_funding_rate_abs": 4.202e-05,
    "micro_fr_funding_rate_mean": 4.689842696629213e-05,
    "micro_fr_funding_rate_std": 1.000743396701755e-05,
    "micro_fr_funding_rate_min": 3.387e-05,
    "micro_fr_funding_rate_max": 6.627e-05,
    "micro_fr_funding_rate_skew": 0.48530700168741975,
    "micro_fr_funding_rate_kurtosis": -1.212801095424318,
    "micro_fr_funding_rate_trend": -4.5500000000000396e-07,
    "micro_fr_funding_rate_change": -1.0399999999999968e-06,
    "micro_fr_funding_rate_change_abs": 1.0399999999999968e-06,
    "micro_fr_funding_rate_positive": 1.0,
    "micro_fr_funding_rate_negative": 0.0,
    "micro_fr_funding_rate_high": 0.0,
    "micro_fr_funding_rate_extreme": 0.0,
    "micro_fr_hours_to_next_funding": 0.0,
    "micro_fr_funding_imminent": 1.0,
    "micro_vp_volume_current": 62.55284,
    "micro_vp_volume_mean": 5043.8766814,
    "micro_vp_volume_std": 20172.410490768823,
    "micro_vp_volume_max": 165744.4355,
    "micro_vp_volume_sum": 504387.66813999997,
    "micro_vp_volume_ratio": 0.012401738573560361,
    "micro_vp_large_volume_trade": 0.0,
    "micro_vp_recent_vwap": 89348.0603859394,
    "micro_vp_price_vwap_deviation_pct": 0.01470609882725742,
    "micro_vp_price_clustering": 0.010146774306195955,
    "micro_vp_volume_trend": -668.6368687878785,
    "micro_of_order_flow_imbalance": -0.031107714020299597,
    "micro_of_trade_flow_buy_pressure": 0.4844461429898502,
    "micro_of_trade_flow_sell_pressure": 0.5155538570101499,
    "micro_of_kyles_lambda_buy": 1.5080521679909162e-05,
    "micro_of_kyles_lambda_sell": 5.579529517344538e-05,
    "micro_of_kyles_lambda_avg": 3.543790842667727e-05,
    "micro_of_amihud_illiquidity": 0.013926078111286684,
    "micro_of_spread_dynamics_current": 0.00011192900118618869,
    "micro_micro_funding_arbitrage": 0.0,
    "micro_micro_orderbook_pressure": 0.0,
    "micro_micro_liquidity_score": 0.5,
    "micro_micro_volume_spike": 0.0,
    "micro_micro_oi_divergence": 0.0,
    "micro_micro_composite_score": 0.1,
    "fee_maker_rate": 0.0002,
    "fee_taker_rate": 0.0008,
    "fee_round_trip_cost": 0.0016,
    "fee_breakeven_move_pct": 0.16,
    "fee_net_profit_threshold": 0.16
  },
  "output_prediction": {
    "signal": "SHORT",
    "confidence": 0.5679483152756322,
    "raw_model_outputs": {
      "xgboost": 0.19613316655158997,
      "lightgbm": 0.17872658614455517,
      "lstm": 0.2117636352777481,
      "random_forest": 0.2978166814803651,
      "weighted_average": 0.2160258423621839
    }
  },
  "regime_info": {
    "regime": "trending",
    "regime_confidence": 0.8290231946492213,
    "atr_ratio": 0.7806049646608537,
    "adx_value": 44.08526622076844,
    "is_exhausted": false,
    "is_weakening": false,
    "leverage_tier": "normal_volatility"
  },
  "explanation": "The short BTCUSDT position is based on a combination of RSI at 34.6, MACD at -29.4178, ADX at 44.1, and an ensemble model averaging 0.22. The RSI suggests overbought conditions, while the MACD indicates bearish momentum, coupled with high ADX indicating strong trend strength. This combination points towards a potential reversal or consolidation phase, warranting a short trade for risk management purposes.",
  "symbol": "cmt_btcusdt",
  "position_size": 0.0001,
  "risk_validation": {
    "checks_performed": [
      "Wash trading check: No current position - any direction allowed",
      "Risk check: Order passes all risk checks (leverage: 5x, risk: 7.07%)",
      "Trading status: Trading allowed within risk limits",
      "Leverage set: 5x"
    ],
    "all_checks_passed": true
  },
  "execution_details": {
    "order_type": "1",
    "side": "OPEN_SHORT",
    "price": 89342.5,
    "leverage": 5,
    "client_oid": "e5ee61e1-a4cf-45d1-a924-a22e2a6759bf",
    "symbol": "cmt_btcusdt",
    "maker_fee_rate": 0.0002,
    "taker_fee_rate": 0.0008,
    "estimated_entry_fee": 0.035737000000000005,
    "estimated_exit_fee": 0.035737000000000005,
    "total_estimated_fees": 0.07147400000000001
  },
  "log_metadata": {
    "log_version": "2.3",
    "competition": "WEEX_AI_Trading_Hackathon_2025",
    "bot_name": "AlphaStrike",
    "compliance_status": "MANDATORY",
    "deepseek_enabled": true
  },
  "weex_response": {
    "code": "00000",