{
  "timestamp": "2026-01-02T17:48:53.218421Z",
  "order_id": "702026381793428397",
  "stage": "Decision Making",
  "model_version": "ollama:qwen2.5:1.5b+ensemble_v1.0",
  "input_features": {
    "tech_returns_1": -0.2209187171478777,
    "tech_returns_5": -0.12200701540338033,
    "tech_returns_15": -0.21331708060338128,
    "tech_returns_60": 0.21423106350419996,
    "tech_returns_240": 1.9378939995330136,
    "tech_returns_1440": 1.4613111874151548,
    "tech_rsi_14": 39.61197212353522,
    "tech_rsi_7": 32.57931733636134,
    "tech_macd": -0.05727882037606946,
    "tech_macd_signal": -0.04976684043100007,
    "tech_macd_hist": -0.007511979945069393,
    "tech_stoch_k": 14.583333333332224,
    "tech_stoch_d": 49.62301587301611,
    "tech_ema_cross_9_21": -1.0,
    "tech_ema_cross_50_200": 1.0,
    "tech_ema_9": 131.18863319559514,
    "tech_ema_21": 131.24806671867606,
    "tech_ema_50": 131.20301086925917,
    "tech_price_ema_9_pct": -0.1590329821365653,
    "tech_price_ema_21_pct": -0.20424431793776848,
    "tech_adx": 25.17134486655776,
    "tech_adx_7": 37.58561036398245,
    "tech_adx_10": 28.786379454277224,
    "tech_adx_roc_5": -8.636879516824308,
    "tech_adx_slope_3": -0.5404435253885183,
    "tech_adx_deceleration": 1.6562186787263453,
    "tech_plus_di": 15.833799987049488,
    "tech_minus_di": 35.17600568821832,
    "tech_di_crossover": -1.0,
    "tech_atr_14": 0.1895934531145986,
    "tech_atr_pct": 0.14474992603038525,
    "tech_atr_14_avg": 0.20723981242691897,
    "tech_bb_upper": 131.42357386269268,
    "tech_bb_lower": 131.0264261373073,
    "tech_bb_width": 0.30264639008219957,
    "tech_bb_position": -0.11689891277174623,
    "tech_volatility_20": 0.013201552595783136,
    "tech_volume_ratio": 1.128863429839999,
    "tech_obv": 111057.6,
    "tech_momentum_10": -0.17000000000001592,
    "tech_roc_10": -0.12962256957683715,
    "tech_high_low_range": 0.27485112230875985,
    "tech_body_ratio": 0.8055555553318164,
    "tech_swing_high_10": 131.39,
    "tech_swing_low_10": 130.91,
    "tech_price_vs_swing_high": -0.31204810107313846,
    "tech_price_vs_swing_low": 0.05347185088991917,
    "tech_swing_break_up": 0.0,
    "tech_swing_break_down": 1.0,
    "tech_volume_spike": 0.0,
    "tech_volume_spike_ratio": 1.128863429839999,
    "micro_ob_best_bid_price": 130.97,
    "micro_ob_best_ask_price": 130.98,
    "micro_ob_best_bid_size": 2414.6,
    "micro_ob_best_ask_size": 2739.0,
    "micro_ob_spread_absolute": 0.009999999999990905,
    "micro_ob_spread_percentage": 0.007635044855881585,
    "micro_ob_bid_ask_size_ratio": 0.8815626140927345,
    "micro_ob_orderbook_imbalance_5": 0.25995565334706583,
    "micro_ob_orderbook_imbalance_10": -0.07298197110704419,
    "micro_ob_orderbook_imbalance_20": -0.18812731530520516,
    "micro_ob_orderbook_vwap": 130.99876097601341,
    "micro_ob_buy_impact_0.1": 0.0,
    "micro_ob_sell_impact_0.1": 0.0,
    "micro_ob_buy_impact_1.0": 0.0,
    "micro_ob_sell_impact_1.0": 0.0,
    "micro_ob_buy_impact_10.0": 0.0,
    "micro_ob_sell_impact_10.0": 0.0,
    "micro_ob_bid_depth_concentration": 0.6959481696709826,
    "micro_ob_ask_depth_concentration": 0.2793214784829647,
    "micro_ob_bid_levels": 15,
    "micro_ob_ask_levels": 15,
    "micro_ob_total_bid_volume": 21269.4,
    "micro_ob_total_ask_volume": 31126.5,
    "micro_ob_total_orderbook_volume": 52395.9,
    "micro_ob_order_flow_imbalance": -0.18812731530520516,
    "micro_ob_depth_imbalance_1": -0.06294628997205838,
    "micro_ob_depth_imbalance_5": 0.25995565334706583,
    "micro_ob_depth_imbalance_10": -0.07298197110704419,
    "micro_ob_depth_imbalance_20": -0.18812731530520516,
    "micro_fr_funding_rate_current": 0.0001,
    "micro_fr_funding_rate_abs": 0.0001,
    "micro_fr_funding_rate_mean": 0.0001,
    "micro_fr_funding_rate_std": 0.0,
    "micro_fr_funding_rate_min": 0.0001,
    "micro_fr_funding_rate_max": 0.0001,
    "micro_fr_funding_rate_skew": 0.0,
    "micro_fr_funding_rate_kurtosis": 0.0,
    "micro_fr_funding_rate_trend": -9.234190815370753e-21,
    "micro_fr_funding_rate_change": 0.0,
    "micro_fr_funding_rate_change_abs": 0.0,
    "micro_fr_funding_rate_positive": 1.0,
    "micro_fr_funding_rate_negative": 0.0,
    "micro_fr_funding_rate_high": 0.0,
    "micro_fr_funding_rate_extreme": 0.0,
    "micro_fr_hours_to_next_funding": 0.0,
    "micro_fr_funding_imminent": 1.0,
    "micro_vp_volume_current": 785.88,
    "micro_vp_volume_mean": 2034.1146299999998,
    "micro_vp_volume_std": 8203.466974324634,
    "micro_vp_volume_max": 75617.85,
    "micro_vp_volume_sum": 203411.463,
    "micro_vp_volume_ratio": 0.3863499079203811,
    "micro_vp_large_volume_trade": 0.0,
    "micro_vp_recent_vwap": 130.94596725451015,
    "micro_vp_price_vwap_deviation_pct": 0.025989914927041332,
    "micro_vp_price_clustering": 0.29112246935685165,
    "micro_vp_volume_trend": 35.63430909090908,
    "micro_of_order_flow_imbalance": -0.18812731530520516,
    "micro_of_trade_flow_buy_pressure": 0.40593634234739745,
    "micro_of_trade_flow_sell_pressure": 0.5940636576526026,
    "micro_of_kyles_lambda_buy": 0.0,
    "micro_of_kyles_lambda_sell": 0.0,
    "micro_of_kyles_lambda_avg": 0.0,
    "micro_of_amihud_illiquidity": 0.05133833272483696,
    "micro_of_spread_dynamics_current": 0.007635044855881585,
    "micro_micro_funding_arbitrage": 0.0,
    "micro_micro_orderbook_pressure": 0.5,
    "micro_micro_liquidity_score": 1.0,
    "micro_micro_volume_spike": 0.0,
    "micro_micro_oi_divergence": 0.0,
    "micro_micro_composite_score": 0.35,
    "fee_maker_rate": 0.0002,
    "fee_taker_rate": 0.0008,
    "fee_round_trip_cost": 0.0016,
    "fee_breakeven_move_pct": 0.16,
    "fee_net_profit_threshold": 0.16
  },
  "output_prediction": {
    "signal": "SHORT",
    "confidence": 0.47647536295054316,
    "raw_model_outputs": {
      "xgboost": 0.19355259835720062,
      "lightgbm": 0.1541012929577082,
      "lstm": 0.35895055532455444,
      "random_forest": 0.37716786610856157,
      "weighted_average": 0.2617623185247284
    }
  },
  "regime_info": {
    "regime": "trend_weakening",
    "regime_confidence": 0.5117477176388892,
    "atr_ratio": 0.9148505342401659,
    "adx_value": 25.17134486655776,
    "is_exhausted": false,
    "is_weakening": true,
    "leverage_tier": "normal_volatility"
  },
  "explanation": "The short position in SOLUSDT is based on a combination of RSI at 39.6, MACD showing slight negative divergence (-0.0573), ADX at 25.2 indicating weak market strength, and an ensemble average model predicting a loss of 0.26%. These factors suggest a bearish trend that warrants caution but not extreme risk aversion.",
  "symbol": "cmt_solusdt",
  "position_size": 0.1,
  "risk_validation": {
    "checks_performed": [
      "Wash trading check: Same direction - allowed",
      "Risk check: Order passes all risk checks (leverage: 3x, risk: 7.06%)",
      "Trading status: Trading allowed within risk limits",
      "Leverage set: 3x"
    ],
    "all_checks_passed": true
  },
  "execution_details": {
    "order_type": "1",
    "side": "OPEN_SHORT",
    "price": 130.98,
    "leverage": 3,
    "client_oid": "7fc5cb5b-cc9d-46a4-9e48-79a03e01e1a7",
    "symbol": "cmt_solusdt",
    "maker_fee_rate": 0.0002,
    "taker_fee_rate": 0.0008,
    "estimated_entry_fee": 0.031435199999999996,
    "estimated_exit_fee": 0.031435199999999996,
    "total_estimated_fees": 0.06287039999999999
  },
  "log_metadata": {
    "log_version": "2.3",
    "competition": "WEEX_AI_Trading_Hackathon_2025",
    "bot_name": "AlphaStrike",
    "compliance_status": "MANDATORY",
    "deepseek_enabled": true
  },
  "weex_response": {
    "code": "00000",
    "msg": "success",
    "request_time": 1767376133298,
    "data": "upload success",
    "upload_attempted": true,
    "upload_success": true,
    "upload_timestamp": "2026-01-02T17:48:53.218514Z",
    "error_details": null
  }
}