{
  "timestamp": "2026-01-02T18:12:07.304089Z",
  "order_id": "702032228460266413",
  "stage": "Decision Making",
  "model_version": "ollama:qwen2.5:1.5b+ensemble_v1.0",
  "input_features": {
    "tech_returns_1": -0.02179941333930735,
    "tech_returns_5": -0.12713601311710176,
    "tech_returns_15": -0.0945022135942164,
    "tech_returns_60": -0.6432271589048244,
    "tech_returns_240": 2.5284703592656887,
    "tech_returns_1440": 1.1689274654337576,
    "tech_rsi_14": 44.12310250269219,
    "tech_rsi_7": 41.83651786348313,
    "tech_macd": -1.266855097188909,
    "tech_macd_signal": -1.1291094884775088,
    "tech_macd_hist": -0.13774560871140018,
    "tech_stoch_k": 24.327018943170547,
    "tech_stoch_d": 24.991691591890397,
    "tech_ema_cross_9_21": -1.0,
    "tech_ema_cross_50_200": 1.0,
    "tech_ema_9": 3119.98451781099,
    "tech_ema_21": 3121.112286680914,
    "tech_ema_50": 3123.225220193858,
    "tech_price_ema_9_pct": -0.042132190191512014,
    "tech_price_ema_21_pct": -0.07825052278113634,
    "tech_adx": 13.140054191029943,
    "tech_adx_7": 17.595556211543478,
    "tech_adx_10": 14.785196604455011,
    "tech_adx_roc_5": -9.224760887252941,
    "tech_adx_slope_3": -2.007066125349521,
    "tech_adx_deceleration": 0.3087794038999272,
    "tech_plus_di": 18.969233132130515,
    "tech_minus_di": 19.362507788270385,
    "tech_di_crossover": 0.0,
    "tech_atr_14": 3.019822016327787,
    "tech_atr_pct": 0.09683044427040331,
    "tech_atr_14_avg": 3.8016860946926334,
    "tech_bb_upper": 3126.1727877095605,
    "tech_bb_lower": 3116.27121229044,
    "tech_bb_width": 0.31723393655178933,
    "tech_bb_position": 0.24226323670957642,
    "tech_volatility_20": 0.011965370725193958,
    "tech_volume_ratio": 0.05643364589686514,
    "tech_obv": 133165.83899999986,
    "tech_momentum_10": -4.7199999999998,
    "tech_roc_10": -0.15111785591935822,
    "tech_high_low_range": 0.02180416651969706,
    "tech_body_ratio": 0.9999999998529412,
    "tech_swing_high_10": 3126.26,
    "tech_swing_low_10": 3116.23,
    "tech_price_vs_swing_high": -0.24278211025315055,
    "tech_price_vs_swing_low": 0.07829974039143626,
    "tech_swing_break_up": 0.0,
    "tech_swing_break_down": 0.0,
    "tech_volume_spike": 0.0,
    "tech_volume_spike_ratio": 0.05643364589686514,
    "micro_ob_best_bid_price": 3118.67,
    "micro_ob_best_ask_price": 3118.68,
    "micro_ob_best_bid_size": 47.147,
    "micro_ob_best_ask_size": 48.755,
    "micro_ob_spread_absolute": 0.009999999999763531,
    "micro_ob_spread_percentage": 0.0003206489935553891,
    "micro_ob_bid_ask_size_ratio": 0.9670187673059173,
    "micro_ob_orderbook_imbalance_5": -0.04918991293975952,
    "micro_ob_orderbook_imbalance_10": -0.04221193259450438,
    "micro_ob_orderbook_imbalance_20": 0.0016936346860877045,
    "micro_ob_orderbook_vwap": 3118.67682237741,
    "micro_ob_buy_impact_0.1": 0.0,
    "micro_ob_sell_impact_0.1": 0.0,
    "micro_ob_buy_impact_1.0": 0.0,
    "micro_ob_sell_impact_1.0": 0.0,
    "micro_ob_buy_impact_10.0": 0.0,
    "micro_ob_sell_impact_10.0": 0.0,
    "micro_ob_bid_depth_concentration": 0.4559698521206139,
    "micro_ob_ask_depth_concentration": 0.5048560078326337,
    "micro_ob_bid_levels": 15,
    "micro_ob_ask_levels": 15,
    "micro_ob_total_bid_volume": 178.321,
    "micro_ob_total_ask_volume": 177.71800000000002,
    "micro_ob_total_orderbook_volume": 356.039,
    "micro_ob_order_flow_imbalance": 0.0016936346860877045,
    "micro_ob_depth_imbalance_1": -0.016767116431357053,
    "micro_ob_depth_imbalance_5": -0.04918991293975952,
    "micro_ob_depth_imbalance_10": -0.04221193259450438,
    "micro_ob_depth_imbalance_20": 0.0016936346860877045,
    "micro_fr_funding_rate_current": 8.183e-05,
    "micro_fr_funding_rate_abs": 8.183e-05,
    "micro_fr_funding_rate_mean": 8.769190000000002e-05,
    "micro_fr_funding_rate_std": 1.8932978724701508e-05,
    "micro_fr_funding_rate_min": 3.724e-05,
    "micro_fr_funding_rate_max": 0.0001,
    "micro_fr_funding_rate_skew": -1.4660916197365192,
    "micro_fr_funding_rate_kurtosis": 0.8371846664522895,
    "micro_fr_funding_rate_trend": -5.510000000000011e-07,
    "micro_fr_funding_rate_change": -1.1500000000000008e-06,
    "micro_fr_funding_rate_change_abs": 1.1500000000000008e-06,
    "micro_fr_funding_rate_positive": 1.0,
    "micro_fr_funding_rate_negative": 0.0,
    "micro_fr_funding_rate_high": 0.0,
    "micro_fr_funding_rate_extreme": 0.0,
    "micro_fr_hours_to_next_funding": 0.0,
    "micro_fr_funding_imminent": 1.0,
    "micro_vp_volume_current": 112.3128,
    "micro_vp_volume_mean": 2622.7000983,
    "micro_vp_volume_std": 7470.960742961063,
    "micro_vp_volume_max": 37717.46235,
    "micro_vp_volume_sum": 262270.00983,
    "micro_vp_volume_ratio": 0.042823348377803355,
    "micro_vp_large_volume_trade": 0.0,
    "micro_vp_recent_vwap": 3119.402637858986,
    "micro_vp_price_vwap_deviation_pct": 0.012738404981501802,
    "micro_vp_price_clustering": 0.0,
    "micro_vp_volume_trend": -1.2857357575757606,
    "micro_of_order_flow_imbalance": 0.0016936346860877045,
    "micro_of_trade_flow_buy_pressure": 0.5008468173430439,
    "micro_of_trade_flow_sell_pressure": 0.4991531826569562,
    "micro_of_kyles_lambda_buy": 0.0,
    "micro_of_kyles_lambda_sell": 0.0,
    "micro_of_kyles_lambda_avg": 0.0,
    "micro_of_amihud_illiquidity": 0.2441442885338169,
    "micro_of_spread_dynamics_current": 0.0003206489935553891,
    "micro_micro_funding_arbitrage": 0.0,
    "micro_micro_orderbook_pressure": 0.0,
    "micro_micro_liquidity_score": 0.75,
    "micro_micro_volume_spike": 0.0,
    "micro_micro_oi_divergence": 0.0,
    "micro_micro_composite_score": 0.15000000000000002,
    "fee_maker_rate": 0.0002,
    "fee_taker_rate": 0.0008,
    "fee_round_trip_cost": 0.0016,
    "fee_breakeven_move_pct": 0.16,
    "fee_net_profit_threshold": 0.16
  },
  "output_prediction": {
    "signal": "SHORT",
    "confidence": 0.5134928204149434,
    "raw_model_outputs": {
      "xgboost": 0.18328289687633514,
      "lightgbm": 0.18433826308743287,
      "lstm": 0.24209055304527283,
      "random_forest": 0.4083075723063857,
      "weighted_average": 0.24325358979252829
    }
  },
  "regime_info": {
    "regime": "ranging",
    "regime_confidence": 0.8429972904485028,
    "atr_ratio": 0.7943375494740683,
    "adx_value": 13.140054191029943,
    "is_exhausted": false,
    "is_weakening": false,
    "leverage_tier": "normal_volatility"
  },
  "explanation": "The short position in ETHUSDT is justified by a combination of RSI at 44.1, MACD at -1.2669, ADX at 13.1, and an ensemble model averaging 0.24. The low RSI suggests overbought conditions, while the negative MACD signal indicates bearish momentum. The high ADX of 13.1 further supports a strong trend reversal. This combination points to a potential short entry opportunity with medium confidence at 51.3%.",
  "symbol": "cmt_ethusdt",
  "position_size": 0.006,
  "risk_validation": {
    "checks_performed": [
      "Wash trading check: Same direction - allowed",
      "Risk check: Order passes all risk checks (leverage: 3x, risk: 6.79%)",
      "Trading status: Trading allowed within risk limits",
      "Leverage set: 3x"
    ],
    "all_checks_passed": true
  },
  "execution_details": {
    "order_type": "1",
    "side": "OPEN_SHORT",
    "price": 3118.67,
    "leverage": 3,
    "client_oid": "29be5c74-aaa1-415a-81a4-b192860de2ac",
    "symbol": "cmt_ethusdt",
    "maker_fee_rate": 0.0002,
    "taker_fee_rate": 0.0008,
    "estimated_entry_fee": 0.04490884800000001,
    "estimated_exit_fee": 0.04490884800000001,
    "total_estimated_fees": 0.08981769600000002
  },
  "log_metadata": {
    "log_version": "2.3",
    "competition": "WEEX_AI_Trading_Hackathon_2025",
    "bot_name": "AlphaStrike",
    "compliance_status": "MANDATORY",
    "deepseek_enabled": true
  },
  "weex_response": {
    "code": "00000",
    "msg": "success",
    "request_time": 1767377527390,
    "data": "upload success",