{
  "timestamp": "2026-01-02T07:23:10.841067Z",
  "order_id": "701868918179890093",
  "stage": "Decision Making",
  "model_version": "ollama:qwen2.5:1.5b+ensemble_v1.0",
  "input_features": {
    "tech_returns_1": 0.0,
    "tech_returns_5": -0.02423598929000015,
    "tech_returns_15": -0.05076669243461174,
    "tech_returns_60": -0.015004616805169846,
    "tech_returns_240": 0.8029137624073313,
    "tech_returns_1440": 0.15519497816847133,
    "tech_rsi_14": 35.70242497074646,
    "tech_rsi_7": 27.150793337217024,
    "tech_macd": -0.16021672285899058,
    "tech_macd_signal": -0.1182074687014705,
    "tech_macd_hist": -0.042009254157520076,
    "tech_stoch_k": 5.128205128200643,
    "tech_stoch_d": 4.332045427931991,
    "tech_ema_cross_9_21": -1.0,
    "tech_ema_cross_50_200": 1.0,
    "tech_ema_9": 866.4941417270658,
    "tech_ema_21": 866.6628799110231,
    "tech_ema_50": 866.7571118127563,
    "tech_price_ema_9_pct": -0.025867656372036557,
    "tech_price_ema_21_pct": -0.04533249549853071,
    "tech_adx": 28.093063060497144,
    "tech_adx_7": 51.4422130073165,
    "tech_adx_10": 38.273440895342574,
    "tech_adx_roc_5": 9.740527118391899,
    "tech_adx_slope_3": 3.046141425269255,
    "tech_adx_deceleration": -0.1244132517100649,
    "tech_plus_di": 15.664692235514133,
    "tech_minus_di": 42.87160240346532,
    "tech_di_crossover": 0.0,
    "tech_atr_14": 0.17909311110296047,
    "tech_atr_pct": 0.020674052097263033,
    "tech_atr_14_avg": 0.21837904614090767,
    "tech_bb_upper": 867.0683927994704,
    "tech_bb_lower": 866.2816072005295,
    "tech_bb_width": 0.09078208081932947,
    "tech_bb_position": -0.014752685541188273,
    "tech_volatility_20": 0.002405143060720785,
    "tech_volume_ratio": 0.07943225470408229,
    "tech_obv": 3184.9000000000033,
    "tech_momentum_10": -0.6299999999999955,
    "tech_roc_10": -0.07267274195409401,
    "tech_high_low_range": 0.001154374502174946,
    "tech_body_ratio": 0.0,
    "tech_swing_high_10": 867.01,
    "tech_swing_low_10": 866.23,
    "tech_price_vs_swing_high": -0.08535080333560272,
    "tech_price_vs_swing_low": 0.0046177112314239425,
    "tech_swing_break_up": 0.0,
    "tech_swing_break_down": 0.0,
    "tech_volume_spike": 0.0,
    "tech_volume_spike_ratio": 0.07943225470408229,
    "micro_ob_best_bid_price": 866.26,
    "micro_ob_best_ask_price": 866.27,
    "micro_ob_best_bid_size": 156.2,
    "micro_ob_best_ask_size": 148.2,
    "micro_ob_spread_absolute": 0.009999999999990905,
    "micro_ob_spread_percentage": 0.0011543811651158601,
    "micro_ob_bid_ask_size_ratio": 1.0539811066126856,
    "micro_ob_orderbook_imbalance_5": -0.5017039000378644,
    "micro_ob_orderbook_imbalance_10": -0.2563236611758219,
    "micro_ob_orderbook_imbalance_20": -0.31945301254369735,
    "micro_ob_orderbook_vwap": 866.2772093183542,
    "micro_ob_buy_impact_0.1": 1.3123718669885375e-14,
    "micro_ob_sell_impact_0.1": 0.0,
    "micro_ob_buy_impact_1.0": 0.0,
    "micro_ob_sell_impact_1.0": 0.0,
    "micro_ob_buy_impact_10.0": 1.3123718669885375e-14,
    "micro_ob_sell_impact_10.0": 0.0,
    "micro_ob_bid_depth_concentration": 0.3976431485118598,
    "micro_ob_ask_depth_concentration": 0.6180939764669213,
    "micro_ob_bid_levels": 15,
    "micro_ob_ask_levels": 15,
    "micro_ob_total_bid_volume": 661.9,
    "micro_ob_total_ask_volume": 1283.3,
    "micro_ob_total_orderbook_volume": 1945.1999999999998,
    "micro_ob_order_flow_imbalance": -0.31945301254369735,
    "micro_ob_depth_imbalance_1": 0.02628120893561104,
    "micro_ob_depth_imbalance_5": -0.5017039000378644,
    "micro_ob_depth_imbalance_10": -0.2563236611758219,
    "micro_ob_depth_imbalance_20": -0.31945301254369735,
    "micro_fr_funding_rate_current": -0.000103,
    "micro_fr_funding_rate_abs": 0.000103,
    "micro_fr_funding_rate_mean": -0.00010061764705882352,
    "micro_fr_funding_rate_std": 1.9705882352941165e-06,
    "micro_fr_funding_rate_min": -0.000104,
    "micro_fr_funding_rate_max": -9.7e-05,
    "micro_fr_funding_rate_skew": -0.05513976120734387,
    "micro_fr_funding_rate_kurtosis": -0.9746341158886382,
    "micro_fr_funding_rate_trend": 5.417325504243003e-21,
    "micro_fr_funding_rate_change": 0.0,
    "micro_fr_funding_rate_change_abs": 0.0,
    "micro_fr_funding_rate_positive": 0.0,
    "micro_fr_funding_rate_negative": 1.0,
    "micro_fr_funding_rate_high": 0.0,
    "micro_fr_funding_rate_extreme": 0.0,
    "micro_fr_hours_to_next_funding": 0.0,
    "micro_fr_funding_imminent": 1.0,
    "micro_vp_volume_current": 693.04,
    "micro_vp_volume_mean": 495.51514999999995,
    "micro_vp_volume_std": 192.96413930750836,
    "micro_vp_volume_max": 779.679,
    "micro_vp_volume_sum": 49551.51499999999,
    "micro_vp_volume_ratio": 1.3986252488950137,
    "micro_vp_large_volume_trade": 0.0,
    "micro_vp_recent_vwap": 866.2852275110055,
    "micro_vp_price_vwap_deviation_pct": 0.001705268487253924,
    "micro_vp_price_clustering": 0.2839522943429202,
    "micro_vp_volume_trend": 20.47629090909092,
    "micro_of_order_flow_imbalance": -0.31945301254369735,
    "micro_of_trade_flow_buy_pressure": 0.34027349372815135,
    "micro_of_trade_flow_sell_pressure": 0.6597265062718487,
    "micro_of_kyles_lambda_buy": 1.3123718669885374e-15,
    "micro_of_kyles_lambda_sell": 0.0,
    "micro_of_kyles_lambda_avg": 6.561859334942687e-16,
    "micro_of_amihud_illiquidity": 0.02070356764724338,
    "micro_of_spread_dynamics_current": 0.0011543811651158601,
    "micro_micro_funding_arbitrage": 0.0,
    "micro_micro_orderbook_pressure": -1.0,
    "micro_micro_liquidity_score": 1.0,
    "micro_micro_volume_spike": 0.0,
    "micro_micro_oi_divergence": 0.0,
    "micro_micro_composite_score": 0.5,
    "fee_maker_rate": 0.0002,
    "fee_taker_rate": 0.0008,
    "fee_round_trip_cost": 0.0016,
    "fee_breakeven_move_pct": 0.16,
    "fee_net_profit_threshold": 0.16
  },
  "output_prediction": {
    "signal": "SHORT",
    "confidence": 0.47762976410647173,
    "raw_model_outputs": {
      "xgboost": 0.1270754039287567,
      "lightgbm": 0.13521345370189966,
      "lstm": 0.677901029586792,
      "random_forest": 0.09891936482865978,
      "weighted_average": 0.26118511794676413
    }
  },
  "regime_info": {
    "regime": "trending",
    "regime_confidence": 0.6371167567259657,
    "atr_ratio": 0.8201020851945741,
    "adx_value": 28.093063060497144,
    "is_exhausted": false,
    "is_weakening": false,
    "leverage_tier": "normal_volatility"
  },
  "explanation": "BNBUSDT SHORT due to oversold RSI at 35.7, bearish MACD (-0.16) below zero, weak ADX (28.1), ensemble model averaging suggests a short position with an average profit of 0.26%.",
  "symbol": "cmt_bnbusdt",
  "position_size": 0.1,
  "risk_validation": {
    "checks_performed": [
      "Wash trading check: No current position - any direction allowed",
      "Risk check: Order passes all risk checks (leverage: 4x, risk: 7.10%)",
      "Trading status: Trading allowed within risk limits",
      "Leverage set: 4x"
    ],
    "all_checks_passed": true
  },
  "execution_details": {
    "order_type": "1",
    "side": "OPEN_SHORT",
    "price": 866.27,
    "leverage": 4,
    "client_oid": "82d9a955-0174-4dc3-9436-3cc23f2dbdff",
    "symbol": "cmt_bnbusdt",
    "maker_fee_rate": 0.0002,
    "taker_fee_rate": 0.0008,
    "estimated_entry_fee": 0.2772064,
    "estimated_exit_fee": 0.2772064,
    "total_estimated_fees": 0.5544128
  },
  "log_metadata": {
    "log_version": "2.3",
    "competition": "WEEX_AI_Trading_Hackathon_2025",
    "bot_name": "AlphaStrike",
    "compliance_status": "MANDATORY",
    "deepseek_enabled": true
  },
  "weex_response": {
    "code": "00000",
    "msg": "success",
    "request_time": 1767338590946,
    "data": "upload success",
    "upload_attempted": true,
    "upload_success": true,
    "upload_timestamp": "2026-01-02T07:23:10.841151Z",
    "error_details": null
  }
}