{
  "timestamp": "2026-01-02T04:52:36.121395Z",
  "order_id": "701831024136422317",
  "stage": "Decision Making",
  "model_version": "ollama:qwen2.5:1.5b+exit_manager_v1",
  "input_features": {
    "tech_returns_1": 0.003464283239784649,
    "tech_returns_5": 0.048521817488644814,
    "tech_returns_15": 0.07395680460380305,
    "tech_returns_60": 1.0348367827892835,
    "tech_returns_240": 0.9794661909259483,
    "tech_returns_1440": 0.15519497816847133,
    "tech_rsi_14": 71.88740776015216,
    "tech_rsi_7": 72.92585530599061,
    "tech_macd": 0.7601051530845098,
    "tech_macd_signal": 0.8778944995592377,
    "tech_macd_hist": -0.11778934647472794,
    "tech_stoch_k": 96.80851063830058,
    "tech_stoch_d": 92.8755641521603,
    "tech_ema_cross_9_21": 1.0,
    "tech_ema_cross_50_200": 1.0,
    "tech_ema_9": 865.6722513538768,
    "tech_ema_21": 865.1045450411721,
    "tech_ema_50": 863.4776310641164,
    "tech_price_ema_9_pct": 0.039015764406785614,
    "tech_price_ema_21_pct": 0.10466422399674702,
    "tech_adx": 60.33393346938173,
    "tech_adx_7": 63.07788063912089,
    "tech_adx_10": 59.799678993075844,
    "tech_adx_roc_5": 0.7619696692409903,
    "tech_adx_slope_3": 1.6721346630428862,
    "tech_adx_deceleration": 0.987979904589892,
    "tech_plus_di": 50.66700989390868,
    "tech_minus_di": 8.491528066728092,
    "tech_di_crossover": 0.0,
    "tech_atr_14": 0.221693571063391,
    "tech_atr_pct": 0.025599423916974517,
    "tech_atr_14_avg": 0.43827158936640004,
    "tech_bb_upper": 865.9955439916695,
    "tech_bb_lower": 864.9474560083305,
    "tech_bb_width": 0.1211002307226724,
    "tech_bb_position": 1.0137927431287388,
    "tech_volatility_20": 0.003861049752325532,
    "tech_volume_ratio": 0.32564747022183366,
    "tech_obv": 1351.1999999999975,
    "tech_momentum_10": 0.5800000000000409,
    "tech_roc_10": 0.06701870746335103,
    "tech_high_low_range": 0.006928326462736624,
    "tech_body_ratio": 0.49999999916666665,
    "tech_swing_high_10": 866.04,
    "tech_swing_low_10": 865.1,
    "tech_price_vs_swing_high": -0.003464043231256376,
    "tech_price_vs_swing_low": 0.10519015142757694,
    "tech_swing_break_up": 1.0,
    "tech_swing_break_down": 0.0,
    "tech_volume_spike": 0.0,
    "tech_volume_spike_ratio": 0.32564747022183366,
    "micro_ob_best_bid_price": 865.99,
    "micro_ob_best_ask_price": 866.0,
    "micro_ob_best_bid_size": 144.7,
    "micro_ob_best_ask_size": 145.1,
    "micro_ob_spread_absolute": 0.009999999999990905,
    "micro_ob_spread_percentage": 0.0011547410781806945,
    "micro_ob_bid_ask_size_ratio": 0.9972432804962095,
    "micro_ob_orderbook_imbalance_5": -0.26037953954339654,
    "micro_ob_orderbook_imbalance_10": -0.22437500000000005,
    "micro_ob_orderbook_imbalance_20": 0.05122950819672131,
    "micro_ob_orderbook_vwap": 866.0051054687501,
    "micro_ob_buy_impact_0.1": 0.0,
    "micro_ob_sell_impact_0.1": 0.0,
    "micro_ob_buy_impact_1.0": 0.0,
    "micro_ob_sell_impact_1.0": 0.0,
    "micro_ob_buy_impact_10.0": 0.0,
    "micro_ob_sell_impact_10.0": 0.0,
    "micro_ob_bid_depth_concentration": 0.3741715399610136,
    "micro_ob_ask_depth_concentration": 0.7064794816414686,
    "micro_ob_bid_levels": 15,
    "micro_ob_ask_levels": 15,
    "micro_ob_total_bid_volume": 1026.0,
    "micro_ob_total_ask_volume": 926.0,
    "micro_ob_total_orderbook_volume": 1952.0,
    "micro_ob_order_flow_imbalance": 0.05122950819672131,
    "micro_ob_depth_imbalance_1": -0.001380262249827487,
    "micro_ob_depth_imbalance_5": -0.26037953954339654,
    "micro_ob_depth_imbalance_10": -0.22437500000000005,
    "micro_ob_depth_imbalance_20": 0.05122950819672131,
    "micro_fr_funding_rate_current": -9.8e-05,
    "micro_fr_funding_rate_abs": 9.8e-05,
    "micro_fr_funding_rate_positive": 0.0,
    "micro_fr_funding_rate_negative": 1.0,
    "micro_fr_funding_rate_high": 0.0,
    "micro_fr_funding_rate_extreme": 0.0,
    "micro_fr_hours_to_next_funding": 0.0,
    "micro_fr_funding_imminent": 1.0,
    "micro_vp_volume_current": 86.579,
    "micro_vp_volume_mean": 573.2167700000001,
    "micro_vp_volume_std": 1356.7073776760396,
    "micro_vp_volume_max": 13595.729,
    "micro_vp_volume_sum": 57321.67700000001,
    "micro_vp_volume_ratio": 0.15104059150258284,
    "micro_vp_large_volume_trade": 0.0,
    "micro_vp_recent_vwap": 865.8863726263625,
    "micro_vp_price_vwap_deviation_pct": -0.011129939147810162,
    "micro_vp_price_clustering": 0.025740208125277574,
    "micro_vp_volume_trend": 6.821351515151512,
    "micro_of_order_flow_imbalance": 0.05122950819672131,
    "micro_of_trade_flow_buy_pressure": 0.5256147540983607,
    "micro_of_trade_flow_sell_pressure": 0.47438524590163933,
    "micro_of_kyles_lambda_buy": 0.0,
    "micro_of_kyles_lambda_sell": 0.0,
    "micro_of_kyles_lambda_avg": 0.0,
    "micro_of_amihud_illiquidity": 0.011343288649577862,
    "micro_of_spread_dynamics_current": 0.0011547410781806945,
    "micro_micro_funding_arbitrage": 0.0,
    "micro_micro_orderbook_pressure": -0.5,
    "micro_micro_liquidity_score": 1.0,
    "micro_micro_volume_spike": 0.0,
    "micro_micro_oi_divergence": 0.0,
    "micro_micro_composite_score": 0.35,
    "fee_maker_rate": 0.0002,
    "fee_taker_rate": 0.0008,
    "fee_round_trip_cost": 0.0016,
    "fee_breakeven_move_pct": 0.16,
    "fee_net_profit_threshold": 0.16,
    "exit_trigger": true,
    "exit_reason": "Trailing stop hit: 866.00 >= 865.74",
    "position_side": "SHORT",
    "entry_price": 865.72,
    "exit_price": 866.0,
    "position_size": 0.1,
    "hold_duration_hours": 0.3437146541666667
  },
  "output_prediction": {
    "signal": "EXIT_SHORT",
    "confidence": 1.0,
    "raw_model_outputs": {
      "action": "exit"
    }
  },
  "regime_info": {
    "regime": "unknown",
    "regime_confidence": 0.0,
    "atr_ratio": 1.0,
    "adx_value": 0.0,
    "is_exhausted": false,
    "is_weakening": false,
    "leverage_tier": "unknown"
  },
  "explanation": "BNBUSDT EXIT_SHORT due to RSI at 71.9, MACD at 0.7601, ADX at 60.3, and no models fitting criteria. Strong sell signal suggests market weakness ahead.",
  "symbol": "cmt_bnbusdt",
  "position_size": 0.1,
  "risk_validation": {
    "checks_performed": [
      "Risk check: Close order - bypassing risk checks for position exit",
      "Trading status: Trading allowed within risk limits",
      "Leverage set: 2x"
    ],
    "all_checks_passed": true
  },
  "execution_details": {
    "order_type": "1",
    "side": "CLOSE_SHORT",
    "price": 866.0,
    "leverage": 2,
    "client_oid": "f72517a5-eaea-4bc2-85b0-91243a1da28b",
    "symbol": "cmt_bnbusdt",
    "maker_fee_rate": 0.0002,
    "taker_fee_rate": 0.0008,
    "estimated_entry_fee": 0.13856000000000002,
    "estimated_exit_fee": 0.13856000000000002,
    "total_estimated_fees": 0.27712000000000003
  },
  "log_metadata": {
    "log_version": "2.3",
    "competition": "WEEX_AI_Trading_Hackathon_2025",
    "bot_name": "AlphaStrike",
    "compliance_status": "MANDATORY",
    "deepseek_enabled": true
  },
  "weex_response": {
    "code": "00000",
    "msg": "success",
    "request_time": 1767329556196,
    "data": "upload success",
    "upload_attempted": true,
    "upload_success": true,
    "upload_timestamp": "2026-01-02T04:52:36.121477Z",
    "error_details": null
  }
}