{
  "timestamp": "2026-01-02T14:58:35.973487Z",
  "order_id": "701983526043517869",
  "stage": "Decision Making",
  "model_version": "ollama:qwen2.5:1.5b+ensemble_v1.0",
  "input_features": {
    "tech_returns_1": 0.13524321020566,
    "tech_returns_5": -0.21058770167822205,
    "tech_returns_15": 0.7012897847089361,
    "tech_returns_60": 0.9901963998819596,
    "tech_returns_240": 0.8447107356841066,
    "tech_returns_1440": 1.1689274654337576,
    "tech_rsi_14": 58.520706303507225,
    "tech_rsi_7": 51.8625321148689,
    "tech_macd": 11.191594065532627,
    "tech_macd_signal": 11.72945028353123,
    "tech_macd_hist": -0.5378562179986037,
    "tech_stoch_k": 51.53435623749178,
    "tech_stoch_d": 53.263286635534975,
    "tech_ema_cross_9_21": 1.0,
    "tech_ema_cross_50_200": 1.0,
    "tech_ema_9": 3081.7393794263367,
    "tech_ema_21": 3071.929540404866,
    "tech_ema_50": 3058.8534709822975,
    "tech_price_ema_9_pct": -0.053196562865803224,
    "tech_price_ema_21_pct": 0.2659715819542162,
    "tech_adx": 42.164036248350556,
    "tech_adx_7": 32.86859375995748,
    "tech_adx_10": 33.98563204511061,
    "tech_adx_roc_5": -16.94444204580475,
    "tech_adx_slope_3": -4.985633067798414,
    "tech_adx_deceleration": -0.8115604693836502,
    "tech_plus_di": 26.861185558135674,
    "tech_minus_di": 21.074324706284514,
    "tech_di_crossover": 0.0,
    "tech_atr_14": 9.937266571276819,
    "tech_atr_pct": 0.3226280501047635,
    "tech_atr_14_avg": 8.191279175060824,
    "tech_bb_upper": 3108.4855093764345,
    "tech_bb_lower": 3035.1704906235664,
    "tech_bb_width": 2.3866902298197723,
    "tech_bb_position": 0.6128281781920144,
    "tech_volatility_20": 0.04084102867390602,
    "tech_volume_ratio": 0.12665866877434864,
    "tech_obv": 133415.35899999997,
    "tech_momentum_10": 0.07999999999992724,
    "tech_roc_10": 0.002597385731251123,
    "tech_high_low_range": 0.17661764228434318,
    "tech_body_ratio": 0.7647058823388496,
    "tech_swing_high_10": 3109.16,
    "tech_swing_low_10": 3074.9,
    "tech_price_vs_swing_high": -0.9346575924043776,
    "tech_price_vs_swing_low": 0.16911119060781873,
    "tech_swing_break_up": 0.0,
    "tech_swing_break_down": 0.0,
    "tech_volume_spike": 0.0,
    "tech_volume_spike_ratio": 0.12665866877434864,
    "micro_ob_best_bid_price": 3080.9,
    "micro_ob_best_ask_price": 3080.91,
    "micro_ob_best_bid_size": 43.876,
    "micro_ob_best_ask_size": 43.772,
    "micro_ob_spread_absolute": 0.009999999999763531,
    "micro_ob_spread_percentage": 0.00032457995296068955,
    "micro_ob_bid_ask_size_ratio": 1.0023759480946723,
    "micro_ob_orderbook_imbalance_5": -0.04098076071210509,
    "micro_ob_orderbook_imbalance_10": -0.034492091416380745,
    "micro_ob_orderbook_imbalance_20": -0.02640117430069988,
    "micro_ob_orderbook_vwap": 3080.905012855926,
    "micro_ob_buy_impact_0.1": 0.0,
    "micro_ob_sell_impact_0.1": 0.0,
    "micro_ob_buy_impact_1.0": 0.0,
    "micro_ob_sell_impact_1.0": 0.0,
    "micro_ob_buy_impact_10.0": 0.0,
    "micro_ob_sell_impact_10.0": 0.0,
    "micro_ob_bid_depth_concentration": 0.48405303167639563,
    "micro_ob_ask_depth_concentration": 0.49839219080482167,
    "micro_ob_bid_levels": 15,
    "micro_ob_ask_levels": 15,
    "micro_ob_total_bid_volume": 165.486,
    "micro_ob_total_ask_volume": 174.461,
    "micro_ob_total_orderbook_volume": 339.947,
    "micro_ob_order_flow_imbalance": -0.02640117430069988,
    "micro_ob_depth_imbalance_1": 0.0011865644395764787,
    "micro_ob_depth_imbalance_5": -0.04098076071210509,
    "micro_ob_depth_imbalance_10": -0.034492091416380745,
    "micro_ob_depth_imbalance_20": -0.02640117430069988,
    "micro_fr_funding_rate_current": 0.0001,
    "micro_fr_funding_rate_abs": 0.0001,
    "micro_fr_funding_rate_mean": 6.220330000000002e-05,
    "micro_fr_funding_rate_std": 3.108888328824308e-05,
    "micro_fr_funding_rate_min": 2.352e-05,
    "micro_fr_funding_rate_max": 0.0001,
    "micro_fr_funding_rate_skew": 0.10754447212589112,
    "micro_fr_funding_rate_kurtosis": -1.7442802822527894,
    "micro_fr_funding_rate_trend": -9.234190815370753e-21,
    "micro_fr_funding_rate_change": 0.0,
    "micro_fr_funding_rate_change_abs": 0.0,
    "micro_fr_funding_rate_positive": 1.0,
    "micro_fr_funding_rate_negative": 0.0,
    "micro_fr_funding_rate_high": 0.0,
    "micro_fr_funding_rate_extreme": 0.0,
    "micro_fr_hours_to_next_funding": 0.0,
    "micro_fr_funding_imminent": 1.0,
    "micro_vp_volume_current": 5395.1088,
    "micro_vp_volume_mean": 6685.886059800001,
    "micro_vp_volume_std": 11010.94006724125,
    "micro_vp_volume_max": 68997.42735,
    "micro_vp_volume_sum": 668588.6059800001,
    "micro_vp_volume_ratio": 0.8069399854776148,
    "micro_vp_large_volume_trade": 0.0,
    "micro_vp_recent_vwap": 3080.7128376491323,
    "micro_vp_price_vwap_deviation_pct": -0.042614736209365435,
    "micro_vp_price_clustering": 0.5494571016607351,
    "micro_vp_volume_trend": 948.8397355757576,
    "micro_of_order_flow_imbalance": -0.02640117430069988,
    "micro_of_trade_flow_buy_pressure": 0.48679941284965006,
    "micro_of_trade_flow_sell_pressure": 0.51320058715035,
    "micro_of_kyles_lambda_buy": 0.0,
    "micro_of_kyles_lambda_sell": 0.0,
    "micro_of_kyles_lambda_avg": 0.0,
    "micro_of_amihud_illiquidity": 0.6327931143875856,
    "micro_of_spread_dynamics_current": 0.00032457995296068955,
    "micro_micro_funding_arbitrage": 0.0,
    "micro_micro_orderbook_pressure": 0.0,
    "micro_micro_liquidity_score": 0.75,
    "micro_micro_volume_spike": 0.0,
    "micro_micro_oi_divergence": 0.0,
    "micro_micro_composite_score": 0.15000000000000002,
    "fee_maker_rate": 0.0002,
    "fee_taker_rate": 0.0008,
    "fee_round_trip_cost": 0.0016,
    "fee_breakeven_move_pct": 0.16,
    "fee_net_profit_threshold": 0.16
  },
  "output_prediction": {
    "signal": "SHORT",
    "confidence": 0.4881809350842632,
    "raw_model_outputs": {
      "xgboost": 0.21032939851284027,
      "lightgbm": 0.12097334058326059,
      "lstm": 0.33552318811416626,
      "random_forest": 0.39343287384597575,
      "weighted_average": 0.2559095324578684
    }
  },
  "regime_info": {
    "regime": "trend_weakening",
    "regime_confidence": 0.6850731697331757,
    "atr_ratio": 1.2131519826026476,
    "adx_value": 42.164036248350556,
    "is_exhausted": false,
    "is_weakening": true,
    "leverage_tier": "elevated_volatility"
  },
  "explanation": "ETHUSDT short position is based on RSI at 58.5, MACD at 11.1916, ADX at 42.2, and ensemble model averaging of 0.26. The strong divergence in RSI suggests overbought conditions, while the relatively low MACD signal line indicates potential oversold opportunities. The combination with a moderate ADX supports ongoing momentum. Given high confidence (48.8%), this short position aligns well with current market dynamics.",
  "symbol": "cmt_ethusdt",
  "position_size": 0.007,
  "risk_validation": {
    "checks_performed": [
      "Wash trading check: No current position - any direction allowed",
      "Risk check: Order passes all risk checks (leverage: 3x, risk: 7.20%)",
      "Trading status: Trading allowed within risk limits",
      "Leverage set: 3x"
    ],
    "all_checks_passed": true
  },
  "execution_details": {
    "order_type": "1",
    "side": "OPEN_SHORT",
    "price": 3079.99,
    "leverage": 3,
    "client_oid": "bdc919b1-2469-4111-80d6-862762daeaec",
    "symbol": "cmt_ethusdt",
    "maker_fee_rate": 0.0002,
    "taker_fee_rate": 0.0008,
    "estimated_entry_fee": 0.051743832000000003,
    "estimated_exit_fee": 0.051743832000000003,
    "total_estimated_fees": 0.10348766400000001
  },
  "log_metadata": {
    "log_version": "2.3",
    "competition": "WEEX_AI_Trading_Hackathon_2025",
    "bot_name": "AlphaStrike",
    "compliance_status": "MANDATORY",
    "deepseek_enabled": true
  },
  "weex_response": {
    "code": "00000",
    "msg": "success",
    "request_time": 1767365916050,
    "data": "upload success",