{
  "timestamp": "2026-01-02T21:33:41.300687Z",
  "order_id": "702082955064902573",
  "stage": "Decision Making",
  "model_version": "ollama:qwen2.5:1.5b+exit_manager_v1",
  "input_features": {
    "tech_returns_1": 0.036836935167006146,
    "tech_returns_5": 0.085995085995072,
    "tech_returns_15": 0.2214294501168501,
    "tech_returns_60": 0.35723084503571645,
    "tech_returns_240": 0.5181986428130836,
    "tech_returns_1440": 3.2789009849663056,
    "tech_rsi_14": 70.7472384045072,
    "tech_rsi_7": 76.3818497876396,
    "tech_macd": 0.054058836713068104,
    "tech_macd_signal": 0.04889383164929331,
    "tech_macd_hist": 0.005165005063774791,
    "tech_stoch_k": 94.73684210526041,
    "tech_stoch_d": 89.8078529657471,
    "tech_ema_cross_9_21": 1.0,
    "tech_ema_cross_50_200": 1.0,
    "tech_ema_9": 81.42173463280781,
    "tech_ema_21": 81.3705918394595,
    "tech_ema_50": 81.3043421881772,
    "tech_price_ema_9_pct": 0.059278234994441854,
    "tech_price_ema_21_pct": 0.12216718386002838,
    "tech_adx": 54.81731452907102,
    "tech_adx_7": 66.33068730319718,
    "tech_adx_10": 61.88536916211555,
    "tech_adx_roc_5": 5.490167586565292,
    "tech_adx_slope_3": 2.1032020113578582,
    "tech_adx_deceleration": 0.21446912149730935,
    "tech_plus_di": 54.315034802262666,
    "tech_minus_di": 9.300946344369471,
    "tech_di_crossover": 0.0,
    "tech_atr_14": 0.03257392959223062,
    "tech_atr_pct": 0.03998272933868985,
    "tech_atr_14_avg": 0.03976931989583218,
    "tech_bb_upper": 81.48632097223948,
    "tech_bb_lower": 81.25167902776052,
    "tech_bb_width": 0.2883677376875297,
    "tech_bb_position": 0.9304430745503518,
    "tech_volatility_20": 0.003966412893204951,
    "tech_volume_ratio": 0.30644194257544466,
    "tech_obv": 33939.89999999999,
    "tech_momentum_10": 0.10999999999999943,
    "tech_roc_10": 0.13520157325466187,
    "tech_high_low_range": 0.04909782742114429,
    "tech_body_ratio": 0.7499999981249111,
    "tech_swing_high_10": 81.48,
    "tech_swing_low_10": 81.35,
    "tech_price_vs_swing_high": -0.012272950417286592,
    "tech_price_vs_swing_low": 0.14751075599263005,
    "tech_swing_break_up": 0.0,
    "tech_swing_break_down": 0.0,
    "tech_volume_spike": 0.0,
    "tech_volume_spike_ratio": 0.30644194257544466,
    "micro_ob_best_bid_price": 81.46,
    "micro_ob_best_ask_price": 81.47,
    "micro_ob_best_bid_size": 3296.9,
    "micro_ob_best_ask_size": 3372.9,
    "micro_ob_spread_absolute": 0.010000000000005116,
    "micro_ob_spread_percentage": 0.012275210212981178,
    "micro_ob_bid_ask_size_ratio": 0.977467461235139,
    "micro_ob_orderbook_imbalance_5": 0.16929502618801853,
    "micro_ob_orderbook_imbalance_10": 0.11776972813234642,
    "micro_ob_orderbook_imbalance_20": 0.1598734730509496,
    "micro_ob_orderbook_vwap": 81.46119509289892,
    "micro_ob_buy_impact_0.1": 0.0,
    "micro_ob_sell_impact_0.1": 1.7445193610608893e-14,
    "micro_ob_buy_impact_1.0": 0.0,
    "micro_ob_sell_impact_1.0": 0.0,
    "micro_ob_buy_impact_10.0": 0.0,
    "micro_ob_sell_impact_10.0": 0.0,
    "micro_ob_bid_depth_concentration": 0.5456171256550341,
    "micro_ob_ask_depth_concentration": 0.535151343496786,
    "micro_ob_bid_levels": 15,
    "micro_ob_ask_levels": 15,
    "micro_ob_total_bid_volume": 22422.5,
    "micro_ob_total_ask_volume": 16241.2,
    "micro_ob_total_orderbook_volume": 38663.7,
    "micro_ob_order_flow_imbalance": 0.1598734730509496,
    "micro_ob_depth_imbalance_1": -0.011394644517076974,
    "micro_ob_depth_imbalance_5": 0.16929502618801853,
    "micro_ob_depth_imbalance_10": 0.11776972813234642,
    "micro_ob_depth_imbalance_20": 0.1598734730509496,
    "micro_fr_funding_rate_current": 0.0001,
    "micro_fr_funding_rate_abs": 0.0001,
    "micro_fr_funding_rate_mean": 8.262329999999998e-05,
    "micro_fr_funding_rate_std": 2.032491928913864e-05,
    "micro_fr_funding_rate_min": 4.676e-05,
    "micro_fr_funding_rate_max": 0.0001,
    "micro_fr_funding_rate_skew": -0.48035702123896784,
    "micro_fr_funding_rate_kurtosis": -1.5642833574062576,
    "micro_fr_funding_rate_trend": -9.234190815370753e-21,
    "micro_fr_funding_rate_change": 0.0,
    "micro_fr_funding_rate_change_abs": 0.0,
    "micro_fr_funding_rate_positive": 1.0,
    "micro_fr_funding_rate_negative": 0.0,
    "micro_fr_funding_rate_high": 0.0,
    "micro_fr_funding_rate_extreme": 0.0,
    "micro_fr_hours_to_next_funding": 0.0,
    "micro_fr_funding_imminent": 1.0,
    "micro_vp_volume_current": 358.38,
    "micro_vp_volume_mean": 439.30861999999996,
    "micro_vp_volume_std": 283.9458040655568,
    "micro_vp_volume_max": 2540.928,
    "micro_vp_volume_sum": 43930.861999999994,
    "micro_vp_volume_ratio": 0.8157818528577928,
    "micro_vp_large_volume_trade": 0.0,
    "micro_vp_recent_vwap": 81.44394170958905,
    "micro_vp_price_vwap_deviation_pct": 0.007438601673468345,
    "micro_vp_price_clustering": 2.220446049250313e-16,
    "micro_vp_volume_trend": -2.8630909090909125,
    "micro_of_order_flow_imbalance": 0.1598734730509496,
    "micro_of_trade_flow_buy_pressure": 0.5799367365254748,
    "micro_of_trade_flow_sell_pressure": 0.4200632634745253,
    "micro_of_kyles_lambda_buy": 0.0,
    "micro_of_kyles_lambda_sell": 0.0,
    "micro_of_kyles_lambda_avg": 0.0,
    "micro_of_amihud_illiquidity": 0.055716226703311056,
    "micro_of_spread_dynamics_current": 0.012275210212981178,
    "micro_micro_funding_arbitrage": 0.0,
    "micro_micro_orderbook_pressure": 0.5,
    "micro_micro_liquidity_score": 1.0,
    "micro_micro_volume_spike": 0.0,
    "micro_micro_oi_divergence": 0.0,
    "micro_micro_composite_score": 0.35,
    "fee_maker_rate": 0.0002,
    "fee_taker_rate": 0.0008,
    "fee_round_trip_cost": 0.0016,
    "fee_breakeven_move_pct": 0.16,
    "fee_net_profit_threshold": 0.16,
    "exit_trigger": true,
    "exit_reason": "Trailing stop hit: 81.48 >= 81.46",
    "position_side": "SHORT",
    "entry_price": 81.39,
    "exit_price": 81.48,
    "position_size": 0.2,
    "hold_duration_hours": 0.06353765638888889
  },
  "output_prediction": {
    "signal": "EXIT_SHORT",
    "confidence": 1.0,
    "raw_model_outputs": {
      "action": "exit"
    }
  },
  "regime_info": {
    "regime": "unknown",
    "regime_confidence": 0.0,
    "atr_ratio": 1.0,
    "adx_value": 0.0,
    "is_exhausted": false,
    "is_weakening": false,
    "leverage_tier": "unknown"
  },
  "explanation": "The short position in LTCUSDT is confirmed due to a RSI reading of 70.7, indicating overbought territory; MACD at 0.0541 suggests no further upside momentum; ADX at 54.8 indicates strong trend strength but not extreme; the models show only one model, suggesting high conviction in this trade direction.",
  "symbol": "cmt_ltcusdt",
  "position_size": 0.2,
  "risk_validation": {
    "checks_performed": [
      "Risk check: Close order - bypassing risk checks for position exit",
      "Trading status: Trading allowed within risk limits",
      "Leverage set: 3x"
    ],
    "all_checks_passed": true
  },
  "execution_details": {
    "order_type": "1",
    "side": "CLOSE_SHORT",
    "price": 81.48,
    "leverage": 3,
    "client_oid": "9d764cc2-0883-48ff-8d6f-b3db0f5e72b7",
    "symbol": "cmt_ltcusdt",
    "maker_fee_rate": 0.0002,
    "taker_fee_rate": 0.0008,
    "estimated_entry_fee": 0.039110400000000003,
    "estimated_exit_fee": 0.039110400000000003,
    "total_estimated_fees": 0.07822080000000001
  },
  "log_metadata": {
    "log_version": "2.3",
    "competition": "WEEX_AI_Trading_Hackathon_2025",
    "bot_name": "AlphaStrike",
    "compliance_status": "MANDATORY",
    "deepseek_enabled": true
  },
  "weex_response": {
    "code": "00000",
    "msg": "success",
    "request_time": 1767389621374,
    "data": "upload success",
    "upload_attempted": true,
    "upload_success": true,
    "upload_timestamp": "2026-01-02T21:33:41.300771Z",
    "error_details": null
  }
}