{
  "timestamp": "2026-01-02T19:27:24.026133Z",
  "order_id": "702051173170938797",
  "stage": "Decision Making",
  "model_version": "ollama:qwen2.5:1.5b+ensemble_v1.0",
  "input_features": {
    "tech_returns_1": -0.0016052446553449506,
    "tech_returns_5": -0.1877844004358198,
    "tech_returns_15": -0.051021554199981445,
    "tech_returns_60": -0.2855624491782116,
    "tech_returns_240": 1.4870809031963805,
    "tech_returns_1440": 1.1689274654337576,
    "tech_rsi_14": 48.52818128699978,
    "tech_rsi_7": 37.83216364518055,
    "tech_macd": 1.4250498290834912,
    "tech_macd_signal": 1.996251027682401,
    "tech_macd_hist": -0.5712011985989098,
    "tech_stoch_k": 12.273212379932227,
    "tech_stoch_d": 22.752338323626677,
    "tech_ema_cross_9_21": 1.0,
    "tech_ema_cross_50_200": 1.0,
    "tech_ema_9": 3116.9443711559857,
    "tech_ema_21": 3115.9732313249087,
    "tech_ema_50": 3114.755526117258,
    "tech_price_ema_9_pct": -0.07072218472633003,
    "tech_price_ema_21_pct": -0.039577725267703534,
    "tech_adx": 35.05396302374441,
    "tech_adx_7": 50.38086806724115,
    "tech_adx_10": 38.853186498274205,
    "tech_adx_roc_5": -9.670952472189214,
    "tech_adx_slope_3": -0.5288694101193201,
    "tech_adx_deceleration": 1.430320848634814,
    "tech_plus_di": 12.570159059426764,
    "tech_minus_di": 24.32594276750444,
    "tech_di_crossover": 0.0,
    "tech_atr_14": 2.983703536897556,
    "tech_atr_pct": 0.09579302082670002,
    "tech_atr_14_avg": 3.8506491947640904,
    "tech_bb_upper": 3123.0102355061968,
    "tech_bb_lower": 3110.595764493803,
    "tech_bb_width": 0.3983078498189887,
    "tech_bb_position": 0.33382296370577946,
    "tech_volatility_20": 0.009958691430443844,
    "tech_volume_ratio": 0.0805413720138732,
    "tech_obv": 125450.13199999982,
    "tech_momentum_10": -6.820000000000164,
    "tech_roc_10": -0.218480503338081,
    "tech_high_low_range": 0.029536975798945427,
    "tech_body_ratio": 0.05434782608124257,
    "tech_swing_high_10": 3122.96,
    "tech_swing_low_10": 3113.59,
    "tech_price_vs_swing_high": -0.2632118246791587,
    "tech_price_vs_swing_low": 0.03693485654821721,
    "tech_swing_break_up": 0.0,
    "tech_swing_break_down": 0.0,
    "tech_volume_spike": 0.0,
    "tech_volume_spike_ratio": 0.0805413720138732,
    "micro_ob_best_bid_price": 3115.4,
    "micro_ob_best_ask_price": 3115.41,
    "micro_ob_best_bid_size": 43.627,
    "micro_ob_best_ask_size": 43.79,
    "micro_ob_spread_absolute": 0.009999999999763531,
    "micro_ob_spread_percentage": 0.0003209855540375499,
    "micro_ob_bid_ask_size_ratio": 0.9962776889700846,
    "micro_ob_orderbook_imbalance_5": -0.004151623090778355,
    "micro_ob_orderbook_imbalance_10": 0.004826005120382484,
    "micro_ob_orderbook_imbalance_20": 0.041222246153558025,
    "micro_ob_orderbook_vwap": 3115.4033092181758,
    "micro_ob_buy_impact_0.1": 0.0,
    "micro_ob_sell_impact_0.1": 0.0,
    "micro_ob_buy_impact_1.0": 0.0,
    "micro_ob_sell_impact_1.0": 0.0,
    "micro_ob_buy_impact_10.0": 0.0,
    "micro_ob_sell_impact_10.0": 0.0,
    "micro_ob_bid_depth_concentration": 0.5544298446788801,
    "micro_ob_ask_depth_concentration": 0.607125067148508,
    "micro_ob_bid_levels": 15,
    "micro_ob_ask_levels": 15,
    "micro_ob_total_bid_volume": 222.37800000000001,
    "micro_ob_total_ask_volume": 204.77,
    "micro_ob_total_orderbook_volume": 427.148,
    "micro_ob_order_flow_imbalance": 0.041222246153558025,
    "micro_ob_depth_imbalance_1": -0.0018646258736858586,
    "micro_ob_depth_imbalance_5": -0.004151623090778355,
    "micro_ob_depth_imbalance_10": 0.004826005120382484,
    "micro_ob_depth_imbalance_20": 0.041222246153558025,
    "micro_fr_funding_rate_current": 7.892e-05,
    "micro_fr_funding_rate_abs": 7.892e-05,
    "micro_fr_funding_rate_mean": 9.206660000000002e-05,
    "micro_fr_funding_rate_std": 1.0586770916573195e-05,
    "micro_fr_funding_rate_min": 6.072e-05,
    "micro_fr_funding_rate_max": 0.0001,
    "micro_fr_funding_rate_skew": -0.9955671162061249,
    "micro_fr_funding_rate_kurtosis": -0.175836950018879,
    "micro_fr_funding_rate_trend": 6.969999999999926e-07,
    "micro_fr_funding_rate_change": -1.0999999999999725e-07,
    "micro_fr_funding_rate_change_abs": 1.0999999999999725e-07,
    "micro_fr_funding_rate_positive": 1.0,
    "micro_fr_funding_rate_negative": 0.0,
    "micro_fr_funding_rate_high": 0.0,
    "micro_fr_funding_rate_extreme": 0.0,
    "micro_fr_hours_to_next_funding": 0.0,
    "micro_fr_funding_imminent": 1.0,
    "micro_vp_volume_current": 87.18696,
    "micro_vp_volume_mean": 2735.2780488000008,
    "micro_vp_volume_std": 11457.641913401323,
    "micro_vp_volume_max": 97770.9369,
    "micro_vp_volume_sum": 273527.80488000007,
    "micro_vp_volume_ratio": 0.03187498983448866,
    "micro_vp_large_volume_trade": 0.0,
    "micro_vp_recent_vwap": 3114.4995632223136,
    "micro_vp_price_vwap_deviation_pct": -0.021819339143213854,
    "micro_vp_price_clustering": 0.09568855643102722,
    "micro_vp_volume_trend": -411.91137818181807,
    "micro_of_order_flow_imbalance": 0.041222246153558025,
    "micro_of_trade_flow_buy_pressure": 0.520611123076779,
    "micro_of_trade_flow_sell_pressure": 0.47938887692322096,
    "micro_of_kyles_lambda_buy": 0.0,
    "micro_of_kyles_lambda_sell": 0.0,
    "micro_of_kyles_lambda_avg": 0.0,
    "micro_of_amihud_illiquidity": 0.24682198524496837,
    "micro_of_spread_dynamics_current": 0.0003209855540375499,
    "micro_micro_funding_arbitrage": 0.0,
    "micro_micro_orderbook_pressure": 0.0,
    "micro_micro_liquidity_score": 0.75,
    "micro_micro_volume_spike": 0.0,
    "micro_micro_oi_divergence": 0.0,
    "micro_micro_composite_score": 0.15000000000000002,
    "fee_maker_rate": 0.0002,
    "fee_taker_rate": 0.0008,
    "fee_round_trip_cost": 0.0016,
    "fee_breakeven_move_pct": 0.16,
    "fee_net_profit_threshold": 0.16
  },
  "output_prediction": {
    "signal": "SHORT",
    "confidence": 0.45684070163993484,
    "raw_model_outputs": {
      "xgboost": 0.13970105350017548,
      "lightgbm": 0.08651466672361281,
      "lstm": 0.5052452683448792,
      "random_forest": 0.40864674308899446,
      "weighted_average": 0.2715796491800326
    }
  },
  "regime_info": {
    "regime": "trend_weakening",
    "regime_confidence": 0.6125504228421929,
    "atr_ratio": 0.7748572736656039,
    "adx_value": 35.05396302374441,
    "is_exhausted": false,
    "is_weakening": true,
    "leverage_tier": "normal_volatility"
  },
  "explanation": "The short position in ETHUSDT is based on a combination of RSI at 48.5, MACD at 1.4250, and ADX at 35.1 indicating overbought conditions. The ensemble model predicts an average gain of 0.27%. Given the high RSI suggesting potential oversold market sentiment and the recent positive trend, this short trade aligns with a cautious approach to mitigate risk while potentially benefiting from upcoming price corrections.",
  "symbol": "cmt_ethusdt",
  "position_size": 0.005,
  "risk_validation": {
    "checks_performed": [
      "Wash trading check: No current position - any direction allowed",
      "Risk check: Order passes all risk checks (leverage: 4x, risk: 7.20%)",
      "Trading status: Trading allowed within risk limits",
      "Leverage set: 4x"
    ],
    "all_checks_passed": true
  },
  "execution_details": {
    "order_type": "1",
    "side": "OPEN_SHORT",
    "price": 3114.74,
    "leverage": 4,
    "client_oid": "8bd59e11-06d6-4ec0-adc1-3232bd6091b5",
    "symbol": "cmt_ethusdt",
    "maker_fee_rate": 0.0002,
    "taker_fee_rate": 0.0008,
    "estimated_entry_fee": 0.04983584,
    "estimated_exit_fee": 0.04983584,
    "total_estimated_fees": 0.09967168
  },
  "log_metadata": {
    "log_version": "2.3",
    "competition": "WEEX_AI_Trading_Hackathon_2025",
    "bot_name": "AlphaStrike",
    "compliance_status": "MANDATORY",
    "deepseek_enabled": true
  },
  "weex_response": {
    "code": "00000",
    "msg": "success",
    "request_time": 1767382044094,