{
  "timestamp": "2026-01-02T07:50:22.754864Z",
  "order_id": "701875762457740205",
  "stage": "Decision Making",
  "model_version": "ollama:qwen2.5:1.5b+ensemble_v1.0",
  "input_features": {
    "tech_returns_1": 0.023618327822383378,
    "tech_returns_5": 0.10242672549636289,
    "tech_returns_15": 0.05512679162071876,
    "tech_returns_60": -0.27472527472528485,
    "tech_returns_240": 1.607485604606529,
    "tech_returns_1440": 1.4613111874151548,
    "tech_rsi_14": 48.776710187841374,
    "tech_rsi_7": 66.15145235781699,
    "tech_macd": -0.05921274051597436,
    "tech_macd_signal": -0.08682442974905906,
    "tech_macd_hist": 0.0276116892330847,
    "tech_stoch_k": 94.99999999999751,
    "tech_stoch_d": 86.05263157894757,
    "tech_ema_cross_9_21": -1.0,
    "tech_ema_cross_50_200": 1.0,
    "tech_ema_9": 126.99627019605069,
    "tech_ema_21": 127.030483514094,
    "tech_ema_50": 127.14812160647817,
    "tech_price_ema_9_pct": 0.04230817477266381,
    "tech_price_ema_21_pct": 0.01536362404212246,
    "tech_adx": 31.977905836221062,
    "tech_adx_7": 46.974059592364114,
    "tech_adx_10": 38.35920589034375,
    "tech_adx_roc_5": -17.895614862258164,
    "tech_adx_slope_3": -2.1711661036960592,
    "tech_adx_deceleration": 1.7183584476914717,
    "tech_plus_di": 38.47077176827822,
    "tech_minus_di": 23.70532384575471,
    "tech_di_crossover": 0.0,
    "tech_atr_14": 0.05315854853868007,
    "tech_atr_pct": 0.041840652135915056,
    "tech_atr_14_avg": 0.07260824628562393,
    "tech_bb_upper": 127.0949318187363,
    "tech_bb_lower": 126.8510681812637,
    "tech_bb_width": 0.1920594437184285,
    "tech_bb_position": 0.8157502315557384,
    "tech_volatility_20": 0.006515465642045551,
    "tech_volume_ratio": 0.9318896067081492,
    "tech_obv": 12844.499999999985,
    "tech_momentum_10": 0.09000000000000341,
    "tech_roc_10": 0.07088846880907163,
    "tech_high_low_range": 0.039354584809128026,
    "tech_body_ratio": 0.5999999988000568,
    "tech_swing_high_10": 127.06,
    "tech_swing_low_10": 126.86,
    "tech_price_vs_swing_high": -0.007870297497249422,
    "tech_price_vs_swing_low": 0.14977140154500845,
    "tech_swing_break_up": 0.0,
    "tech_swing_break_down": 0.0,
    "tech_volume_spike": 0.0,
    "tech_volume_spike_ratio": 0.9318896067081492,
    "micro_ob_best_bid_price": 127.05,
    "micro_ob_best_ask_price": 127.06,
    "micro_ob_best_bid_size": 2561.6,
    "micro_ob_best_ask_size": 2944.1,
    "micro_ob_spread_absolute": 0.010000000000005116,
    "micro_ob_spread_percentage": 0.007870607217350846,
    "micro_ob_bid_ask_size_ratio": 0.8700791413335145,
    "micro_ob_orderbook_imbalance_5": 0.04425991945968702,
    "micro_ob_orderbook_imbalance_10": 0.29371324519923075,
    "micro_ob_orderbook_imbalance_20": 0.4108974830512679,
    "micro_ob_orderbook_vwap": 127.02225568799413,
    "micro_ob_buy_impact_0.1": 0.0,
    "micro_ob_sell_impact_0.1": 0.0,
    "micro_ob_buy_impact_1.0": 0.0,
    "micro_ob_sell_impact_1.0": 0.0,
    "micro_ob_buy_impact_10.0": -1.1184365429877226e-14,
    "micro_ob_sell_impact_10.0": 0.0,
    "micro_ob_bid_depth_concentration": 0.33988238860260683,
    "micro_ob_ask_depth_concentration": 0.7450139968173212,
    "micro_ob_bid_levels": 15,
    "micro_ob_ask_levels": 15,
    "micro_ob_total_bid_volume": 41237.5,
    "micro_ob_total_ask_volume": 17218.2,
    "micro_ob_total_orderbook_volume": 58455.7,
    "micro_ob_order_flow_imbalance": 0.4108974830512679,
    "micro_ob_depth_imbalance_1": -0.06947345478322466,
    "micro_ob_depth_imbalance_5": 0.04425991945968702,
    "micro_ob_depth_imbalance_10": 0.29371324519923075,
    "micro_ob_depth_imbalance_20": 0.4108974830512679,
    "micro_fr_funding_rate_current": 0.0001,
    "micro_fr_funding_rate_abs": 0.0001,
    "micro_fr_funding_rate_mean": 9.999999999999998e-05,
    "micro_fr_funding_rate_std": 2.710505431213761e-20,
    "micro_fr_funding_rate_min": 0.0001,
    "micro_fr_funding_rate_max": 0.0001,
    "micro_fr_funding_rate_skew": 1.0,
    "micro_fr_funding_rate_kurtosis": -2.0,
    "micro_fr_funding_rate_trend": -9.234190815370753e-21,
    "micro_fr_funding_rate_change": 0.0,
    "micro_fr_funding_rate_change_abs": 0.0,
    "micro_fr_funding_rate_positive": 1.0,
    "micro_fr_funding_rate_negative": 0.0,
    "micro_fr_funding_rate_high": 0.0,
    "micro_fr_funding_rate_extreme": 0.0,
    "micro_fr_hours_to_next_funding": 0.0,
    "micro_fr_funding_imminent": 1.0,
    "micro_vp_volume_current": 215.951,
    "micro_vp_volume_mean": 1110.1440100000002,
    "micro_vp_volume_std": 2695.125834722136,
    "micro_vp_volume_max": 19400.535,
    "micro_vp_volume_sum": 111014.40100000001,
    "micro_vp_volume_ratio": 0.1945252129946636,
    "micro_vp_large_volume_trade": 0.0,
    "micro_vp_recent_vwap": 127.04783864599692,
    "micro_vp_price_vwap_deviation_pct": -0.014040888996642213,
    "micro_vp_price_clustering": 0.0,
    "micro_vp_volume_trend": -6.69794545454547,
    "micro_of_order_flow_imbalance": 0.4108974830512679,
    "micro_of_trade_flow_buy_pressure": 0.705448741525634,
    "micro_of_trade_flow_sell_pressure": 0.2945512584743661,
    "micro_of_kyles_lambda_buy": -1.1184365429877226e-15,
    "micro_of_kyles_lambda_sell": 0.0,
    "micro_of_kyles_lambda_avg": -5.592182714938613e-16,
    "micro_of_amihud_illiquidity": 0.02228901371558093,
    "micro_of_spread_dynamics_current": 0.007870607217350846,
    "micro_micro_funding_arbitrage": 0.0,
    "micro_micro_orderbook_pressure": 0.5,
    "micro_micro_liquidity_score": 1.0,
    "micro_micro_volume_spike": 0.0,
    "micro_micro_oi_divergence": 0.0,
    "micro_micro_composite_score": 0.35,
    "fee_maker_rate": 0.0002,
    "fee_taker_rate": 0.0008,
    "fee_round_trip_cost": 0.0016,
    "fee_breakeven_move_pct": 0.16,
    "fee_net_profit_threshold": 0.16
  },
  "output_prediction": {
    "signal": "SHORT",
    "confidence": 0.6777597550258331,
    "raw_model_outputs": {
      "xgboost": 0.0748085230588913,
      "lightgbm": 0.04424390224902995,
      "lstm": 0.17298130691051483,
      "random_forest": 0.42185631639764937,
      "weighted_average": 0.16112012248708346
    }
  },
  "regime_info": {
    "regime": "trend_weakening",
    "regime_confidence": 0.5811746395294548,
    "atr_ratio": 0.7321282534433723,
    "adx_value": 31.977905836221062,
    "is_exhausted": false,
    "is_weakening": true,
    "leverage_tier": "normal_volatility"
  },
  "explanation": "The short position in SOLUSDT is justified by a RSI of 48.8, indicating overbought conditions; MACD at -0.0592 suggests momentum weakness; ADX at 32.0 shows moderate strength; and ensemble model averaging predicts a slight positive trend (0.16). These factors suggest an oversold market opportunity for shorting.",
  "symbol": "cmt_solusdt",
  "position_size": 0.1,
  "risk_validation": {
    "checks_performed": [
      "Wash trading check: Same direction - allowed",
      "Risk check: Order passes all risk checks (leverage: 4x, risk: 6.46%)",
      "Trading status: Trading allowed within risk limits",
      "Leverage set: 4x"
    ],
    "all_checks_passed": true
  },
  "execution_details": {
    "order_type": "1",
    "side": "OPEN_SHORT",
    "price": 127.05,
    "leverage": 4,
    "client_oid": "f6fbf3a6-c1c7-4232-9da4-a479a78ed623",
    "symbol": "cmt_solusdt",
    "maker_fee_rate": 0.0002,
    "taker_fee_rate": 0.0008,
    "estimated_entry_fee": 0.040656000000000005,
    "estimated_exit_fee": 0.040656000000000005,
    "total_estimated_fees": 0.08131200000000001
  },
  "log_metadata": {
    "log_version": "2.3",
    "competition": "WEEX_AI_Trading_Hackathon_2025",
    "bot_name": "AlphaStrike",
    "compliance_status": "MANDATORY",
    "deepseek_enabled": true
  },
  "weex_response": {
    "code": "00000",
    "msg": "success",
    "request_time": 1767340222828,
    "data": "upload success",
    "upload_attempted": true,
    "upload_success": true,
    "upload_timestamp": "2026-01-02T07:50:22.754968Z",
    "error_details": null
  }
}