{
  "timestamp": "2026-01-02T22:33:25.261966Z",
  "order_id": "702097985713996717",
  "stage": "Decision Making",
  "model_version": "ollama:qwen2.5:1.5b+ensemble_v1.0",
  "input_features": {
    "tech_returns_1": 0.0011311577399419903,
    "tech_returns_5": 0.04639846092908684,
    "tech_returns_15": -0.03392283685377251,
    "tech_returns_60": 0.3177268910423692,
    "tech_returns_240": -0.10960080449250453,
    "tech_returns_1440": 0.15519497816847133,
    "tech_rsi_14": 53.68121505436935,
    "tech_rsi_7": 54.89198950475892,
    "tech_macd": 0.09250244082988957,
    "tech_macd_signal": 0.17223402478025093,
    "tech_macd_hist": -0.07973158395036137,
    "tech_stoch_k": 28.729281767953857,
    "tech_stoch_d": 21.362799263350468,
    "tech_ema_cross_9_21": 1.0,
    "tech_ema_cross_50_200": 1.0,
    "tech_ema_9": 883.9206661692994,
    "tech_ema_21": 883.910334735689,
    "tech_ema_50": 883.3624418743468,
    "tech_price_ema_9_pct": 0.01576316020581721,
    "tech_price_ema_21_pct": 0.016932177216329405,
    "tech_adx": 19.19339494771997,
    "tech_adx_7": 35.27308399034884,
    "tech_adx_10": 22.090102337137726,
    "tech_adx_roc_5": -4.352246476610823,
    "tech_adx_slope_3": 0.6524759010744514,
    "tech_adx_deceleration": 1.0750613829862026,
    "tech_plus_di": 35.94612847456382,
    "tech_minus_di": 22.28645863128535,
    "tech_di_crossover": 0.0,
    "tech_atr_14": 0.2522458469592349,
    "tech_atr_pct": 0.028532661466329767,
    "tech_atr_14_avg": 0.4476562958385403,
    "tech_bb_upper": 884.9608700294233,
    "tech_bb_lower": 883.1391299705766,
    "tech_bb_width": 0.20606753677356163,
    "tech_bb_position": 0.5054892573457059,
    "tech_volatility_20": 0.006139155946168999,
    "tech_volume_ratio": 0.28345381068928227,
    "tech_obv": 19169.79999999999,
    "tech_momentum_10": -0.21000000000003638,
    "tech_roc_10": -0.02374840263720257,
    "tech_high_low_range": 0.0011311449449122124,
    "tech_body_ratio": 0.9999999900000002,
    "tech_swing_high_10": 884.27,
    "tech_swing_low_10": 883.54,
    "tech_price_vs_swing_high": -0.02374840263720768,
    "tech_price_vs_swing_low": 0.05885415487697013,
    "tech_swing_break_up": 0.0,
    "tech_swing_break_down": 0.0,
    "tech_volume_spike": 0.0,
    "tech_volume_spike_ratio": 0.28345381068928227,
    "micro_ob_best_bid_price": 884.05,
    "micro_ob_best_ask_price": 884.06,
    "micro_ob_best_bid_size": 147.2,
    "micro_ob_best_ask_size": 150.6,
    "micro_ob_spread_absolute": 0.009999999999990905,
    "micro_ob_spread_percentage": 0.001131151342392827,
    "micro_ob_bid_ask_size_ratio": 0.9774236387782204,
    "micro_ob_orderbook_imbalance_5": 0.38215223097112866,
    "micro_ob_orderbook_imbalance_10": 0.29509676125538953,
    "micro_ob_orderbook_imbalance_20": 0.4098065136401875,
    "micro_ob_orderbook_vwap": 884.0497072094653,
    "micro_ob_buy_impact_0.1": 1.2859629179197797e-14,
    "micro_ob_sell_impact_0.1": 0.0,
    "micro_ob_buy_impact_1.0": 0.0,
    "micro_ob_sell_impact_1.0": 0.0,
    "micro_ob_buy_impact_10.0": -1.2859629179197797e-14,
    "micro_ob_sell_impact_10.0": 0.0,
    "micro_ob_bid_depth_concentration": 0.4488960872900862,
    "micro_ob_ask_depth_concentration": 0.47933211158623495,
    "micro_ob_bid_levels": 15,
    "micro_ob_ask_levels": 15,
    "micro_ob_total_bid_volume": 1173.1,
    "micro_ob_total_ask_volume": 491.09999999999997,
    "micro_ob_total_orderbook_volume": 1664.1999999999998,
    "micro_ob_order_flow_imbalance": 0.4098065136401875,
    "micro_ob_depth_imbalance_1": -0.011417058428475508,
    "micro_ob_depth_imbalance_5": 0.38215223097112866,
    "micro_ob_depth_imbalance_10": 0.29509676125538953,
    "micro_ob_depth_imbalance_20": 0.4098065136401875,
    "micro_fr_funding_rate_current": 0.00013942,
    "micro_fr_funding_rate_abs": 0.00013942,
    "micro_fr_funding_rate_mean": 0.0001264366,
    "micro_fr_funding_rate_std": 5.608554418421916e-05,
    "micro_fr_funding_rate_min": 3.27e-06,
    "micro_fr_funding_rate_max": 0.00018508,
    "micro_fr_funding_rate_skew": -0.6284608044395185,
    "micro_fr_funding_rate_kurtosis": -1.072162235594865,
    "micro_fr_funding_rate_trend": -1.8760000000000287e-06,
    "micro_fr_funding_rate_change": -2.850000000000015e-06,
    "micro_fr_funding_rate_change_abs": 2.850000000000015e-06,
    "micro_fr_funding_rate_positive": 1.0,
    "micro_fr_funding_rate_negative": 0.0,
    "micro_fr_funding_rate_high": 0.0,
    "micro_fr_funding_rate_extreme": 0.0,
    "micro_fr_hours_to_next_funding": 0.0,
    "micro_fr_funding_imminent": 1.0,
    "micro_vp_volume_current": 795.303,
    "micro_vp_volume_mean": 742.47352,
    "micro_vp_volume_std": 1747.0327474530552,
    "micro_vp_volume_max": 14852.04,
    "micro_vp_volume_sum": 74247.352,
    "micro_vp_volume_ratio": 1.0711533523781427,
    "micro_vp_large_volume_trade": 0.0,
    "micro_vp_recent_vwap": 883.8970789191244,
    "micro_vp_price_vwap_deviation_pct": -0.02569065160868294,
    "micro_vp_price_clustering": 0.0,
    "micro_vp_volume_trend": 13.924496969696945,
    "micro_of_order_flow_imbalance": 0.4098065136401875,
    "micro_of_trade_flow_buy_pressure": 0.7049032568200938,
    "micro_of_trade_flow_sell_pressure": 0.29509674317990625,
    "micro_of_kyles_lambda_buy": -1.2859629179197797e-15,
    "micro_of_kyles_lambda_sell": 0.0,
    "micro_of_kyles_lambda_avg": -6.429814589598898e-16,
    "micro_of_amihud_illiquidity": 0.017780473299383957,
    "micro_of_spread_dynamics_current": 0.001131151342392827,
    "micro_micro_funding_arbitrage": 0.0,
    "micro_micro_orderbook_pressure": 1.0,
    "micro_micro_liquidity_score": 1.0,
    "micro_micro_volume_spike": 0.0,
    "micro_micro_oi_divergence": 0.0,
    "micro_micro_composite_score": 0.5,
    "fee_maker_rate": 0.0002,
    "fee_taker_rate": 0.0008,
    "fee_round_trip_cost": 0.0016,
    "fee_breakeven_move_pct": 0.16,
    "fee_net_profit_threshold": 0.16
  },
  "output_prediction": {
    "signal": "SHORT",
    "confidence": 0.6786094678602324,
    "raw_model_outputs": {
      "xgboost": 0.07599589228630066,
      "lightgbm": 0.07386780024219176,
      "lstm": 0.3341684937477112,
      "random_forest": 0.17943711698200887,
      "weighted_average": 0.16069526606988382
    }
  },
  "regime_info": {
    "regime": "ranging",
    "regime_confidence": 0.5403302526140015,
    "atr_ratio": 0.5634810663987945,
    "adx_value": 19.19339494771997,
    "is_exhausted": false,
    "is_weakening": false,
    "leverage_tier": "normal_volatility"
  },
  "explanation": "BNBUSDT SHORT due to oversold RSI at 53.7, bullish MACD crossing above zero, low ADX suggesting indecision, ensemble model averaging predicts a small positive move (0.16).",
  "symbol": "cmt_bnbusdt",
  "position_size": 0.1,
  "risk_validation": {
    "checks_performed": [
      "Wash trading check: Same direction - allowed",
      "Risk check: Order passes all risk checks (leverage: 3x, risk: 7.06%)",
      "Trading status: Trading allowed within risk limits",
      "Leverage set: 3x"
    ],
    "all_checks_passed": true
  },
  "execution_details": {
    "order_type": "1",
    "side": "OPEN_SHORT",
    "price": 884.06,
    "leverage": 3,
    "client_oid": "a0f1efd8-a759-4db9-b00b-9d2acdadd35a",
    "symbol": "cmt_bnbusdt",
    "maker_fee_rate": 0.0002,
    "taker_fee_rate": 0.0008,
    "estimated_entry_fee": 0.2121744,
    "estimated_exit_fee": 0.2121744,
    "total_estimated_fees": 0.4243488
  },
  "log_metadata": {
    "log_version": "2.3",
    "competition": "WEEX_AI_Trading_Hackathon_2025",
    "bot_name": "AlphaStrike",
    "compliance_status": "MANDATORY",
    "deepseek_enabled": true
  },
  "weex_response": {
    "code": "00000",
    "msg": "success",
    "request_time": 1767393205422,
    "data": "upload success",
    "upload_attempted": true,
    "upload_success": true,
    "upload_timestamp": "2026-01-02T22:33:25.262170Z",
    "error_details": null
  }
}