{
  "timestamp": "2026-01-02T11:55:38.208492Z",
  "order_id": "701937484094768045",
  "stage": "Decision Making",
  "model_version": "ollama:qwen2.5:1.5b+exit_manager_v1",
  "input_features": {
    "tech_returns_1": 0.026470432526859433,
    "tech_returns_5": 0.02117522498676916,
    "tech_returns_15": -0.04761149023965183,
    "tech_returns_60": -0.4216295983978102,
    "tech_returns_240": 0.9564520438151147,
    "tech_returns_1440": 1.8601876457508537,
    "tech_rsi_14": 48.388417304539246,
    "tech_rsi_7": 55.262404906992025,
    "tech_macd": -0.0007097239782887232,
    "tech_macd_signal": -0.0008638559324346556,
    "tech_macd_hist": 0.00015413195414593235,
    "tech_stoch_k": 85.29411764705978,
    "tech_stoch_d": 61.76470588235325,
    "tech_ema_cross_9_21": -1.0,
    "tech_ema_cross_50_200": 1.0,
    "tech_ema_9": 1.8888491854833054,
    "tech_ema_21": 1.8893545726384768,
    "tech_ema_50": 1.8909950760996186,
    "tech_price_ema_9_pct": 0.029161381487090406,
    "tech_price_ema_21_pct": 0.0024043851895778562,
    "tech_adx": 37.53399820115967,
    "tech_adx_7": 29.129418626443076,
    "tech_adx_10": 31.45178046021446,
    "tech_adx_roc_5": -5.517532337999235,
    "tech_adx_slope_3": -3.384678172709531,
    "tech_adx_deceleration": -1.937797882118879,
    "tech_plus_di": 21.801874749536985,
    "tech_minus_di": 28.03377063445068,
    "tech_di_crossover": 0.0,
    "tech_atr_14": 0.0009916544150680448,
    "tech_atr_pct": 0.05248514952196702,
    "tech_atr_14_avg": 0.0011804308267591539,
    "tech_bb_upper": 1.8912784921855397,
    "tech_bb_lower": 1.8871515078144605,
    "tech_bb_width": 0.21844969318363275,
    "tech_bb_position": 0.5448269204255561,
    "tech_volatility_20": 0.008611557732046395,
    "tech_volume_ratio": 0.846966513656414,
    "tech_obv": 1353170.0,
    "tech_momentum_10": -0.00039999999999995595,
    "tech_roc_10": -0.021166260979998963,
    "tech_high_low_range": 0.026463427543132474,
    "tech_body_ratio": 0.99999980000004,
    "tech_swing_high_10": 1.8899,
    "tech_swing_low_10": 1.8871,
    "tech_price_vs_swing_high": -0.026456426265937083,
    "tech_price_vs_swing_low": 0.12188013353823161,
    "tech_swing_break_up": 0.0,
    "tech_swing_break_down": 0.0,
    "tech_volume_spike": 0.0,
    "tech_volume_spike_ratio": 0.846966513656414,
    "micro_ob_best_bid_price": 1.8892,
    "micro_ob_best_ask_price": 1.8893,
    "micro_ob_best_bid_size": 65570.0,
    "micro_ob_best_ask_size": 56120.0,
    "micro_ob_spread_absolute": 9.999999999998899e-05,
    "micro_ob_spread_percentage": 0.005293105729786369,
    "micro_ob_bid_ask_size_ratio": 1.1683891660727013,
    "micro_ob_orderbook_imbalance_5": 0.09296285754945212,
    "micro_ob_orderbook_imbalance_10": 0.20621858126978215,
    "micro_ob_orderbook_imbalance_20": 0.22499355120344464,
    "micro_ob_orderbook_vwap": 1.8890625507354308,
    "micro_ob_buy_impact_0.1": 0.0,
    "micro_ob_sell_impact_0.1": 0.0,
    "micro_ob_buy_impact_1.0": 0.0,
    "micro_ob_sell_impact_1.0": 0.0,
    "micro_ob_buy_impact_10.0": 0.0,
    "micro_ob_sell_impact_10.0": 0.0,
    "micro_ob_bid_depth_concentration": 0.33174592890155935,
    "micro_ob_ask_depth_concentration": 0.43516479765135613,
    "micro_ob_bid_levels": 15,
    "micro_ob_ask_levels": 15,
    "micro_ob_total_bid_volume": 926040.0,
    "micro_ob_total_ask_volume": 585870.0,
    "micro_ob_total_orderbook_volume": 1511910.0,
    "micro_ob_order_flow_imbalance": 0.22499355120344464,
    "micro_ob_depth_imbalance_1": 0.077656339880023,
    "micro_ob_depth_imbalance_5": 0.09296285754945212,
    "micro_ob_depth_imbalance_10": 0.20621858126978215,
    "micro_ob_depth_imbalance_20": 0.22499355120344464,
    "micro_fr_funding_rate_current": 0.0001,
    "micro_fr_funding_rate_abs": 0.0001,
    "micro_fr_funding_rate_mean": 9.999999999999998e-05,
    "micro_fr_funding_rate_std": 2.710505431213761e-20,
    "micro_fr_funding_rate_min": 0.0001,
    "micro_fr_funding_rate_max": 0.0001,
    "micro_fr_funding_rate_skew": 1.0,
    "micro_fr_funding_rate_kurtosis": -2.0,
    "micro_fr_funding_rate_trend": -9.234190815370753e-21,
    "micro_fr_funding_rate_change": 0.0,
    "micro_fr_funding_rate_change_abs": 0.0,
    "micro_fr_funding_rate_positive": 1.0,
    "micro_fr_funding_rate_negative": 0.0,
    "micro_fr_funding_rate_high": 0.0,
    "micro_fr_funding_rate_extreme": 0.0,
    "micro_fr_hours_to_next_funding": 0.0,
    "micro_fr_funding_imminent": 1.0,
    "micro_vp_volume_current": 188.92,
    "micro_vp_volume_mean": 262.8074,
    "micro_vp_volume_std": 300.19435887061564,
    "micro_vp_volume_max": 2928.57,
    "micro_vp_volume_sum": 26280.739999999998,
    "micro_vp_volume_ratio": 0.718853426501689,
    "micro_vp_large_volume_trade": 0.0,
    "micro_vp_recent_vwap": 1.8893414831774142,
    "micro_vp_price_vwap_deviation_pct": -0.007488491555073855,
    "micro_vp_price_clustering": 0.9365858115816939,
    "micro_vp_volume_trend": -158.36621818181823,
    "micro_of_order_flow_imbalance": 0.22499355120344464,
    "micro_of_trade_flow_buy_pressure": 0.6124967756017223,
    "micro_of_trade_flow_sell_pressure": 0.38750322439827767,
    "micro_of_kyles_lambda_buy": 0.0,
    "micro_of_kyles_lambda_sell": 0.0,
    "micro_of_kyles_lambda_avg": 0.0,
    "micro_of_amihud_illiquidity": 0.023907845486216002,
    "micro_of_spread_dynamics_current": 0.005293105729786369,
    "micro_micro_funding_arbitrage": 0.0,
    "micro_micro_orderbook_pressure": 0.5,
    "micro_micro_liquidity_score": 1.0,
    "micro_micro_volume_spike": 0.0,
    "micro_micro_oi_divergence": 0.0,
    "micro_micro_composite_score": 0.35,
    "fee_maker_rate": 0.0002,
    "fee_taker_rate": 0.0008,
    "fee_round_trip_cost": 0.0016,
    "fee_breakeven_move_pct": 0.16,
    "fee_net_profit_threshold": 0.16,
    "exit_trigger": true,
    "exit_reason": "Trailing stop hit: 1.89 >= 1.89",
    "position_side": "SHORT",
    "entry_price": 1.8882,
    "exit_price": 1.8906,
    "position_size": 10.0,
    "hold_duration_hours": 0.05012547388888889
  },
  "output_prediction": {
    "signal": "EXIT_SHORT",
    "confidence": 1.0,
    "raw_model_outputs": {
      "action": "exit"
    }
  },
  "regime_info": {
    "regime": "unknown",
    "regime_confidence": 0.0,
    "atr_ratio": 1.0,
    "adx_value": 0.0,
    "is_exhausted": false,
    "is_weakening": false,
    "leverage_tier": "unknown"
  },
  "explanation": "The RSI is at 48.4, indicating a bullish trend but nearing overbought levels; MACD shows slight negative divergence suggesting potential sell opportunity; ADX suggests market strength but not extreme. The short position (100% confidence) aligns with these indicators for profit-taking.",
  "symbol": "cmt_xrpusdt",
  "position_size": 10.0,
  "risk_validation": {
    "checks_performed": [
      "Risk check: Close order - bypassing risk checks for position exit",
      "Trading status: Trading allowed within risk limits",
      "Leverage set: 2x"
    ],
    "all_checks_passed": true
  },
  "execution_details": {
    "order_type": "1",
    "side": "CLOSE_SHORT",
    "price": 1.8906,
    "leverage": 2,
    "client_oid": "8555d969-bc54-4ecf-931d-b6c20d663b3f",
    "symbol": "cmt_xrpusdt",
    "maker_fee_rate": 0.0002,
    "taker_fee_rate": 0.0008,
    "estimated_entry_fee": 0.030249599999999998,
    "estimated_exit_fee": 0.030249599999999998,
    "total_estimated_fees": 0.060499199999999996
  },
  "log_metadata": {
    "log_version": "2.3",
    "competition": "WEEX_AI_Trading_Hackathon_2025",
    "bot_name": "AlphaStrike",
    "compliance_status": "MANDATORY",
    "deepseek_enabled": true
  },
  "weex_response": {
    "code": "00000",
    "msg": "success",
    "request_time": 1767354938356,
    "data": "upload success",
    "upload_attempted": true,
    "upload_success": true,
    "upload_timestamp": "2026-01-02T11:55:38.208575Z",
    "error_details": null
  }
}