{
  "timestamp": "2026-01-02T13:29:51.722814Z",
  "order_id": "701961190401639341",
  "stage": "Decision Making",
  "model_version": "ollama:qwen2.5:1.5b+ensemble_v1.0",
  "input_features": {
    "tech_returns_1": 0.007576331540271042,
    "tech_returns_5": 0.08340283569641116,
    "tech_returns_15": 0.4489764858077727,
    "tech_returns_60": 2.009273570324588,
    "tech_returns_240": 2.4765157984628416,
    "tech_returns_1440": 7.976702962775385,
    "tech_rsi_14": 68.21303830645783,
    "tech_rsi_7": 63.37409289098684,
    "tech_macd": 0.0003481629651946594,
    "tech_macd_signal": 0.0004046352639516118,
    "tech_macd_hist": -5.64722987569524e-05,
    "tech_stoch_k": 50.00000000000161,
    "tech_stoch_d": 53.85990874337282,
    "tech_ema_cross_9_21": 1.0,
    "tech_ema_cross_50_200": 1.0,
    "tech_ema_9": 0.13193779241817288,
    "tech_ema_21": 0.1316713741608013,
    "tech_ema_50": 0.13111210496230707,
    "tech_price_ema_9_pct": 0.04714917590098655,
    "tech_price_ema_21_pct": 0.2495803216858519,
    "tech_adx": 59.48378826892561,
    "tech_adx_7": 46.24068237940553,
    "tech_adx_10": 53.75626877053068,
    "tech_adx_roc_5": -10.050241683278145,
    "tech_adx_slope_3": -1.0093005350467372,
    "tech_adx_deceleration": 0.7521518129318991,
    "tech_plus_di": 41.795707470528455,
    "tech_minus_di": 11.78917558275338,
    "tech_di_crossover": 0.0,
    "tech_atr_14": 0.0001759464122020944,
    "tech_atr_pct": 0.13329273651673818,
    "tech_atr_14_avg": 0.0002364067605245617,
    "tech_bb_upper": 0.1323150981937616,
    "tech_bb_lower": 0.1312489018062384,
    "tech_bb_width": 0.8090607120268317,
    "tech_bb_position": 0.7044651459628515,
    "tech_volatility_20": 0.014844482612871484,
    "tech_volume_ratio": 0.37244474445164055,
    "tech_obv": 189686200.0,
    "tech_momentum_10": 0.00015000000000001124,
    "tech_roc_10": 0.11376564277589818,
    "tech_high_low_range": 0.06818181818182328,
    "tech_body_ratio": 0.11111098765456097,
    "tech_swing_high_10": 0.13243,
    "tech_swing_low_10": 0.13177,
    "tech_price_vs_swing_high": -0.32469984142564823,
    "tech_price_vs_swing_low": 0.1745465583972133,
    "tech_swing_break_up": 0.0,
    "tech_swing_break_down": 0.0,
    "tech_volume_spike": 0.0,
    "tech_volume_spike_ratio": 0.37244474445164055,
    "micro_ob_best_bid_price": 0.13198,
    "micro_ob_best_ask_price": 0.13199,
    "micro_ob_best_bid_size": 1967200.0,
    "micro_ob_best_ask_size": 2582900.0,
    "micro_ob_spread_absolute": 1.0000000000010001e-05,
    "micro_ob_spread_percentage": 0.007576618555146419,
    "micro_ob_bid_ask_size_ratio": 0.7616245305664175,
    "micro_ob_orderbook_imbalance_5": -0.11950805839888862,
    "micro_ob_orderbook_imbalance_10": 0.03874783085213261,
    "micro_ob_orderbook_imbalance_20": 0.05239983911908075,
    "micro_ob_orderbook_vwap": 0.13197682219837428,
    "micro_ob_buy_impact_0.1": 0.0,
    "micro_ob_sell_impact_0.1": 0.0,
    "micro_ob_buy_impact_1.0": 0.0,
    "micro_ob_sell_impact_1.0": 0.0,
    "micro_ob_buy_impact_10.0": 0.0,
    "micro_ob_sell_impact_10.0": 0.0,
    "micro_ob_bid_depth_concentration": 0.37782060753234786,
    "micro_ob_ask_depth_concentration": 0.5335106923092545,
    "micro_ob_bid_levels": 15,
    "micro_ob_ask_levels": 15,
    "micro_ob_total_bid_volume": 27343400.0,
    "micro_ob_total_ask_volume": 24620500.0,
    "micro_ob_total_orderbook_volume": 51963900.0,
    "micro_ob_order_flow_imbalance": 0.05239983911908075,
    "micro_ob_depth_imbalance_1": -0.13531570734709128,
    "micro_ob_depth_imbalance_5": -0.11950805839888862,
    "micro_ob_depth_imbalance_10": 0.03874783085213261,
    "micro_ob_depth_imbalance_20": 0.05239983911908075,
    "micro_fr_funding_rate_current": 0.0001,
    "micro_fr_funding_rate_abs": 0.0001,
    "micro_fr_funding_rate_mean": 0.0001,
    "micro_fr_funding_rate_std": 0.0,
    "micro_fr_funding_rate_min": 0.0001,
    "micro_fr_funding_rate_max": 0.0001,
    "micro_fr_funding_rate_skew": 0.0,
    "micro_fr_funding_rate_kurtosis": 0.0,
    "micro_fr_funding_rate_trend": -9.234190815370753e-21,
    "micro_fr_funding_rate_change": 0.0,
    "micro_fr_funding_rate_change_abs": 0.0,
    "micro_fr_funding_rate_positive": 1.0,
    "micro_fr_funding_rate_negative": 0.0,
    "micro_fr_funding_rate_high": 0.0,
    "micro_fr_funding_rate_extreme": 0.0,
    "micro_fr_hours_to_next_funding": 0.0,
    "micro_fr_funding_imminent": 1.0,
    "micro_vp_volume_current": 39.615,
    "micro_vp_volume_mean": 172.26961000000003,
    "micro_vp_volume_std": 294.130352156723,
    "micro_vp_volume_max": 2204.901,
    "micro_vp_volume_sum": 17226.961000000003,
    "micro_vp_volume_ratio": 0.22995930622934593,
    "micro_vp_large_volume_trade": 0.0,
    "micro_vp_recent_vwap": 0.1320073658743408,
    "micro_vp_price_vwap_deviation_pct": 0.032296777817515866,
    "micro_vp_price_clustering": 0.5209874907926049,
    "micro_vp_volume_trend": -91.14001818181812,
    "micro_of_order_flow_imbalance": 0.05239983911908075,
    "micro_of_trade_flow_buy_pressure": 0.5261999195595404,
    "micro_of_trade_flow_sell_pressure": 0.4738000804404596,
    "micro_of_kyles_lambda_buy": 0.0,
    "micro_of_kyles_lambda_sell": 0.0,
    "micro_of_kyles_lambda_avg": 0.0,
    "micro_of_amihud_illiquidity": 0.24928948250873356,
    "micro_of_spread_dynamics_current": 0.007576618555146419,
    "micro_micro_funding_arbitrage": 0.0,
    "micro_micro_orderbook_pressure": 0.0,
    "micro_micro_liquidity_score": 1.0,
    "micro_micro_volume_spike": 0.0,
    "micro_micro_oi_divergence": 0.0,
    "micro_micro_composite_score": 0.2,
    "fee_maker_rate": 0.0002,
    "fee_taker_rate": 0.0008,
    "fee_round_trip_cost": 0.0016,
    "fee_breakeven_move_pct": 0.16,
    "fee_net_profit_threshold": 0.16
  },
  "output_prediction": {
    "signal": "SHORT",
    "confidence": 0.48859091659942677,
    "raw_model_outputs": {
      "xgboost": 0.12602564692497253,
      "lightgbm": 0.07769567142290502,
      "lstm": 0.5089559555053711,
      "random_forest": 0.3561696970030485,
      "weighted_average": 0.2557045417002866
    }
  },
  "regime_info": {
    "regime": "trend_weakening",
    "regime_confidence": 0.7005102397713059,
    "atr_ratio": 0.744252879281827,
    "adx_value": 59.48378826892561,
    "is_exhausted": false,
    "is_weakening": true,
    "leverage_tier": "normal_volatility"
  },
  "explanation": "The short position in DOGEUSDT is justified by a RSI of 68.2, indicating overbought territory; MACD at 0.0003 suggests potential for reversal; ADX at 59.5 indicates strong trend strength. Ensemble model predicts an average gain of 0.26%. This combination points towards a sell opportunity due to the bullish indicators and confirmed trend strength.",
  "symbol": "cmt_dogeusdt",
  "position_size": 200.0,
  "risk_validation": {
    "checks_performed": [
      "Wash trading check: Same direction - allowed",
      "Risk check: Order passes all risk checks (leverage: 2x, risk: 7.08%)",
      "Trading status: Trading allowed within risk limits",
      "Leverage set: 2x"
    ],
    "all_checks_passed": true
  },
  "execution_details": {
    "order_type": "1",
    "side": "OPEN_SHORT",
    "price": 0.132,
    "leverage": 2,
    "client_oid": "fcdcaea8-d2a8-447a-907d-14c0a394cb37",
    "symbol": "cmt_dogeusdt",
    "maker_fee_rate": 0.0002,
    "taker_fee_rate": 0.0008,
    "estimated_entry_fee": 0.04224000000000001,
    "estimated_exit_fee": 0.04224000000000001,
    "total_estimated_fees": 0.08448000000000001
  },
  "log_metadata": {
    "log_version": "2.3",
    "competition": "WEEX_AI_Trading_Hackathon_2025",
    "bot_name": "AlphaStrike",
    "compliance_status": "MANDATORY",
    "deepseek_enabled": true
  },
  "weex_response": {
    "code": "00000",
    "msg": "success",
    "request_time": 1767360591800,
    "data": "upload success",
    "upload_attempted": true,
    "upload_success": true,
    "upload_timestamp": "2026-01-02T13:29:51.722895Z",
    "error_details": null
  }
}