{
  "timestamp": "2026-01-02T23:23:37.304709Z",
  "order_id": "702110620366930861",
  "stage": "Decision Making",
  "model_version": "ollama:qwen2.5:1.5b+ensemble_v1.0",
  "input_features": {
    "tech_returns_1": -0.01221150323605924,
    "tech_returns_5": -0.17069007559131766,
    "tech_returns_15": -0.14634146341463428,
    "tech_returns_60": 0.02443195699974865,
    "tech_returns_240": 0.7753846153846,
    "tech_returns_1440": 3.2789009849663056,
    "tech_rsi_14": 37.09454817467266,
    "tech_rsi_7": 26.84647487292561,
    "tech_macd": -0.027209196515514122,
    "tech_macd_signal": -0.017447486650023783,
    "tech_macd_hist": -0.00976170986549034,
    "tech_stoch_k": 5.555555555550731,
    "tech_stoch_d": 8.101851851850661,
    "tech_ema_cross_9_21": -1.0,
    "tech_ema_cross_50_200": 1.0,
    "tech_ema_9": 81.9431931386181,
    "tech_ema_21": 81.97431979533958,
    "tech_ema_50": 81.9723428286654,
    "tech_price_ema_9_pct": -0.07711822812567713,
    "tech_price_ema_21_pct": -0.11506017442422128,
    "tech_adx": 37.53307987553148,
    "tech_adx_7": 50.47838620929658,
    "tech_adx_10": 41.951941255144774,
    "tech_adx_roc_5": -6.014451531343909,
    "tech_adx_slope_3": 1.839837703581594,
    "tech_adx_deceleration": 0.9325663092629952,
    "tech_plus_di": 13.875018120315087,
    "tech_minus_di": 43.145414850803874,
    "tech_di_crossover": 0.0,
    "tech_atr_14": 0.04388157985701266,
    "tech_atr_pct": 0.05359254989864761,
    "tech_atr_14_avg": 0.05502881802575695,
    "tech_bb_upper": 82.07075036262655,
    "tech_bb_lower": 81.88024963737344,
    "tech_bb_width": 0.23238739044362808,
    "tech_bb_position": -0.0013104274175932318,
    "tech_volatility_20": 0.006388512720340702,
    "tech_volume_ratio": 0.17084142241583408,
    "tech_obv": 27023.399999999998,
    "tech_momentum_10": -0.020000000000010232,
    "tech_roc_10": -0.024420024420035435,
    "tech_high_low_range": 0.02442598925255987,
    "tech_body_ratio": 0.49999999750035523,
    "tech_swing_high_10": 82.05,
    "tech_swing_low_10": 81.87,
    "tech_price_vs_swing_high": -0.20719073735527327,
    "tech_price_vs_swing_low": 0.012214486380836576,
    "tech_swing_break_up": 0.0,
    "tech_swing_break_down": 1.0,
    "tech_volume_spike": 0.0,
    "tech_volume_spike_ratio": 0.17084142241583408,
    "micro_ob_best_bid_price": 81.86,
    "micro_ob_best_ask_price": 81.87,
    "micro_ob_best_bid_size": 3828.1,
    "micro_ob_best_ask_size": 3280.9,
    "micro_ob_spread_absolute": 0.010000000000005116,
    "micro_ob_spread_percentage": 0.01221523239480256,
    "micro_ob_bid_ask_size_ratio": 1.166783504526197,
    "micro_ob_orderbook_imbalance_5": -0.39930829331230744,
    "micro_ob_orderbook_imbalance_10": -0.1643803741975061,
    "micro_ob_orderbook_imbalance_20": -0.1465309020967968,
    "micro_ob_orderbook_vwap": 81.84399271806153,
    "micro_ob_buy_impact_0.1": 0.0,
    "micro_ob_sell_impact_0.1": 0.0,
    "micro_ob_buy_impact_1.0": 0.0,
    "micro_ob_sell_impact_1.0": 0.0,
    "micro_ob_buy_impact_10.0": 0.0,
    "micro_ob_sell_impact_10.0": 0.0,
    "micro_ob_bid_depth_concentration": 0.3497362971000506,
    "micro_ob_ask_depth_concentration": 0.6064632877180447,
    "micro_ob_bid_levels": 15,
    "micro_ob_ask_levels": 15,
    "micro_ob_total_bid_volume": 19169.3,
    "micro_ob_total_ask_volume": 25751.6,
    "micro_ob_total_orderbook_volume": 44920.899999999994,
    "micro_ob_order_flow_imbalance": -0.1465309020967968,
    "micro_ob_depth_imbalance_1": 0.07697285131523418,
    "micro_ob_depth_imbalance_5": -0.39930829331230744,
    "micro_ob_depth_imbalance_10": -0.1643803741975061,
    "micro_ob_depth_imbalance_20": -0.1465309020967968,
    "micro_fr_funding_rate_current": 0.0001,
    "micro_fr_funding_rate_abs": 0.0001,
    "micro_fr_funding_rate_mean": 9.135039999999999e-05,
    "micro_fr_funding_rate_std": 1.615005361724846e-05,
    "micro_fr_funding_rate_min": 5.174e-05,
    "micro_fr_funding_rate_max": 0.0001,
    "micro_fr_funding_rate_skew": -1.5281532429283984,
    "micro_fr_funding_rate_kurtosis": 0.6062388440310653,
    "micro_fr_funding_rate_trend": -9.234190815370753e-21,
    "micro_fr_funding_rate_change": 0.0,
    "micro_fr_funding_rate_change_abs": 0.0,
    "micro_fr_funding_rate_positive": 1.0,
    "micro_fr_funding_rate_negative": 0.0,
    "micro_fr_funding_rate_high": 0.0,
    "micro_fr_funding_rate_extreme": 0.0,
    "micro_fr_hours_to_next_funding": 0.0,
    "micro_fr_funding_imminent": 1.0,
    "micro_vp_volume_current": 655.36,
    "micro_vp_volume_mean": 427.1760400000001,
    "micro_vp_volume_std": 326.02115134573467,
    "micro_vp_volume_max": 2325.96,
    "micro_vp_volume_sum": 42717.604000000014,
    "micro_vp_volume_ratio": 1.5341684425933624,
    "micro_vp_large_volume_trade": 0.0,
    "micro_vp_recent_vwap": 81.91295204431407,
    "micro_vp_price_vwap_deviation_pct": 0.008604201789872132,
    "micro_vp_price_clustering": 0.47891314261085893,
    "micro_vp_volume_trend": 28.994575757575785,
    "micro_of_order_flow_imbalance": -0.1465309020967968,
    "micro_of_trade_flow_buy_pressure": 0.4267345489516016,
    "micro_of_trade_flow_sell_pressure": 0.5732654510483984,
    "micro_of_kyles_lambda_buy": 0.0,
    "micro_of_kyles_lambda_sell": 0.0,
    "micro_of_kyles_lambda_avg": 0.0,
    "micro_of_amihud_illiquidity": 0.06677837390639281,
    "micro_of_spread_dynamics_current": 0.01221523239480256,
    "micro_micro_funding_arbitrage": 0.0,
    "micro_micro_orderbook_pressure": -1.0,
    "micro_micro_liquidity_score": 1.0,
    "micro_micro_volume_spike": 0.5,
    "micro_micro_oi_divergence": 0.0,
    "micro_micro_composite_score": 0.55,
    "fee_maker_rate": 0.0002,
    "fee_taker_rate": 0.0008,
    "fee_round_trip_cost": 0.0016,
    "fee_breakeven_move_pct": 0.16,
    "fee_net_profit_threshold": 0.16
  },
  "output_prediction": {
    "signal": "SHORT",
    "confidence": 0.4908881440759916,
    "raw_model_outputs": {
      "xgboost": 0.17281094193458557,
      "lightgbm": 0.1513064187757419,
      "lstm": 0.3583328425884247,
      "random_forest": 0.37651413530177325,
      "weighted_average": 0.2545559279620042
    }
  },
  "regime_info": {
    "regime": "trend_weakening",
    "regime_confidence": 0.637837414730421,
    "atr_ratio": 0.7974290822760052,
    "adx_value": 37.53307987553148,
    "is_exhausted": false,
    "is_weakening": true,
    "leverage_tier": "normal_volatility"
  },
  "explanation": "LTCUSDT short position is based on RSI at 37.1, MACD at -0.0272, ADX at 37.5, and ensemble model averaging of 0.25. The low RSI suggests overbought conditions, while the negative MACD and high ADX indicate bearish momentum. This combination points towards a strong sell signal, aligning with conservative risk management to maintain confidence in the short position.",
  "symbol": "cmt_ltcusdt",
  "position_size": 0.2,
  "risk_validation": {
    "checks_performed": [
      "Wash trading check: Same direction - allowed",
      "Risk check: Order passes all risk checks (leverage: 3x, risk: 6.72%)",
      "Trading status: Trading allowed within risk limits",
      "Leverage set: 3x"
    ],
    "all_checks_passed": true
  },
  "execution_details": {
    "order_type": "1",
    "side": "OPEN_SHORT",
    "price": 81.9,
    "leverage": 3,
    "client_oid": "0f715a1a-0bcf-45fb-9482-e04706b47ea1",
    "symbol": "cmt_ltcusdt",
    "maker_fee_rate": 0.0002,
    "taker_fee_rate": 0.0008,
    "estimated_entry_fee": 0.03931200000000001,
    "estimated_exit_fee": 0.03931200000000001,
    "total_estimated_fees": 0.07862400000000001
  },
  "log_metadata": {
    "log_version": "2.3",
    "competition": "WEEX_AI_Trading_Hackathon_2025",
    "bot_name": "AlphaStrike",
    "compliance_status": "MANDATORY",
    "deepseek_enabled": true
  },
  "weex_response": {
    "code": "00000",
    "msg": "success",
    "request_time": 1767396217383,
    "data": "upload success",
    "upload_attempted": true,
    "upload_success": true,
    "upload_timestamp": "2026-01-02T23:23:37.304792Z",