{
  "timestamp": "2026-01-02T23:11:29.595375Z",
  "order_id": "702107568767501229",
  "stage": "Decision Making",
  "model_version": "ollama:qwen2.5:1.5b+ensemble_v1.0",
  "input_features": {
    "tech_returns_1": -0.014100159986851768,
    "tech_returns_5": -0.04850118034336326,
    "tech_returns_15": -0.1407121654482424,
    "tech_returns_60": -0.06547102518748016,
    "tech_returns_240": 0.24220944883992512,
    "tech_returns_1440": 1.217343697426279,
    "tech_rsi_14": 35.20290606857495,
    "tech_rsi_7": 25.62459861938214,
    "tech_macd": -27.42082042657421,
    "tech_macd_signal": -16.829002691515935,
    "tech_macd_hist": -10.591817735058275,
    "tech_stoch_k": 0.0,
    "tech_stoch_d": 1.2820512820498282,
    "tech_ema_cross_9_21": -1.0,
    "tech_ema_cross_50_200": 1.0,
    "tech_ema_9": 90100.31613062626,
    "tech_ema_21": 90132.55234455115,
    "tech_ema_50": 90134.83302762927,
    "tech_price_ema_9_pct": -0.047853473192875876,
    "tech_price_ema_21_pct": -0.08360169837763183,
    "tech_adx": 46.33472392265179,
    "tech_adx_7": 57.34115277534552,
    "tech_adx_10": 55.2014429277026,
    "tech_adx_roc_5": 3.5235285919132835,
    "tech_adx_slope_3": 1.4503877907358387,
    "tech_adx_deceleration": 1.0610122736806815,
    "tech_plus_di": 13.610907432068442,
    "tech_minus_di": 50.17562852335195,
    "tech_di_crossover": 0.0,
    "tech_atr_14": 26.19234801021845,
    "tech_atr_pct": 0.029084124323450488,
    "tech_atr_14_avg": 40.47556185581912,
    "tech_bb_upper": 90242.63845328447,
    "tech_bb_lower": 90044.11154671553,
    "tech_bb_width": 0.22023460578099652,
    "tech_bb_position": 0.06592785587942467,
    "tech_volatility_20": 0.0039914343424851334,
    "tech_volume_ratio": 0.1944391654616815,
    "tech_obv": 4973.358700000003,
    "tech_momentum_10": -85.60000000000582,
    "tech_roc_10": -0.09496044054545516,
    "tech_high_low_range": 0.01399110787366898,
    "tech_body_ratio": 0.9999999999920635,
    "tech_swing_high_10": 90153.3,
    "tech_swing_low_10": 90057.2,
    "tech_price_vs_swing_high": -0.10659620890195458,
    "tech_price_vs_swing_low": 0.0,
    "tech_swing_break_up": 0.0,
    "tech_swing_break_down": 1.0,
    "tech_volume_spike": 0.0,
    "tech_volume_spike_ratio": 0.1944391654616815,
    "micro_ob_best_bid_price": 90069.7,
    "micro_ob_best_ask_price": 90069.8,
    "micro_ob_best_bid_size": 2.8891,
    "micro_ob_best_ask_size": 2.428,
    "micro_ob_spread_absolute": 0.10000000000582077,
    "micro_ob_spread_percentage": 0.00011102506669089319,
    "micro_ob_bid_ask_size_ratio": 1.1899093904448106,
    "micro_ob_orderbook_imbalance_5": -0.08502122803779096,
    "micro_ob_orderbook_imbalance_10": -0.02905696525355901,
    "micro_ob_orderbook_imbalance_20": -0.014900867837580517,
    "micro_ob_orderbook_vwap": 90069.48884062418,
    "micro_ob_buy_impact_0.1": 0.0,
    "micro_ob_sell_impact_0.1": 1.615628255491786e-14,
    "micro_ob_buy_impact_1.0": 0.0,
    "micro_ob_sell_impact_1.0": 0.0,
    "micro_ob_buy_impact_10.0": 0.0001644557887404934,
    "micro_ob_sell_impact_10.0": 0.0004329369366197804,
    "micro_ob_bid_depth_concentration": 0.3054636619560498,
    "micro_ob_ask_depth_concentration": 0.3515953180440191,
    "micro_ob_bid_levels": 15,
    "micro_ob_ask_levels": 15,
    "micro_ob_total_bid_volume": 35.6995,
    "micro_ob_total_ask_volume": 36.7795,
    "micro_ob_total_orderbook_volume": 72.479,
    "micro_ob_order_flow_imbalance": -0.014900867837580517,
    "micro_ob_depth_imbalance_1": 0.08672020462282072,
    "micro_ob_depth_imbalance_5": -0.08502122803779096,
    "micro_ob_depth_imbalance_10": -0.02905696525355901,
    "micro_ob_depth_imbalance_20": -0.014900867837580517,
    "micro_fr_funding_rate_current": 3.747e-05,
    "micro_fr_funding_rate_abs": 3.747e-05,
    "micro_fr_funding_rate_mean": 4.375500000000001e-05,
    "micro_fr_funding_rate_std": 9.2100395764622e-06,
    "micro_fr_funding_rate_min": 2.969e-05,
    "micro_fr_funding_rate_max": 6.675e-05,
    "micro_fr_funding_rate_skew": 0.6879374404257866,
    "micro_fr_funding_rate_kurtosis": -0.3060701466621176,
    "micro_fr_funding_rate_trend": -5.380000000000045e-07,
    "micro_fr_funding_rate_change": -4.999999999999986e-07,
    "micro_fr_funding_rate_change_abs": 4.999999999999986e-07,
    "micro_fr_funding_rate_positive": 1.0,
    "micro_fr_funding_rate_negative": 0.0,
    "micro_fr_funding_rate_high": 0.0,
    "micro_fr_funding_rate_extreme": 0.0,
    "micro_fr_hours_to_next_funding": 0.0,
    "micro_fr_funding_imminent": 1.0,
    "micro_vp_volume_current": 405.31455,
    "micro_vp_volume_mean": 935.7768704,
    "micro_vp_volume_std": 5151.632605432625,
    "micro_vp_volume_max": 49813.62406,
    "micro_vp_volume_sum": 93577.68704,
    "micro_vp_volume_ratio": 0.4331316180391885,
    "micro_vp_large_volume_trade": 0.0,
    "micro_vp_recent_vwap": 90065.14643046116,
    "micro_vp_price_vwap_deviation_pct": 0.005277923511184457,
    "micro_vp_price_clustering": 1.1102230246251565e-16,
    "micro_vp_volume_trend": 2.9477421818181844,
    "micro_of_order_flow_imbalance": -0.014900867837580517,
    "micro_of_trade_flow_buy_pressure": 0.49254956608120976,
    "micro_of_trade_flow_sell_pressure": 0.5074504339187903,
    "micro_of_kyles_lambda_buy": 1.6445578874049338e-05,
    "micro_of_kyles_lambda_sell": 4.3293693661978044e-05,
    "micro_of_kyles_lambda_avg": 2.986963626801369e-05,
    "micro_of_amihud_illiquidity": 0.013209982520014605,
    "micro_of_spread_dynamics_current": 0.00011102506669089319,
    "micro_micro_funding_arbitrage": 0.0,
    "micro_micro_orderbook_pressure": 0.0,
    "micro_micro_liquidity_score": 0.5,
    "micro_micro_volume_spike": 0.0,
    "micro_micro_oi_divergence": 0.0,
    "micro_micro_composite_score": 0.1,
    "fee_maker_rate": 0.0002,
    "fee_taker_rate": 0.0008,
    "fee_round_trip_cost": 0.0016,
    "fee_breakeven_move_pct": 0.16,
    "fee_net_profit_threshold": 0.16
  },
  "output_prediction": {
    "signal": "SHORT",
    "confidence": 0.499518446695871,
    "raw_model_outputs": {
      "xgboost": 0.3076227903366089,
      "lightgbm": 0.35218728832245366,
      "lstm": 0.13025061786174774,
      "random_forest": 0.1867223001239961,
      "weighted_average": 0.2502407766520645
    }
  },
  "regime_info": {
    "regime": "trending",
    "regime_confidence": 0.8560166870718214,
    "atr_ratio": 0.6471151185873608,
    "adx_value": 46.33472392265179,
    "is_exhausted": false,
    "is_weakening": false,
    "leverage_tier": "normal_volatility"
  },
  "explanation": "BTCUSDT SHORT due to oversold RSI at 35.2, MACD below zero (-27.4), ADX at 46.3 indicating weak market strength. Ensemble model predicts a slight upward trend but current conditions suggest shorting for potential profit in the near term.",
  "symbol": "cmt_btcusdt",
  "position_size": 0.0001,
  "risk_validation": {
    "checks_performed": [
      "Wash trading check: Same direction - allowed",
      "Risk check: Order passes all risk checks (leverage: 5x, risk: 7.03%)",
      "Trading status: Trading allowed within risk limits",
      "Leverage set: 5x"
    ],
    "all_checks_passed": true
  },
  "execution_details": {
    "order_type": "1",
    "side": "OPEN_SHORT",
    "price": 90057.2,
    "leverage": 5,
    "client_oid": "717d82ac-5742-4841-9152-3fff2da59955",
    "symbol": "cmt_btcusdt",
    "maker_fee_rate": 0.0002,
    "taker_fee_rate": 0.0008,
    "estimated_entry_fee": 0.03602288,
    "estimated_exit_fee": 0.03602288,
    "total_estimated_fees": 0.07204576
  },
  "log_metadata": {
    "log_version": "2.3",
    "competition": "WEEX_AI_Trading_Hackathon_2025",
    "bot_name": "AlphaStrike",
    "compliance_status": "MANDATORY",
    "deepseek_enabled": true
  },
  "weex_response": {
    "code": "00000",
    "msg": "success",
    "request_time": 1767395489666,
    "data": "upload success",
    "upload_attempted": true,
    "upload_success": true,
    "upload_timestamp": "2026-01-02T23:11:29.595501Z",
    "error_details": null
  }
}