{
  "timestamp": "2026-01-02T14:58:35.349415Z",
  "order_id": "701983524659397549",
  "stage": "Decision Making",
  "model_version": "ollama:qwen2.5:1.5b+ensemble_v1.0",
  "input_features": {
    "tech_returns_1": 0.012423903590508267,
    "tech_returns_5": -0.0744786494538241,
    "tech_returns_15": -0.037253197566122775,
    "tech_returns_60": 0.6124234470691103,
    "tech_returns_240": 0.5244755244755206,
    "tech_returns_1440": 3.2789009849663056,
    "tech_rsi_14": 52.39498427164041,
    "tech_rsi_7": 45.20586953984876,
    "tech_macd": 0.11415452242221136,
    "tech_macd_signal": 0.14953849712751743,
    "tech_macd_hist": -0.035383974705306076,
    "tech_stoch_k": 21.5189873417722,
    "tech_stoch_d": 26.160337552742646,
    "tech_ema_cross_9_21": 1.0,
    "tech_ema_cross_50_200": 1.0,
    "tech_ema_9": 80.56892915576583,
    "tech_ema_21": 80.48962421923805,
    "tech_ema_50": 80.29847738994508,
    "tech_price_ema_9_pct": -0.08555302458168083,
    "tech_price_ema_21_pct": 0.012890830169222475,
    "tech_adx": 36.686437341203764,
    "tech_adx_7": 16.77339410651739,
    "tech_adx_10": 28.053346130381517,
    "tech_adx_roc_5": -13.070868894112913,
    "tech_adx_slope_3": -2.57654776402655,
    "tech_adx_deceleration": -0.20919796617146247,
    "tech_plus_di": 30.748149706766704,
    "tech_minus_di": 20.018542670050007,
    "tech_di_crossover": 0.0,
    "tech_atr_14": 0.14919900457206353,
    "tech_atr_pct": 0.18534037835038947,
    "tech_atr_14_avg": 0.15624008312853854,
    "tech_bb_upper": 80.87609205030394,
    "tech_bb_lower": 80.24290794969606,
    "tech_bb_width": 0.7859831560621373,
    "tech_bb_position": 0.40603048948500453,
    "tech_volatility_20": 0.02500998962553619,
    "tech_volume_ratio": 0.28290676584958485,
    "tech_obv": 8915.599999999999,
    "tech_momentum_10": -0.23999999999999488,
    "tech_roc_10": -0.29725043349020375,
    "tech_high_low_range": 0.04968944099379659,
    "tech_body_ratio": 0.24999999937508882,
    "tech_swing_high_10": 81.12,
    "tech_swing_low_10": 80.47,
    "tech_price_vs_swing_high": -0.7642998027613468,
    "tech_price_vs_swing_low": 0.03728097427612916,
    "tech_swing_break_up": 0.0,
    "tech_swing_break_down": 0.0,
    "tech_volume_spike": 0.0,
    "tech_volume_spike_ratio": 0.28290676584958485,
    "micro_ob_best_bid_price": 80.51,
    "micro_ob_best_ask_price": 80.52,
    "micro_ob_best_bid_size": 3481.7,
    "micro_ob_best_ask_size": 3920.8,
    "micro_ob_spread_absolute": 0.009999999999990905,
    "micro_ob_spread_percentage": 0.012420045954158736,
    "micro_ob_bid_ask_size_ratio": 0.888007549479698,
    "micro_ob_orderbook_imbalance_5": -0.11448769406077847,
    "micro_ob_orderbook_imbalance_10": -0.21419006013672456,
    "micro_ob_orderbook_imbalance_20": -0.2439172693857652,
    "micro_ob_orderbook_vwap": 80.55462398246557,
    "micro_ob_buy_impact_0.1": 0.0,
    "micro_ob_sell_impact_0.1": 1.765104299490995e-14,
    "micro_ob_buy_impact_1.0": 0.0,
    "micro_ob_sell_impact_1.0": 0.0,
    "micro_ob_buy_impact_10.0": 0.0,
    "micro_ob_sell_impact_10.0": 0.0,
    "micro_ob_bid_depth_concentration": 0.589290803093167,
    "micro_ob_ask_depth_concentration": 0.45080441547765837,
    "micro_ob_bid_levels": 15,
    "micro_ob_ask_levels": 15,
    "micro_ob_total_bid_volume": 20703.7,
    "micro_ob_total_ask_volume": 34062.0,
    "micro_ob_total_orderbook_volume": 54765.7,
    "micro_ob_order_flow_imbalance": -0.2439172693857652,
    "micro_ob_depth_imbalance_1": -0.059317798041202345,
    "micro_ob_depth_imbalance_5": -0.11448769406077847,
    "micro_ob_depth_imbalance_10": -0.21419006013672456,
    "micro_ob_depth_imbalance_20": -0.2439172693857652,
    "micro_fr_funding_rate_current": 5.545e-05,
    "micro_fr_funding_rate_abs": 5.545e-05,
    "micro_fr_funding_rate_mean": 9.004100000000003e-05,
    "micro_fr_funding_rate_std": 1.805290577718723e-05,
    "micro_fr_funding_rate_min": 4.676e-05,
    "micro_fr_funding_rate_max": 0.0001,
    "micro_fr_funding_rate_skew": -1.405625753808231,
    "micro_fr_funding_rate_kurtosis": 0.15264269106820194,
    "micro_fr_funding_rate_trend": 1.9e-06,
    "micro_fr_funding_rate_change": 3.7099999999999967e-06,
    "micro_fr_funding_rate_change_abs": 3.7099999999999967e-06,
    "micro_fr_funding_rate_positive": 1.0,
    "micro_fr_funding_rate_negative": 0.0,
    "micro_fr_funding_rate_high": 0.0,
    "micro_fr_funding_rate_extreme": 0.0,
    "micro_fr_hours_to_next_funding": 0.0,
    "micro_fr_funding_imminent": 1.0,
    "micro_vp_volume_current": 651.888,
    "micro_vp_volume_mean": 452.17353,
    "micro_vp_volume_std": 314.62914587756984,
    "micro_vp_volume_max": 2414.7,
    "micro_vp_volume_sum": 45217.353,
    "micro_vp_volume_ratio": 1.4416766058818171,
    "micro_vp_large_volume_trade": 0.0,
    "micro_vp_recent_vwap": 80.50089808905886,
    "micro_vp_price_vwap_deviation_pct": -0.02596006945877902,
    "micro_vp_price_clustering": 0.4322490336870603,
    "micro_vp_volume_trend": 60.43529696969698,
    "micro_of_order_flow_imbalance": -0.2439172693857652,
    "micro_of_trade_flow_buy_pressure": 0.37804136530711746,
    "micro_of_trade_flow_sell_pressure": 0.6219586346928826,
    "micro_of_kyles_lambda_buy": 0.0,
    "micro_of_kyles_lambda_sell": 0.0,
    "micro_of_kyles_lambda_avg": 0.0,
    "micro_of_amihud_illiquidity": 0.2737308114376218,
    "micro_of_spread_dynamics_current": 0.012420045954158736,
    "micro_micro_funding_arbitrage": 0.0,
    "micro_micro_orderbook_pressure": -0.5,
    "micro_micro_liquidity_score": 1.0,
    "micro_micro_volume_spike": 0.0,
    "micro_micro_oi_divergence": 0.0,
    "micro_micro_composite_score": 0.35,
    "fee_maker_rate": 0.0002,
    "fee_taker_rate": 0.0008,
    "fee_round_trip_cost": 0.0016,
    "fee_breakeven_move_pct": 0.16,
    "fee_net_profit_threshold": 0.16
  },
  "output_prediction": {
    "signal": "SHORT",
    "confidence": 0.4545029052337616,
    "raw_model_outputs": {
      "xgboost": 0.34608301520347595,
      "lightgbm": 0.28769161207164845,
      "lstm": 0.17942485213279724,
      "random_forest": 0.2607226264042445,
      "weighted_average": 0.2727485473831192
    }
  },
  "regime_info": {
    "regime": "trend_weakening",
    "regime_confidence": 0.6292016608802784,
    "atr_ratio": 0.9549342370057348,
    "adx_value": 36.686437341203764,
    "is_exhausted": false,
    "is_weakening": true,
    "leverage_tier": "normal_volatility"
  },
  "explanation": "LTCUSDT short position is based on a combination of RSI at 52.4, MACD at 0.1142, ADX at 36.7, and ensemble model averaging at 0.27. The high RSI suggests overbought conditions, while the low MACD and ADX indicate weak momentum. Ensemble models favor a short position due to these factors, leading to a confident decision.",
  "symbol": "cmt_ltcusdt",
  "position_size": 0.2,
  "risk_validation": {
    "checks_performed": [
      "Wash trading check: No current position - any direction allowed",
      "Risk check: Order passes all risk checks (leverage: 3x, risk: 7.20%)",
      "Trading status: Trading allowed within risk limits",
      "Leverage set: 3x"
    ],
    "all_checks_passed": true
  },
  "execution_details": {
    "order_type": "1",
    "side": "OPEN_SHORT",
    "price": 80.5,
    "leverage": 3,
    "client_oid": "4316a7cc-2007-4966-a56f-185cc1269086",
    "symbol": "cmt_ltcusdt",
    "maker_fee_rate": 0.0002,
    "taker_fee_rate": 0.0008,
    "estimated_entry_fee": 0.03864000000000001,
    "estimated_exit_fee": 0.03864000000000001,
    "total_estimated_fees": 0.07728000000000002
  },
  "log_metadata": {
    "log_version": "2.3",
    "competition": "WEEX_AI_Trading_Hackathon_2025",
    "bot_name": "AlphaStrike",
    "compliance_status": "MANDATORY",
    "deepseek_enabled": true
  },
  "weex_response": {
    "code": "00000",
    "msg": "success",
    "request_time": 1767365915423,
    "data": "upload success",
    "upload_attempted": true,
    "upload_success": true,
    "upload_timestamp": "2026-01-02T14:58:35.349542Z",