{
  "timestamp": "2026-01-02T22:28:53.828047Z",
  "order_id": "702096838546686893",
  "stage": "Decision Making",
  "model_version": "ollama:qwen2.5:1.5b+ensemble_v1.0",
  "input_features": {
    "tech_returns_1": -0.008616810439743272,
    "tech_returns_5": -0.019146451205265258,
    "tech_returns_15": 0.016599523721350096,
    "tech_returns_60": 0.3092704291367321,
    "tech_returns_240": 0.35200102493473384,
    "tech_returns_1440": 1.1689274654337576,
    "tech_rsi_14": 50.21424864713747,
    "tech_rsi_7": 43.65295110057086,
    "tech_macd": 0.7286748297087797,
    "tech_macd_signal": 1.3595501088063116,
    "tech_macd_hist": -0.6308752790975318,
    "tech_stoch_k": 20.740740740738953,
    "tech_stoch_d": 23.53007196144277,
    "tech_ema_cross_9_21": 1.0,
    "tech_ema_cross_50_200": 1.0,
    "tech_ema_9": 3133.7645442038843,
    "tech_ema_21": 3133.5886747477866,
    "tech_ema_50": 3130.720120609046,
    "tech_price_ema_9_pct": -0.019929519115899616,
    "tech_price_ema_21_pct": -0.014318240023090022,
    "tech_adx": 22.82034817589816,
    "tech_adx_7": 45.233573619523185,
    "tech_adx_10": 30.129315013186662,
    "tech_adx_roc_5": -10.518459522024436,
    "tech_adx_slope_3": -1.1938393944763934,
    "tech_adx_deceleration": 0.18366759915021724,
    "tech_plus_di": 21.30064611162647,
    "tech_minus_di": 29.18359633887712,
    "tech_di_crossover": 0.0,
    "tech_atr_14": 1.6232253372262897,
    "tech_atr_pct": 0.05180826063394198,
    "tech_atr_14_avg": 2.474672562478351,
    "tech_bb_upper": 3138.5855016543337,
    "tech_bb_lower": 3130.466498345667,
    "tech_bb_width": 0.2590185344982569,
    "tech_bb_position": 0.32928939091318,
    "tech_volatility_20": 0.008082970326845336,
    "tech_volume_ratio": 0.0372340535415113,
    "tech_obv": 127845.48199999983,
    "tech_momentum_10": -3.1400000000003274,
    "tech_roc_10": -0.10011861185864612,
    "tech_high_low_range": 0.008617552997950357,
    "tech_body_ratio": 0.9999999996296296,
    "tech_swing_high_10": 3139.56,
    "tech_swing_low_10": 3132.09,
    "tech_price_vs_swing_high": -0.2044872529908673,
    "tech_price_vs_swing_low": 0.03352394088291611,
    "tech_swing_break_up": 0.0,
    "tech_swing_break_down": 0.0,
    "tech_volume_spike": 0.0,
    "tech_volume_spike_ratio": 0.0372340535415113,
    "micro_ob_best_bid_price": 3133.13,
    "micro_ob_best_ask_price": 3133.14,
    "micro_ob_best_bid_size": 42.469,
    "micro_ob_best_ask_size": 43.669,
    "micro_ob_spread_absolute": 0.009999999999763531,
    "micro_ob_spread_percentage": 0.0003191691388900743,
    "micro_ob_bid_ask_size_ratio": 0.9725205523368982,
    "micro_ob_orderbook_imbalance_5": -0.2435851591267119,
    "micro_ob_orderbook_imbalance_10": -0.2576759895463235,
    "micro_ob_orderbook_imbalance_20": -0.2743819202184135,
    "micro_ob_orderbook_vwap": 3133.1510889543642,
    "micro_ob_buy_impact_0.1": 0.0,
    "micro_ob_sell_impact_0.1": 0.0,
    "micro_ob_buy_impact_1.0": 0.0,
    "micro_ob_sell_impact_1.0": 0.0,
    "micro_ob_buy_impact_10.0": 0.0,
    "micro_ob_sell_impact_10.0": 0.0,
    "micro_ob_bid_depth_concentration": 0.4482235304897604,
    "micro_ob_ask_depth_concentration": 0.41958372598826765,
    "micro_ob_bid_levels": 15,
    "micro_ob_ask_levels": 15,
    "micro_ob_total_bid_volume": 174.61599999999999,
    "micro_ob_total_ask_volume": 306.673,
    "micro_ob_total_orderbook_volume": 481.289,
    "micro_ob_order_flow_imbalance": -0.2743819202184135,
    "micro_ob_depth_imbalance_1": -0.013931133762102622,
    "micro_ob_depth_imbalance_5": -0.2435851591267119,
    "micro_ob_depth_imbalance_10": -0.2576759895463235,
    "micro_ob_depth_imbalance_20": -0.2743819202184135,
    "micro_fr_funding_rate_current": 4.851e-05,
    "micro_fr_funding_rate_abs": 4.851e-05,
    "micro_fr_funding_rate_mean": 8.135449999999999e-05,
    "micro_fr_funding_rate_std": 1.862340899916017e-05,
    "micro_fr_funding_rate_min": 4.596e-05,
    "micro_fr_funding_rate_max": 0.0001,
    "micro_fr_funding_rate_skew": -0.496058007229676,
    "micro_fr_funding_rate_kurtosis": -1.1462958210566156,
    "micro_fr_funding_rate_trend": 7.909999999999983e-07,
    "micro_fr_funding_rate_change": -1.2400000000000017e-06,
    "micro_fr_funding_rate_change_abs": 1.2400000000000017e-06,
    "micro_fr_funding_rate_positive": 1.0,
    "micro_fr_funding_rate_negative": 0.0,
    "micro_fr_funding_rate_high": 0.0,
    "micro_fr_funding_rate_extreme": 0.0,
    "micro_fr_hours_to_next_funding": 0.0,
    "micro_fr_funding_imminent": 1.0,
    "micro_vp_volume_current": 31.3341,
    "micro_vp_volume_mean": 108.6979368,
    "micro_vp_volume_std": 302.8329327367273,
    "micro_vp_volume_max": 2591.33007,
    "micro_vp_volume_sum": 10869.793679999999,
    "micro_vp_volume_ratio": 0.28826766102887064,
    "micro_vp_large_volume_trade": 0.0,
    "micro_vp_recent_vwap": 3133.4083828235835,
    "micro_vp_price_vwap_deviation_pct": 5.161077710992544e-05,
    "micro_vp_price_clustering": 1.3877787807814457e-17,
    "micro_vp_volume_trend": -1.9749978181818126,
    "micro_of_order_flow_imbalance": -0.2743819202184135,
    "micro_of_trade_flow_buy_pressure": 0.3628090398907933,
    "micro_of_trade_flow_sell_pressure": 0.6371909601092067,
    "micro_of_kyles_lambda_buy": 0.0,
    "micro_of_kyles_lambda_sell": 0.0,
    "micro_of_kyles_lambda_avg": 0.0,
    "micro_of_amihud_illiquidity": 0.0870430818156943,
    "micro_of_spread_dynamics_current": 0.0003191691388900743,
    "micro_micro_funding_arbitrage": 0.0,
    "micro_micro_orderbook_pressure": -0.5,
    "micro_micro_liquidity_score": 0.75,
    "micro_micro_volume_spike": 0.0,
    "micro_micro_oi_divergence": 0.0,
    "micro_micro_composite_score": 0.30000000000000004,
    "fee_maker_rate": 0.0002,
    "fee_taker_rate": 0.0008,
    "fee_round_trip_cost": 0.0016,
    "fee_breakeven_move_pct": 0.16,
    "fee_net_profit_threshold": 0.16
  },
  "output_prediction": {
    "signal": "SHORT",
    "confidence": 0.4561855289445995,
    "raw_model_outputs": {
      "xgboost": 0.1885119378566742,
      "lightgbm": 0.0855867700970048,
      "lstm": 0.5085256099700928,
      "random_forest": 0.3341277845937472,
      "weighted_average": 0.27190723552770024
    }
  },
  "regime_info": {
    "regime": "ranging",
    "regime_confidence": 0.5,
    "atr_ratio": 0.6559354000355714,
    "adx_value": 22.82034817589816,
    "is_exhausted": false,
    "is_weakening": false,
    "leverage_tier": "normal_volatility"
  },
  "explanation": "The trading decision to SHORT on ETHUSDT symbol was triggered by a combination of technical indicators and a strong ML model consensus. The RSI(14) at 50.2 shows neutral momentum, while the MACD signal line remained above zero at 0.7287. The ADX at 22.8 indicates weak market strength, further reinforcing the bearish outlook. Additionally, the EMA cross (9/21) and Bollinger Band position indicate a bullish signal. The ML model consensus moderately supported the short strategy, confirming this decision based on comprehensive analysis of multiple indicators and historical patterns.",
  "symbol": "cmt_ethusdt",
  "position_size": 0.007,
  "risk_validation": {
    "checks_performed": [
      "Wash trading check: No current position - any direction allowed",
      "Risk check: Order passes all risk checks (leverage: 3x, risk: 7.20%)",
      "Trading status: Trading allowed within risk limits",
      "Leverage set: 3x"
    ],
    "all_checks_passed": true
  },
  "execution_details": {
    "order_type": "1",
    "side": "OPEN_SHORT",
    "price": 3133.14,
    "leverage": 3,
    "client_oid": "b5d61056-b886-404a-9cfe-46539e84685b",
    "symbol": "cmt_ethusdt",
    "maker_fee_rate": 0.0002,
    "taker_fee_rate": 0.0008,
    "estimated_entry_fee": 0.052636752,
    "estimated_exit_fee": 0.052636752,
    "total_estimated_fees": 0.105273504
  },
  "log_metadata": {
    "log_version": "2.3",
    "competition": "WEEX_AI_Trading_Hackathon_2025",
    "bot_name": "AlphaStrike",
    "compliance_status": "MANDATORY",