{
  "timestamp": "2026-01-02T09:58:32.166288Z",
  "order_id": "701908014193443757",
  "stage": "Decision Making",
  "model_version": "ollama:qwen2.5:1.5b+ensemble_v1.0",
  "input_features": {
    "tech_returns_1": 0.0,
    "tech_returns_5": -0.1369487811558434,
    "tech_returns_15": 1.081230939839184,
    "tech_returns_60": 2.043101035544348,
    "tech_returns_240": 1.8435754189944031,
    "tech_returns_1440": 6.9539375928677485,
    "tech_rsi_14": 65.19989742948391,
    "tech_rsi_7": 61.92297718078967,
    "tech_macd": 0.001344529512740611,
    "tech_macd_signal": 0.0013514125454361977,
    "tech_macd_hist": -6.883032695586752e-06,
    "tech_stoch_k": 49.999999999999524,
    "tech_stoch_d": 54.62489343563484,
    "tech_ema_cross_9_21": 1.0,
    "tech_ema_cross_50_200": 1.0,
    "tech_ema_9": 0.36430242310759586,
    "tech_ema_21": 0.36311590744981725,
    "tech_ema_50": 0.3611360438307116,
    "tech_price_ema_9_pct": 0.08168402775521151,
    "tech_price_ema_21_pct": 0.4087104199332901,
    "tech_adx": 80.96486139078908,
    "tech_adx_7": 63.99737840171453,
    "tech_adx_10": 76.41535162968471,
    "tech_adx_roc_5": -6.784114199826234,
    "tech_adx_slope_3": -1.073584775546351,
    "tech_adx_deceleration": 0.23882566183626608,
    "tech_plus_di": 33.974414469177894,
    "tech_minus_di": 4.968087682268344,
    "tech_di_crossover": 0.0,
    "tech_atr_14": 0.0008203420617790712,
    "tech_atr_pct": 0.22499782275893343,
    "tech_atr_14_avg": 0.0006699930036685162,
    "tech_bb_upper": 0.36697586173990343,
    "tech_bb_lower": 0.3590641382600966,
    "tech_bb_width": 2.1794180705765087,
    "tech_bb_position": 0.6997036428323888,
    "tech_volatility_20": 0.05007911825951811,
    "tech_volume_ratio": 0.06024769719302168,
    "tech_obv": 7432790.0,
    "tech_momentum_10": 0.0020000000000000018,
    "tech_roc_10": 0.5515719801434171,
    "tech_high_low_range": 0.054854635216684995,
    "tech_body_ratio": 0.0,
    "tech_swing_high_10": 0.3675,
    "tech_swing_low_10": 0.3623,
    "tech_price_vs_swing_high": -0.789115646258507,
    "tech_price_vs_swing_low": 0.6348330113165798,
    "tech_swing_break_up": 0.0,
    "tech_swing_break_down": 0.0,
    "tech_volume_spike": 0.0,
    "tech_volume_spike_ratio": 0.06024769719302168,
    "micro_ob_best_bid_price": 0.3645,
    "micro_ob_best_ask_price": 0.3646,
    "micro_ob_best_bid_size": 905940.0,
    "micro_ob_best_ask_size": 936010.0,
    "micro_ob_spread_absolute": 9.999999999998899e-05,
    "micro_ob_spread_percentage": 0.02743107941297188,
    "micro_ob_bid_ask_size_ratio": 0.967874274847491,
    "micro_ob_orderbook_imbalance_5": 0.03885045472238933,
    "micro_ob_orderbook_imbalance_10": 0.012575476813509005,
    "micro_ob_orderbook_imbalance_20": -0.058121722765662256,
    "micro_ob_orderbook_vwap": 0.36462036605169734,
    "micro_ob_buy_impact_0.1": 0.0,
    "micro_ob_sell_impact_0.1": 0.0,
    "micro_ob_buy_impact_1.0": 0.0,
    "micro_ob_sell_impact_1.0": 0.0,
    "micro_ob_buy_impact_10.0": 0.0,
    "micro_ob_sell_impact_10.0": 0.0,
    "micro_ob_bid_depth_concentration": 0.500276386967316,
    "micro_ob_ask_depth_concentration": 0.412009363116564,
    "micro_ob_bid_levels": 15,
    "micro_ob_ask_levels": 15,
    "micro_ob_total_bid_volume": 9389010.0,
    "micro_ob_total_ask_volume": 10547770.0,
    "micro_ob_total_orderbook_volume": 19936780.0,
    "micro_ob_order_flow_imbalance": -0.058121722765662256,
    "micro_ob_depth_imbalance_1": -0.016325090257607425,
    "micro_ob_depth_imbalance_5": 0.03885045472238933,
    "micro_ob_depth_imbalance_10": 0.012575476813509005,
    "micro_ob_depth_imbalance_20": -0.058121722765662256,
    "micro_fr_funding_rate_current": 0.0001,
    "micro_fr_funding_rate_abs": 0.0001,
    "micro_fr_funding_rate_mean": 0.00010000000000000002,
    "micro_fr_funding_rate_std": 1.3552527156068805e-20,
    "micro_fr_funding_rate_min": 0.0001,
    "micro_fr_funding_rate_max": 0.0001,
    "micro_fr_funding_rate_skew": -1.0,
    "micro_fr_funding_rate_kurtosis": -2.0,
    "micro_fr_funding_rate_trend": -9.234190815370753e-21,
    "micro_fr_funding_rate_change": 0.0,
    "micro_fr_funding_rate_change_abs": 0.0,
    "micro_fr_funding_rate_positive": 1.0,
    "micro_fr_funding_rate_negative": 0.0,
    "micro_fr_funding_rate_high": 0.0,
    "micro_fr_funding_rate_extreme": 0.0,
    "micro_fr_hours_to_next_funding": 0.0,
    "micro_fr_funding_imminent": 1.0,
    "micro_vp_volume_current": 29.152,
    "micro_vp_volume_mean": 102.08457,
    "micro_vp_volume_std": 205.85450081128928,
    "micro_vp_volume_max": 1823.5,
    "micro_vp_volume_sum": 10208.457,
    "micro_vp_volume_ratio": 0.2855671528028183,
    "micro_vp_large_volume_trade": 0.0,
    "micro_vp_recent_vwap": 0.3645877767325659,
    "micro_vp_price_vwap_deviation_pct": -0.05150384750931023,
    "micro_vp_price_clustering": 0.29057819627567993,
    "micro_vp_volume_trend": -8.8344909090909,
    "micro_of_order_flow_imbalance": -0.058121722765662256,
    "micro_of_trade_flow_buy_pressure": 0.47093913861716885,
    "micro_of_trade_flow_sell_pressure": 0.5290608613828311,
    "micro_of_kyles_lambda_buy": 0.0,
    "micro_of_kyles_lambda_sell": 0.0,
    "micro_of_kyles_lambda_avg": 0.0,
    "micro_of_amihud_illiquidity": 1.7826832494487228,
    "micro_of_spread_dynamics_current": 0.02743107941297188,
    "micro_micro_funding_arbitrage": 0.0,
    "micro_micro_orderbook_pressure": 0.0,
    "micro_micro_liquidity_score": 1.0,
    "micro_micro_volume_spike": 0.0,
    "micro_micro_oi_divergence": 0.0,
    "micro_micro_composite_score": 0.2,
    "fee_maker_rate": 0.0002,
    "fee_taker_rate": 0.0008,
    "fee_round_trip_cost": 0.0016,
    "fee_breakeven_move_pct": 0.16,
    "fee_net_profit_threshold": 0.16
  },
  "output_prediction": {
    "signal": "SHORT",
    "confidence": 0.4523293616302331,
    "raw_model_outputs": {
      "xgboost": 0.11371257901191711,
      "lightgbm": 0.0706259766145125,
      "lstm": 0.42874765396118164,
      "random_forest": 0.5743906780110531,
      "weighted_average": 0.27383531918488346
    }
  },
  "regime_info": {
    "regime": "trend_exhaustion",
    "regime_confidence": 0.6522811088736873,
    "atr_ratio": 1.2244039225593781,
    "adx_value": 80.96486139078908,
    "is_exhausted": true,
    "is_weakening": true,
    "leverage_tier": "elevated_volatility"
  },
  "explanation": "The short position in ADAUSDT is based on a combination of RSI at 65.2, MACD reading at 0.0013, and an ADX value of 81.0 indicating strong momentum. The ensemble average model predicts a slight positive trend but suggests caution due to the high RSI and low MACD signal strength.",
  "symbol": "cmt_adausdt",
  "position_size": 170.0,
  "risk_validation": {
    "checks_performed": [
      "Wash trading check: No current position - any direction allowed",
      "Risk check: Order passes all risk checks (leverage: 1x, risk: 6.81%)",
      "Trading status: Trading allowed within risk limits"
    ],
    "all_checks_passed": true
  },
  "execution_details": {
    "order_type": "1",
    "side": "OPEN_SHORT",
    "price": 0.3646,
    "leverage": 1,
    "client_oid": "18706075-8a10-4fbd-ba37-1a631fad23f2",
    "symbol": "cmt_adausdt",
    "maker_fee_rate": 0.0002,
    "taker_fee_rate": 0.0008,
    "estimated_entry_fee": 0.0495856,
    "estimated_exit_fee": 0.0495856,
    "total_estimated_fees": 0.0991712
  },
  "log_metadata": {
    "log_version": "2.3",
    "competition": "WEEX_AI_Trading_Hackathon_2025",
    "bot_name": "AlphaStrike",
    "compliance_status": "MANDATORY",
    "deepseek_enabled": true
  },
  "weex_response": {
    "code": "00000",
    "msg": "success",
    "request_time": 1767347912226,
    "data": "upload success",
    "upload_attempted": true,
    "upload_success": true,
    "upload_timestamp": "2026-01-02T09:58:32.166418Z",
    "error_details": null
  }
}