{
  "timestamp": "2026-01-02T17:31:09.620808Z",
  "order_id": "702021921042072493",
  "stage": "Decision Making",
  "model_version": "ollama:qwen2.5:1.5b+ensemble_v1.0",
  "input_features": {
    "tech_returns_1": 0.01234110823151724,
    "tech_returns_5": -0.3075409029400955,
    "tech_returns_15": -0.4911591355599154,
    "tech_returns_60": -0.16015769372920152,
    "tech_returns_240": 1.1482775836245684,
    "tech_returns_1440": 3.2789009849663056,
    "tech_rsi_14": 33.65855708928004,
    "tech_rsi_7": 18.927774451110423,
    "tech_macd": -0.04199633711044726,
    "tech_macd_signal": 0.0069111023846677305,
    "tech_macd_hist": -0.04890743949511499,
    "tech_stoch_k": 5.660377358490768,
    "tech_stoch_d": 5.644654088050227,
    "tech_ema_cross_9_21": -1.0,
    "tech_ema_cross_50_200": 1.0,
    "tech_ema_9": 81.20850686708663,
    "tech_ema_21": 81.2791932415261,
    "tech_ema_50": 81.22283705843826,
    "tech_price_ema_9_pct": -0.20749903376799436,
    "tech_price_ema_21_pct": -0.29428594451635115,
    "tech_adx": 34.31914930171344,
    "tech_adx_7": 68.16916939565596,
    "tech_adx_10": 49.38133858265548,
    "tech_adx_roc_5": 13.299854829617114,
    "tech_adx_slope_3": 4.802941482397406,
    "tech_adx_deceleration": 0.47931444252904853,
    "tech_plus_di": 10.077840447958998,
    "tech_minus_di": 44.85474205904803,
    "tech_di_crossover": 0.0,
    "tech_atr_14": 0.09070436753905303,
    "tech_atr_pct": 0.11192542884878212,
    "tech_atr_14_avg": 0.10797022460099412,
    "tech_bb_upper": 81.58398921081255,
    "tech_bb_lower": 81.07301078918744,
    "tech_bb_width": 0.6282894946114972,
    "tech_bb_position": -0.06460309827260795,
    "tech_volatility_20": 0.012612198349513454,
    "tech_volume_ratio": 0.09078050119281356,
    "tech_obv": 8052.699999999999,
    "tech_momentum_10": -0.35999999999999943,
    "tech_roc_10": -0.4422604422604448,
    "tech_high_low_range": 0.012339585389937211,
    "tech_body_ratio": 0.9999999900000002,
    "tech_swing_high_10": 81.52,
    "tech_swing_low_10": 81.01,
    "tech_price_vs_swing_high": -0.5888125613346293,
    "tech_price_vs_swing_low": 0.037032465127763405,
    "tech_swing_break_up": 0.0,
    "tech_swing_break_down": 0.0,
    "tech_volume_spike": 0.0,
    "tech_volume_spike_ratio": 0.09078050119281356,
    "micro_ob_best_bid_price": 81.05,
    "micro_ob_best_ask_price": 81.06,
    "micro_ob_best_bid_size": 3484.8,
    "micro_ob_best_ask_size": 3796.9,
    "micro_ob_spread_absolute": 0.010000000000005116,
    "micro_ob_spread_percentage": 0.012337301832095632,
    "micro_ob_bid_ask_size_ratio": 0.9178013642708526,
    "micro_ob_orderbook_imbalance_5": -0.31720172663882146,
    "micro_ob_orderbook_imbalance_10": -0.3912898584337417,
    "micro_ob_orderbook_imbalance_20": -0.3957935057142458,
    "micro_ob_orderbook_vwap": 81.08897555296856,
    "micro_ob_buy_impact_0.1": -1.753127894794227e-14,
    "micro_ob_sell_impact_0.1": 0.0,
    "micro_ob_buy_impact_1.0": 0.0,
    "micro_ob_sell_impact_1.0": 0.0,
    "micro_ob_buy_impact_10.0": 0.0,
    "micro_ob_sell_impact_10.0": 0.0,
    "micro_ob_bid_depth_concentration": 0.563958960028176,
    "micro_ob_ask_depth_concentration": 0.47094652180541713,
    "micro_ob_bid_levels": 15,
    "micro_ob_ask_levels": 15,
    "micro_ob_total_bid_volume": 17319.7,
    "micro_ob_total_ask_volume": 40010.7,
    "micro_ob_total_orderbook_volume": 57330.399999999994,
    "micro_ob_order_flow_imbalance": -0.3957935057142458,
    "micro_ob_depth_imbalance_1": -0.04286087040114257,
    "micro_ob_depth_imbalance_5": -0.31720172663882146,
    "micro_ob_depth_imbalance_10": -0.3912898584337417,
    "micro_ob_depth_imbalance_20": -0.3957935057142458,
    "micro_fr_funding_rate_current": 0.0001,
    "micro_fr_funding_rate_abs": 0.0001,
    "micro_fr_funding_rate_mean": 8.231949999999998e-05,
    "micro_fr_funding_rate_std": 2.0124401078044534e-05,
    "micro_fr_funding_rate_min": 4.676e-05,
    "micro_fr_funding_rate_max": 0.0001,
    "micro_fr_funding_rate_skew": -0.47002628331979135,
    "micro_fr_funding_rate_kurtosis": -1.5554448808132548,
    "micro_fr_funding_rate_trend": -9.234190815370753e-21,
    "micro_fr_funding_rate_change": 0.0,
    "micro_fr_funding_rate_change_abs": 0.0,
    "micro_fr_funding_rate_positive": 1.0,
    "micro_fr_funding_rate_negative": 0.0,
    "micro_fr_funding_rate_high": 0.0,
    "micro_fr_funding_rate_extreme": 0.0,
    "micro_fr_hours_to_next_funding": 0.0,
    "micro_fr_funding_imminent": 1.0,
    "micro_vp_volume_current": 129.872,
    "micro_vp_volume_mean": 493.91535,
    "micro_vp_volume_std": 363.11352500248114,
    "micro_vp_volume_max": 2499.42,
    "micro_vp_volume_sum": 49391.534999999996,
    "micro_vp_volume_ratio": 0.2629438425025665,
    "micro_vp_large_volume_trade": 0.0,
    "micro_vp_recent_vwap": 81.14267793843621,
    "micro_vp_price_vwap_deviation_pct": 0.033671629108079776,
    "micro_vp_price_clustering": 0.07301474839999032,
    "micro_vp_volume_trend": 2.4582242424242398,
    "micro_of_order_flow_imbalance": -0.3957935057142458,
    "micro_of_trade_flow_buy_pressure": 0.3021032471428771,
    "micro_of_trade_flow_sell_pressure": 0.6978967528571229,
    "micro_of_kyles_lambda_buy": 0.0,
    "micro_of_kyles_lambda_sell": 0.0,
    "micro_of_kyles_lambda_avg": 0.0,
    "micro_of_amihud_illiquidity": 0.1296563354136667,
    "micro_of_spread_dynamics_current": 0.012337301832095632,
    "micro_micro_funding_arbitrage": 0.0,
    "micro_micro_orderbook_pressure": -1.0,
    "micro_micro_liquidity_score": 1.0,
    "micro_micro_volume_spike": 0.0,
    "micro_micro_oi_divergence": 0.0,
    "micro_micro_composite_score": 0.5,
    "fee_maker_rate": 0.0002,
    "fee_taker_rate": 0.0008,
    "fee_round_trip_cost": 0.0016,
    "fee_breakeven_move_pct": 0.16,
    "fee_net_profit_threshold": 0.16
  },
  "output_prediction": {
    "signal": "SHORT",
    "confidence": 0.49302355896150296,
    "raw_model_outputs": {
      "xgboost": 0.12720005214214325,
      "lightgbm": 0.155366063705976,
      "lstm": 0.36190930008888245,
      "random_forest": 0.4300468047382936,
      "weighted_average": 0.2534882205192485
    }
  },
  "regime_info": {
    "regime": "trending",
    "regime_confidence": 0.7118297916205613,
    "atr_ratio": 0.8400868653765668,
    "adx_value": 34.31914930171344,
    "is_exhausted": false,
    "is_weakening": false,
    "leverage_tier": "normal_volatility"
  },
  "explanation": "The short position in LTCUSDT is based on a combination of RSI at 33.7, MACD at -0.0420, and ADX at 34.3, indicating overbought conditions that suggest potential for price correction. The ensemble model predicts a slight positive trend (0.25).",
  "symbol": "cmt_ltcusdt",
  "position_size": 0.2,
  "risk_validation": {
    "checks_performed": [
      "Wash trading check: Same direction - allowed",
      "Risk check: Order passes all risk checks (leverage: 4x, risk: 7.02%)",
      "Trading status: Trading allowed within risk limits",
      "Leverage set: 4x"
    ],
    "all_checks_passed": true
  },
  "execution_details": {
    "order_type": "1",
    "side": "OPEN_SHORT",
    "price": 81.0,
    "leverage": 4,
    "client_oid": "e751b5fd-4952-4567-b15d-59057730a795",
    "symbol": "cmt_ltcusdt",
    "maker_fee_rate": 0.0002,
    "taker_fee_rate": 0.0008,
    "estimated_entry_fee": 0.05184,
    "estimated_exit_fee": 0.05184,
    "total_estimated_fees": 0.10368
  },
  "log_metadata": {
    "log_version": "2.3",
    "competition": "WEEX_AI_Trading_Hackathon_2025",
    "bot_name": "AlphaStrike",
    "compliance_status": "MANDATORY",
    "deepseek_enabled": true
  },
  "weex_response": {
    "code": "00000",
    "msg": "success",
    "request_time": 1767375069708,
    "data": "upload success",
    "upload_attempted": true,
    "upload_success": true,
    "upload_timestamp": "2026-01-02T17:31:09.620892Z",
    "error_details": null
  }
}