{
  "timestamp": "2026-01-02T06:24:37.689902Z",
  "order_id": "701854182142903213",
  "stage": "Decision Making",
  "model_version": "ollama:qwen2.5:1.5b+ensemble_v1.0",
  "input_features": {
    "tech_returns_1": -0.0016557716889464835,
    "tech_returns_5": 0.042406432525732285,
    "tech_returns_15": 0.1831349923859582,
    "tech_returns_60": 0.323926722791823,
    "tech_returns_240": 1.2815782765606354,
    "tech_returns_1440": 1.1689274654337576,
    "tech_rsi_14": 65.3170125229143,
    "tech_rsi_7": 69.94171750638009,
    "tech_macd": 1.257828192958641,
    "tech_macd_signal": 1.0904073289337464,
    "tech_macd_hist": 0.16742086402489464,
    "tech_stoch_k": 98.45857418111895,
    "tech_stoch_d": 94.1436190254485,
    "tech_ema_cross_9_21": 1.0,
    "tech_ema_cross_50_200": 1.0,
    "tech_ema_9": 3018.4740404316753,
    "tech_ema_21": 3017.271371526762,
    "tech_ema_50": 3015.2617661126524,
    "tech_price_ema_9_pct": 0.04028391670881524,
    "tech_price_ema_21_pct": 0.0801594611628964,
    "tech_adx": 26.995728614991645,
    "tech_adx_7": 37.77366942545768,
    "tech_adx_10": 30.854985906893873,
    "tech_adx_roc_5": -2.96489767065135,
    "tech_adx_slope_3": 1.584388921056231,
    "tech_adx_deceleration": 2.433690605438514,
    "tech_plus_di": 35.32812550486507,
    "tech_minus_di": 16.412465313785475,
    "tech_di_crossover": 0.0,
    "tech_atr_14": 1.0401693251604547,
    "tech_atr_pct": 0.0344462287572716,
    "tech_atr_14_avg": 1.171285979277653,
    "tech_bb_upper": 3020.955647447133,
    "tech_bb_lower": 3012.565352552867,
    "tech_bb_width": 0.2781226714638413,
    "tech_bb_position": 0.8491534012710635,
    "tech_volatility_20": 0.005013334743246782,
    "tech_volume_ratio": 0.8492891609446536,
    "tech_obv": -357.37900000000377,
    "tech_momentum_10": 3.7800000000002,
    "tech_roc_10": 0.12533530509863944,
    "tech_high_low_range": 0.009272474989161141,
    "tech_body_ratio": 0.178571428506551,
    "tech_swing_high_10": 3019.77,
    "tech_swing_low_10": 3016.19,
    "tech_price_vs_swing_high": -0.00264920838341752,
    "tech_price_vs_swing_low": 0.11604043511847728,
    "tech_swing_break_up": 0.0,
    "tech_swing_break_down": 0.0,
    "tech_volume_spike": 0.0,
    "tech_volume_spike_ratio": 0.8492891609446536,
    "micro_ob_best_bid_price": 3019.47,
    "micro_ob_best_ask_price": 3019.48,
    "micro_ob_best_bid_size": 45.346,
    "micro_ob_best_ask_size": 41.076,
    "micro_ob_spread_absolute": 0.010000000000218279,
    "micro_ob_spread_percentage": 0.0003311834010951665,
    "micro_ob_bid_ask_size_ratio": 1.1039536468984321,
    "micro_ob_orderbook_imbalance_5": -0.005861046313987974,
    "micro_ob_orderbook_imbalance_10": 1.9565259924460302e-05,
    "micro_ob_orderbook_imbalance_20": 0.016719152911168607,
    "micro_ob_orderbook_vwap": 3019.473588659975,
    "micro_ob_buy_impact_0.1": 0.0,
    "micro_ob_sell_impact_0.1": 0.0,
    "micro_ob_buy_impact_1.0": 0.0,
    "micro_ob_sell_impact_1.0": 0.0,
    "micro_ob_buy_impact_10.0": 0.0,
    "micro_ob_sell_impact_10.0": 0.0,
    "micro_ob_bid_depth_concentration": 0.46658340943850884,
    "micro_ob_ask_depth_concentration": 0.48813912212437705,
    "micro_ob_bid_levels": 15,
    "micro_ob_ask_levels": 15,
    "micro_ob_total_bid_volume": 181.766,
    "micro_ob_total_ask_volume": 175.788,
    "micro_ob_total_orderbook_volume": 357.554,
    "micro_ob_order_flow_imbalance": 0.016719152911168607,
    "micro_ob_depth_imbalance_1": 0.04940871537340025,
    "micro_ob_depth_imbalance_5": -0.005861046313987974,
    "micro_ob_depth_imbalance_10": 1.9565259924460302e-05,
    "micro_ob_depth_imbalance_20": 0.016719152911168607,
    "micro_fr_funding_rate_current": 2.612e-05,
    "micro_fr_funding_rate_abs": 2.612e-05,
    "micro_fr_funding_rate_mean": 2.6034090909090916e-05,
    "micro_fr_funding_rate_std": 1.659432156686325e-06,
    "micro_fr_funding_rate_min": 2.325e-05,
    "micro_fr_funding_rate_max": 2.872e-05,
    "micro_fr_funding_rate_skew": 0.13532087971748474,
    "micro_fr_funding_rate_kurtosis": -1.0292551440485491,
    "micro_fr_funding_rate_trend": -6.820000000000025e-07,
    "micro_fr_funding_rate_change": 9.000000000000083e-08,
    "micro_fr_funding_rate_change_abs": 9.000000000000083e-08,
    "micro_fr_funding_rate_positive": 1.0,
    "micro_fr_funding_rate_negative": 0.0,
    "micro_fr_funding_rate_high": 0.0,
    "micro_fr_funding_rate_extreme": 0.0,
    "micro_fr_hours_to_next_funding": 0.0,
    "micro_fr_funding_imminent": 1.0,
    "micro_vp_volume_current": 102.67048,
    "micro_vp_volume_mean": 2028.5968320999998,
    "micro_vp_volume_std": 9089.309810870971,
    "micro_vp_volume_max": 72590.5683,
    "micro_vp_volume_sum": 202859.68321,
    "micro_vp_volume_ratio": 0.05061157464872688,
    "micro_vp_large_volume_trade": 0.0,
    "micro_vp_recent_vwap": 3019.599045465286,
    "micro_vp_price_vwap_deviation_pct": 0.004005648859089127,
    "micro_vp_price_clustering": 0.0,
    "micro_vp_volume_trend": 3.239335999999999,
    "micro_of_order_flow_imbalance": 0.016719152911168607,
    "micro_of_trade_flow_buy_pressure": 0.5083595764555844,
    "micro_of_trade_flow_sell_pressure": 0.49164042354441573,
    "micro_of_kyles_lambda_buy": 0.0,
    "micro_of_kyles_lambda_sell": 0.0,
    "micro_of_kyles_lambda_avg": 0.0,
    "micro_of_amihud_illiquidity": 0.05758796447228895,
    "micro_of_spread_dynamics_current": 0.0003311834010951665,
    "micro_micro_funding_arbitrage": 0.0,
    "micro_micro_orderbook_pressure": 0.0,
    "micro_micro_liquidity_score": 0.75,
    "micro_micro_volume_spike": 0.0,
    "micro_micro_oi_divergence": 0.0,
    "micro_micro_composite_score": 0.15000000000000002,
    "fee_maker_rate": 0.0002,
    "fee_taker_rate": 0.0008,
    "fee_round_trip_cost": 0.0016,
    "fee_breakeven_move_pct": 0.16,
    "fee_net_profit_threshold": 0.16
  },
  "output_prediction": {
    "signal": "SHORT",
    "confidence": 0.5130249915411185,
    "raw_model_outputs": {
      "xgboost": 0.14400126039981842,
      "lightgbm": 0.07111722793613083,
      "lstm": 0.43001866340637207,
      "random_forest": 0.37501575146818644,
      "weighted_average": 0.2434875042294408
    }
  },
  "regime_info": {
    "regime": "trend_weakening",
    "regime_confidence": 0.5303564318729147,
    "atr_ratio": 0.8880575227255263,
    "adx_value": 26.995728614991645,
    "is_exhausted": false,
    "is_weakening": true,
    "leverage_tier": "normal_volatility"
  },
  "explanation": "The short ETHUSDT position is based on a RSI of 65.3, MACD at 1.2578, ADX at 27.0, and an ensemble average model predicting a loss of 0.24%. The high RSI suggests overbought conditions, while the low ADX indicates weak trend strength. The combination points to potential oversold market signals for ETHUSDT, warranting a short position with confidence.",
  "symbol": "cmt_ethusdt",
  "position_size": 0.005,
  "risk_validation": {
    "checks_performed": [
      "Wash trading check: No current position - any direction allowed",
      "Risk check: Order passes all risk checks (leverage: 4x, risk: 6.87%)",
      "Trading status: Trading allowed within risk limits",
      "Leverage set: 4x"
    ],
    "all_checks_passed": true
  },
  "execution_details": {
    "order_type": "1",
    "side": "OPEN_SHORT",
    "price": 3019.69,
    "leverage": 4,
    "client_oid": "7aca50dc-91ed-4926-88d7-788733140399",
    "symbol": "cmt_ethusdt",
    "maker_fee_rate": 0.0002,
    "taker_fee_rate": 0.0008,
    "estimated_entry_fee": 0.048315040000000004,
    "estimated_exit_fee": 0.048315040000000004,
    "total_estimated_fees": 0.09663008000000001
  },
  "log_metadata": {
    "log_version": "2.3",
    "competition": "WEEX_AI_Trading_Hackathon_2025",
    "bot_name": "AlphaStrike",
    "compliance_status": "MANDATORY",
    "deepseek_enabled": true
  },
  "weex_response": {
    "code": "00000",
    "msg": "success",
    "request_time": 1767335077763,
    "data": "upload success",
    "upload_attempted": true,
    "upload_success": true,