{
  "timestamp": "2026-01-02T21:18:24.720061Z",
  "order_id": "702079110930760621",
  "stage": "Decision Making",
  "model_version": "ollama:qwen2.5:1.5b+ensemble_v1.0",
  "input_features": {
    "tech_returns_1": -0.07743933918431534,
    "tech_returns_5": 0.05169294391313972,
    "tech_returns_15": 0.15523932729624157,
    "tech_returns_60": -0.2576655501159486,
    "tech_returns_240": -0.9467758444216989,
    "tech_returns_1440": 6.9539375928677485,
    "tech_rsi_14": 56.69136896000668,
    "tech_rsi_7": 60.57255851777414,
    "tech_macd": 0.0001999267604818611,
    "tech_macd_signal": 3.890287599907585e-05,
    "tech_macd_hist": 0.00016102388448278524,
    "tech_stoch_k": 77.77777777777743,
    "tech_stoch_d": 88.88888888888921,
    "tech_ema_cross_9_21": 1.0,
    "tech_ema_cross_50_200": 1.0,
    "tech_ema_9": 0.3869704072475786,
    "tech_ema_21": 0.3866786893371147,
    "tech_ema_50": 0.38673537998529195,
    "tech_price_ema_9_pct": 0.03348906014368766,
    "tech_price_ema_21_pct": 0.1089562664049486,
    "tech_adx": 42.073018492594734,
    "tech_adx_7": 65.48080925992947,
    "tech_adx_10": 56.09915885448574,
    "tech_adx_roc_5": 18.743136609905147,
    "tech_adx_slope_3": 1.8928993341078098,
    "tech_adx_deceleration": -2.195018832693865,
    "tech_plus_di": 34.48328396635144,
    "tech_minus_di": 14.082257856673555,
    "tech_di_crossover": 0.0,
    "tech_atr_14": 0.00036996289648220644,
    "tech_atr_pct": 0.09557295181663819,
    "tech_atr_14_avg": 0.0004659618263591017,
    "tech_bb_upper": 0.38764127746690447,
    "tech_bb_lower": 0.3853987225330955,
    "tech_bb_width": 0.5801911760863557,
    "tech_bb_position": 0.7586335751494364,
    "tech_volatility_20": 0.013348973046163703,
    "tech_volume_ratio": 0.16458001044504356,
    "tech_obv": 2805700.0,
    "tech_momentum_10": 0.0011999999999999789,
    "tech_roc_10": 0.3109613889608731,
    "tech_high_low_range": 0.07749935417205438,
    "tech_body_ratio": 0.9999996666667779,
    "tech_swing_high_10": 0.3875,
    "tech_swing_low_10": 0.3859,
    "tech_price_vs_swing_high": -0.10322580645161586,
    "tech_price_vs_swing_low": 0.3109613889608652,
    "tech_swing_break_up": 0.0,
    "tech_swing_break_down": 0.0,
    "tech_volume_spike": 0.0,
    "tech_volume_spike_ratio": 0.16458001044504356,
    "micro_ob_best_bid_price": 0.387,
    "micro_ob_best_ask_price": 0.3871,
    "micro_ob_best_bid_size": 945600.0,
    "micro_ob_best_ask_size": 858710.0,
    "micro_ob_spread_absolute": 9.999999999998899e-05,
    "micro_ob_spread_percentage": 0.025836455238338454,
    "micro_ob_bid_ask_size_ratio": 1.101186663716505,
    "micro_ob_orderbook_imbalance_5": 0.0840885904178924,
    "micro_ob_orderbook_imbalance_10": 0.21122710473751177,
    "micro_ob_orderbook_imbalance_20": 0.26814181462131004,
    "micro_ob_orderbook_vwap": 0.3868242097369397,
    "micro_ob_buy_impact_0.1": 0.0,
    "micro_ob_sell_impact_0.1": 0.0,
    "micro_ob_buy_impact_1.0": 0.0,
    "micro_ob_sell_impact_1.0": 0.0,
    "micro_ob_buy_impact_10.0": 0.0,
    "micro_ob_sell_impact_10.0": 0.0,
    "micro_ob_bid_depth_concentration": 0.3301008940292239,
    "micro_ob_ask_depth_concentration": 0.48325492004719167,
    "micro_ob_bid_levels": 15,
    "micro_ob_ask_levels": 15,
    "micro_ob_total_bid_volume": 13262430.0,
    "micro_ob_total_ask_volume": 7653890.0,
    "micro_ob_total_orderbook_volume": 20916320.0,
    "micro_ob_order_flow_imbalance": 0.26814181462131004,
    "micro_ob_depth_imbalance_1": 0.04815691316902306,
    "micro_ob_depth_imbalance_5": 0.0840885904178924,
    "micro_ob_depth_imbalance_10": 0.21122710473751177,
    "micro_ob_depth_imbalance_20": 0.26814181462131004,
    "micro_fr_funding_rate_current": 0.0001,
    "micro_fr_funding_rate_abs": 0.0001,
    "micro_fr_funding_rate_mean": 0.0001,
    "micro_fr_funding_rate_std": 0.0,
    "micro_fr_funding_rate_min": 0.0001,
    "micro_fr_funding_rate_max": 0.0001,
    "micro_fr_funding_rate_skew": 0.0,
    "micro_fr_funding_rate_kurtosis": 0.0,
    "micro_fr_funding_rate_trend": -9.234190815370753e-21,
    "micro_fr_funding_rate_change": 0.0,
    "micro_fr_funding_rate_change_abs": 0.0,
    "micro_fr_funding_rate_positive": 1.0,
    "micro_fr_funding_rate_negative": 0.0,
    "micro_fr_funding_rate_high": 0.0,
    "micro_fr_funding_rate_extreme": 0.0,
    "micro_fr_hours_to_next_funding": 0.0,
    "micro_fr_funding_imminent": 1.0,
    "micro_vp_volume_current": 61.984,
    "micro_vp_volume_mean": 61.67313000000001,
    "micro_vp_volume_std": 72.26658836165645,
    "micro_vp_volume_max": 375.875,
    "micro_vp_volume_sum": 6167.313000000001,
    "micro_vp_volume_ratio": 1.0050406068250468,
    "micro_vp_large_volume_trade": 0.0,
    "micro_vp_recent_vwap": 0.3873940402408634,
    "micro_vp_price_vwap_deviation_pct": 0.0015384230312208117,
    "micro_vp_price_clustering": 0.8200923681048784,
    "micro_vp_volume_trend": 8.897715151515156,
    "micro_of_order_flow_imbalance": 0.26814181462131004,
    "micro_of_trade_flow_buy_pressure": 0.6340709073106551,
    "micro_of_trade_flow_sell_pressure": 0.365929092689345,
    "micro_of_kyles_lambda_buy": 0.0,
    "micro_of_kyles_lambda_sell": 0.0,
    "micro_of_kyles_lambda_avg": 0.0,
    "micro_of_amihud_illiquidity": 0.9819644527671314,
    "micro_of_spread_dynamics_current": 0.025836455238338454,
    "micro_micro_funding_arbitrage": 0.0,
    "micro_micro_orderbook_pressure": 0.5,
    "micro_micro_liquidity_score": 1.0,
    "micro_micro_volume_spike": 0.0,
    "micro_micro_oi_divergence": 0.0,
    "micro_micro_composite_score": 0.35,
    "fee_maker_rate": 0.0002,
    "fee_taker_rate": 0.0008,
    "fee_round_trip_cost": 0.0016,
    "fee_breakeven_move_pct": 0.16,
    "fee_net_profit_threshold": 0.16
  },
  "output_prediction": {
    "signal": "SHORT",
    "confidence": 0.4517291667830573,
    "raw_model_outputs": {
      "xgboost": 0.15182356536388397,
      "lightgbm": 0.12809376501034642,
      "lstm": 0.47794991731643677,
      "random_forest": 0.38538712091218086,
      "weighted_average": 0.27413541660847135
    }
  },
  "regime_info": {
    "regime": "trending",
    "regime_confidence": 0.8048762219111367,
    "atr_ratio": 0.7939768357699929,
    "adx_value": 42.073018492594734,
    "is_exhausted": false,
    "is_weakening": false,
    "leverage_tier": "normal_volatility"
  },
  "explanation": "The short position in ADAUSDT is based on a combination of RSI at 56.7, MACD at 0.0002, and an ADX of 42.1 indicating overbought conditions. The ensemble average model predicts a slight positive outcome (0.27).",
  "symbol": "cmt_adausdt",
  "position_size": 50.0,
  "risk_validation": {
    "checks_performed": [
      "Wash trading check: Same direction - allowed",
      "Risk check: Order passes all risk checks (leverage: 3x, risk: 6.72%)",
      "Trading status: Trading allowed within risk limits",
      "Leverage set: 3x"
    ],
    "all_checks_passed": true
  },
  "execution_details": {
    "order_type": "1",
    "side": "OPEN_SHORT",
    "price": 0.3871,
    "leverage": 3,
    "client_oid": "748737d2-e2dd-4b18-8b1f-d38e3d353d88",
    "symbol": "cmt_adausdt",
    "maker_fee_rate": 0.0002,
    "taker_fee_rate": 0.0008,
    "estimated_entry_fee": 0.046452,
    "estimated_exit_fee": 0.046452,
    "total_estimated_fees": 0.092904
  },
  "log_metadata": {
    "log_version": "2.3",
    "competition": "WEEX_AI_Trading_Hackathon_2025",
    "bot_name": "AlphaStrike",
    "compliance_status": "MANDATORY",
    "deepseek_enabled": true
  },
  "weex_response": {
    "code": "00000",
    "msg": "success",
    "request_time": 1767388704812,
    "data": "upload success",
    "upload_attempted": true,
    "upload_success": true,
    "upload_timestamp": "2026-01-02T21:18:24.720147Z",
    "error_details": null
  }
}