{
  "timestamp": "2026-01-02T06:14:31.073064Z",
  "order_id": "701851638360441773",
  "stage": "Decision Making",
  "model_version": "ollama:qwen2.5:1.5b+exit_manager_v1",
  "input_features": {
    "tech_returns_1": 0.0,
    "tech_returns_5": 0.09355809393629677,
    "tech_returns_15": 0.06633521172541013,
    "tech_returns_60": 0.13707905445323743,
    "tech_returns_240": 1.292261205304679,
    "tech_returns_1440": 1.1689274654337576,
    "tech_rsi_14": 61.932330208501696,
    "tech_rsi_7": 67.90314236458488,
    "tech_macd": 0.7532547625432926,
    "tech_macd_signal": 0.6641186211995433,
    "tech_macd_hist": 0.08913614134374925,
    "tech_stoch_k": 79.25925925925321,
    "tech_stoch_d": 79.25925925925321,
    "tech_ema_cross_9_21": 1.0,
    "tech_ema_cross_50_200": 1.0,
    "tech_ema_9": 3015.9031932225957,
    "tech_ema_21": 3015.212274298589,
    "tech_ema_50": 3013.688973409827,
    "tech_price_ema_9_pct": 0.03603586414332966,
    "tech_price_ema_21_pct": 0.058958558790837196,
    "tech_adx": 29.674754941587253,
    "tech_adx_7": 50.1624687390035,
    "tech_adx_10": 36.597248686567646,
    "tech_adx_roc_5": 0.7132111864389543,
    "tech_adx_slope_3": 1.07475759848184,
    "tech_adx_deceleration": -0.15483197877043864,
    "tech_plus_di": 39.85774194573547,
    "tech_minus_di": 18.68698306124614,
    "tech_di_crossover": 0.0,
    "tech_atr_14": 0.9237333298302898,
    "tech_atr_pct": 0.030617712681523298,
    "tech_atr_14_avg": 1.1164468351276058,
    "tech_bb_upper": 3017.992813120922,
    "tech_bb_lower": 3013.0091868790773,
    "tech_bb_width": 0.16526694044687207,
    "tech_bb_position": 0.7987784251350352,
    "tech_volatility_20": 0.004690263285619262,
    "tech_volume_ratio": 0.012681126176722552,
    "tech_obv": -978.2470000000045,
    "tech_momentum_10": 1.5,
    "tech_roc_10": 0.049743159486514976,
    "tech_high_low_range": 0.0,
    "tech_body_ratio": 0.0,
    "tech_swing_high_10": 3017.0,
    "tech_swing_low_10": 3012.71,
    "tech_price_vs_swing_high": -0.0003314550878428332,
    "tech_price_vs_swing_low": 0.14206478552531593,
    "tech_swing_break_up": 0.0,
    "tech_swing_break_down": 0.0,
    "tech_volume_spike": 0.0,
    "tech_volume_spike_ratio": 0.012681126176722552,
    "micro_ob_best_bid_price": 3016.99,
    "micro_ob_best_ask_price": 3017.0,
    "micro_ob_best_bid_size": 90.881,
    "micro_ob_best_ask_size": 41.855,
    "micro_ob_spread_absolute": 0.010000000000218279,
    "micro_ob_spread_percentage": 0.0003314556371561199,
    "micro_ob_bid_ask_size_ratio": 2.171329590252061,
    "micro_ob_orderbook_imbalance_5": 0.08545316814505291,
    "micro_ob_orderbook_imbalance_10": 0.05648747733265526,
    "micro_ob_orderbook_imbalance_20": 0.06163793205794576,
    "micro_ob_orderbook_vwap": 3017.0001987460682,
    "micro_ob_buy_impact_0.1": -1.5072832313107858e-14,
    "micro_ob_sell_impact_0.1": 0.0,
    "micro_ob_buy_impact_1.0": 0.0,
    "micro_ob_sell_impact_1.0": 0.0,
    "micro_ob_buy_impact_10.0": 0.0,
    "micro_ob_sell_impact_10.0": 0.0,
    "micro_ob_bid_depth_concentration": 0.5960922542897529,
    "micro_ob_ask_depth_concentration": 0.5682171288025628,
    "micro_ob_bid_levels": 15,
    "micro_ob_ask_levels": 15,
    "micro_ob_total_bid_volume": 223.556,
    "micro_ob_total_ask_volume": 197.59699999999998,
    "micro_ob_total_orderbook_volume": 421.153,
    "micro_ob_order_flow_imbalance": 0.06163793205794576,
    "micro_ob_depth_imbalance_1": 0.3693496865959499,
    "micro_ob_depth_imbalance_5": 0.08545316814505291,
    "micro_ob_depth_imbalance_10": 0.05648747733265526,
    "micro_ob_depth_imbalance_20": 0.06163793205794576,
    "micro_fr_funding_rate_current": 2.703e-05,
    "micro_fr_funding_rate_abs": 2.703e-05,
    "micro_fr_funding_rate_mean": 2.6030000000000003e-05,
    "micro_fr_funding_rate_std": 1.7403160632482825e-06,
    "micro_fr_funding_rate_min": 2.325e-05,
    "micro_fr_funding_rate_max": 2.872e-05,
    "micro_fr_funding_rate_skew": 0.13609411011072262,
    "micro_fr_funding_rate_kurtosis": -1.2067101743198496,
    "micro_fr_funding_rate_trend": 7.499999999999698e-08,
    "micro_fr_funding_rate_change": -1.1799999999999989e-06,
    "micro_fr_funding_rate_change_abs": 1.1799999999999989e-06,
    "micro_fr_funding_rate_positive": 1.0,
    "micro_fr_funding_rate_negative": 0.0,
    "micro_fr_funding_rate_high": 0.0,
    "micro_fr_funding_rate_extreme": 0.0,
    "micro_fr_hours_to_next_funding": 0.0,
    "micro_fr_funding_imminent": 1.0,
    "micro_vp_volume_current": 90.5043,
    "micro_vp_volume_mean": 228.26400539999997,
    "micro_vp_volume_std": 1584.4004708167938,
    "micro_vp_volume_max": 15990.047,
    "micro_vp_volume_sum": 22826.40054,
    "micro_vp_volume_ratio": 0.39648958162021286,
    "micro_vp_large_volume_trade": 0.0,
    "micro_vp_recent_vwap": 3016.970730606333,
    "micro_vp_price_vwap_deviation_pct": -0.005327549409158103,
    "micro_vp_price_clustering": 0.0,
    "micro_vp_volume_trend": 2.3220295151515185,
    "micro_of_order_flow_imbalance": 0.06163793205794576,
    "micro_of_trade_flow_buy_pressure": 0.5308189660289728,
    "micro_of_trade_flow_sell_pressure": 0.46918103397102706,
    "micro_of_kyles_lambda_buy": 0.0,
    "micro_of_kyles_lambda_sell": 0.0,
    "micro_of_kyles_lambda_avg": 0.0,
    "micro_of_amihud_illiquidity": 0.07971551230785041,
    "micro_of_spread_dynamics_current": 0.0003314556371561199,
    "micro_micro_funding_arbitrage": 0.0,
    "micro_micro_orderbook_pressure": 0.0,
    "micro_micro_liquidity_score": 0.75,
    "micro_micro_volume_spike": 0.0,
    "micro_micro_oi_divergence": 0.0,
    "micro_micro_composite_score": 0.15000000000000002,
    "fee_maker_rate": 0.0002,
    "fee_taker_rate": 0.0008,
    "fee_round_trip_cost": 0.0016,
    "fee_breakeven_move_pct": 0.16,
    "fee_net_profit_threshold": 0.16,
    "exit_trigger": true,
    "exit_reason": "Trailing stop hit: 3016.35 >= 3015.76",
    "position_side": "SHORT",
    "entry_price": 3013.78,
    "exit_price": 3016.35,
    "position_size": 0.007,
    "hold_duration_hours": 0.08391002944444444
  },
  "output_prediction": {
    "signal": "EXIT_SHORT",
    "confidence": 1.0,
    "raw_model_outputs": {
      "action": "exit"
    }
  },
  "regime_info": {
    "regime": "unknown",
    "regime_confidence": 0.0,
    "atr_ratio": 1.0,
    "adx_value": 0.0,
    "is_exhausted": false,
    "is_weakening": false,
    "leverage_tier": "unknown"
  },
  "explanation": "The short position in ETHUSDT is exited due to a strong RSI at 61.9, MACD at 0.7533, ADX at 29.7, with no models triggering. The technical setup suggests a reversal towards bulls, indicating a favorable entry point for the opposite trade.",
  "symbol": "cmt_ethusdt",
  "position_size": 0.007,
  "risk_validation": {
    "checks_performed": [
      "Risk check: Close order - bypassing risk checks for position exit",
      "Trading status: Trading allowed within risk limits",
      "Leverage set: 3x"
    ],
    "all_checks_passed": true
  },
  "execution_details": {
    "order_type": "1",
    "side": "CLOSE_SHORT",
    "price": 3016.35,
    "leverage": 3,
    "client_oid": "029d25a5-e68d-4ecc-8e96-51b7a003e031",
    "symbol": "cmt_ethusdt",
    "maker_fee_rate": 0.0002,
    "taker_fee_rate": 0.0008,
    "estimated_entry_fee": 0.05067468,
    "estimated_exit_fee": 0.05067468,
    "total_estimated_fees": 0.10134936
  },
  "log_metadata": {
    "log_version": "2.3",
    "competition": "WEEX_AI_Trading_Hackathon_2025",
    "bot_name": "AlphaStrike",
    "compliance_status": "MANDATORY",
    "deepseek_enabled": true
  },
  "weex_response": {
    "code": "00000",
    "msg": "success",
    "request_time": 1767334471153,
    "data": "upload success",
    "upload_attempted": true,
    "upload_success": true,
    "upload_timestamp": "2026-01-02T06:14:31.073152Z",
    "error_details": null
  }
}