{
  "timestamp": "2026-01-02T21:29:52.093684Z",
  "order_id": "702081993654928301",
  "stage": "Decision Making",
  "model_version": "ollama:qwen2.5:1.5b+ensemble_v1.0",
  "input_features": {
    "tech_returns_1": 0.0,
    "tech_returns_5": 0.06146281499694872,
    "tech_returns_15": 0.11068749231337716,
    "tech_returns_60": 0.2216202905688247,
    "tech_returns_240": 0.2833559196747659,
    "tech_returns_1440": 3.2789009849663056,
    "tech_rsi_14": 64.41840876845075,
    "tech_rsi_7": 64.6464794218329,
    "tech_macd": 0.049310539041869106,
    "tech_macd_signal": 0.04404081816330383,
    "tech_macd_hist": 0.005269720878565275,
    "tech_stoch_k": 77.77777777778128,
    "tech_stoch_d": 83.33333333333732,
    "tech_ema_cross_9_21": 1.0,
    "tech_ema_cross_50_200": 1.0,
    "tech_ema_9": 81.38263338087845,
    "tech_ema_21": 81.33528651215265,
    "tech_ema_50": 81.27981155911516,
    "tech_price_ema_9_pct": 0.021339465682171783,
    "tech_price_ema_21_pct": 0.07956385306110333,
    "tech_adx": 48.63514925490833,
    "tech_adx_7": 56.901412593833456,
    "tech_adx_10": 55.85859001342659,
    "tech_adx_roc_5": 10.139462274204746,
    "tech_adx_slope_3": -0.7452282789510427,
    "tech_adx_deceleration": -2.324273820546292,
    "tech_plus_di": 42.05158678008742,
    "tech_minus_di": 16.29781531691275,
    "tech_di_crossover": 0.0,
    "tech_atr_14": 0.032950311693332936,
    "tech_atr_pct": 0.0404794983947579,
    "tech_atr_14_avg": 0.04318837255752223,
    "tech_bb_upper": 81.44419599763867,
    "tech_bb_lower": 81.22380400236133,
    "tech_bb_width": 0.2709715436070266,
    "tech_bb_position": 0.7994664117312826,
    "tech_volatility_20": 0.00518196040507493,
    "tech_volume_ratio": 0.6851119894598157,
    "tech_obv": 33217.19999999999,
    "tech_momentum_10": 0.10000000000000853,
    "tech_roc_10": 0.12300123001232066,
    "tech_high_low_range": 0.012285012285001113,
    "tech_body_ratio": 0.0,
    "tech_swing_high_10": 81.44,
    "tech_swing_low_10": 81.29,
    "tech_price_vs_swing_high": -0.04911591355598237,
    "tech_price_vs_swing_low": 0.13531799729363936,
    "tech_swing_break_up": 0.0,
    "tech_swing_break_down": 0.0,
    "tech_volume_spike": 0.0,
    "tech_volume_spike_ratio": 0.6851119894598157,
    "micro_ob_best_bid_price": 81.39,
    "micro_ob_best_ask_price": 81.4,
    "micro_ob_best_bid_size": 3921.3,
    "micro_ob_best_ask_size": 3885.5,
    "micro_ob_spread_absolute": 0.010000000000005116,
    "micro_ob_spread_percentage": 0.012285766939007452,
    "micro_ob_bid_ask_size_ratio": 1.0092137434049673,
    "micro_ob_orderbook_imbalance_5": -0.07690014903129659,
    "micro_ob_orderbook_imbalance_10": -0.012023865115660282,
    "micro_ob_orderbook_imbalance_20": -0.009438768901285864,
    "micro_ob_orderbook_vwap": 81.39078404261704,
    "micro_ob_buy_impact_0.1": 0.0,
    "micro_ob_sell_impact_0.1": 0.0,
    "micro_ob_buy_impact_1.0": 0.0,
    "micro_ob_sell_impact_1.0": 0.0,
    "micro_ob_buy_impact_10.0": 0.0,
    "micro_ob_sell_impact_10.0": 0.0,
    "micro_ob_bid_depth_concentration": 0.566988649242411,
    "micro_ob_ask_depth_concentration": 0.6490863361051227,
    "micro_ob_bid_levels": 15,
    "micro_ob_ask_levels": 15,
    "micro_ob_total_bid_volume": 22941.2,
    "micro_ob_total_ask_volume": 23378.4,
    "micro_ob_total_orderbook_volume": 46319.600000000006,
    "micro_ob_order_flow_imbalance": -0.009438768901285864,
    "micro_ob_depth_imbalance_1": 0.004585745760106597,
    "micro_ob_depth_imbalance_5": -0.07690014903129659,
    "micro_ob_depth_imbalance_10": -0.012023865115660282,
    "micro_ob_depth_imbalance_20": -0.009438768901285864,
    "micro_fr_funding_rate_current": 0.0001,
    "micro_fr_funding_rate_abs": 0.0001,
    "micro_fr_funding_rate_mean": 8.250879999999999e-05,
    "micro_fr_funding_rate_std": 2.025884978373649e-05,
    "micro_fr_funding_rate_min": 4.676e-05,
    "micro_fr_funding_rate_max": 0.0001,
    "micro_fr_funding_rate_skew": -0.4741763807222084,
    "micro_fr_funding_rate_kurtosis": -1.561713482653855,
    "micro_fr_funding_rate_trend": -9.234190815370753e-21,
    "micro_fr_funding_rate_change": 0.0,
    "micro_fr_funding_rate_change_abs": 0.0,
    "micro_fr_funding_rate_positive": 1.0,
    "micro_fr_funding_rate_negative": 0.0,
    "micro_fr_funding_rate_high": 0.0,
    "micro_fr_funding_rate_extreme": 0.0,
    "micro_fr_hours_to_next_funding": 0.0,
    "micro_fr_funding_imminent": 1.0,
    "micro_vp_volume_current": 447.645,
    "micro_vp_volume_mean": 471.0954899999999,
    "micro_vp_volume_std": 671.495199817266,
    "micro_vp_volume_max": 6920.7,
    "micro_vp_volume_sum": 47109.54899999999,
    "micro_vp_volume_ratio": 0.950221365948547,
    "micro_vp_large_volume_trade": 0.0,
    "micro_vp_recent_vwap": 81.40582277172724,
    "micro_vp_price_vwap_deviation_pct": -0.019436904128606432,
    "micro_vp_price_clustering": 0.48853196874637517,
    "micro_vp_volume_trend": 12.277812121212131,
    "micro_of_order_flow_imbalance": -0.009438768901285864,
    "micro_of_trade_flow_buy_pressure": 0.49528061554935704,
    "micro_of_trade_flow_sell_pressure": 0.5047193844506429,
    "micro_of_kyles_lambda_buy": 0.0,
    "micro_of_kyles_lambda_sell": 0.0,
    "micro_of_kyles_lambda_avg": 0.0,
    "micro_of_amihud_illiquidity": 0.047216705438331494,
    "micro_of_spread_dynamics_current": 0.012285766939007452,
    "micro_micro_funding_arbitrage": 0.0,
    "micro_micro_orderbook_pressure": 0.0,
    "micro_micro_liquidity_score": 1.0,
    "micro_micro_volume_spike": 0.0,
    "micro_micro_oi_divergence": 0.0,
    "micro_micro_composite_score": 0.2,
    "fee_maker_rate": 0.0002,
    "fee_taker_rate": 0.0008,
    "fee_round_trip_cost": 0.0016,
    "fee_breakeven_move_pct": 0.16,
    "fee_net_profit_threshold": 0.16
  },
  "output_prediction": {
    "signal": "SHORT",
    "confidence": 0.529843175465666,
    "raw_model_outputs": {
      "xgboost": 0.21492445468902588,
      "lightgbm": 0.23768984380842276,
      "lstm": 0.21331757307052612,
      "random_forest": 0.2892460933024491,
      "weighted_average": 0.23507841226716703
    }
  },
  "regime_info": {
    "regime": "trend_weakening",
    "regime_confidence": 0.7510785224000649,
    "atr_ratio": 0.7629440458643514,
    "adx_value": 48.63514925490833,
    "is_exhausted": false,
    "is_weakening": true,
    "leverage_tier": "normal_volatility"
  },
  "explanation": "LTCUSDT short position based on RSI at 64.4, MACD at 0.0493, ADX at 48.6, and ensemble model average of 0.24. The high RSI suggests overbought conditions, while the low MACD and weak ADX indicate a possible bearish reversal.",
  "symbol": "cmt_ltcusdt",
  "position_size": 0.2,
  "risk_validation": {
    "checks_performed": [
      "Wash trading check: Same direction - allowed",
      "Risk check: Order passes all risk checks (leverage: 3x, risk: 7.20%)",
      "Trading status: Trading allowed within risk limits",
      "Leverage set: 3x"
    ],
    "all_checks_passed": true
  },
  "execution_details": {
    "order_type": "1",
    "side": "OPEN_SHORT",
    "price": 81.4,
    "leverage": 3,
    "client_oid": "eb1e10de-9d51-4fde-a96f-3e1257ecbe48",
    "symbol": "cmt_ltcusdt",
    "maker_fee_rate": 0.0002,
    "taker_fee_rate": 0.0008,
    "estimated_entry_fee": 0.039072,
    "estimated_exit_fee": 0.039072,
    "total_estimated_fees": 0.078144
  },
  "log_metadata": {
    "log_version": "2.3",
    "competition": "WEEX_AI_Trading_Hackathon_2025",
    "bot_name": "AlphaStrike",
    "compliance_status": "MANDATORY",
    "deepseek_enabled": true
  },
  "weex_response": {
    "code": "00000",
    "msg": "success",
    "request_time": 1767389392184,
    "data": "upload success",
    "upload_attempted": true,
    "upload_success": true,
    "upload_timestamp": "2026-01-02T21:29:52.093769Z",
    "error_details": null
  }
}