{
  "timestamp": "2026-01-02T07:30:07.028642Z",
  "order_id": "701870663601750957",
  "stage": "Decision Making",
  "model_version": "ollama:qwen2.5:1.5b+ensemble_v1.0",
  "input_features": {
    "tech_returns_1": -0.00011254024721019107,
    "tech_returns_5": -0.07410914398877644,
    "tech_returns_15": -0.13677430665990364,
    "tech_returns_60": -0.04263461683402525,
    "tech_returns_240": 1.0496508745195365,
    "tech_returns_1440": 1.217343697426279,
    "tech_rsi_14": 39.00669659638261,
    "tech_rsi_7": 34.0084828301012,
    "tech_macd": -24.125649917696137,
    "tech_macd_signal": -11.971788623737192,
    "tech_macd_hist": -12.153861293958945,
    "tech_stoch_k": 26.504693539480098,
    "tech_stoch_d": 17.71020393038612,
    "tech_ema_cross_9_21": -1.0,
    "tech_ema_cross_50_200": 1.0,
    "tech_ema_9": 88889.88427557604,
    "tech_ema_21": 88919.62052366101,
    "tech_ema_50": 88921.68665752301,
    "tech_price_ema_9_pct": -0.036994395756095096,
    "tech_price_ema_21_pct": -0.07042374145574348,
    "tech_adx": 64.15902881042841,
    "tech_adx_7": 87.01810658990621,
    "tech_adx_10": 77.58776520959492,
    "tech_adx_roc_5": 16.64226114725153,
    "tech_adx_slope_3": 3.098818231807389,
    "tech_adx_deceleration": 0.0885241701276378,
    "tech_plus_di": 4.125924143829127,
    "tech_minus_di": 44.02521452403914,
    "tech_di_crossover": 0.0,
    "tech_atr_14": 33.82547207689716,
    "tech_atr_pct": 0.038067312734952966,
    "tech_atr_14_avg": 27.66454788767839,
    "tech_bb_upper": 89042.04043084069,
    "tech_bb_lower": 88834.42956915934,
    "tech_bb_width": 0.23343263072551806,
    "tech_bb_position": 0.10871507712972836,
    "tech_volatility_20": 0.00614455296538464,
    "tech_volume_ratio": 0.004686775898174137,
    "tech_obv": -356.12349999999964,
    "tech_momentum_10": -118.69999999999709,
    "tech_roc_10": -0.1334072111823792,
    "tech_high_low_range": 0.00022508074771496856,
    "tech_body_ratio": 0.49999999978637977,
    "tech_swing_high_10": 88975.7,
    "tech_swing_low_10": 88809.0,
    "tech_price_vs_swing_high": -0.13340721118237575,
    "tech_price_vs_swing_low": 0.05404857615782184,
    "tech_swing_break_up": 0.0,
    "tech_swing_break_down": 0.0,
    "tech_volume_spike": 0.0,
    "tech_volume_spike_ratio": 0.004686775898174137,
    "micro_ob_best_bid_price": 88856.9,
    "micro_ob_best_ask_price": 88857.0,
    "micro_ob_best_bid_size": 2.7641,
    "micro_ob_best_ask_size": 2.6355,
    "micro_ob_spread_absolute": 0.10000000000582077,
    "micro_ob_spread_percentage": 0.00011254043719238706,
    "micro_ob_bid_ask_size_ratio": 1.0487952950104344,
    "micro_ob_orderbook_imbalance_5": -0.014186971214724156,
    "micro_ob_orderbook_imbalance_10": -0.005125996486961276,
    "micro_ob_orderbook_imbalance_20": -0.004931013511096218,
    "micro_ob_orderbook_vwap": 88857.10064771652,
    "micro_ob_buy_impact_0.1": 0.0,
    "micro_ob_sell_impact_0.1": 0.0,
    "micro_ob_buy_impact_1.0": 0.0,
    "micro_ob_sell_impact_1.0": 0.0,
    "micro_ob_buy_impact_10.0": 0.0002366915380944431,
    "micro_ob_sell_impact_10.0": 0.00015454624231632836,
    "micro_ob_bid_depth_concentration": 0.3661998837536776,
    "micro_ob_ask_depth_concentration": 0.37304276110857304,
    "micro_ob_bid_levels": 15,
    "micro_ob_ask_levels": 15,
    "micro_ob_total_bid_volume": 33.3774,
    "micro_ob_total_ask_volume": 33.7082,
    "micro_ob_total_orderbook_volume": 67.0856,
    "micro_ob_order_flow_imbalance": -0.004931013511096218,
    "micro_ob_depth_imbalance_1": 0.023816579005852295,
    "micro_ob_depth_imbalance_5": -0.014186971214724156,
    "micro_ob_depth_imbalance_10": -0.005125996486961276,
    "micro_ob_depth_imbalance_20": -0.004931013511096218,
    "micro_fr_funding_rate_current": 3.991e-05,
    "micro_fr_funding_rate_abs": 3.991e-05,
    "micro_fr_funding_rate_mean": 3.761057142857143e-05,
    "micro_fr_funding_rate_std": 2.139226753301486e-06,
    "micro_fr_funding_rate_min": 3.387e-05,
    "micro_fr_funding_rate_max": 4.09e-05,
    "micro_fr_funding_rate_skew": -0.3020124066697678,
    "micro_fr_funding_rate_kurtosis": -1.0474665181770886,
    "micro_fr_funding_rate_trend": -1.7999999999998874e-08,
    "micro_fr_funding_rate_change": 6.000000000000281e-08,
    "micro_fr_funding_rate_change_abs": 6.000000000000281e-08,
    "micro_fr_funding_rate_positive": 1.0,
    "micro_fr_funding_rate_negative": 0.0,
    "micro_fr_funding_rate_high": 0.0,
    "micro_fr_funding_rate_extreme": 0.0,
    "micro_fr_hours_to_next_funding": 0.0,
    "micro_fr_funding_imminent": 1.0,
    "micro_vp_volume_current": 17769.1,
    "micro_vp_volume_mean": 22281.8137479,
    "micro_vp_volume_std": 64124.49854604881,
    "micro_vp_volume_max": 253637.41696,
    "micro_vp_volume_sum": 2228181.37479,
    "micro_vp_volume_ratio": 0.7974709869242439,
    "micro_vp_large_volume_trade": 0.0,
    "micro_vp_recent_vwap": 88857.1293744918,
    "micro_vp_price_vwap_deviation_pct": -0.013087722475008777,
    "micro_vp_price_clustering": 0.005225021178935929,
    "micro_vp_volume_trend": 965.8313498181814,
    "micro_of_order_flow_imbalance": -0.004931013511096218,
    "micro_of_trade_flow_buy_pressure": 0.49753449324445187,
    "micro_of_trade_flow_sell_pressure": 0.5024655067555481,
    "micro_of_kyles_lambda_buy": 2.366915380944431e-05,
    "micro_of_kyles_lambda_sell": 1.5454624231632837e-05,
    "micro_of_kyles_lambda_avg": 1.9561889020538573e-05,
    "micro_of_amihud_illiquidity": 0.023734617225684766,
    "micro_of_spread_dynamics_current": 0.00011254043719238706,
    "micro_micro_funding_arbitrage": 0.0,
    "micro_micro_orderbook_pressure": 0.0,
    "micro_micro_liquidity_score": 0.5,
    "micro_micro_volume_spike": 0.0,
    "micro_micro_oi_divergence": 0.0,
    "micro_micro_composite_score": 0.1,
    "fee_maker_rate": 0.0002,
    "fee_taker_rate": 0.0008,
    "fee_round_trip_cost": 0.0016,
    "fee_breakeven_move_pct": 0.16,
    "fee_net_profit_threshold": 0.16
  },
  "output_prediction": {
    "signal": "SHORT",
    "confidence": 0.47338268859570376,
    "raw_model_outputs": {
      "xgboost": 0.09262191504240036,
      "lightgbm": 0.019178589483982662,
      "lstm": 0.7059018015861511,
      "random_forest": 0.27125991338418237,
      "weighted_average": 0.2633086557021481
    }
  },
  "regime_info": {
    "regime": "trend_exhaustion",
    "regime_confidence": 0.7867277695165728,
    "atr_ratio": 1.2227010618150316,
    "adx_value": 64.15902881042841,
    "is_exhausted": true,
    "is_weakening": false,
    "leverage_tier": "elevated_volatility"
  },
  "explanation": "BTCUSDT short position is justified by a RSI of 39, MACD at -24, ADX at 64, an ensemble model average of 0.26, indicating overbought conditions and potential for correction. The bearish divergence from the MACD suggests selling pressure ahead.",
  "symbol": "cmt_btcusdt",
  "position_size": 0.0003,
  "risk_validation": {
    "checks_performed": [
      "Wash trading check: No current position - any direction allowed",
      "Risk check: Order passes all risk checks (leverage: 2x, risk: 6.94%)",
      "Trading status: Trading allowed within risk limits",
      "Leverage set: 2x"
    ],
    "all_checks_passed": true
  },
  "execution_details": {
    "order_type": "1",
    "side": "OPEN_SHORT",
    "price": 88857.0,
    "leverage": 2,
    "client_oid": "b9ea036d-5e23-41bb-ba02-bc5e1ea2906d",
    "symbol": "cmt_btcusdt",
    "maker_fee_rate": 0.0002,
    "taker_fee_rate": 0.0008,
    "estimated_entry_fee": 0.04265136,
    "estimated_exit_fee": 0.04265136,
    "total_estimated_fees": 0.08530272
  },
  "log_metadata": {
    "log_version": "2.3",
    "competition": "WEEX_AI_Trading_Hackathon_2025",
    "bot_name": "AlphaStrike",
    "compliance_status": "MANDATORY",
    "deepseek_enabled": true
  },
  "weex_response": {
    "code": "00000",
    "msg": "success",
    "request_time": 1767339007103,
    "data": "upload success",
    "upload_attempted": true,
    "upload_success": true,