{
  "timestamp": "2026-01-02T21:05:59.239795Z",
  "order_id": "702075981002703789",
  "stage": "Decision Making",
  "model_version": "ollama:qwen2.5:1.5b+ensemble_v1.0",
  "input_features": {
    "tech_returns_1": 0.00512904352956145,
    "tech_returns_5": -0.002564324476794777,
    "tech_returns_15": 0.10203852435608507,
    "tech_returns_60": -0.06118735504042627,
    "tech_returns_240": -0.627518435344887,
    "tech_returns_1440": 1.1689274654337576,
    "tech_rsi_14": 54.211108274511766,
    "tech_rsi_7": 60.13543224424539,
    "tech_macd": 0.17335546226695442,
    "tech_macd_signal": -0.5509760267744467,
    "tech_macd_hist": 0.7243314890414011,
    "tech_stoch_k": 82.59041211101993,
    "tech_stoch_d": 84.55284552845701,
    "tech_ema_cross_9_21": 1.0,
    "tech_ema_cross_50_200": 1.0,
    "tech_ema_9": 3118.662914172998,
    "tech_ema_21": 3118.030271452458,
    "tech_ema_50": 3118.804411482253,
    "tech_price_ema_9_pct": 0.031650930355955884,
    "tech_price_ema_21_pct": 0.051947171981361104,
    "tech_adx": 28.72259336404187,
    "tech_adx_7": 43.867647806754526,
    "tech_adx_10": 36.56552454510165,
    "tech_adx_roc_5": -1.5006169366089495,
    "tech_adx_slope_3": -1.6559325318436038,
    "tech_adx_deceleration": -2.4475932334552013,
    "tech_plus_di": 26.188044443320784,
    "tech_minus_di": 22.376514885862168,
    "tech_di_crossover": 0.0,
    "tech_atr_14": 2.230317294488022,
    "tech_atr_pct": 0.07149254866693448,
    "tech_atr_14_avg": 2.419517312248481,
    "tech_bb_upper": 3122.5677405222773,
    "tech_bb_lower": 3110.8742594777227,
    "tech_bb_width": 0.37518536450823076,
    "tech_bb_position": 0.7504814425097192,
    "tech_volatility_20": 0.008211288697146336,
    "tech_volume_ratio": 0.47524008423900577,
    "tech_obv": 123038.4159999998,
    "tech_momentum_10": 9.550000000000182,
    "tech_roc_10": 0.3070640815407977,
    "tech_high_low_range": 0.05737823153238227,
    "tech_body_ratio": 0.08379888267693526,
    "tech_swing_high_10": 3121.72,
    "tech_swing_low_10": 3109.83,
    "tech_price_vs_swing_high": -0.06630959855463363,
    "tech_price_vs_swing_low": 0.3157728879070613,
    "tech_swing_break_up": 0.0,
    "tech_swing_break_down": 0.0,
    "tech_volume_spike": 0.0,
    "tech_volume_spike_ratio": 0.47524008423900577,
    "micro_ob_best_bid_price": 3119.12,
    "micro_ob_best_ask_price": 3119.13,
    "micro_ob_best_bid_size": 44.79,
    "micro_ob_best_ask_size": 42.515,
    "micro_ob_spread_absolute": 0.010000000000218279,
    "micro_ob_spread_percentage": 0.00032060273314529807,
    "micro_ob_bid_ask_size_ratio": 1.053510525696813,
    "micro_ob_orderbook_imbalance_5": 0.08723614873475873,
    "micro_ob_orderbook_imbalance_10": 0.1870081467523831,
    "micro_ob_orderbook_imbalance_20": 0.14866670098930482,
    "micro_ob_orderbook_vwap": 3119.111614525605,
    "micro_ob_buy_impact_0.1": 0.0,
    "micro_ob_sell_impact_0.1": -1.4579347729053842e-14,
    "micro_ob_buy_impact_1.0": 0.0,
    "micro_ob_sell_impact_1.0": 0.0,
    "micro_ob_buy_impact_10.0": 0.0,
    "micro_ob_sell_impact_10.0": 0.0,
    "micro_ob_bid_depth_concentration": 0.4326841419917341,
    "micro_ob_ask_depth_concentration": 0.4901171932192168,
    "micro_ob_bid_levels": 15,
    "micro_ob_ask_levels": 15,
    "micro_ob_total_bid_volume": 211.956,
    "micro_ob_total_ask_volume": 157.091,
    "micro_ob_total_orderbook_volume": 369.047,
    "micro_ob_order_flow_imbalance": 0.14866670098930482,
    "micro_ob_depth_imbalance_1": 0.02605807227535649,
    "micro_ob_depth_imbalance_5": 0.08723614873475873,
    "micro_ob_depth_imbalance_10": 0.1870081467523831,
    "micro_ob_depth_imbalance_20": 0.14866670098930482,
    "micro_fr_funding_rate_current": 5.428e-05,
    "micro_fr_funding_rate_abs": 5.428e-05,
    "micro_fr_funding_rate_mean": 8.966450000000001e-05,
    "micro_fr_funding_rate_std": 1.3403684446822824e-05,
    "micro_fr_funding_rate_min": 5.428e-05,
    "micro_fr_funding_rate_max": 0.0001,
    "micro_fr_funding_rate_skew": -0.9527752618296101,
    "micro_fr_funding_rate_kurtosis": -0.2524113548434297,
    "micro_fr_funding_rate_trend": -1.8009999999999979e-06,
    "micro_fr_funding_rate_change": -3.5999999999999655e-07,
    "micro_fr_funding_rate_change_abs": 3.5999999999999655e-07,
    "micro_fr_funding_rate_positive": 1.0,
    "micro_fr_funding_rate_negative": 0.0,
    "micro_fr_funding_rate_high": 0.0,
    "micro_fr_funding_rate_extreme": 0.0,
    "micro_fr_hours_to_next_funding": 0.0,
    "micro_fr_funding_imminent": 1.0,
    "micro_vp_volume_current": 21.83454,
    "micro_vp_volume_mean": 3037.3006856000006,
    "micro_vp_volume_std": 9468.154458238656,
    "micro_vp_volume_max": 50091.99048,
    "micro_vp_volume_sum": 303730.06856000004,
    "micro_vp_volume_ratio": 0.007188797639798615,
    "micro_vp_large_volume_trade": 0.0,
    "micro_vp_recent_vwap": 3119.0831211029918,
    "micro_vp_price_vwap_deviation_pct": 0.004388433770230587,
    "micro_vp_price_clustering": 1.0439502921719976,
    "micro_vp_volume_trend": -2939.806084181816,
    "micro_of_order_flow_imbalance": 0.14866670098930482,
    "micro_of_trade_flow_buy_pressure": 0.5743333504946524,
    "micro_of_trade_flow_sell_pressure": 0.42566664950534755,
    "micro_of_kyles_lambda_buy": 0.0,
    "micro_of_kyles_lambda_sell": 0.0,
    "micro_of_kyles_lambda_avg": 0.0,
    "micro_of_amihud_illiquidity": 0.15589709373850455,
    "micro_of_spread_dynamics_current": 0.00032060273314529807,
    "micro_micro_funding_arbitrage": 0.0,
    "micro_micro_orderbook_pressure": 0.5,
    "micro_micro_liquidity_score": 0.75,
    "micro_micro_volume_spike": 0.0,
    "micro_micro_oi_divergence": 0.0,
    "micro_micro_composite_score": 0.30000000000000004,
    "fee_maker_rate": 0.0002,
    "fee_taker_rate": 0.0008,
    "fee_round_trip_cost": 0.0016,
    "fee_breakeven_move_pct": 0.16,
    "fee_net_profit_threshold": 0.16
  },
  "output_prediction": {
    "signal": "SHORT",
    "confidence": 0.5982433298386084,
    "raw_model_outputs": {
      "xgboost": 0.12662914395332336,
      "lightgbm": 0.08651883788884683,
      "lstm": 0.2469748705625534,
      "random_forest": 0.397580816458663,
      "weighted_average": 0.2008783350806958
    }
  },
  "regime_info": {
    "regime": "trending",
    "regime_confidence": 0.6446711203685024,
    "atr_ratio": 0.9218025773972934,
    "adx_value": 28.72259336404187,
    "is_exhausted": false,
    "is_weakening": false,
    "leverage_tier": "normal_volatility"
  },
  "explanation": "The short position in ETHUSDT is justified by a RSI of 54.2, indicating overbought conditions; MACD at 0.1734 suggests potential reversal; ADX at 28.7 shows moderate strength; ensemble average models predict a slight upward trend. The combination of these factors points to a possible bearish market move ahead, warranting the short trade with high confidence.",
  "symbol": "cmt_ethusdt",
  "position_size": 0.004,
  "risk_validation": {
    "checks_performed": [
      "Wash trading check: Same direction - allowed",
      "Risk check: Order passes all risk checks (leverage: 5x, risk: 7.01%)",
      "Trading status: Trading allowed within risk limits",
      "Leverage set: 5x"
    ],
    "all_checks_passed": true
  },
  "execution_details": {
    "order_type": "1",
    "side": "OPEN_SHORT",
    "price": 3119.65,
    "leverage": 5,
    "client_oid": "ef867f1c-a78d-47a6-82ce-870a7147106c",
    "symbol": "cmt_ethusdt",
    "maker_fee_rate": 0.0002,
    "taker_fee_rate": 0.0008,
    "estimated_entry_fee": 0.049914400000000005,
    "estimated_exit_fee": 0.049914400000000005,
    "total_estimated_fees": 0.09982880000000001
  },
  "log_metadata": {
    "log_version": "2.3",
    "competition": "WEEX_AI_Trading_Hackathon_2025",
    "bot_name": "AlphaStrike",
    "compliance_status": "MANDATORY",
    "deepseek_enabled": true
  },
  "weex_response": {
    "code": "00000",
    "msg": "success",
    "request_time": 1767387959314,
    "data": "upload success",
    "upload_attempted": true,