{
  "timestamp": "2026-01-02T23:52:07.602135Z",
  "order_id": "702117794224800685",
  "stage": "Decision Making",
  "model_version": "ollama:qwen2.5:1.5b+ensemble_v1.0",
  "input_features": {
    "tech_returns_1": -0.02210412001576456,
    "tech_returns_5": -0.034913628807253794,
    "tech_returns_15": -0.03139134111497244,
    "tech_returns_60": -0.5192544920773035,
    "tech_returns_240": -0.025627062177646653,
    "tech_returns_1440": 1.1689274654337576,
    "tech_rsi_14": 34.63546650968277,
    "tech_rsi_7": 30.578653414089302,
    "tech_macd": -1.3315443315073026,
    "tech_macd_signal": -1.2508152343605354,
    "tech_macd_hist": -0.08072909714676713,
    "tech_stoch_k": 24.770642201834317,
    "tech_stoch_d": 30.79947575360434,
    "tech_ema_cross_9_21": -1.0,
    "tech_ema_cross_50_200": -1.0,
    "tech_ema_9": 3122.0731588089657,
    "tech_ema_21": 3123.244809586624,
    "tech_ema_50": 3125.746239598676,
    "tech_price_ema_9_pct": -0.03757627541992411,
    "tech_price_ema_21_pct": -0.07507607406971542,
    "tech_adx": 36.32352112542386,
    "tech_adx_7": 65.26146722656111,
    "tech_adx_10": 49.15780812775537,
    "tech_adx_roc_5": 5.036682097806096,
    "tech_adx_slope_3": 1.8777204666022733,
    "tech_adx_deceleration": -0.006577996430394251,
    "tech_plus_di": 14.059102489961223,
    "tech_minus_di": 42.62780732327825,
    "tech_di_crossover": 0.0,
    "tech_atr_14": 1.3492180560994915,
    "tech_atr_pct": 0.0432316977826746,
    "tech_atr_14_avg": 1.5168137399134878,
    "tech_bb_upper": 3126.1936501508303,
    "tech_bb_lower": 3119.9033498491694,
    "tech_bb_width": 0.20141538953560484,
    "tech_bb_position": 0.1584423800192012,
    "tech_volatility_20": 0.004361140680789668,
    "tech_volume_ratio": 0.395553331363765,
    "tech_obv": 117908.86999999995,
    "tech_momentum_10": -4.7599999999997635,
    "tech_roc_10": -0.15228783680886204,
    "tech_high_low_range": 0.022749847800315175,
    "tech_body_ratio": 0.9718309857786424,
    "tech_swing_high_10": 3125.79,
    "tech_swing_low_10": 3119.01,
    "tech_price_vs_swing_high": -0.15644045185376731,
    "tech_price_vs_swing_low": 0.06059615070166086,
    "tech_swing_break_up": 0.0,
    "tech_swing_break_down": 0.0,
    "tech_volume_spike": 0.0,
    "tech_volume_spike_ratio": 0.395553331363765,
    "micro_ob_best_bid_price": 3120.89,
    "micro_ob_best_ask_price": 3120.9,
    "micro_ob_best_bid_size": 47.884,
    "micro_ob_best_ask_size": 45.491,
    "micro_ob_spread_absolute": 0.010000000000218279,
    "micro_ob_spread_percentage": 0.00032042090490767166,
    "micro_ob_bid_ask_size_ratio": 1.0526038117429821,
    "micro_ob_orderbook_imbalance_5": -0.045496474929169146,
    "micro_ob_orderbook_imbalance_10": -0.029957116445344573,
    "micro_ob_orderbook_imbalance_20": -0.11097477189237426,
    "micro_ob_orderbook_vwap": 3120.895384532768,
    "micro_ob_buy_impact_0.1": 0.0,
    "micro_ob_sell_impact_0.1": 0.0,
    "micro_ob_buy_impact_1.0": 0.0,
    "micro_ob_sell_impact_1.0": 0.0,
    "micro_ob_buy_impact_10.0": 0.0,
    "micro_ob_sell_impact_10.0": 0.0,
    "micro_ob_bid_depth_concentration": 0.4957338565252603,
    "micro_ob_ask_depth_concentration": 0.4345137307342988,
    "micro_ob_bid_levels": 15,
    "micro_ob_ask_levels": 15,
    "micro_ob_total_bid_volume": 175.334,
    "micro_ob_total_ask_volume": 219.107,
    "micro_ob_total_orderbook_volume": 394.44100000000003,
    "micro_ob_order_flow_imbalance": -0.11097477189237426,
    "micro_ob_depth_imbalance_1": 0.02562784471218207,
    "micro_ob_depth_imbalance_5": -0.045496474929169146,
    "micro_ob_depth_imbalance_10": -0.029957116445344573,
    "micro_ob_depth_imbalance_20": -0.11097477189237426,
    "micro_fr_funding_rate_current": 5.112e-05,
    "micro_fr_funding_rate_abs": 5.112e-05,
    "micro_fr_funding_rate_mean": 7.332579999999998e-05,
    "micro_fr_funding_rate_std": 1.9649037542841636e-05,
    "micro_fr_funding_rate_min": 4.596e-05,
    "micro_fr_funding_rate_max": 0.0001,
    "micro_fr_funding_rate_skew": 0.07064487491043052,
    "micro_fr_funding_rate_kurtosis": -1.4770116620025104,
    "micro_fr_funding_rate_trend": 5.15999999999996e-07,
    "micro_fr_funding_rate_change": -3.5000000000000173e-07,
    "micro_fr_funding_rate_change_abs": 3.5000000000000173e-07,
    "micro_fr_funding_rate_positive": 1.0,
    "micro_fr_funding_rate_negative": 0.0,
    "micro_fr_funding_rate_high": 0.0,
    "micro_fr_funding_rate_extreme": 0.0,
    "micro_fr_hours_to_next_funding": 0.0,
    "micro_fr_funding_imminent": 1.0,
    "micro_vp_volume_current": 74.91816,
    "micro_vp_volume_mean": 3560.0219493000004,
    "micro_vp_volume_std": 20205.320809171397,
    "micro_vp_volume_max": 146948.84925,
    "micro_vp_volume_sum": 356002.19493000006,
    "micro_vp_volume_ratio": 0.021044297216968284,
    "micro_vp_large_volume_trade": 0.0,
    "micro_vp_recent_vwap": 3121.594063153708,
    "micro_vp_price_vwap_deviation_pct": -0.00013016278303473313,
    "micro_vp_price_clustering": 2.7755575615628914e-17,
    "micro_vp_volume_trend": 0.3972932727272713,
    "micro_of_order_flow_imbalance": -0.11097477189237426,
    "micro_of_trade_flow_buy_pressure": 0.4445126140538128,
    "micro_of_trade_flow_sell_pressure": 0.5554873859461871,
    "micro_of_kyles_lambda_buy": 0.0,
    "micro_of_kyles_lambda_sell": 0.0,
    "micro_of_kyles_lambda_avg": 0.0,
    "micro_of_amihud_illiquidity": 0.08573723397669426,
    "micro_of_spread_dynamics_current": 0.00032042090490767166,
    "micro_micro_funding_arbitrage": 0.0,
    "micro_micro_orderbook_pressure": 0.0,
    "micro_micro_liquidity_score": 0.75,
    "micro_micro_volume_spike": 0.0,
    "micro_micro_oi_divergence": 0.0,
    "micro_micro_composite_score": 0.15000000000000002,
    "fee_maker_rate": 0.0002,
    "fee_taker_rate": 0.0008,
    "fee_round_trip_cost": 0.0016,
    "fee_breakeven_move_pct": 0.16,
    "fee_net_profit_threshold": 0.16
  },
  "output_prediction": {
    "signal": "SHORT",
    "confidence": 0.45042264652721453,
    "raw_model_outputs": {
      "xgboost": 0.2603681981563568,
      "lightgbm": 0.2486676583375934,
      "lstm": 0.3085308074951172,
      "random_forest": 0.2868929818047985,
      "weighted_average": 0.27478867673639273
    }
  },
  "regime_info": {
    "regime": "trending",
    "regime_confidence": 0.7358822535050863,
    "atr_ratio": 0.8895080658858251,
    "adx_value": 36.32352112542386,
    "is_exhausted": false,
    "is_weakening": false,
    "leverage_tier": "normal_volatility"
  },
  "explanation": "The short position in ETHUSDT is based on a combination of RSI at 34.6, MACD at -1.3315, and ADX at 36.3, indicating overbought conditions that suggest potential price correction. The ensemble model predicts an average profit of 0.27%, aligning with the short strategy's risk-reward profile.",
  "symbol": "cmt_ethusdt",
  "position_size": 0.005,
  "risk_validation": {
    "checks_performed": [
      "Wash trading check: Same direction - allowed",
      "Risk check: Order passes all risk checks (leverage: 4x, risk: 6.79%)",
      "Trading status: Trading allowed within risk limits",
      "Leverage set: 4x"
    ],
    "all_checks_passed": true
  },
  "execution_details": {
    "order_type": "1",
    "side": "OPEN_SHORT",
    "price": 3120.52,
    "leverage": 4,
    "client_oid": "58dd2bf9-ae29-429e-ae50-90cab87a9c86",
    "symbol": "cmt_ethusdt",
    "maker_fee_rate": 0.0002,
    "taker_fee_rate": 0.0008,
    "estimated_entry_fee": 0.049928320000000005,
    "estimated_exit_fee": 0.049928320000000005,
    "total_estimated_fees": 0.09985664000000001
  },
  "log_metadata": {
    "log_version": "2.3",
    "competition": "WEEX_AI_Trading_Hackathon_2025",
    "bot_name": "AlphaStrike",
    "compliance_status": "MANDATORY",
    "deepseek_enabled": true
  },
  "weex_response": {
    "code": "00000",
    "msg": "success",
    "request_time": 1767397927675,
    "data": "upload success",
    "upload_attempted": true,
    "upload_success": true,