{
  "timestamp": "2026-01-02T12:14:20.703433Z",
  "order_id": "701942189562790829",
  "stage": "Decision Making",
  "model_version": "ollama:qwen2.5:1.5b+ensemble_v1.0",
  "input_features": {
    "tech_returns_1": 0.0,
    "tech_returns_5": 0.05549389567147678,
    "tech_returns_15": 0.027739251040226343,
    "tech_returns_60": -0.5789909015715633,
    "tech_returns_240": 0.9801176141136958,
    "tech_returns_1440": 6.9539375928677485,
    "tech_rsi_14": 49.07422916911793,
    "tech_rsi_7": 52.933734547586994,
    "tech_macd": -7.743806569815437e-05,
    "tech_macd_signal": -0.00011029329919433684,
    "tech_macd_hist": 3.285523349618247e-05,
    "tech_stoch_k": 49.999999999995374,
    "tech_stoch_d": 44.44444444444033,
    "tech_ema_cross_9_21": -1.0,
    "tech_ema_cross_50_200": -1.0,
    "tech_ema_9": 0.36054989164110196,
    "tech_ema_21": 0.3605840405547761,
    "tech_ema_50": 0.3610058318421022,
    "tech_price_ema_9_pct": 0.013897760076958879,
    "tech_price_ema_21_pct": 0.004425998776682746,
    "tech_adx": 19.296668969100846,
    "tech_adx_7": 25.407792315337407,
    "tech_adx_10": 22.78705538756251,
    "tech_adx_roc_5": 1.2473589279474062,
    "tech_adx_slope_3": 0.7977265221794241,
    "tech_adx_deceleration": 0.7264349882166865,
    "tech_plus_di": 23.201735503627607,
    "tech_minus_di": 14.186793482023532,
    "tech_di_crossover": 0.0,
    "tech_atr_14": 0.00024337508173968413,
    "tech_atr_pct": 0.06749170320013426,
    "tech_atr_14_avg": 0.0003784572160923408,
    "tech_bb_upper": 0.36094831307278935,
    "tech_bb_lower": 0.36029168692721064,
    "tech_bb_width": 0.1820825649100741,
    "tech_bb_position": 0.46954126768376964,
    "tech_volatility_20": 0.008858943625208995,
    "tech_volume_ratio": 0.23917406326940185,
    "tech_obv": 8727160.0,
    "tech_momentum_10": -0.0001000000000000445,
    "tech_roc_10": -0.02772387025229417,
    "tech_high_low_range": 0.02773155851358541,
    "tech_body_ratio": 0.0,
    "tech_swing_high_10": 0.3608,
    "tech_swing_low_10": 0.3603,
    "tech_price_vs_swing_high": -0.05543237250555252,
    "tech_price_vs_swing_low": 0.08326394671106493,
    "tech_swing_break_up": 0.0,
    "tech_swing_break_down": 0.0,
    "tech_volume_spike": 0.0,
    "tech_volume_spike_ratio": 0.23917406326940185,
    "micro_ob_best_bid_price": 0.3606,
    "micro_ob_best_ask_price": 0.3607,
    "micro_ob_best_bid_size": 959160.0,
    "micro_ob_best_ask_size": 836670.0,
    "micro_ob_spread_absolute": 0.0001000000000000445,
    "micro_ob_spread_percentage": 0.0277277138500054,
    "micro_ob_bid_ask_size_ratio": 1.1464018071641149,
    "micro_ob_orderbook_imbalance_5": 0.06278524364367345,
    "micro_ob_orderbook_imbalance_10": 0.04462027262478221,
    "micro_ob_orderbook_imbalance_20": 0.03522492722871031,
    "micro_ob_orderbook_vwap": 0.36056449489255576,
    "micro_ob_buy_impact_0.1": 0.0,
    "micro_ob_sell_impact_0.1": 0.0,
    "micro_ob_buy_impact_1.0": 0.0,
    "micro_ob_sell_impact_1.0": 0.0,
    "micro_ob_buy_impact_10.0": 0.0,
    "micro_ob_sell_impact_10.0": 0.0,
    "micro_ob_bid_depth_concentration": 0.372821542518183,
    "micro_ob_ask_depth_concentration": 0.35277942500221393,
    "micro_ob_bid_levels": 15,
    "micro_ob_ask_levels": 15,
    "micro_ob_total_bid_volume": 9572140.0,
    "micro_ob_total_ask_volume": 8920730.0,
    "micro_ob_total_orderbook_volume": 18492870.0,
    "micro_ob_order_flow_imbalance": 0.03522492722871031,
    "micro_ob_depth_imbalance_1": 0.0682080152352951,
    "micro_ob_depth_imbalance_5": 0.06278524364367345,
    "micro_ob_depth_imbalance_10": 0.04462027262478221,
    "micro_ob_depth_imbalance_20": 0.03522492722871031,
    "micro_fr_funding_rate_current": 0.0001,
    "micro_fr_funding_rate_abs": 0.0001,
    "micro_fr_funding_rate_mean": 0.00010000000000000002,
    "micro_fr_funding_rate_std": 1.3552527156068805e-20,
    "micro_fr_funding_rate_min": 0.0001,
    "micro_fr_funding_rate_max": 0.0001,
    "micro_fr_funding_rate_skew": -1.0,
    "micro_fr_funding_rate_kurtosis": -2.0,
    "micro_fr_funding_rate_trend": -9.234190815370753e-21,
    "micro_fr_funding_rate_change": 0.0,
    "micro_fr_funding_rate_change_abs": 0.0,
    "micro_fr_funding_rate_positive": 1.0,
    "micro_fr_funding_rate_negative": 0.0,
    "micro_fr_funding_rate_high": 0.0,
    "micro_fr_funding_rate_extreme": 0.0,
    "micro_fr_hours_to_next_funding": 0.0,
    "micro_fr_funding_imminent": 1.0,
    "micro_vp_volume_current": 50.47,
    "micro_vp_volume_mean": 55.89166,
    "micro_vp_volume_std": 66.5020637030491,
    "micro_vp_volume_max": 346.176,
    "micro_vp_volume_sum": 5589.166,
    "micro_vp_volume_ratio": 0.9029969766508992,
    "micro_vp_large_volume_trade": 0.0,
    "micro_vp_recent_vwap": 0.3605913651160118,
    "micro_vp_price_vwap_deviation_pct": -0.025337577338388734,
    "micro_vp_price_clustering": 0.6041220933300181,
    "micro_vp_volume_trend": -14.94958181818182,
    "micro_of_order_flow_imbalance": 0.03522492722871031,
    "micro_of_trade_flow_buy_pressure": 0.5176124636143552,
    "micro_of_trade_flow_sell_pressure": 0.48238753638564486,
    "micro_of_kyles_lambda_buy": 0.0,
    "micro_of_kyles_lambda_sell": 0.0,
    "micro_of_kyles_lambda_avg": 0.0,
    "micro_of_amihud_illiquidity": 0.9966637911228184,
    "micro_of_spread_dynamics_current": 0.0277277138500054,
    "micro_micro_funding_arbitrage": 0.0,
    "micro_micro_orderbook_pressure": 0.0,
    "micro_micro_liquidity_score": 1.0,
    "micro_micro_volume_spike": 0.0,
    "micro_micro_oi_divergence": 0.0,
    "micro_micro_composite_score": 0.2,
    "fee_maker_rate": 0.0002,
    "fee_taker_rate": 0.0008,
    "fee_round_trip_cost": 0.0016,
    "fee_breakeven_move_pct": 0.16,
    "fee_net_profit_threshold": 0.16
  },
  "output_prediction": {
    "signal": "SHORT",
    "confidence": 0.48440271100918686,
    "raw_model_outputs": {
      "xgboost": 0.08789999783039093,
      "lightgbm": 0.044383273460996485,
      "lstm": 0.5000618696212769,
      "random_forest": 0.4765867931533144,
      "weighted_average": 0.25779864449540657
    }
  },
  "regime_info": {
    "regime": "ranging",
    "regime_confidence": 0.5351665515449577,
    "atr_ratio": 0.6430715848216312,
    "adx_value": 19.296668969100846,
    "is_exhausted": false,
    "is_weakening": false,
    "leverage_tier": "normal_volatility"
  },
  "explanation": "The short position in ADAUSDT is indicated by a RSI of 49.1, MACD at -0.0001, ADX at 19.3, and an ensemble average model score of 0.26. The high RSI suggests overbought conditions, while the low MACD and ADX indicate weak momentum support, leading to a bearish trend.",
  "symbol": "cmt_adausdt",
  "position_size": 90.0,
  "risk_validation": {
    "checks_performed": [
      "Wash trading check: No current position - any direction allowed",
      "Risk check: Order passes all risk checks (leverage: 2x, risk: 6.90%)",
      "Trading status: Trading allowed within risk limits",
      "Leverage set: 2x"
    ],
    "all_checks_passed": true
  },
  "execution_details": {
    "order_type": "1",
    "side": "OPEN_SHORT",
    "price": 0.3606,
    "leverage": 2,
    "client_oid": "7aa08614-414a-400c-a9cf-615e07939a55",
    "symbol": "cmt_adausdt",
    "maker_fee_rate": 0.0002,
    "taker_fee_rate": 0.0008,
    "estimated_entry_fee": 0.051926400000000004,
    "estimated_exit_fee": 0.051926400000000004,
    "total_estimated_fees": 0.10385280000000001
  },
  "log_metadata": {
    "log_version": "2.3",
    "competition": "WEEX_AI_Trading_Hackathon_2025",
    "bot_name": "AlphaStrike",
    "compliance_status": "MANDATORY",
    "deepseek_enabled": true
  },
  "weex_response": {
    "code": "00000",
    "msg": "success",
    "request_time": 1767356060803,
    "data": "upload success",
    "upload_attempted": true,
    "upload_success": true,
    "upload_timestamp": "2026-01-02T12:14:20.703540Z",
    "error_details": null
  }
}