{
  "timestamp": "2026-01-02T13:18:10.344924Z",
  "order_id": "701958254971847597",
  "stage": "Decision Making",
  "model_version": "ollama:qwen2.5:1.5b+exit_manager_v1",
  "input_features": {
    "tech_returns_1": -0.029857259333265773,
    "tech_returns_5": 0.08852813355100242,
    "tech_returns_15": 0.01033936079772868,
    "tech_returns_60": 0.18758919117984885,
    "tech_returns_240": 0.33192342710939293,
    "tech_returns_1440": 0.15519497816847133,
    "tech_rsi_14": 52.828054233264886,
    "tech_rsi_7": 54.38906899641759,
    "tech_macd": 0.03937091520595004,
    "tech_macd_signal": 0.0007661821190139686,
    "tech_macd_hist": 0.03860473308693607,
    "tech_stoch_k": 43.74999999999919,
    "tech_stoch_d": 57.95454545454471,
    "tech_ema_cross_9_21": 1.0,
    "tech_ema_cross_50_200": 1.0,
    "tech_ema_9": 870.4349769611598,
    "tech_ema_21": 870.3827020447607,
    "tech_ema_50": 870.306404624426,
    "tech_price_ema_9_pct": 0.013214432081040117,
    "tech_price_ema_21_pct": 0.019221194865920964,
    "tech_adx": 28.544207721788705,
    "tech_adx_7": 47.90093546562446,
    "tech_adx_10": 37.24879675590046,
    "tech_adx_roc_5": 1.1391916957547217,
    "tech_adx_slope_3": 1.5339040642661672,
    "tech_adx_deceleration": -1.8464120980307506,
    "tech_plus_di": 48.56152651362095,
    "tech_minus_di": 27.267080723786215,
    "tech_di_crossover": 0.0,
    "tech_atr_14": 0.32541161459858753,
    "tech_atr_pct": 0.03738000282563753,
    "tech_atr_14_avg": 0.28944755192265004,
    "tech_bb_upper": 871.2372963412216,
    "tech_bb_lower": 869.5577036587785,
    "tech_bb_width": 0.19296846354029873,
    "tech_bb_position": 0.5907958230551995,
    "tech_volatility_20": 0.0065320195607734294,
    "tech_volume_ratio": 0.7710720651897123,
    "tech_obv": 3035.9,
    "tech_momentum_10": 0.10999999999989996,
    "tech_roc_10": 0.012637286889383148,
    "tech_high_low_range": 0.031014875653320523,
    "tech_body_ratio": 0.9629629626063412,
    "tech_swing_high_10": 871.09,
    "tech_swing_low_10": 869.78,
    "tech_price_vs_swing_high": -0.06199129825851258,
    "tech_price_vs_swing_low": 0.08852813355101082,
    "tech_swing_break_up": 0.0,
    "tech_swing_break_down": 0.0,
    "tech_volume_spike": 0.0,
    "tech_volume_spike_ratio": 0.7710720651897123,
    "micro_ob_best_bid_price": 870.8,
    "micro_ob_best_ask_price": 870.81,
    "micro_ob_best_bid_size": 150.5,
    "micro_ob_best_ask_size": 166.3,
    "micro_ob_spread_absolute": 0.009999999999990905,
    "micro_ob_spread_percentage": 0.0011483627218482788,
    "micro_ob_bid_ask_size_ratio": 0.9049909801563439,
    "micro_ob_orderbook_imbalance_5": -0.34698081627397964,
    "micro_ob_orderbook_imbalance_10": -0.4200995925758261,
    "micro_ob_orderbook_imbalance_20": -0.3571428571428571,
    "micro_ob_orderbook_vwap": 870.8307122378149,
    "micro_ob_buy_impact_0.1": 0.0,
    "micro_ob_sell_impact_0.1": 0.0,
    "micro_ob_buy_impact_1.0": 0.0,
    "micro_ob_sell_impact_1.0": 0.0,
    "micro_ob_buy_impact_10.0": -1.3055297679357845e-14,
    "micro_ob_sell_impact_10.0": 0.0,
    "micro_ob_bid_depth_concentration": 0.49521577816832646,
    "micro_ob_ask_depth_concentration": 0.4838590324669319,
    "micro_ob_bid_levels": 15,
    "micro_ob_ask_levels": 15,
    "micro_ob_total_bid_volume": 512.1,
    "micro_ob_total_ask_volume": 1081.1,
    "micro_ob_total_orderbook_volume": 1593.1999999999998,
    "micro_ob_order_flow_imbalance": -0.3571428571428571,
    "micro_ob_depth_imbalance_1": -0.04987373737373741,
    "micro_ob_depth_imbalance_5": -0.34698081627397964,
    "micro_ob_depth_imbalance_10": -0.4200995925758261,
    "micro_ob_depth_imbalance_20": -0.3571428571428571,
    "micro_fr_funding_rate_current": 8.6e-05,
    "micro_fr_funding_rate_abs": 8.6e-05,
    "micro_fr_funding_rate_mean": 1.4597938144329895e-05,
    "micro_fr_funding_rate_std": 9.86770907717259e-05,
    "micro_fr_funding_rate_min": -0.000104,
    "micro_fr_funding_rate_max": 0.0001,
    "micro_fr_funding_rate_skew": -0.3117802000703652,
    "micro_fr_funding_rate_kurtosis": -1.8999825703140443,
    "micro_fr_funding_rate_trend": -3.900000000000003e-06,
    "micro_fr_funding_rate_change": -2.9999999999999916e-06,
    "micro_fr_funding_rate_change_abs": 2.9999999999999916e-06,
    "micro_fr_funding_rate_positive": 1.0,
    "micro_fr_funding_rate_negative": 0.0,
    "micro_fr_funding_rate_high": 0.0,
    "micro_fr_funding_rate_extreme": 0.0,
    "micro_fr_hours_to_next_funding": 0.0,
    "micro_fr_funding_imminent": 1.0,
    "micro_vp_volume_current": 522.492,
    "micro_vp_volume_mean": 451.08216,
    "micro_vp_volume_std": 235.4039005303319,
    "micro_vp_volume_max": 783.738,
    "micro_vp_volume_sum": 45108.216,
    "micro_vp_volume_ratio": 1.1583078346525608,
    "micro_vp_large_volume_trade": 0.0,
    "micro_vp_recent_vwap": 870.8149807259059,
    "micro_vp_price_vwap_deviation_pct": 0.0005763881197765277,
    "micro_vp_price_clustering": 0.0,
    "micro_vp_volume_trend": -7.388775757575766,
    "micro_of_order_flow_imbalance": -0.3571428571428571,
    "micro_of_trade_flow_buy_pressure": 0.32142857142857145,
    "micro_of_trade_flow_sell_pressure": 0.6785714285714286,
    "micro_of_kyles_lambda_buy": -1.3055297679357845e-15,
    "micro_of_kyles_lambda_sell": 0.0,
    "micro_of_kyles_lambda_avg": -6.527648839678922e-16,
    "micro_of_amihud_illiquidity": 0.02852873546100339,
    "micro_of_spread_dynamics_current": 0.0011483627218482788,
    "micro_micro_funding_arbitrage": 0.0,
    "micro_micro_orderbook_pressure": -1.0,
    "micro_micro_liquidity_score": 1.0,
    "micro_micro_volume_spike": 0.0,
    "micro_micro_oi_divergence": 0.0,
    "micro_micro_composite_score": 0.5,
    "fee_maker_rate": 0.0002,
    "fee_taker_rate": 0.0008,
    "fee_round_trip_cost": 0.0016,
    "fee_breakeven_move_pct": 0.16,
    "fee_net_profit_threshold": 0.16,
    "exit_trigger": true,
    "exit_reason": "Trailing stop hit: 870.92 >= 870.50",
    "position_side": "SHORT",
    "entry_price": 870.43,
    "exit_price": 870.92,
    "position_size": 0.1,
    "hold_duration_hours": 0.05230540111111111
  },
  "output_prediction": {
    "signal": "EXIT_SHORT",
    "confidence": 1.0,
    "raw_model_outputs": {
      "action": "exit"
    }
  },
  "regime_info": {
    "regime": "unknown",
    "regime_confidence": 0.0,
    "atr_ratio": 1.0,
    "adx_value": 0.0,
    "is_exhausted": false,
    "is_weakening": false,
    "leverage_tier": "unknown"
  },
  "explanation": "BNBUSDT EXIT_SHORT due to RSI at 52.8, MACD at 0.0394, ADX at 28.5, suggesting overbought condition with weak momentum and no clear trend reversal signals in short-term models.",
  "symbol": "cmt_bnbusdt",
  "position_size": 0.1,
  "risk_validation": {
    "checks_performed": [
      "Risk check: Close order - bypassing risk checks for position exit",
      "Trading status: Trading allowed within risk limits",
      "Leverage set: 3x"
    ],
    "all_checks_passed": true
  },
  "execution_details": {
    "order_type": "1",
    "side": "CLOSE_SHORT",
    "price": 870.92,
    "leverage": 3,
    "client_oid": "4ed4fb4d-b5eb-4e22-93f6-54b900fc72b1",
    "symbol": "cmt_bnbusdt",
    "maker_fee_rate": 0.0002,
    "taker_fee_rate": 0.0008,
    "estimated_entry_fee": 0.2090208,
    "estimated_exit_fee": 0.2090208,
    "total_estimated_fees": 0.4180416
  },
  "log_metadata": {
    "log_version": "2.3",
    "competition": "WEEX_AI_Trading_Hackathon_2025",
    "bot_name": "AlphaStrike",
    "compliance_status": "MANDATORY",
    "deepseek_enabled": true
  },
  "weex_response": {
    "code": "00000",
    "msg": "success",
    "request_time": 1767359890509,
    "data": "upload success",
    "upload_attempted": true,
    "upload_success": true,
    "upload_timestamp": "2026-01-02T13:18:10.345021Z",
    "error_details": null
  }
}