{
  "timestamp": "2026-01-02T09:58:32.784779Z",
  "order_id": "701908016303178669",
  "stage": "Decision Making",
  "model_version": "ollama:qwen2.5:1.5b+ensemble_v1.0",
  "input_features": {
    "tech_returns_1": 0.0041382256854127775,
    "tech_returns_5": 0.019128180059935218,
    "tech_returns_15": 0.260142181157641,
    "tech_returns_60": 0.3376607928576192,
    "tech_returns_240": 0.7897341326113194,
    "tech_returns_1440": 1.217343697426279,
    "tech_rsi_14": 65.12645012211405,
    "tech_rsi_7": 66.06782601112812,
    "tech_macd": 68.79875908662507,
    "tech_macd_signal": 58.508121189531096,
    "tech_macd_hist": 10.290637897093973,
    "tech_stoch_k": 81.37288720248324,
    "tech_stoch_d": 74.71806952310494,
    "tech_ema_cross_9_21": 1.0,
    "tech_ema_cross_50_200": 1.0,
    "tech_ema_9": 89370.20818258889,
    "tech_ema_21": 89302.0942835593,
    "tech_ema_50": 89219.32989992338,
    "tech_price_ema_9_pct": 0.04900046480997511,
    "tech_price_ema_21_pct": 0.12531141328597115,
    "tech_adx": 47.671636210837505,
    "tech_adx_7": 29.145235992133777,
    "tech_adx_10": 43.10058048559188,
    "tech_adx_roc_5": -9.062067130890007,
    "tech_adx_slope_3": -3.565610490718452,
    "tech_adx_deceleration": 0.23886020015370946,
    "tech_plus_di": 27.72664811457425,
    "tech_minus_di": 15.886612159784377,
    "tech_di_crossover": 0.0,
    "tech_atr_14": 60.85227061965971,
    "tech_atr_pct": 0.06805675914248295,
    "tech_atr_14_avg": 44.13287759960594,
    "tech_bb_upper": 89515.72456054777,
    "tech_bb_lower": 89041.03543945221,
    "tech_bb_width": 0.531695491221448,
    "tech_bb_position": 0.7857027767710537,
    "tech_volatility_20": 0.010117299582925574,
    "tech_volume_ratio": 0.16849713836092253,
    "tech_obv": 12.148899999998832,
    "tech_momentum_10": 171.6999999999971,
    "tech_roc_10": 0.1923975513853815,
    "tech_high_low_range": 0.01957187912407453,
    "tech_body_ratio": 0.21142857142719698,
    "tech_swing_high_10": 89468.0,
    "tech_swing_low_10": 89237.9,
    "tech_price_vs_swing_high": -0.06035677560692092,
    "tech_price_vs_swing_low": 0.19733767827347554,
    "tech_swing_break_up": 0.0,
    "tech_swing_break_down": 0.0,
    "tech_volume_spike": 0.0,
    "tech_volume_spike_ratio": 0.16849713836092253,
    "micro_ob_best_bid_price": 89414.0,
    "micro_ob_best_ask_price": 89414.1,
    "micro_ob_best_bid_size": 2.8649,
    "micro_ob_best_ask_size": 2.6494,
    "micro_ob_spread_absolute": 0.10000000000582077,
    "micro_ob_spread_percentage": 0.00011183924674681527,
    "micro_ob_bid_ask_size_ratio": 1.0813391711330866,
    "micro_ob_orderbook_imbalance_5": 0.0752260504948358,
    "micro_ob_orderbook_imbalance_10": 0.06466953554729325,
    "micro_ob_orderbook_imbalance_20": 0.04087662216238456,
    "micro_ob_orderbook_vwap": 89413.96173658177,
    "micro_ob_buy_impact_0.1": 0.0,
    "micro_ob_sell_impact_0.1": 1.6274761478478597e-14,
    "micro_ob_buy_impact_1.0": 0.0,
    "micro_ob_sell_impact_1.0": 0.0,
    "micro_ob_buy_impact_10.0": 0.0002763423218449626,
    "micro_ob_sell_impact_10.0": 0.00019524906614875134,
    "micro_ob_bid_depth_concentration": 0.3652198907732107,
    "micro_ob_ask_depth_concentration": 0.3408905872260782,
    "micro_ob_bid_levels": 15,
    "micro_ob_ask_levels": 15,
    "micro_ob_total_bid_volume": 34.79,
    "micro_ob_total_ask_volume": 32.0575,
    "micro_ob_total_orderbook_volume": 66.8475,
    "micro_ob_order_flow_imbalance": 0.04087662216238456,
    "micro_ob_depth_imbalance_1": 0.0390802096367626,
    "micro_ob_depth_imbalance_5": 0.0752260504948358,
    "micro_ob_depth_imbalance_10": 0.06466953554729325,
    "micro_ob_depth_imbalance_20": 0.04087662216238456,
    "micro_fr_funding_rate_current": 6.454e-05,
    "micro_fr_funding_rate_abs": 6.454e-05,
    "micro_fr_funding_rate_mean": 4.40921875e-05,
    "micro_fr_funding_rate_std": 9.106032078509485e-06,
    "micro_fr_funding_rate_min": 3.387e-05,
    "micro_fr_funding_rate_max": 6.454e-05,
    "micro_fr_funding_rate_skew": 0.8539756940846788,
    "micro_fr_funding_rate_kurtosis": -0.7383630974968822,
    "micro_fr_funding_rate_trend": 9.829999999999972e-07,
    "micro_fr_funding_rate_change": 1.3600000000000005e-06,
    "micro_fr_funding_rate_change_abs": 1.3600000000000005e-06,
    "micro_fr_funding_rate_positive": 1.0,
    "micro_fr_funding_rate_negative": 0.0,
    "micro_fr_funding_rate_high": 0.0,
    "micro_fr_funding_rate_extreme": 0.0,
    "micro_fr_hours_to_next_funding": 0.0,
    "micro_fr_funding_imminent": 1.0,
    "micro_vp_volume_current": 375.54636,
    "micro_vp_volume_mean": 6439.6532811,
    "micro_vp_volume_std": 23147.462754036278,
    "micro_vp_volume_max": 178146.78219,
    "micro_vp_volume_sum": 643965.32811,
    "micro_vp_volume_ratio": 0.05831779190693485,
    "micro_vp_large_volume_trade": 0.0,
    "micro_vp_recent_vwap": 89406.10191930522,
    "micro_vp_price_vwap_deviation_pct": 0.010847224615089777,
    "micro_vp_price_clustering": 0.17091172715833877,
    "micro_vp_volume_trend": -665.291308424242,
    "micro_of_order_flow_imbalance": 0.04087662216238456,
    "micro_of_trade_flow_buy_pressure": 0.5204383110811923,
    "micro_of_trade_flow_sell_pressure": 0.47956168891880774,
    "micro_of_kyles_lambda_buy": 2.763423218449626e-05,
    "micro_of_kyles_lambda_sell": 1.9524906614875135e-05,
    "micro_of_kyles_lambda_avg": 2.35795693996857e-05,
    "micro_of_amihud_illiquidity": 0.04943884504398925,
    "micro_of_spread_dynamics_current": 0.00011183924674681527,
    "micro_micro_funding_arbitrage": 0.0,
    "micro_micro_orderbook_pressure": 0.0,
    "micro_micro_liquidity_score": 0.5,
    "micro_micro_volume_spike": 0.0,
    "micro_micro_oi_divergence": 0.0,
    "micro_micro_composite_score": 0.1,
    "fee_maker_rate": 0.0002,
    "fee_taker_rate": 0.0008,
    "fee_round_trip_cost": 0.0016,
    "fee_breakeven_move_pct": 0.16,
    "fee_net_profit_threshold": 0.16
  },
  "output_prediction": {
    "signal": "SHORT",
    "confidence": 0.5570046508334333,
    "raw_model_outputs": {
      "xgboost": 0.14861497282981873,
      "lightgbm": 0.10986851829513353,
      "lstm": 0.28732040524482727,
      "random_forest": 0.38807974807086665,
      "weighted_average": 0.22149767458328334
    }
  },
  "regime_info": {
    "regime": "trend_weakening",
    "regime_confidence": 0.7412506893505425,
    "atr_ratio": 1.378842122458905,
    "adx_value": 47.671636210837505,
    "is_exhausted": false,
    "is_weakening": true,
    "leverage_tier": "elevated_volatility"
  },
  "explanation": "The short BTCUSDT position is based on a combination of RSI at 65.1, MACD at 68.7988, ADX at 47.7, and an ensemble average model predicting a 0.22 return. The high RSI suggests overbought conditions, while the positive MACD and low ADX indicate potential for further decline. This combination points to a bearish trend that aligns with the short position strategy.",
  "symbol": "cmt_btcusdt",
  "position_size": 0.0002,
  "risk_validation": {
    "checks_performed": [
      "Wash trading check: No current position - any direction allowed",
      "Risk check: Order passes all risk checks (leverage: 3x, risk: 6.81%)",
      "Trading status: Trading allowed within risk limits",
      "Leverage set: 3x"
    ],
    "all_checks_passed": true
  },
  "execution_details": {
    "order_type": "1",
    "side": "OPEN_SHORT",
    "price": 89414.0,
    "leverage": 3,
    "client_oid": "e015661d-457f-495c-a56e-e027861e2ea5",
    "symbol": "cmt_btcusdt",
    "maker_fee_rate": 0.0002,
    "taker_fee_rate": 0.0008,
    "estimated_entry_fee": 0.04291872,
    "estimated_exit_fee": 0.04291872,
    "total_estimated_fees": 0.08583744
  },
  "log_metadata": {
    "log_version": "2.3",
    "competition": "WEEX_AI_Trading_Hackathon_2025",
    "bot_name": "AlphaStrike",
    "compliance_status": "MANDATORY",
    "deepseek_enabled": true
  },
  "weex_response": {
    "code": "00000",
    "msg": "success",
    "request_time": 1767347912841,
    "data": "upload success",