{
  "timestamp": "2026-01-02T22:29:20.659354Z",
  "order_id": "702096951109223341",
  "stage": "Decision Making",
  "model_version": "ollama:qwen2.5:1.5b+ensemble_v1.0",
  "input_features": {
    "tech_returns_1": 0.009880369814463386,
    "tech_returns_5": -0.018423339485551526,
    "tech_returns_15": 0.016209272814271536,
    "tech_returns_60": 0.15564807969181693,
    "tech_returns_240": -0.18414961546856512,
    "tech_returns_1440": 1.217343697426279,
    "tech_rsi_14": 50.131475668891945,
    "tech_rsi_7": 46.20327929808315,
    "tech_macd": 8.326187814440345,
    "tech_macd_signal": 17.20433144086091,
    "tech_macd_hist": -8.878143626420563,
    "tech_stoch_k": 33.26086956521317,
    "tech_stoch_d": 32.77777777777355,
    "tech_ema_cross_9_21": 1.0,
    "tech_ema_cross_50_200": 1.0,
    "tech_ema_9": 90093.09831331318,
    "tech_ema_21": 90092.82617304965,
    "tech_ema_50": 90046.19668658428,
    "tech_price_ema_9_pct": -0.007323883223812093,
    "tech_price_ema_21_pct": -0.0070218388282035716,
    "tech_adx": 18.548873436964808,
    "tech_adx_7": 38.4315775004539,
    "tech_adx_10": 26.909947737685926,
    "tech_adx_roc_5": -0.6105076283634467,
    "tech_adx_slope_3": 0.3258212590519456,
    "tech_adx_deceleration": -0.0447516041690843,
    "tech_plus_di": 22.648664837066534,
    "tech_minus_di": 34.36344316658367,
    "tech_di_crossover": 0.0,
    "tech_atr_14": 26.616920784717987,
    "tech_atr_pct": 0.029545959477522147,
    "tech_atr_14_avg": 47.810153602078636,
    "tech_bb_upper": 90172.64210331626,
    "tech_bb_lower": 90033.24789668372,
    "tech_bb_width": 0.15470549451246002,
    "tech_bb_position": 0.38202522617497686,
    "tech_volatility_20": 0.005343304347990044,
    "tech_volume_ratio": 0.13697212537167813,
    "tech_obv": 4818.293400000001,
    "tech_momentum_10": -55.69999999999709,
    "tech_roc_10": -0.06179125870013902,
    "tech_high_low_range": 0.010212406964414302,
    "tech_body_ratio": 0.9673913043369843,
    "tech_swing_high_10": 90178.6,
    "tech_swing_low_10": 90068.1,
    "tech_price_vs_swing_high": -0.10213066071108423,
    "tech_price_vs_swing_low": 0.020428986511311083,
    "tech_swing_break_up": 0.0,
    "tech_swing_break_down": 0.0,
    "tech_volume_spike": 0.0,
    "tech_volume_spike_ratio": 0.13697212537167813,
    "micro_ob_best_bid_price": 90086.5,
    "micro_ob_best_ask_price": 90086.6,
    "micro_ob_best_bid_size": 2.6643,
    "micro_ob_best_ask_size": 2.5526,
    "micro_ob_spread_absolute": 0.10000000000582077,
    "micro_ob_spread_percentage": 0.00011100436192286281,
    "micro_ob_bid_ask_size_ratio": 1.0437593042388154,
    "micro_ob_orderbook_imbalance_5": -0.05137197569570617,
    "micro_ob_orderbook_imbalance_10": -0.0772502752870851,
    "micro_ob_orderbook_imbalance_20": -0.025162210503802795,
    "micro_ob_orderbook_vwap": 90086.37276304339,
    "micro_ob_buy_impact_0.1": 0.0,
    "micro_ob_sell_impact_0.1": 1.6153269611281213e-14,
    "micro_ob_buy_impact_1.0": 0.0,
    "micro_ob_sell_impact_1.0": 0.0,
    "micro_ob_buy_impact_10.0": 0.0002444558902089851,
    "micro_ob_sell_impact_10.0": 0.0006095008686055853,
    "micro_ob_bid_depth_concentration": 0.31373129906680497,
    "micro_ob_ask_depth_concentration": 0.3306420321361561,
    "micro_ob_bid_levels": 15,
    "micro_ob_ask_levels": 15,
    "micro_ob_total_bid_volume": 35.7803,
    "micro_ob_total_ask_volume": 37.6274,
    "micro_ob_total_orderbook_volume": 73.4077,
    "micro_ob_order_flow_imbalance": -0.025162210503802795,
    "micro_ob_depth_imbalance_1": 0.021411182886388453,
    "micro_ob_depth_imbalance_5": -0.05137197569570617,
    "micro_ob_depth_imbalance_10": -0.0772502752870851,
    "micro_ob_depth_imbalance_20": -0.025162210503802795,
    "micro_fr_funding_rate_current": 4.05e-05,
    "micro_fr_funding_rate_abs": 4.05e-05,
    "micro_fr_funding_rate_mean": 4.3104799999999994e-05,
    "micro_fr_funding_rate_std": 9.829775732945285e-06,
    "micro_fr_funding_rate_min": 2.809e-05,
    "micro_fr_funding_rate_max": 6.675e-05,
    "micro_fr_funding_rate_skew": 0.5677617309551606,
    "micro_fr_funding_rate_kurtosis": -0.5087827111195242,
    "micro_fr_funding_rate_trend": -8.740000000000023e-07,
    "micro_fr_funding_rate_change": -1.119999999999996e-06,
    "micro_fr_funding_rate_change_abs": 1.119999999999996e-06,
    "micro_fr_funding_rate_positive": 1.0,
    "micro_fr_funding_rate_negative": 0.0,
    "micro_fr_funding_rate_high": 0.0,
    "micro_fr_funding_rate_extreme": 0.0,
    "micro_fr_hours_to_next_funding": 0.0,
    "micro_fr_funding_imminent": 1.0,
    "micro_vp_volume_current": 54.05196,
    "micro_vp_volume_mean": 1902.5953102000003,
    "micro_vp_volume_std": 11666.53971431851,
    "micro_vp_volume_max": 98810.72642,
    "micro_vp_volume_sum": 190259.53102000002,
    "micro_vp_volume_ratio": 0.02840959383754503,
    "micro_vp_large_volume_trade": 0.0,
    "micro_vp_recent_vwap": 90080.74010603863,
    "micro_vp_price_vwap_deviation_pct": 0.006505157433736711,
    "micro_vp_price_clustering": 0.007185354410814303,
    "micro_vp_volume_trend": -5.678191151515146,
    "micro_of_order_flow_imbalance": -0.025162210503802795,
    "micro_of_trade_flow_buy_pressure": 0.4874188947480986,
    "micro_of_trade_flow_sell_pressure": 0.5125811052519014,
    "micro_of_kyles_lambda_buy": 2.444558902089851e-05,
    "micro_of_kyles_lambda_sell": 6.0950086860558525e-05,
    "micro_of_kyles_lambda_avg": 4.269783794072852e-05,
    "micro_of_amihud_illiquidity": 0.01018538761069863,
    "micro_of_spread_dynamics_current": 0.00011100436192286281,
    "micro_micro_funding_arbitrage": 0.0,
    "micro_micro_orderbook_pressure": 0.0,
    "micro_micro_liquidity_score": 0.5,
    "micro_micro_volume_spike": 0.0,
    "micro_micro_oi_divergence": 0.0,
    "micro_micro_composite_score": 0.1,
    "fee_maker_rate": 0.0002,
    "fee_taker_rate": 0.0008,
    "fee_round_trip_cost": 0.0016,
    "fee_breakeven_move_pct": 0.16,
    "fee_net_profit_threshold": 0.16
  },
  "output_prediction": {
    "signal": "SHORT",
    "confidence": 0.45654045748903893,
    "raw_model_outputs": {
      "xgboost": 0.13585755228996277,
      "lightgbm": 0.12204762399514685,
      "lstm": 0.6288999915122986,
      "random_forest": 0.21617799355699044,
      "weighted_average": 0.27172977125548053
    }
  },
  "regime_info": {
    "regime": "ranging",
    "regime_confidence": 0.5725563281517596,
    "atr_ratio": 0.5567210891278285,
    "adx_value": 18.548873436964808,
    "is_exhausted": false,
    "is_weakening": false,
    "leverage_tier": "normal_volatility"
  },
  "explanation": "The trading decision to SHORT on BTCUSDT symbol was triggered by a combination of technical indicators and a strong ML model consensus. The RSI(14) at 50.1 shows neutral momentum, while the MACD signal line remained above zero at 8.3262. The ADX at 18.5 indicates weak market strength, further reinforcing the bearish outlook. Additionally, the EMA cross (9/21) and Bollinger Band position indicate a bullish signal. The ML model consensus moderately supported the short strategy, confirming this decision based on comprehensive analysis of multiple indicators and historical patterns.",
  "symbol": "cmt_btcusdt",
  "position_size": 0.0002,
  "risk_validation": {
    "checks_performed": [
      "Wash trading check: No current position - any direction allowed",
      "Risk check: Order passes all risk checks (leverage: 3x, risk: 7.14%)",
      "Trading status: Trading allowed within risk limits",
      "Leverage set: 3x"
    ],
    "all_checks_passed": true
  },
  "execution_details": {
    "order_type": "1",
    "side": "OPEN_SHORT",
    "price": 90086.5,
    "leverage": 3,
    "client_oid": "07ed6727-9913-4e31-a954-874211bdf418",
    "symbol": "cmt_btcusdt",
    "maker_fee_rate": 0.0002,
    "taker_fee_rate": 0.0008,
    "estimated_entry_fee": 0.043241520000000006,
    "estimated_exit_fee": 0.043241520000000006,
    "total_estimated_fees": 0.08648304000000001
  },