{
  "timestamp": "2026-01-02T14:03:43.241766Z",
  "order_id": "701969716419232685",
  "stage": "Decision Making",
  "model_version": "ollama:qwen2.5:1.5b+ensemble_v1.0",
  "input_features": {
    "tech_returns_1": 0.012487512487524555,
    "tech_returns_5": 0.09998750156230418,
    "tech_returns_15": -0.024965672200716327,
    "tech_returns_60": 0.42633228840125437,
    "tech_returns_240": 0.4767281395057221,
    "tech_returns_1440": 3.2789009849663056,
    "tech_rsi_14": 54.869092555261616,
    "tech_rsi_7": 63.32680850730677,
    "tech_macd": -0.007381336781463688,
    "tech_macd_signal": -0.007723997034037661,
    "tech_macd_hist": 0.00034266025257397373,
    "tech_stoch_k": 77.27272727272845,
    "tech_stoch_d": 63.63636363636426,
    "tech_ema_cross_9_21": -1.0,
    "tech_ema_cross_50_200": 1.0,
    "tech_ema_9": 80.04806642465535,
    "tech_ema_21": 80.05608096156315,
    "tech_ema_50": 80.03225179935782,
    "tech_price_ema_9_pct": 0.05238549438808386,
    "tech_price_ema_21_pct": 0.04236909679994782,
    "tech_adx": 28.173942493406823,
    "tech_adx_7": 43.96197806835909,
    "tech_adx_10": 36.226171050906764,
    "tech_adx_roc_5": -3.4554767007875036,
    "tech_adx_slope_3": -2.6676532448881485,
    "tech_adx_deceleration": -1.526596450020124,
    "tech_plus_di": 26.495531697454933,
    "tech_minus_di": 20.787205220877798,
    "tech_di_crossover": 0.0,
    "tech_atr_14": 0.054402867538221815,
    "tech_atr_pct": 0.06792716636062156,
    "tech_atr_14_avg": 0.048845761819908615,
    "tech_bb_upper": 80.16128516632416,
    "tech_bb_lower": 79.96771483367583,
    "tech_bb_width": 0.24176799036818428,
    "tech_bb_position": 0.631735063173832,
    "tech_volatility_20": 0.0064807804702092025,
    "tech_volume_ratio": 0.6909540227594316,
    "tech_obv": -7360.5000000000155,
    "tech_momentum_10": 0.020000000000010232,
    "tech_roc_10": 0.024978144123899426,
    "tech_high_low_range": 0.03745785990760537,
    "tech_body_ratio": 0.3333333322223801,
    "tech_swing_high_10": 80.12,
    "tech_swing_low_10": 79.92,
    "tech_price_vs_swing_high": -0.037443834248628474,
    "tech_price_vs_swing_low": 0.21271271271271486,
    "tech_swing_break_up": 0.0,
    "tech_swing_break_down": 0.0,
    "tech_volume_spike": 0.0,
    "tech_volume_spike_ratio": 0.6909540227594316,
    "micro_ob_best_bid_price": 80.08,
    "micro_ob_best_ask_price": 80.09,
    "micro_ob_best_bid_size": 3740.4,
    "micro_ob_best_ask_size": 3607.7,
    "micro_ob_spread_absolute": 0.010000000000005116,
    "micro_ob_spread_percentage": 0.01248673284635714,
    "micro_ob_bid_ask_size_ratio": 1.036782437564099,
    "micro_ob_orderbook_imbalance_5": -0.10854507649028065,
    "micro_ob_orderbook_imbalance_10": 0.00098704426800428,
    "micro_ob_orderbook_imbalance_20": 0.10829977391550093,
    "micro_ob_orderbook_vwap": 80.0629523487308,
    "micro_ob_buy_impact_0.1": 0.0,
    "micro_ob_sell_impact_0.1": 0.0,
    "micro_ob_buy_impact_1.0": 0.0,
    "micro_ob_sell_impact_1.0": 0.0,
    "micro_ob_buy_impact_10.0": 0.0,
    "micro_ob_sell_impact_10.0": 0.0,
    "micro_ob_bid_depth_concentration": 0.39201960237459665,
    "micro_ob_ask_depth_concentration": 0.6058988402380929,
    "micro_ob_bid_levels": 15,
    "micro_ob_ask_levels": 15,
    "micro_ob_total_bid_volume": 25099.0,
    "micro_ob_total_ask_volume": 20193.8,
    "micro_ob_total_orderbook_volume": 45292.8,
    "micro_ob_order_flow_imbalance": 0.10829977391550093,
    "micro_ob_depth_imbalance_1": 0.01805909010492512,
    "micro_ob_depth_imbalance_5": -0.10854507649028065,
    "micro_ob_depth_imbalance_10": 0.00098704426800428,
    "micro_ob_depth_imbalance_20": 0.10829977391550093,
    "micro_fr_funding_rate_current": 5.61e-05,
    "micro_fr_funding_rate_abs": 5.61e-05,
    "micro_fr_funding_rate_mean": 9.536250000000003e-05,
    "micro_fr_funding_rate_std": 1.2045793736819505e-05,
    "micro_fr_funding_rate_min": 5.61e-05,
    "micro_fr_funding_rate_max": 0.0001,
    "micro_fr_funding_rate_skew": -2.4433939102767726,
    "micro_fr_funding_rate_kurtosis": 4.241143483070445,
    "micro_fr_funding_rate_trend": -8.279999999999998e-07,
    "micro_fr_funding_rate_change": -1.4000000000000001e-06,
    "micro_fr_funding_rate_change_abs": 1.4000000000000001e-06,
    "micro_fr_funding_rate_positive": 1.0,
    "micro_fr_funding_rate_negative": 0.0,
    "micro_fr_funding_rate_high": 0.0,
    "micro_fr_funding_rate_extreme": 0.0,
    "micro_fr_hours_to_next_funding": 0.0,
    "micro_fr_funding_imminent": 1.0,
    "micro_vp_volume_current": 680.85,
    "micro_vp_volume_mean": 400.25284,
    "micro_vp_volume_std": 192.39361723943549,
    "micro_vp_volume_max": 712.979,
    "micro_vp_volume_sum": 40025.284,
    "micro_vp_volume_ratio": 1.7010497664426316,
    "micro_vp_large_volume_trade": 0.0,
    "micro_vp_recent_vwap": 80.09862874477042,
    "micro_vp_price_vwap_deviation_pct": 0.0017119584330724472,
    "micro_vp_price_clustering": 0.2556457137454529,
    "micro_vp_volume_trend": 23.006127272727262,
    "micro_of_order_flow_imbalance": 0.10829977391550093,
    "micro_of_trade_flow_buy_pressure": 0.5541498869577505,
    "micro_of_trade_flow_sell_pressure": 0.4458501130422495,
    "micro_of_kyles_lambda_buy": 0.0,
    "micro_of_kyles_lambda_sell": 0.0,
    "micro_of_kyles_lambda_avg": 0.0,
    "micro_of_amihud_illiquidity": 0.09193356148507023,
    "micro_of_spread_dynamics_current": 0.01248673284635714,
    "micro_micro_funding_arbitrage": 0.0,
    "micro_micro_orderbook_pressure": 0.0,
    "micro_micro_liquidity_score": 1.0,
    "micro_micro_volume_spike": 0.5,
    "micro_micro_oi_divergence": 0.0,
    "micro_micro_composite_score": 0.25,
    "fee_maker_rate": 0.0002,
    "fee_taker_rate": 0.0008,
    "fee_round_trip_cost": 0.0016,
    "fee_breakeven_move_pct": 0.16,
    "fee_net_profit_threshold": 0.16
  },
  "output_prediction": {
    "signal": "SHORT",
    "confidence": 0.46799867289154484,
    "raw_model_outputs": {
      "xgboost": 0.17478622496128082,
      "lightgbm": 0.16025562174339097,
      "lstm": 0.3320663273334503,
      "random_forest": 0.45242152535671354,
      "weighted_average": 0.2660006635542276
    }
  },
  "regime_info": {
    "regime": "trend_weakening",
    "regime_confidence": 0.5423742134327495,
    "atr_ratio": 1.1137684317178205,
    "adx_value": 28.173942493406823,
    "is_exhausted": false,
    "is_weakening": true,
    "leverage_tier": "elevated_volatility"
  },
  "explanation": "The short position in LTCUSDT is justified by a strong RSI reading at 54.9, indicating overbought conditions. The MACD shows a negative divergence with an insignificant -0.0074 value, suggesting potential reversal. The ADX of 28.2 indicates weak market momentum and sideways trading. Ensemble models predict a slight upward trend but lean towards caution due to the RSI reading. This combination points to a possible short entry opportunity despite moderate confidence levels.",
  "symbol": "cmt_ltcusdt",
  "position_size": 0.3,
  "risk_validation": {
    "checks_performed": [
      "Wash trading check: No current position - any direction allowed",
      "Risk check: Order passes all risk checks (leverage: 2x, risk: 6.76%)",
      "Trading status: Trading allowed within risk limits",
      "Leverage set: 2x"
    ],
    "all_checks_passed": true
  },
  "execution_details": {
    "order_type": "1",
    "side": "OPEN_SHORT",
    "price": 80.09,
    "leverage": 2,
    "client_oid": "59f3c114-926e-45cf-bf3b-f382769bce43",
    "symbol": "cmt_ltcusdt",
    "maker_fee_rate": 0.0002,
    "taker_fee_rate": 0.0008,
    "estimated_entry_fee": 0.038443200000000004,
    "estimated_exit_fee": 0.038443200000000004,
    "total_estimated_fees": 0.07688640000000001
  },
  "log_metadata": {
    "log_version": "2.3",
    "competition": "WEEX_AI_Trading_Hackathon_2025",
    "bot_name": "AlphaStrike",
    "compliance_status": "MANDATORY",
    "deepseek_enabled": true
  },
  "weex_response": {
    "code": "00000",
    "msg": "success",