{
  "timestamp": "2026-01-02T16:54:37.063998Z",
  "order_id": "702012718818788269",
  "stage": "Decision Making",
  "model_version": "ollama:qwen2.5:1.5b+ensemble_v1.0",
  "input_features": {
    "tech_returns_1": -0.1301684532924896,
    "tech_returns_5": -0.30574027363754475,
    "tech_returns_15": -0.4958803783948751,
    "tech_returns_60": 1.1634220119444594,
    "tech_returns_240": 1.9382571316920671,
    "tech_returns_1440": 1.4613111874151548,
    "tech_rsi_14": 46.16806135953334,
    "tech_rsi_7": 40.5229297251554,
    "tech_macd": 0.004764991493289017,
    "tech_macd_signal": 0.09162801881135882,
    "tech_macd_hist": -0.0868630273180698,
    "tech_stoch_k": 24.271844660194148,
    "tech_stoch_d": 27.18446601941663,
    "tech_ema_cross_9_21": -1.0,
    "tech_ema_cross_50_200": 1.0,
    "tech_ema_9": 130.57495487101488,
    "tech_ema_21": 130.63917046975087,
    "tech_ema_50": 130.32190678459995,
    "tech_price_ema_9_pct": -0.11101276746223245,
    "tech_price_ema_21_pct": -0.16011313375515637,
    "tech_adx": 21.976689872009963,
    "tech_adx_7": 31.30328873985554,
    "tech_adx_10": 26.513233971971882,
    "tech_adx_roc_5": -2.049524719850332,
    "tech_adx_slope_3": -0.2672625387063263,
    "tech_adx_deceleration": -1.2641508773351724,
    "tech_plus_di": 19.19582972988868,
    "tech_minus_di": 29.012834624360217,
    "tech_di_crossover": 0.0,
    "tech_atr_14": 0.2521958281136834,
    "tech_atr_pct": 0.19335722465206118,
    "tech_atr_14_avg": 0.3023097280909248,
    "tech_bb_upper": 131.48210525481366,
    "tech_bb_lower": 130.15389474518636,
    "tech_bb_width": 1.0153117381608778,
    "tech_bb_position": 0.20787763145400795,
    "tech_volatility_20": 0.02129629875857131,
    "tech_volume_ratio": 0.42505325991737497,
    "tech_obv": 90350.90000000001,
    "tech_momentum_10": -0.22999999999998977,
    "tech_roc_10": -0.17602938925455058,
    "tech_high_low_range": 0.13033811239744497,
    "tech_body_ratio": 0.9999999994117647,
    "tech_swing_high_10": 130.95,
    "tech_swing_low_10": 130.18,
    "tech_price_vs_swing_high": -0.3970981290568781,
    "tech_price_vs_swing_low": 0.19204178829313256,
    "tech_swing_break_up": 0.0,
    "tech_swing_break_down": 0.0,
    "tech_volume_spike": 0.0,
    "tech_volume_spike_ratio": 0.42505325991737497,
    "micro_ob_best_bid_price": 130.58,
    "micro_ob_best_ask_price": 130.59,
    "micro_ob_best_bid_size": 2474.4,
    "micro_ob_best_ask_size": 2801.0,
    "micro_ob_spread_absolute": 0.009999999999990905,
    "micro_ob_spread_percentage": 0.007657847379094769,
    "micro_ob_bid_ask_size_ratio": 0.8833987861478044,
    "micro_ob_orderbook_imbalance_5": 0.1314174562339211,
    "micro_ob_orderbook_imbalance_10": 0.41437496679262037,
    "micro_ob_orderbook_imbalance_20": 0.5361538085380365,
    "micro_ob_orderbook_vwap": 130.54781118830851,
    "micro_ob_buy_impact_0.1": 0.0,
    "micro_ob_sell_impact_0.1": 0.0,
    "micro_ob_buy_impact_1.0": 0.0,
    "micro_ob_sell_impact_1.0": 0.0,
    "micro_ob_buy_impact_10.0": 0.0,
    "micro_ob_sell_impact_10.0": 0.0,
    "micro_ob_bid_depth_concentration": 0.23916480531400713,
    "micro_ob_ask_depth_concentration": 0.6080596700226661,
    "micro_ob_bid_levels": 15,
    "micro_ob_ask_levels": 15,
    "micro_ob_total_bid_volume": 37696.6,
    "micro_ob_total_ask_volume": 11382.6,
    "micro_ob_total_orderbook_volume": 49079.2,
    "micro_ob_order_flow_imbalance": 0.5361538085380365,
    "micro_ob_depth_imbalance_1": -0.061909997346172786,
    "micro_ob_depth_imbalance_5": 0.1314174562339211,
    "micro_ob_depth_imbalance_10": 0.41437496679262037,
    "micro_ob_depth_imbalance_20": 0.5361538085380365,
    "micro_fr_funding_rate_current": 0.0001,
    "micro_fr_funding_rate_abs": 0.0001,
    "micro_fr_funding_rate_mean": 0.0001,
    "micro_fr_funding_rate_std": 0.0,
    "micro_fr_funding_rate_min": 0.0001,
    "micro_fr_funding_rate_max": 0.0001,
    "micro_fr_funding_rate_skew": 0.0,
    "micro_fr_funding_rate_kurtosis": 0.0,
    "micro_fr_funding_rate_trend": -9.234190815370753e-21,
    "micro_fr_funding_rate_change": 0.0,
    "micro_fr_funding_rate_change_abs": 0.0,
    "micro_fr_funding_rate_positive": 1.0,
    "micro_fr_funding_rate_negative": 0.0,
    "micro_fr_funding_rate_high": 0.0,
    "micro_fr_funding_rate_extreme": 0.0,
    "micro_fr_hours_to_next_funding": 0.0,
    "micro_fr_funding_imminent": 1.0,
    "micro_vp_volume_current": 1161.539,
    "micro_vp_volume_mean": 1413.66984,
    "micro_vp_volume_std": 7047.363680904609,
    "micro_vp_volume_max": 71085.58,
    "micro_vp_volume_sum": 141366.984,
    "micro_vp_volume_ratio": 0.821648002336953,
    "micro_vp_large_volume_trade": 0.0,
    "micro_vp_recent_vwap": 130.58099880506757,
    "micro_vp_price_vwap_deviation_pct": -0.05437146730173381,
    "micro_vp_price_clustering": 0.2955534626394843,
    "micro_vp_volume_trend": 50.53296363636362,
    "micro_of_order_flow_imbalance": 0.5361538085380365,
    "micro_of_trade_flow_buy_pressure": 0.7680769042690182,
    "micro_of_trade_flow_sell_pressure": 0.23192309573098177,
    "micro_of_kyles_lambda_buy": 0.0,
    "micro_of_kyles_lambda_sell": 0.0,
    "micro_of_kyles_lambda_avg": 0.0,
    "micro_of_amihud_illiquidity": 0.16339695293523698,
    "micro_of_spread_dynamics_current": 0.007657847379094769,
    "micro_micro_funding_arbitrage": 0.0,
    "micro_micro_orderbook_pressure": 1.0,
    "micro_micro_liquidity_score": 1.0,
    "micro_micro_volume_spike": 0.0,
    "micro_micro_oi_divergence": 0.0,
    "micro_micro_composite_score": 0.5,
    "fee_maker_rate": 0.0002,
    "fee_taker_rate": 0.0008,
    "fee_round_trip_cost": 0.0016,
    "fee_breakeven_move_pct": 0.16,
    "fee_net_profit_threshold": 0.16
  },
  "output_prediction": {
    "signal": "SHORT",
    "confidence": 0.46919538021202545,
    "raw_model_outputs": {
      "xgboost": 0.1546981781721115,
      "lightgbm": 0.1032931143645898,
      "lstm": 0.32623738050460815,
      "random_forest": 0.5580511598999812,
      "weighted_average": 0.2654023098939873
    }
  },
  "regime_info": {
    "regime": "ranging",
    "regime_confidence": 0.5,
    "atr_ratio": 0.834229945911073,
    "adx_value": 21.976689872009963,
    "is_exhausted": false,
    "is_weakening": false,
    "leverage_tier": "normal_volatility"
  },
  "explanation": "The short position in SOLUSDT is justified by a RSI of 46.2, MACD at 0.0048 indicating a potential overbought condition, and an ADX of 22.0 suggesting weak momentum. The ensemble model predicts a slight positive trend with an average forecast of +0.27%. This combination points towards a short entry opportunity despite the relatively high RSI, making it a cautious but potentially profitable trade.",
  "symbol": "cmt_solusdt",
  "position_size": 0.2,
  "risk_validation": {
    "checks_performed": [
      "Wash trading check: Same direction - allowed",
      "Risk check: Order passes all risk checks (leverage: 2x, risk: 6.94%)",
      "Trading status: Trading allowed within risk limits",
      "Leverage set: 2x"
    ],
    "all_checks_passed": true
  },
  "execution_details": {
    "order_type": "1",
    "side": "OPEN_SHORT",
    "price": 130.43,
    "leverage": 2,
    "client_oid": "8d3163e3-b6b5-442a-ab85-d7ead7bcb2c9",
    "symbol": "cmt_solusdt",
    "maker_fee_rate": 0.0002,
    "taker_fee_rate": 0.0008,
    "estimated_entry_fee": 0.04173760000000001,
    "estimated_exit_fee": 0.04173760000000001,
    "total_estimated_fees": 0.08347520000000001
  },
  "log_metadata": {
    "log_version": "2.3",
    "competition": "WEEX_AI_Trading_Hackathon_2025",
    "bot_name": "AlphaStrike",
    "compliance_status": "MANDATORY",
    "deepseek_enabled": true
  },
  "weex_response": {
    "code": "00000",
    "msg": "success",
    "request_time": 1767372877148,
    "data": "upload success",
    "upload_attempted": true,
    "upload_success": true,
    "upload_timestamp": "2026-01-02T16:54:37.064089Z",
    "error_details": null
  }
}