{
  "timestamp": "2026-01-02T23:15:35.071784Z",
  "order_id": "702108598141977517",
  "stage": "Decision Making",
  "model_version": "ollama:qwen2.5:1.5b+ensemble_v1.0",
  "input_features": {
    "tech_returns_1": 0.01017305496839871,
    "tech_returns_5": -0.010170985568502822,
    "tech_returns_15": -0.05873715124816714,
    "tech_returns_60": 0.11994749468156041,
    "tech_returns_240": 0.2413187560188046,
    "tech_returns_1440": 0.15519497816847133,
    "tech_rsi_14": 45.700396555298354,
    "tech_rsi_7": 39.509137769362866,
    "tech_macd": -0.05239171300900125,
    "tech_macd_signal": 0.07030394882636061,
    "tech_macd_hist": -0.12269566183536186,
    "tech_stoch_k": 11.32075471697776,
    "tech_stoch_d": 7.756813417190716,
    "tech_ema_cross_9_21": -1.0,
    "tech_ema_cross_50_200": 1.0,
    "tech_ema_9": 884.8926152118971,
    "tech_ema_21": 885.0298929662663,
    "tech_ema_50": 884.7177202747898,
    "tech_price_ema_9_pct": -0.01272642690889487,
    "tech_price_ema_21_pct": -0.02823553964135319,
    "tech_adx": 31.65984283221484,
    "tech_adx_7": 52.482664121297134,
    "tech_adx_10": 40.58807463873846,
    "tech_adx_roc_5": 1.8634369914777835,
    "tech_adx_slope_3": 0.21196917159809203,
    "tech_adx_deceleration": -0.5094602271716706,
    "tech_plus_di": 18.446877542504776,
    "tech_minus_di": 32.59705182238645,
    "tech_di_crossover": 0.0,
    "tech_atr_14": 0.22609463805900668,
    "tech_atr_pct": 0.025553769079206885,
    "tech_atr_14_avg": 0.3331659298140811,
    "tech_bb_upper": 886.0552551182298,
    "tech_bb_lower": 884.3707448817704,
    "tech_bb_width": 0.19029434005819454,
    "tech_bb_position": 0.24295199243773993,
    "tech_volatility_20": 0.005340756479279245,
    "tech_volume_ratio": 0.2962697274031563,
    "tech_obv": 18399.99999999999,
    "tech_momentum_10": -1.3700000000000045,
    "tech_roc_10": -0.15460136545731862,
    "tech_high_low_range": 0.010172020163195161,
    "tech_body_ratio": 0.9999999988888889,
    "tech_swing_high_10": 886.15,
    "tech_swing_low_10": 884.6,
    "tech_price_vs_swing_high": -0.15460136545731587,
    "tech_price_vs_swing_low": 0.02034817996834162,
    "tech_swing_break_up": 0.0,
    "tech_swing_break_down": 0.0,
    "tech_volume_spike": 0.0,
    "tech_volume_spike_ratio": 0.2962697274031563,
    "micro_ob_best_bid_price": 884.78,
    "micro_ob_best_ask_price": 884.79,
    "micro_ob_best_bid_size": 154.0,
    "micro_ob_best_ask_size": 161.7,
    "micro_ob_spread_absolute": 0.009999999999990905,
    "micro_ob_spread_percentage": 0.0011302180755766549,
    "micro_ob_bid_ask_size_ratio": 0.9523809523809524,
    "micro_ob_orderbook_imbalance_5": 0.1295336787564767,
    "micro_ob_orderbook_imbalance_10": 0.2728927471296556,
    "micro_ob_orderbook_imbalance_20": 0.47141052631578945,
    "micro_ob_orderbook_vwap": 884.7686775413048,
    "micro_ob_buy_impact_0.1": 0.0,
    "micro_ob_sell_impact_0.1": -1.2849164506613624e-14,
    "micro_ob_buy_impact_1.0": 0.0,
    "micro_ob_sell_impact_1.0": 0.0,
    "micro_ob_buy_impact_10.0": 0.0,
    "micro_ob_sell_impact_10.0": 0.0,
    "micro_ob_bid_depth_concentration": 0.29319521547530475,
    "micro_ob_ask_depth_concentration": 0.6289628803568583,
    "micro_ob_bid_levels": 15,
    "micro_ob_ask_levels": 15,
    "micro_ob_total_bid_volume": 1747.3,
    "micro_ob_total_ask_volume": 627.6999999999999,
    "micro_ob_total_orderbook_volume": 2375.0,
    "micro_ob_order_flow_imbalance": 0.47141052631578945,
    "micro_ob_depth_imbalance_1": -0.02439024390243899,
    "micro_ob_depth_imbalance_5": 0.1295336787564767,
    "micro_ob_depth_imbalance_10": 0.2728927471296556,
    "micro_ob_depth_imbalance_20": 0.47141052631578945,
    "micro_fr_funding_rate_current": 0.00011588,
    "micro_fr_funding_rate_abs": 0.00011588,
    "micro_fr_funding_rate_mean": 0.00013247170000000002,
    "micro_fr_funding_rate_std": 5.2170843429160704e-05,
    "micro_fr_funding_rate_min": 3.27e-06,
    "micro_fr_funding_rate_max": 0.00018508,
    "micro_fr_funding_rate_skew": -0.9461753615783531,
    "micro_fr_funding_rate_kurtosis": -0.30140914810437414,
    "micro_fr_funding_rate_trend": -3.0840000000000077e-06,
    "micro_fr_funding_rate_change": -3.54000000000001e-06,
    "micro_fr_funding_rate_change_abs": 3.54000000000001e-06,
    "micro_fr_funding_rate_positive": 1.0,
    "micro_fr_funding_rate_negative": 0.0,
    "micro_fr_funding_rate_high": 0.0,
    "micro_fr_funding_rate_extreme": 0.0,
    "micro_fr_hours_to_next_funding": 0.0,
    "micro_fr_funding_imminent": 1.0,
    "micro_vp_volume_current": 265.401,
    "micro_vp_volume_mean": 498.97551,
    "micro_vp_volume_std": 624.8182304374527,
    "micro_vp_volume_max": 6281.938,
    "micro_vp_volume_sum": 49897.551,
    "micro_vp_volume_ratio": 0.5318918357335815,
    "micro_vp_large_volume_trade": 0.0,
    "micro_vp_recent_vwap": 884.7083556355301,
    "micro_vp_price_vwap_deviation_pct": -0.004335398810897996,
    "micro_vp_price_clustering": 0.0,
    "micro_vp_volume_trend": 16.084909090909104,
    "micro_of_order_flow_imbalance": 0.47141052631578945,
    "micro_of_trade_flow_buy_pressure": 0.7357052631578948,
    "micro_of_trade_flow_sell_pressure": 0.26429473684210525,
    "micro_of_kyles_lambda_buy": 0.0,
    "micro_of_kyles_lambda_sell": 0.0,
    "micro_of_kyles_lambda_avg": 0.0,
    "micro_of_amihud_illiquidity": 0.01423158990672398,
    "micro_of_spread_dynamics_current": 0.0011302180755766549,
    "micro_micro_funding_arbitrage": 0.0,
    "micro_micro_orderbook_pressure": 0.5,
    "micro_micro_liquidity_score": 1.0,
    "micro_micro_volume_spike": 0.0,
    "micro_micro_oi_divergence": 0.0,
    "micro_micro_composite_score": 0.35,
    "fee_maker_rate": 0.0002,
    "fee_taker_rate": 0.0008,
    "fee_round_trip_cost": 0.0016,
    "fee_breakeven_move_pct": 0.16,
    "fee_net_profit_threshold": 0.16
  },
  "output_prediction": {
    "signal": "SHORT",
    "confidence": 0.531622775689119,
    "raw_model_outputs": {
      "xgboost": 0.20636920630931854,
      "lightgbm": 0.16561547085808193,
      "lstm": 0.3279965817928314,
      "random_forest": 0.2443741780490024,
      "weighted_average": 0.2341886121554405
    }
  },
  "regime_info": {
    "regime": "trending",
    "regime_confidence": 0.679918113986578,
    "atr_ratio": 0.6786247266795132,
    "adx_value": 31.65984283221484,
    "is_exhausted": false,
    "is_weakening": false,
    "leverage_tier": "normal_volatility"
  },
  "explanation": "BNBUSDT SHORT due to RSI at 45.7, MACD below zero, ADX low (31.7), ensemble model averaging suggests a short position for an expected 0.23% profit. The combination of weak momentum and lack of bullish divergence signals a bearish trend that could be exploited opportunistically.",
  "symbol": "cmt_bnbusdt",
  "position_size": 0.1,
  "risk_validation": {
    "checks_performed": [
      "Wash trading check: No current position - any direction allowed",
      "Risk check: Order passes all risk checks (leverage: 4x, risk: 6.95%)",
      "Trading status: Trading allowed within risk limits",
      "Leverage set: 4x"
    ],
    "all_checks_passed": true
  },
  "execution_details": {
    "order_type": "1",
    "side": "OPEN_SHORT",
    "price": 884.78,
    "leverage": 4,
    "client_oid": "7f578f06-f8b7-444a-a1b6-9e17fe664118",
    "symbol": "cmt_bnbusdt",
    "maker_fee_rate": 0.0002,
    "taker_fee_rate": 0.0008,
    "estimated_entry_fee": 0.28312960000000004,
    "estimated_exit_fee": 0.28312960000000004,
    "total_estimated_fees": 0.5662592000000001
  },
  "log_metadata": {
    "log_version": "2.3",
    "competition": "WEEX_AI_Trading_Hackathon_2025",
    "bot_name": "AlphaStrike",
    "compliance_status": "MANDATORY",
    "deepseek_enabled": true
  },
  "weex_response": {
    "code": "00000",
    "msg": "success",
    "request_time": 1767395735154,
    "data": "upload success",
    "upload_attempted": true,
    "upload_success": true,
    "upload_timestamp": "2026-01-02T23:15:35.071865Z",
    "error_details": null
  }
}