{
  "timestamp": "2026-01-02T21:37:55.916333Z",
  "order_id": "702084022246835117",
  "stage": "Decision Making",
  "model_version": "ollama:qwen2.5:1.5b+ensemble_v1.0",
  "input_features": {
    "tech_returns_1": -0.007595898214973751,
    "tech_returns_5": -0.03796795504594774,
    "tech_returns_15": 0.2055263758848902,
    "tech_returns_60": 0.0912408759123906,
    "tech_returns_240": 0.26658542158579657,
    "tech_returns_1440": 1.4613111874151548,
    "tech_rsi_14": 60.62468375069524,
    "tech_rsi_7": 54.94062555414275,
    "tech_macd": 0.10885068512277485,
    "tech_macd_signal": 0.10967001008370134,
    "tech_macd_hist": -0.0008193249609264874,
    "tech_stoch_k": 65.85365853658148,
    "tech_stoch_d": 66.76196432293847,
    "tech_ema_cross_9_21": 1.0,
    "tech_ema_cross_50_200": 1.0,
    "tech_ema_9": 131.6437950644266,
    "tech_ema_21": 131.54508942691626,
    "tech_ema_50": 131.43860715329217,
    "tech_price_ema_9_pct": -0.0028828281840055643,
    "tech_price_ema_21_pct": 0.07215060136201705,
    "tech_adx": 38.858219298583414,
    "tech_adx_7": 53.23806185712593,
    "tech_adx_10": 45.409699012629446,
    "tech_adx_roc_5": -20.907006623443117,
    "tech_adx_slope_3": -6.297472334846532,
    "tech_adx_deceleration": 0.9688418976686961,
    "tech_plus_di": 28.84924646212481,
    "tech_minus_di": 29.342993397043344,
    "tech_di_crossover": 0.0,
    "tech_atr_14": 0.06493223604583917,
    "tech_atr_pct": 0.0493256123107256,
    "tech_atr_14_avg": 0.0776376862756201,
    "tech_bb_upper": 131.92749223595388,
    "tech_bb_lower": 131.12250776404613,
    "tech_bb_width": 0.6120391346951105,
    "tech_bb_position": 0.6428598985610747,
    "tech_volatility_20": 0.006876227921351882,
    "tech_volume_ratio": 0.6306013781804368,
    "tech_obv": 138506.49999999997,
    "tech_momentum_10": 0.009999999999990905,
    "tech_roc_10": 0.007597052343677468,
    "tech_high_low_range": 0.01519295047098924,
    "tech_body_ratio": 0.4999999975007105,
    "tech_swing_high_10": 131.78,
    "tech_swing_low_10": 131.56,
    "tech_price_vs_swing_high": -0.10623766884202063,
    "tech_price_vs_swing_low": 0.060808756460918274,
    "tech_swing_break_up": 0.0,
    "tech_swing_break_down": 0.0,
    "tech_volume_spike": 0.0,
    "tech_volume_spike_ratio": 0.6306013781804368,
    "micro_ob_best_bid_price": 131.63,
    "micro_ob_best_ask_price": 131.64,
    "micro_ob_best_bid_size": 2408.8,
    "micro_ob_best_ask_size": 2648.5,
    "micro_ob_spread_absolute": 0.009999999999990905,
    "micro_ob_spread_percentage": 0.007596763778623395,
    "micro_ob_bid_ask_size_ratio": 0.9094959410987352,
    "micro_ob_orderbook_imbalance_5": 0.23340828090311347,
    "micro_ob_orderbook_imbalance_10": 0.0739597541087308,
    "micro_ob_orderbook_imbalance_20": 0.02997939991598754,
    "micro_ob_orderbook_vwap": 131.64123073883496,
    "micro_ob_buy_impact_0.1": 0.0,
    "micro_ob_sell_impact_0.1": 0.0,
    "micro_ob_buy_impact_1.0": 0.0,
    "micro_ob_sell_impact_1.0": 0.0,
    "micro_ob_buy_impact_10.0": 0.0,
    "micro_ob_sell_impact_10.0": 0.0,
    "micro_ob_bid_depth_concentration": 0.654661361296886,
    "micro_ob_ask_depth_concentration": 0.43203760933969526,
    "micro_ob_bid_levels": 15,
    "micro_ob_ask_levels": 15,
    "micro_ob_total_bid_volume": 33224.2,
    "micro_ob_total_ask_volume": 31290.100000000002,
    "micro_ob_total_orderbook_volume": 64514.3,
    "micro_ob_order_flow_imbalance": 0.02997939991598754,
    "micro_ob_depth_imbalance_1": -0.04739683230182109,
    "micro_ob_depth_imbalance_5": 0.23340828090311347,
    "micro_ob_depth_imbalance_10": 0.0739597541087308,
    "micro_ob_depth_imbalance_20": 0.02997939991598754,
    "micro_fr_funding_rate_current": 0.0001,
    "micro_fr_funding_rate_abs": 0.0001,
    "micro_fr_funding_rate_mean": 0.0001,
    "micro_fr_funding_rate_std": 0.0,
    "micro_fr_funding_rate_min": 0.0001,
    "micro_fr_funding_rate_max": 0.0001,
    "micro_fr_funding_rate_skew": 0.0,
    "micro_fr_funding_rate_kurtosis": 0.0,
    "micro_fr_funding_rate_trend": -9.234190815370753e-21,
    "micro_fr_funding_rate_change": 0.0,
    "micro_fr_funding_rate_change_abs": 0.0,
    "micro_fr_funding_rate_positive": 1.0,
    "micro_fr_funding_rate_negative": 0.0,
    "micro_fr_funding_rate_high": 0.0,
    "micro_fr_funding_rate_extreme": 0.0,
    "micro_fr_hours_to_next_funding": 0.0,
    "micro_fr_funding_imminent": 1.0,
    "micro_vp_volume_current": 921.55,
    "micro_vp_volume_mean": 739.7153800000001,
    "micro_vp_volume_std": 338.51812939453566,
    "micro_vp_volume_max": 1303.335,
    "micro_vp_volume_sum": 73971.53800000002,
    "micro_vp_volume_ratio": 1.2458170059949272,
    "micro_vp_large_volume_trade": 0.0,
    "micro_vp_recent_vwap": 131.64537837593696,
    "micro_vp_price_vwap_deviation_pct": 0.0035106618402133962,
    "micro_vp_price_clustering": 2.220446049250313e-16,
    "micro_vp_volume_trend": 31.436424242424227,
    "micro_of_order_flow_imbalance": 0.02997939991598754,
    "micro_of_trade_flow_buy_pressure": 0.5149896999579937,
    "micro_of_trade_flow_sell_pressure": 0.4850103000420062,
    "micro_of_kyles_lambda_buy": 0.0,
    "micro_of_kyles_lambda_sell": 0.0,
    "micro_of_kyles_lambda_avg": 0.0,
    "micro_of_amihud_illiquidity": 0.020020677708007042,
    "micro_of_spread_dynamics_current": 0.007596763778623395,
    "micro_micro_funding_arbitrage": 0.0,
    "micro_micro_orderbook_pressure": 0.5,
    "micro_micro_liquidity_score": 1.0,
    "micro_micro_volume_spike": 0.0,
    "micro_micro_oi_divergence": 0.0,
    "micro_micro_composite_score": 0.35,
    "fee_maker_rate": 0.0002,
    "fee_taker_rate": 0.0008,
    "fee_round_trip_cost": 0.0016,
    "fee_breakeven_move_pct": 0.16,
    "fee_net_profit_threshold": 0.16
  },
  "output_prediction": {
    "signal": "SHORT",
    "confidence": 0.4514611617283575,
    "raw_model_outputs": {
      "xgboost": 0.2548404932022095,
      "lightgbm": 0.22964528710331503,
      "lstm": 0.3463592231273651,
      "random_forest": 0.2690807031862808,
      "weighted_average": 0.27426941913582126
    }
  },
  "regime_info": {
    "regime": "trend_weakening",
    "regime_confidence": 0.6513538368455508,
    "atr_ratio": 0.8363494478097203,
    "adx_value": 38.858219298583414,
    "is_exhausted": false,
    "is_weakening": true,
    "leverage_tier": "normal_volatility"
  },
  "explanation": "The short position in SOLUSDT is based on a combination of RSI at 60.6, MACD at 0.1089, ADX at 38.9, and an ensemble average model prediction of 0.27. The high RSI suggests overbought conditions, while the low MACD and ADX indicate weak momentum and potential reversal risk. This combination points to a strong bearish signal, making this short position attractive with confidence levels above 45%.",
  "symbol": "cmt_solusdt",
  "position_size": 0.1,
  "risk_validation": {
    "checks_performed": [
      "Wash trading check: Same direction - allowed",
      "Risk check: Order passes all risk checks (leverage: 3x, risk: 6.62%)",
      "Trading status: Trading allowed within risk limits",
      "Leverage set: 3x"
    ],
    "all_checks_passed": true
  },
  "execution_details": {
    "order_type": "1",
    "side": "OPEN_SHORT",
    "price": 131.64,
    "leverage": 3,
    "client_oid": "839a95c5-679f-4ca6-874d-6bb2f314b94c",
    "symbol": "cmt_solusdt",
    "maker_fee_rate": 0.0002,
    "taker_fee_rate": 0.0008,
    "estimated_entry_fee": 0.0315936,
    "estimated_exit_fee": 0.0315936,
    "total_estimated_fees": 0.0631872
  },
  "log_metadata": {
    "log_version": "2.3",
    "competition": "WEEX_AI_Trading_Hackathon_2025",
    "bot_name": "AlphaStrike",
    "compliance_status": "MANDATORY",
    "deepseek_enabled": true
  },
  "weex_response": {
    "code": "00000",
    "msg": "success",
    "request_time": 1767389875990,
    "data": "upload success",
    "upload_attempted": true,
    "upload_success": true,
    "upload_timestamp": "2026-01-02T21:37:55.916419Z",
    "error_details": null
  }
}